Inventory_Transaction_ID,Product_ID,Warehouse_ID,Transaction_Date,Transaction_Type,Quantity,Supplier_ID
INV0000001,PROD0022,WH004,01-01-2023 07:44,Sale,12,
INV0000002,PROD0121,WH003,01-01-2023 10:07,Sale,3,
INV0000003,PROD0012,WH002,01-01-2023 17:39,Sale,92,
INV0000004,PROD0175,WH001,02-01-2023 00:16,Sale,47,
INV0000005,PROD0005,WH003,02-01-2023 17:13,Sale,78,
INV0000006,PROD0138,WH003,02-01-2023 21:42,Purchase,18,SUP019
INV0000007,PROD0135,WH002,02-01-2023 23:54,Sale,61,
INV0000008,PROD0104,WH002,03-01-2023 02:29,Purchase,11,SUP031
INV0000009,PROD0088,WH003,03-01-2023 04:55,Sale,82,
INV0000010,PROD0185,WH001,03-01-2023 13:24,Adjustment,2,
INV0000011,PROD0109,WH003,03-01-2023 19:50,Purchase,34,SUP008
INV0000012,PROD0031,WH001,03-01-2023 20:21,Purchase,96,SUP023
INV0000013,PROD0069,WH004,04-01-2023 04:21,Adjustment,59,
INV0000014,PROD0117,WH001,04-01-2023 09:02,Adjustment,40,
INV0000015,PROD0081,WH004,04-01-2023 14:57,Sale,89,
INV0000016,PROD0074,WH002,04-01-2023 23:55,Purchase,14,SUP029
INV0000017,PROD0032,WH004,05-01-2023 00:12,Sale,42,
INV0000018,PROD0047,WH004,05-01-2023 02:17,Sale,76,
INV0000019,PROD0129,WH003,05-01-2023 02:51,Sale,83,
INV0000020,PROD0170,WH001,05-01-2023 04:15,Sale,68,
INV0000021,PROD0027,WH003,05-01-2023 07:29,Purchase,73,SUP014
INV0000022,PROD0046,WH001,05-01-2023 09:09,Sale,13,
INV0000023,PROD0177,WH003,05-01-2023 13:15,Sale,34,
INV0000024,PROD0074,WH002,05-01-2023 13:54,Purchase,75,SUP011
INV0000025,PROD0057,WH003,05-01-2023 14:00,Sale,65,
INV0000026,PROD0109,WH002,06-01-2023 00:09,Sale,96,
INV0000027,PROD0053,WH004,06-01-2023 02:52,Sale,45,
INV0000028,PROD0176,WH002,06-01-2023 03:28,Sale,97,
INV0000029,PROD0040,WH002,06-01-2023 06:44,Sale,36,
INV0000030,PROD0122,WH004,06-01-2023 11:45,Sale,18,
INV0000031,PROD0022,WH003,06-01-2023 13:36,Purchase,70,SUP013
INV0000032,PROD0181,WH001,06-01-2023 16:50,Sale,88,
INV0000033,PROD0051,WH001,06-01-2023 19:59,Purchase,16,SUP007
INV0000034,PROD0157,WH004,06-01-2023 20:25,Purchase,90,SUP023
INV0000035,PROD0200,WH001,07-01-2023 05:24,Adjustment,66,
INV0000036,PROD0113,WH001,07-01-2023 05:50,Sale,47,
INV0000037,PROD0005,WH004,07-01-2023 05:57,Purchase,16,SUP040
INV0000038,PROD0074,WH001,07-01-2023 09:47,Purchase,21,SUP029
INV0000039,PROD0099,WH003,07-01-2023 11:42,Sale,49,
INV0000040,PROD0019,WH004,07-01-2023 20:01,Sale,37,
INV0000041,PROD0071,WH002,07-01-2023 21:41,Sale,77,
INV0000042,PROD0114,WH004,08-01-2023 03:16,Sale,34,
INV0000043,PROD0156,WH002,08-01-2023 06:52,Sale,67,
INV0000044,PROD0040,WH003,08-01-2023 11:53,Sale,48,
INV0000045,PROD0124,WH002,08-01-2023 13:30,Sale,39,
INV0000046,PROD0140,WH002,08-01-2023 20:02,Sale,83,
INV0000047,PROD0006,WH003,09-01-2023 03:29,Sale,46,
INV0000048,PROD0086,WH002,09-01-2023 03:56,Purchase,47,SUP010
INV0000049,PROD0017,WH001,09-01-2023 05:07,Sale,25,
INV0000050,PROD0166,WH002,09-01-2023 06:59,Return,66,
INV0000051,PROD0132,WH003,09-01-2023 22:26,Sale,42,
INV0000052,PROD0115,WH002,10-01-2023 00:27,Sale,3,
INV0000053,PROD0139,WH002,10-01-2023 00:28,Sale,91,
INV0000054,PROD0188,WH001,10-01-2023 12:43,Purchase,46,SUP011
INV0000055,PROD0128,WH003,10-01-2023 17:04,Sale,85,
INV0000056,PROD0054,WH002,10-01-2023 20:18,Sale,5,
INV0000057,PROD0132,WH001,10-01-2023 21:46,Adjustment,10,
INV0000058,PROD0160,WH003,10-01-2023 23:33,Purchase,38,SUP018
INV0000059,PROD0168,WH002,11-01-2023 01:52,Return,19,
INV0000060,PROD0107,WH001,11-01-2023 12:03,Purchase,4,SUP006
INV0000061,PROD0077,WH002,11-01-2023 17:10,Purchase,4,SUP011
INV0000062,PROD0090,WH003,11-01-2023 18:23,Sale,68,
INV0000063,PROD0064,WH003,12-01-2023 01:51,Purchase,42,SUP031
INV0000064,PROD0043,WH003,12-01-2023 02:12,Sale,16,
INV0000065,PROD0165,WH004,12-01-2023 03:33,Sale,83,
INV0000066,PROD0191,WH002,12-01-2023 05:07,Return,40,
INV0000067,PROD0067,WH003,12-01-2023 11:51,Return,58,
INV0000068,PROD0118,WH003,12-01-2023 12:28,Purchase,29,SUP008
INV0000069,PROD0192,WH004,12-01-2023 14:02,Sale,24,
INV0000070,PROD0075,WH004,12-01-2023 19:34,Adjustment,98,
INV0000071,PROD0145,WH004,12-01-2023 19:49,Purchase,40,SUP026
INV0000072,PROD0163,WH004,13-01-2023 08:17,Purchase,84,SUP012
INV0000073,PROD0141,WH001,13-01-2023 08:26,Purchase,10,SUP018
INV0000074,PROD0101,WH003,13-01-2023 09:52,Adjustment,25,
INV0000075,PROD0182,WH003,13-01-2023 12:18,Adjustment,39,
INV0000076,PROD0069,WH002,13-01-2023 15:00,Sale,39,
INV0000077,PROD0154,WH003,13-01-2023 16:20,Purchase,38,SUP009
INV0000078,PROD0050,WH004,14-01-2023 00:15,Sale,45,
INV0000079,PROD0009,WH003,14-01-2023 02:19,Return,27,
INV0000080,PROD0166,WH004,14-01-2023 02:22,Purchase,70,SUP002
INV0000081,PROD0092,WH004,14-01-2023 02:23,Sale,22,
INV0000082,PROD0135,WH001,14-01-2023 02:50,Purchase,74,SUP035
INV0000083,PROD0076,WH003,14-01-2023 04:08,Return,22,
INV0000084,PROD0094,WH004,14-01-2023 06:16,Sale,58,
INV0000085,PROD0086,WH003,14-01-2023 08:02,Sale,15,
INV0000086,PROD0117,WH001,14-01-2023 08:05,Purchase,61,SUP024
INV0000087,PROD0057,WH001,14-01-2023 08:29,Sale,14,
INV0000088,PROD0042,WH002,14-01-2023 10:00,Sale,33,
INV0000089,PROD0045,WH001,14-01-2023 11:15,Purchase,98,SUP014
INV0000090,PROD0123,WH001,14-01-2023 15:46,Sale,18,
INV0000091,PROD0109,WH001,15-01-2023 01:15,Sale,66,
INV0000092,PROD0194,WH002,15-01-2023 10:15,Sale,99,
INV0000093,PROD0149,WH001,15-01-2023 13:05,Sale,65,
INV0000094,PROD0051,WH001,15-01-2023 15:58,Purchase,45,SUP039
INV0000095,PROD0037,WH003,15-01-2023 18:20,Sale,40,
INV0000096,PROD0040,WH001,15-01-2023 20:40,Sale,38,
INV0000097,PROD0056,WH001,16-01-2023 00:42,Purchase,17,SUP002
INV0000098,PROD0151,WH002,16-01-2023 00:50,Purchase,42,SUP006
INV0000099,PROD0133,WH001,16-01-2023 04:55,Sale,49,
INV0000100,PROD0057,WH001,16-01-2023 06:45,Adjustment,44,
INV0000101,PROD0134,WH003,16-01-2023 08:00,Sale,38,
INV0000102,PROD0042,WH004,16-01-2023 09:50,Sale,97,
INV0000103,PROD0018,WH004,16-01-2023 09:50,Adjustment,25,
INV0000104,PROD0081,WH001,16-01-2023 11:31,Sale,83,
INV0000105,PROD0016,WH001,16-01-2023 15:34,Purchase,76,SUP007
INV0000106,PROD0162,WH001,17-01-2023 00:35,Return,76,
INV0000107,PROD0100,WH003,17-01-2023 05:09,Adjustment,24,
INV0000108,PROD0125,WH004,17-01-2023 05:22,Adjustment,96,
INV0000109,PROD0168,WH001,17-01-2023 17:16,Purchase,72,SUP009
INV0000110,PROD0144,WH004,18-01-2023 00:03,Sale,1,
INV0000111,PROD0045,WH004,18-01-2023 03:55,Sale,13,
INV0000112,PROD0077,WH004,18-01-2023 06:04,Sale,65,
INV0000113,PROD0200,WH002,18-01-2023 12:23,Purchase,50,SUP001
INV0000114,PROD0098,WH002,19-01-2023 06:10,Purchase,55,SUP023
INV0000115,PROD0200,WH003,19-01-2023 09:45,Purchase,68,SUP008
INV0000116,PROD0112,WH004,19-01-2023 15:07,Purchase,54,SUP015
INV0000117,PROD0121,WH002,19-01-2023 15:43,Sale,69,
INV0000118,PROD0119,WH002,19-01-2023 17:24,Purchase,16,SUP035
INV0000119,PROD0193,WH004,20-01-2023 00:14,Sale,98,
INV0000120,PROD0120,WH004,20-01-2023 01:28,Purchase,47,SUP004
INV0000121,PROD0079,WH002,20-01-2023 11:39,Sale,46,
INV0000122,PROD0091,WH004,20-01-2023 20:25,Adjustment,97,
INV0000123,PROD0101,WH004,21-01-2023 00:03,Sale,38,
INV0000124,PROD0043,WH003,21-01-2023 06:16,Purchase,66,SUP012
INV0000125,PROD0141,WH002,21-01-2023 06:20,Purchase,75,SUP011
INV0000126,PROD0075,WH004,21-01-2023 06:53,Sale,56,
INV0000127,PROD0015,WH003,21-01-2023 08:45,Sale,7,
INV0000128,PROD0078,WH002,21-01-2023 10:43,Sale,24,
INV0000129,PROD0154,WH001,21-01-2023 13:11,Sale,50,
INV0000130,PROD0153,WH003,21-01-2023 14:43,Purchase,68,SUP003
INV0000131,PROD0188,WH001,21-01-2023 23:37,Purchase,88,SUP015
INV0000132,PROD0189,WH002,22-01-2023 12:42,Sale,16,
INV0000133,PROD0115,WH003,22-01-2023 17:02,Purchase,27,SUP012
INV0000134,PROD0112,WH004,22-01-2023 20:47,Sale,56,
INV0000135,PROD0044,WH002,23-01-2023 02:52,Purchase,51,SUP027
INV0000136,PROD0188,WH004,23-01-2023 09:49,Sale,10,
INV0000137,PROD0027,WH001,23-01-2023 15:02,Sale,17,
INV0000138,PROD0198,WH003,23-01-2023 15:03,Sale,48,
INV0000139,PROD0044,WH001,23-01-2023 17:01,Purchase,95,SUP024
INV0000140,PROD0179,WH003,23-01-2023 19:11,Purchase,8,SUP009
INV0000141,PROD0041,WH002,23-01-2023 21:21,Sale,85,
INV0000142,PROD0147,WH002,24-01-2023 06:04,Sale,83,
INV0000143,PROD0173,WH003,24-01-2023 10:48,Sale,77,
INV0000144,PROD0146,WH001,24-01-2023 16:03,Sale,16,
INV0000145,PROD0028,WH001,24-01-2023 18:59,Sale,15,
INV0000146,PROD0190,WH004,24-01-2023 22:13,Purchase,35,SUP034
INV0000147,PROD0195,WH004,24-01-2023 22:44,Purchase,51,SUP031
INV0000148,PROD0131,WH003,25-01-2023 00:36,Sale,68,
INV0000149,PROD0156,WH002,25-01-2023 05:01,Sale,22,
INV0000150,PROD0087,WH002,25-01-2023 09:18,Purchase,84,SUP028
INV0000151,PROD0147,WH004,25-01-2023 09:43,Purchase,92,SUP038
INV0000152,PROD0198,WH004,25-01-2023 21:33,Sale,88,
INV0000153,PROD0124,WH002,26-01-2023 02:44,Purchase,93,SUP037
INV0000154,PROD0056,WH002,26-01-2023 10:12,Purchase,98,SUP039
INV0000155,PROD0009,WH003,26-01-2023 13:58,Purchase,74,SUP015
INV0000156,PROD0135,WH002,26-01-2023 16:15,Return,9,
INV0000157,PROD0144,WH003,27-01-2023 02:57,Sale,66,
INV0000158,PROD0161,WH004,27-01-2023 03:16,Return,71,
INV0000159,PROD0077,WH002,27-01-2023 03:21,Purchase,25,SUP011
INV0000160,PROD0148,WH004,27-01-2023 05:07,Sale,2,
INV0000161,PROD0025,WH002,27-01-2023 06:26,Sale,8,
INV0000162,PROD0156,WH004,27-01-2023 12:22,Purchase,79,SUP037
INV0000163,PROD0167,WH001,27-01-2023 12:29,Return,84,
INV0000164,PROD0057,WH002,27-01-2023 19:59,Return,7,
INV0000165,PROD0067,WH004,28-01-2023 00:51,Sale,24,
INV0000166,PROD0166,WH003,28-01-2023 02:07,Sale,59,
INV0000167,PROD0121,WH004,28-01-2023 09:14,Sale,27,
INV0000168,PROD0101,WH001,28-01-2023 15:33,Purchase,56,SUP024
INV0000169,PROD0032,WH002,28-01-2023 23:07,Sale,26,
INV0000170,PROD0163,WH004,29-01-2023 00:52,Sale,54,
INV0000171,PROD0026,WH002,29-01-2023 07:53,Sale,35,
INV0000172,PROD0087,WH002,29-01-2023 12:42,Adjustment,7,
INV0000173,PROD0090,WH002,29-01-2023 14:04,Sale,33,
INV0000174,PROD0145,WH004,29-01-2023 18:23,Purchase,71,SUP022
INV0000175,PROD0009,WH002,29-01-2023 22:27,Purchase,26,SUP040
INV0000176,PROD0003,WH001,30-01-2023 02:23,Purchase,28,SUP021
INV0000177,PROD0123,WH001,30-01-2023 03:31,Sale,13,
INV0000178,PROD0073,WH004,30-01-2023 09:02,Adjustment,13,
INV0000179,PROD0016,WH003,30-01-2023 13:58,Adjustment,78,
INV0000180,PROD0155,WH004,30-01-2023 17:27,Sale,2,
INV0000181,PROD0105,WH004,30-01-2023 21:35,Purchase,95,SUP017
INV0000182,PROD0124,WH002,31-01-2023 02:07,Adjustment,100,
INV0000183,PROD0073,WH002,31-01-2023 03:18,Adjustment,16,
INV0000184,PROD0044,WH001,31-01-2023 12:15,Sale,75,
INV0000185,PROD0065,WH003,31-01-2023 12:37,Purchase,58,SUP014
INV0000186,PROD0181,WH001,31-01-2023 14:19,Purchase,87,SUP014
INV0000187,PROD0154,WH001,31-01-2023 19:51,Sale,44,
INV0000188,PROD0172,WH004,01-02-2023 00:16,Purchase,8,SUP004
INV0000189,PROD0095,WH003,01-02-2023 00:50,Sale,45,
INV0000190,PROD0177,WH003,01-02-2023 07:25,Sale,7,
INV0000191,PROD0039,WH002,01-02-2023 08:09,Adjustment,76,
INV0000192,PROD0134,WH003,01-02-2023 09:25,Sale,34,
INV0000193,PROD0078,WH001,01-02-2023 13:00,Purchase,76,SUP037
INV0000194,PROD0039,WH003,01-02-2023 14:55,Purchase,72,SUP013
INV0000195,PROD0078,WH001,01-02-2023 18:32,Purchase,7,SUP007
INV0000196,PROD0135,WH003,01-02-2023 20:19,Purchase,59,SUP015
INV0000197,PROD0106,WH002,02-02-2023 00:46,Sale,90,
INV0000198,PROD0179,WH002,02-02-2023 02:06,Sale,73,
INV0000199,PROD0130,WH003,02-02-2023 02:22,Return,2,
INV0000200,PROD0111,WH003,02-02-2023 03:46,Purchase,48,SUP035
INV0000201,PROD0062,WH001,02-02-2023 05:25,Sale,44,
INV0000202,PROD0161,WH001,02-02-2023 21:00,Sale,5,
INV0000203,PROD0063,WH001,02-02-2023 22:04,Purchase,10,SUP029
INV0000204,PROD0030,WH004,03-02-2023 00:43,Sale,67,
INV0000205,PROD0159,WH003,03-02-2023 03:34,Purchase,67,SUP035
INV0000206,PROD0143,WH003,03-02-2023 16:03,Purchase,54,SUP025
INV0000207,PROD0037,WH003,03-02-2023 17:10,Sale,42,
INV0000208,PROD0197,WH004,03-02-2023 17:54,Sale,25,
INV0000209,PROD0131,WH002,03-02-2023 20:14,Sale,14,
INV0000210,PROD0109,WH002,03-02-2023 22:05,Sale,77,
INV0000211,PROD0198,WH004,03-02-2023 23:50,Purchase,34,SUP039
INV0000212,PROD0148,WH001,04-02-2023 05:39,Purchase,70,SUP001
INV0000213,PROD0157,WH003,04-02-2023 05:46,Sale,26,
INV0000214,PROD0115,WH004,04-02-2023 07:45,Sale,45,
INV0000215,PROD0054,WH004,04-02-2023 18:45,Sale,66,
INV0000216,PROD0014,WH002,04-02-2023 21:38,Purchase,73,SUP037
INV0000217,PROD0007,WH004,05-02-2023 02:08,Sale,67,
INV0000218,PROD0049,WH002,05-02-2023 04:31,Sale,65,
INV0000219,PROD0058,WH003,05-02-2023 05:01,Sale,55,
INV0000220,PROD0064,WH001,05-02-2023 10:36,Sale,89,
INV0000221,PROD0001,WH002,05-02-2023 22:59,Purchase,78,SUP039
INV0000222,PROD0062,WH003,06-02-2023 01:29,Purchase,2,SUP007
INV0000223,PROD0118,WH003,06-02-2023 01:57,Return,3,
INV0000224,PROD0104,WH002,06-02-2023 03:04,Adjustment,79,
INV0000225,PROD0092,WH002,06-02-2023 10:08,Purchase,66,SUP004
INV0000226,PROD0179,WH002,06-02-2023 12:28,Sale,16,
INV0000227,PROD0121,WH001,06-02-2023 13:32,Purchase,66,SUP013
INV0000228,PROD0116,WH003,06-02-2023 17:23,Purchase,21,SUP040
INV0000229,PROD0159,WH001,06-02-2023 17:32,Sale,47,
INV0000230,PROD0182,WH003,07-02-2023 03:38,Adjustment,12,
INV0000231,PROD0047,WH001,07-02-2023 04:49,Sale,84,
INV0000232,PROD0175,WH003,07-02-2023 08:44,Return,1,
INV0000233,PROD0075,WH002,07-02-2023 13:11,Return,8,
INV0000234,PROD0182,WH004,07-02-2023 14:30,Sale,98,
INV0000235,PROD0093,WH003,07-02-2023 17:02,Sale,77,
INV0000236,PROD0139,WH003,07-02-2023 17:30,Purchase,27,SUP008
INV0000237,PROD0154,WH004,07-02-2023 17:34,Sale,32,
INV0000238,PROD0080,WH002,07-02-2023 17:37,Purchase,13,SUP017
INV0000239,PROD0092,WH003,07-02-2023 17:53,Sale,4,
INV0000240,PROD0070,WH002,07-02-2023 18:05,Adjustment,6,
INV0000241,PROD0043,WH001,07-02-2023 19:16,Purchase,3,SUP026
INV0000242,PROD0198,WH001,07-02-2023 20:59,Sale,81,
INV0000243,PROD0180,WH004,07-02-2023 23:32,Sale,25,
INV0000244,PROD0017,WH003,08-02-2023 03:11,Purchase,47,SUP039
INV0000245,PROD0013,WH004,08-02-2023 03:47,Purchase,59,SUP002
INV0000246,PROD0161,WH001,08-02-2023 07:29,Sale,69,
INV0000247,PROD0128,WH002,08-02-2023 08:05,Return,62,
INV0000248,PROD0147,WH004,08-02-2023 12:04,Purchase,50,SUP004
INV0000249,PROD0062,WH004,08-02-2023 19:11,Sale,12,
INV0000250,PROD0118,WH004,09-02-2023 04:01,Sale,46,
INV0000251,PROD0098,WH003,09-02-2023 04:32,Purchase,30,SUP015
INV0000252,PROD0007,WH001,09-02-2023 06:52,Purchase,28,SUP008
INV0000253,PROD0194,WH002,09-02-2023 09:51,Return,11,
INV0000254,PROD0194,WH003,09-02-2023 15:51,Sale,21,
INV0000255,PROD0119,WH001,09-02-2023 18:26,Adjustment,84,
INV0000256,PROD0026,WH004,09-02-2023 21:30,Return,56,
INV0000257,PROD0135,WH003,09-02-2023 23:06,Return,86,
INV0000258,PROD0048,WH004,10-02-2023 00:34,Purchase,79,SUP033
INV0000259,PROD0131,WH004,10-02-2023 04:42,Sale,21,
INV0000260,PROD0040,WH003,10-02-2023 04:59,Purchase,100,SUP004
INV0000261,PROD0144,WH001,10-02-2023 05:53,Purchase,90,SUP031
INV0000262,PROD0091,WH001,10-02-2023 12:04,Adjustment,69,
INV0000263,PROD0089,WH004,10-02-2023 13:14,Sale,9,
INV0000264,PROD0198,WH002,10-02-2023 14:55,Purchase,76,SUP039
INV0000265,PROD0004,WH001,10-02-2023 16:43,Purchase,54,SUP004
INV0000266,PROD0183,WH001,10-02-2023 17:03,Purchase,91,SUP034
INV0000267,PROD0178,WH003,10-02-2023 19:56,Purchase,72,SUP018
INV0000268,PROD0189,WH003,10-02-2023 20:58,Purchase,2,SUP036
INV0000269,PROD0113,WH003,11-02-2023 02:56,Purchase,41,SUP036
INV0000270,PROD0001,WH002,11-02-2023 04:45,Sale,7,
INV0000271,PROD0183,WH001,11-02-2023 08:57,Sale,10,
INV0000272,PROD0135,WH001,12-02-2023 05:22,Purchase,1,SUP031
INV0000273,PROD0148,WH001,12-02-2023 06:52,Purchase,77,SUP039
INV0000274,PROD0052,WH001,12-02-2023 07:23,Sale,24,
INV0000275,PROD0151,WH001,12-02-2023 07:44,Purchase,79,SUP032
INV0000276,PROD0033,WH001,12-02-2023 08:20,Purchase,74,SUP025
INV0000277,PROD0131,WH002,12-02-2023 18:43,Sale,33,
INV0000278,PROD0141,WH003,12-02-2023 23:30,Purchase,66,SUP002
INV0000279,PROD0193,WH001,13-02-2023 03:57,Purchase,3,SUP022
INV0000280,PROD0176,WH003,13-02-2023 06:11,Purchase,21,SUP023
INV0000281,PROD0159,WH003,13-02-2023 07:15,Purchase,93,SUP014
INV0000282,PROD0143,WH002,13-02-2023 10:42,Return,4,
INV0000283,PROD0088,WH002,13-02-2023 11:13,Adjustment,9,
INV0000284,PROD0124,WH003,13-02-2023 15:58,Sale,65,
INV0000285,PROD0055,WH002,14-02-2023 07:13,Purchase,27,SUP008
INV0000286,PROD0156,WH002,14-02-2023 07:49,Sale,28,
INV0000287,PROD0080,WH001,14-02-2023 08:09,Purchase,44,SUP030
INV0000288,PROD0172,WH003,14-02-2023 20:06,Sale,96,
INV0000289,PROD0037,WH003,14-02-2023 21:57,Sale,45,
INV0000290,PROD0020,WH003,15-02-2023 00:07,Sale,39,
INV0000291,PROD0048,WH004,15-02-2023 04:10,Purchase,53,SUP024
INV0000292,PROD0089,WH001,15-02-2023 04:50,Purchase,57,SUP009
INV0000293,PROD0033,WH003,15-02-2023 09:13,Purchase,22,SUP016
INV0000294,PROD0109,WH002,15-02-2023 13:13,Sale,8,
INV0000295,PROD0012,WH002,16-02-2023 00:52,Adjustment,39,
INV0000296,PROD0159,WH002,16-02-2023 02:11,Sale,53,
INV0000297,PROD0079,WH001,16-02-2023 02:47,Purchase,94,SUP032
INV0000298,PROD0165,WH003,16-02-2023 03:04,Sale,29,
INV0000299,PROD0152,WH004,16-02-2023 06:07,Purchase,89,SUP020
INV0000300,PROD0181,WH004,16-02-2023 12:18,Purchase,42,SUP018
INV0000301,PROD0014,WH003,16-02-2023 15:25,Sale,10,
INV0000302,PROD0106,WH003,16-02-2023 21:50,Sale,4,
INV0000303,PROD0129,WH001,17-02-2023 04:31,Sale,79,
INV0000304,PROD0044,WH001,17-02-2023 05:36,Sale,53,
INV0000305,PROD0196,WH003,17-02-2023 06:57,Sale,56,
INV0000306,PROD0177,WH002,17-02-2023 09:14,Sale,79,
INV0000307,PROD0091,WH001,17-02-2023 13:27,Adjustment,4,
INV0000308,PROD0193,WH002,17-02-2023 15:38,Sale,9,
INV0000309,PROD0056,WH002,17-02-2023 15:40,Purchase,79,SUP038
INV0000310,PROD0193,WH001,17-02-2023 19:25,Purchase,42,SUP010
INV0000311,PROD0125,WH003,18-02-2023 00:08,Purchase,16,SUP019
INV0000312,PROD0005,WH003,18-02-2023 01:51,Sale,74,
INV0000313,PROD0137,WH001,18-02-2023 13:18,Sale,25,
INV0000314,PROD0164,WH004,18-02-2023 16:33,Purchase,52,SUP022
INV0000315,PROD0059,WH002,19-02-2023 00:54,Sale,8,
INV0000316,PROD0129,WH003,19-02-2023 02:45,Sale,28,
INV0000317,PROD0080,WH003,19-02-2023 03:04,Purchase,77,SUP004
INV0000318,PROD0198,WH003,19-02-2023 06:06,Purchase,3,SUP008
INV0000319,PROD0188,WH002,19-02-2023 06:42,Adjustment,71,
INV0000320,PROD0114,WH004,19-02-2023 09:13,Purchase,4,SUP022
INV0000321,PROD0106,WH001,19-02-2023 14:08,Adjustment,84,
INV0000322,PROD0017,WH002,19-02-2023 22:34,Sale,87,
INV0000323,PROD0198,WH001,19-02-2023 23:41,Sale,51,
INV0000324,PROD0132,WH003,20-02-2023 05:33,Sale,82,
INV0000325,PROD0102,WH003,20-02-2023 08:30,Purchase,44,SUP031
INV0000326,PROD0071,WH002,20-02-2023 10:23,Purchase,68,SUP010
INV0000327,PROD0033,WH004,20-02-2023 10:39,Purchase,56,SUP006
INV0000328,PROD0045,WH004,20-02-2023 17:32,Sale,55,
INV0000329,PROD0160,WH003,20-02-2023 17:51,Return,1,
INV0000330,PROD0057,WH004,20-02-2023 19:54,Purchase,61,SUP021
INV0000331,PROD0172,WH004,21-02-2023 01:38,Purchase,78,SUP034
INV0000332,PROD0200,WH003,21-02-2023 03:05,Purchase,97,SUP030
INV0000333,PROD0007,WH004,21-02-2023 07:25,Sale,83,
INV0000334,PROD0162,WH003,21-02-2023 08:35,Sale,39,
INV0000335,PROD0047,WH004,21-02-2023 10:45,Return,6,
INV0000336,PROD0101,WH002,21-02-2023 13:33,Purchase,5,SUP031
INV0000337,PROD0091,WH002,21-02-2023 23:57,Sale,91,
INV0000338,PROD0069,WH003,22-02-2023 00:29,Sale,71,
INV0000339,PROD0185,WH003,22-02-2023 16:33,Adjustment,42,
INV0000340,PROD0043,WH002,22-02-2023 17:56,Sale,8,
INV0000341,PROD0177,WH003,22-02-2023 18:53,Purchase,24,SUP024
INV0000342,PROD0174,WH001,22-02-2023 20:52,Purchase,21,SUP003
INV0000343,PROD0131,WH001,23-02-2023 03:37,Sale,4,
INV0000344,PROD0146,WH003,23-02-2023 04:20,Sale,27,
INV0000345,PROD0153,WH001,23-02-2023 04:23,Sale,99,
INV0000346,PROD0137,WH001,23-02-2023 06:23,Purchase,92,SUP036
INV0000347,PROD0029,WH004,23-02-2023 08:22,Purchase,67,SUP010
INV0000348,PROD0075,WH002,23-02-2023 11:57,Purchase,29,SUP010
INV0000349,PROD0114,WH002,23-02-2023 12:11,Purchase,62,SUP024
INV0000350,PROD0097,WH002,23-02-2023 17:29,Purchase,22,SUP014
INV0000351,PROD0157,WH004,23-02-2023 18:24,Purchase,15,SUP004
INV0000352,PROD0190,WH002,23-02-2023 18:49,Purchase,25,SUP028
INV0000353,PROD0048,WH001,23-02-2023 20:21,Purchase,81,SUP013
INV0000354,PROD0163,WH004,23-02-2023 23:16,Purchase,83,SUP039
INV0000355,PROD0026,WH002,23-02-2023 23:56,Sale,59,
INV0000356,PROD0194,WH002,24-02-2023 03:19,Sale,89,
INV0000357,PROD0120,WH001,24-02-2023 08:17,Return,36,
INV0000358,PROD0193,WH004,25-02-2023 14:38,Sale,4,
INV0000359,PROD0184,WH004,25-02-2023 15:29,Purchase,63,SUP031
INV0000360,PROD0005,WH001,25-02-2023 16:13,Purchase,75,SUP040
INV0000361,PROD0195,WH002,26-02-2023 02:39,Sale,14,
INV0000362,PROD0197,WH004,26-02-2023 03:04,Sale,12,
INV0000363,PROD0086,WH004,26-02-2023 05:51,Purchase,43,SUP030
INV0000364,PROD0091,WH002,26-02-2023 12:41,Sale,64,
INV0000365,PROD0094,WH004,26-02-2023 17:05,Sale,16,
INV0000366,PROD0110,WH002,26-02-2023 17:50,Sale,67,
INV0000367,PROD0126,WH001,26-02-2023 20:12,Sale,12,
INV0000368,PROD0017,WH003,27-02-2023 13:48,Purchase,32,SUP021
INV0000369,PROD0008,WH002,27-02-2023 20:26,Sale,100,
INV0000370,PROD0013,WH004,27-02-2023 22:55,Purchase,6,SUP020
INV0000371,PROD0109,WH003,28-02-2023 01:54,Adjustment,29,
INV0000372,PROD0112,WH002,28-02-2023 09:26,Purchase,31,SUP011
INV0000373,PROD0126,WH004,28-02-2023 14:30,Sale,2,
INV0000374,PROD0050,WH004,28-02-2023 22:05,Return,67,
INV0000375,PROD0026,WH004,01-03-2023 04:30,Purchase,22,SUP022
INV0000376,PROD0056,WH004,01-03-2023 12:06,Purchase,38,SUP018
INV0000377,PROD0166,WH003,01-03-2023 12:26,Purchase,37,SUP009
INV0000378,PROD0090,WH002,01-03-2023 12:57,Sale,83,
INV0000379,PROD0108,WH003,01-03-2023 13:39,Purchase,2,SUP019
INV0000380,PROD0022,WH001,01-03-2023 17:26,Sale,43,
INV0000381,PROD0174,WH004,01-03-2023 17:39,Sale,63,
INV0000382,PROD0036,WH004,01-03-2023 18:29,Purchase,87,SUP024
INV0000383,PROD0111,WH002,01-03-2023 18:56,Sale,53,
INV0000384,PROD0199,WH002,02-03-2023 00:00,Adjustment,16,
INV0000385,PROD0062,WH001,02-03-2023 00:22,Adjustment,35,
INV0000386,PROD0094,WH002,02-03-2023 06:26,Purchase,29,SUP021
INV0000387,PROD0075,WH001,02-03-2023 14:09,Sale,89,
INV0000388,PROD0059,WH001,02-03-2023 18:17,Sale,67,
INV0000389,PROD0192,WH002,02-03-2023 22:58,Adjustment,25,
INV0000390,PROD0147,WH003,03-03-2023 03:47,Purchase,69,SUP009
INV0000391,PROD0091,WH001,03-03-2023 04:15,Sale,10,
INV0000392,PROD0121,WH001,03-03-2023 05:28,Sale,78,
INV0000393,PROD0102,WH004,03-03-2023 07:56,Sale,11,
INV0000394,PROD0191,WH004,03-03-2023 08:03,Purchase,6,SUP009
INV0000395,PROD0152,WH003,03-03-2023 13:09,Sale,80,
INV0000396,PROD0064,WH001,03-03-2023 13:11,Sale,55,
INV0000397,PROD0164,WH004,03-03-2023 20:42,Adjustment,35,
INV0000398,PROD0083,WH001,03-03-2023 22:05,Sale,21,
INV0000399,PROD0185,WH004,03-03-2023 22:52,Adjustment,91,
INV0000400,PROD0005,WH001,04-03-2023 01:52,Sale,67,
INV0000401,PROD0139,WH002,04-03-2023 02:18,Purchase,9,SUP018
INV0000402,PROD0127,WH002,04-03-2023 04:12,Sale,24,
INV0000403,PROD0060,WH004,04-03-2023 04:51,Return,55,
INV0000404,PROD0124,WH004,04-03-2023 06:31,Purchase,63,SUP016
INV0000405,PROD0030,WH003,04-03-2023 21:56,Sale,30,
INV0000406,PROD0033,WH001,04-03-2023 23:19,Purchase,8,SUP021
INV0000407,PROD0092,WH002,05-03-2023 03:49,Purchase,95,SUP016
INV0000408,PROD0169,WH001,05-03-2023 06:22,Sale,89,
INV0000409,PROD0019,WH001,05-03-2023 07:35,Sale,48,
INV0000410,PROD0051,WH001,05-03-2023 14:05,Sale,28,
INV0000411,PROD0183,WH001,05-03-2023 15:49,Purchase,28,SUP012
INV0000412,PROD0089,WH001,05-03-2023 17:56,Sale,20,
INV0000413,PROD0196,WH004,06-03-2023 05:49,Purchase,4,SUP019
INV0000414,PROD0042,WH001,06-03-2023 06:04,Adjustment,100,
INV0000415,PROD0105,WH004,06-03-2023 07:50,Purchase,49,SUP015
INV0000416,PROD0072,WH001,06-03-2023 08:28,Sale,23,
INV0000417,PROD0008,WH002,06-03-2023 11:19,Sale,16,
INV0000418,PROD0179,WH003,06-03-2023 11:31,Purchase,50,SUP036
INV0000419,PROD0060,WH003,06-03-2023 11:57,Sale,8,
INV0000420,PROD0015,WH001,06-03-2023 13:39,Purchase,84,SUP021
INV0000421,PROD0078,WH001,06-03-2023 15:35,Purchase,16,SUP010
INV0000422,PROD0106,WH001,06-03-2023 17:59,Sale,94,
INV0000423,PROD0079,WH004,06-03-2023 22:11,Sale,53,
INV0000424,PROD0063,WH003,07-03-2023 03:49,Return,44,
INV0000425,PROD0141,WH001,07-03-2023 08:38,Sale,25,
INV0000426,PROD0141,WH002,07-03-2023 09:04,Adjustment,61,
INV0000427,PROD0197,WH001,07-03-2023 09:18,Purchase,43,SUP015
INV0000428,PROD0027,WH003,07-03-2023 11:13,Adjustment,30,
INV0000429,PROD0005,WH004,07-03-2023 13:33,Purchase,53,SUP036
INV0000430,PROD0172,WH001,07-03-2023 15:09,Purchase,5,SUP013
INV0000431,PROD0194,WH002,07-03-2023 17:16,Sale,5,
INV0000432,PROD0132,WH004,07-03-2023 20:14,Sale,100,
INV0000433,PROD0184,WH003,08-03-2023 04:30,Sale,56,
INV0000434,PROD0122,WH002,08-03-2023 04:32,Purchase,87,SUP013
INV0000435,PROD0172,WH002,08-03-2023 04:56,Sale,45,
INV0000436,PROD0097,WH001,08-03-2023 05:21,Sale,89,
INV0000437,PROD0088,WH001,08-03-2023 07:31,Purchase,56,SUP007
INV0000438,PROD0112,WH002,08-03-2023 14:05,Purchase,64,SUP019
INV0000439,PROD0079,WH003,08-03-2023 14:15,Sale,70,
INV0000440,PROD0077,WH003,09-03-2023 06:47,Sale,25,
INV0000441,PROD0096,WH004,09-03-2023 08:35,Sale,72,
INV0000442,PROD0128,WH003,09-03-2023 12:41,Sale,7,
INV0000443,PROD0131,WH003,09-03-2023 21:13,Sale,70,
INV0000444,PROD0004,WH002,10-03-2023 01:48,Purchase,50,SUP040
INV0000445,PROD0053,WH002,10-03-2023 02:35,Sale,8,
INV0000446,PROD0052,WH003,10-03-2023 05:51,Return,24,
INV0000447,PROD0081,WH004,10-03-2023 09:25,Purchase,91,SUP026
INV0000448,PROD0128,WH004,10-03-2023 09:51,Sale,47,
INV0000449,PROD0192,WH002,10-03-2023 10:49,Sale,82,
INV0000450,PROD0144,WH002,10-03-2023 13:51,Sale,75,
INV0000451,PROD0015,WH004,10-03-2023 15:10,Sale,88,
INV0000452,PROD0136,WH001,11-03-2023 03:06,Purchase,74,SUP025
INV0000453,PROD0041,WH004,11-03-2023 06:59,Sale,18,
INV0000454,PROD0143,WH002,11-03-2023 12:33,Purchase,62,SUP038
INV0000455,PROD0009,WH004,12-03-2023 08:24,Purchase,59,SUP005
INV0000456,PROD0071,WH004,12-03-2023 14:40,Purchase,100,SUP037
INV0000457,PROD0119,WH003,12-03-2023 17:20,Adjustment,94,
INV0000458,PROD0042,WH001,13-03-2023 01:33,Adjustment,57,
INV0000459,PROD0104,WH004,13-03-2023 02:15,Purchase,94,SUP031
INV0000460,PROD0087,WH004,13-03-2023 08:39,Purchase,95,SUP002
INV0000461,PROD0014,WH004,13-03-2023 10:26,Sale,38,
INV0000462,PROD0073,WH003,13-03-2023 13:44,Sale,34,
INV0000463,PROD0093,WH004,13-03-2023 15:11,Purchase,86,SUP019
INV0000464,PROD0114,WH001,13-03-2023 16:05,Purchase,66,SUP015
INV0000465,PROD0040,WH002,13-03-2023 21:02,Sale,47,
INV0000466,PROD0163,WH001,14-03-2023 02:10,Purchase,92,SUP033
INV0000467,PROD0130,WH001,14-03-2023 05:31,Sale,9,
INV0000468,PROD0155,WH001,14-03-2023 07:46,Return,61,
INV0000469,PROD0162,WH004,14-03-2023 08:43,Adjustment,98,
INV0000470,PROD0153,WH001,14-03-2023 11:10,Sale,85,
INV0000471,PROD0022,WH001,14-03-2023 17:02,Purchase,31,SUP019
INV0000472,PROD0077,WH001,14-03-2023 17:14,Sale,86,
INV0000473,PROD0151,WH003,14-03-2023 19:24,Return,29,
INV0000474,PROD0077,WH004,15-03-2023 00:34,Sale,2,
INV0000475,PROD0089,WH003,15-03-2023 17:36,Return,90,
INV0000476,PROD0081,WH004,15-03-2023 18:56,Sale,88,
INV0000477,PROD0103,WH002,15-03-2023 20:22,Sale,75,
INV0000478,PROD0007,WH001,16-03-2023 02:19,Sale,89,
INV0000479,PROD0090,WH002,16-03-2023 03:06,Sale,37,
INV0000480,PROD0128,WH003,16-03-2023 05:42,Purchase,15,SUP030
INV0000481,PROD0144,WH001,16-03-2023 08:36,Return,80,
INV0000482,PROD0121,WH002,16-03-2023 10:53,Adjustment,40,
INV0000483,PROD0143,WH001,16-03-2023 11:08,Sale,3,
INV0000484,PROD0014,WH001,16-03-2023 14:06,Sale,36,
INV0000485,PROD0118,WH004,16-03-2023 15:33,Purchase,59,SUP004
INV0000486,PROD0133,WH002,17-03-2023 01:20,Sale,63,
INV0000487,PROD0046,WH002,17-03-2023 01:28,Purchase,28,SUP012
INV0000488,PROD0079,WH002,17-03-2023 02:52,Purchase,36,SUP038
INV0000489,PROD0077,WH002,17-03-2023 06:33,Sale,56,
INV0000490,PROD0010,WH003,17-03-2023 09:49,Purchase,84,SUP015
INV0000491,PROD0163,WH001,17-03-2023 13:21,Purchase,33,SUP003
INV0000492,PROD0116,WH003,17-03-2023 13:58,Purchase,41,SUP026
INV0000493,PROD0063,WH001,17-03-2023 15:54,Sale,73,
INV0000494,PROD0192,WH001,17-03-2023 16:56,Sale,17,
INV0000495,PROD0184,WH003,17-03-2023 21:50,Sale,64,
INV0000496,PROD0014,WH001,17-03-2023 22:33,Purchase,16,SUP029
INV0000497,PROD0058,WH001,18-03-2023 04:07,Sale,72,
INV0000498,PROD0189,WH004,18-03-2023 07:43,Purchase,94,SUP038
INV0000499,PROD0111,WH002,18-03-2023 08:10,Sale,71,
INV0000500,PROD0081,WH003,18-03-2023 09:52,Return,58,
INV0000501,PROD0123,WH004,18-03-2023 10:12,Adjustment,75,
INV0000502,PROD0157,WH002,18-03-2023 10:21,Sale,58,
INV0000503,PROD0034,WH003,18-03-2023 17:37,Return,99,
INV0000504,PROD0047,WH001,19-03-2023 01:16,Sale,11,
INV0000505,PROD0099,WH001,19-03-2023 13:58,Purchase,45,SUP014
INV0000506,PROD0038,WH003,19-03-2023 14:20,Return,59,
INV0000507,PROD0053,WH004,19-03-2023 22:12,Purchase,76,SUP005
INV0000508,PROD0028,WH002,20-03-2023 00:48,Sale,32,
INV0000509,PROD0048,WH001,20-03-2023 01:32,Adjustment,23,
INV0000510,PROD0120,WH002,20-03-2023 03:37,Purchase,28,SUP006
INV0000511,PROD0098,WH002,20-03-2023 04:40,Purchase,97,SUP028
INV0000512,PROD0118,WH002,20-03-2023 11:47,Purchase,65,SUP027
INV0000513,PROD0060,WH002,20-03-2023 18:19,Sale,86,
INV0000514,PROD0150,WH004,20-03-2023 19:25,Sale,70,
INV0000515,PROD0119,WH003,21-03-2023 03:32,Sale,10,
INV0000516,PROD0005,WH001,21-03-2023 06:36,Purchase,72,SUP028
INV0000517,PROD0142,WH001,21-03-2023 11:43,Sale,81,
INV0000518,PROD0132,WH004,21-03-2023 12:25,Return,93,
INV0000519,PROD0146,WH003,21-03-2023 14:32,Adjustment,59,
INV0000520,PROD0118,WH001,21-03-2023 15:09,Purchase,33,SUP012
INV0000521,PROD0042,WH003,21-03-2023 15:19,Sale,41,
INV0000522,PROD0160,WH001,22-03-2023 02:42,Sale,73,
INV0000523,PROD0068,WH002,22-03-2023 04:24,Sale,12,
INV0000524,PROD0045,WH002,22-03-2023 09:30,Return,81,
INV0000525,PROD0194,WH002,22-03-2023 23:38,Sale,63,
INV0000526,PROD0117,WH003,23-03-2023 01:30,Purchase,46,SUP024
INV0000527,PROD0184,WH002,23-03-2023 01:53,Sale,53,
INV0000528,PROD0073,WH001,23-03-2023 15:34,Sale,1,
INV0000529,PROD0185,WH004,23-03-2023 18:12,Purchase,84,SUP035
INV0000530,PROD0195,WH002,23-03-2023 21:12,Purchase,95,SUP036
INV0000531,PROD0122,WH003,23-03-2023 21:38,Return,40,
INV0000532,PROD0062,WH002,24-03-2023 02:55,Sale,67,
INV0000533,PROD0112,WH002,24-03-2023 04:28,Purchase,53,SUP040
INV0000534,PROD0119,WH003,24-03-2023 04:52,Sale,15,
INV0000535,PROD0107,WH004,24-03-2023 05:32,Sale,44,
INV0000536,PROD0064,WH002,24-03-2023 07:56,Purchase,80,SUP027
INV0000537,PROD0147,WH002,24-03-2023 12:45,Sale,8,
INV0000538,PROD0144,WH003,25-03-2023 03:08,Sale,57,
INV0000539,PROD0010,WH001,25-03-2023 04:23,Return,47,
INV0000540,PROD0127,WH001,25-03-2023 07:38,Purchase,50,SUP040
INV0000541,PROD0033,WH001,25-03-2023 09:02,Purchase,96,SUP040
INV0000542,PROD0192,WH002,25-03-2023 15:59,Purchase,41,SUP027
INV0000543,PROD0055,WH003,25-03-2023 16:25,Sale,2,
INV0000544,PROD0122,WH003,25-03-2023 17:36,Sale,55,
INV0000545,PROD0129,WH001,25-03-2023 17:54,Sale,74,
INV0000546,PROD0158,WH003,25-03-2023 20:04,Sale,83,
INV0000547,PROD0053,WH004,26-03-2023 02:03,Purchase,43,SUP036
INV0000548,PROD0165,WH004,26-03-2023 04:49,Adjustment,37,
INV0000549,PROD0029,WH001,26-03-2023 16:41,Sale,18,
INV0000550,PROD0003,WH002,26-03-2023 16:56,Adjustment,27,
INV0000551,PROD0020,WH002,26-03-2023 20:25,Purchase,69,SUP004
INV0000552,PROD0010,WH001,26-03-2023 20:33,Purchase,58,SUP006
INV0000553,PROD0180,WH003,26-03-2023 20:42,Sale,37,
INV0000554,PROD0017,WH004,26-03-2023 21:44,Adjustment,92,
INV0000555,PROD0136,WH004,27-03-2023 06:14,Purchase,100,SUP040
INV0000556,PROD0107,WH002,27-03-2023 07:16,Sale,67,
INV0000557,PROD0085,WH001,27-03-2023 11:07,Purchase,52,SUP038
INV0000558,PROD0034,WH004,27-03-2023 13:36,Purchase,73,SUP039
INV0000559,PROD0020,WH003,27-03-2023 18:10,Sale,42,
INV0000560,PROD0100,WH004,27-03-2023 18:42,Purchase,21,SUP033
INV0000561,PROD0128,WH002,27-03-2023 20:39,Purchase,97,SUP028
INV0000562,PROD0129,WH003,28-03-2023 02:10,Sale,85,
INV0000563,PROD0125,WH002,28-03-2023 07:13,Sale,29,
INV0000564,PROD0081,WH001,28-03-2023 08:04,Purchase,5,SUP002
INV0000565,PROD0002,WH001,28-03-2023 08:17,Purchase,98,SUP032
INV0000566,PROD0161,WH004,28-03-2023 15:13,Sale,99,
INV0000567,PROD0065,WH001,28-03-2023 16:35,Return,78,
INV0000568,PROD0133,WH004,28-03-2023 17:22,Purchase,58,SUP007
INV0000569,PROD0154,WH004,28-03-2023 18:32,Purchase,55,SUP010
INV0000570,PROD0199,WH004,28-03-2023 22:22,Purchase,8,SUP004
INV0000571,PROD0173,WH004,29-03-2023 02:06,Purchase,38,SUP021
INV0000572,PROD0175,WH004,29-03-2023 03:33,Sale,31,
INV0000573,PROD0051,WH001,29-03-2023 07:02,Purchase,7,SUP009
INV0000574,PROD0127,WH002,29-03-2023 07:17,Sale,8,
INV0000575,PROD0090,WH003,29-03-2023 10:57,Purchase,95,SUP021
INV0000576,PROD0099,WH002,29-03-2023 11:43,Purchase,10,SUP035
INV0000577,PROD0155,WH002,29-03-2023 11:43,Sale,64,
INV0000578,PROD0190,WH004,29-03-2023 13:05,Sale,96,
INV0000579,PROD0120,WH001,29-03-2023 18:08,Adjustment,53,
INV0000580,PROD0026,WH002,29-03-2023 23:29,Sale,24,
INV0000581,PROD0071,WH002,30-03-2023 00:58,Adjustment,66,
INV0000582,PROD0043,WH001,30-03-2023 04:16,Purchase,16,SUP032
INV0000583,PROD0195,WH001,30-03-2023 05:59,Sale,89,
INV0000584,PROD0194,WH004,30-03-2023 13:06,Sale,29,
INV0000585,PROD0103,WH002,30-03-2023 20:23,Sale,30,
INV0000586,PROD0040,WH001,30-03-2023 20:34,Purchase,57,SUP029
INV0000587,PROD0126,WH001,31-03-2023 03:55,Purchase,52,SUP005
INV0000588,PROD0188,WH002,31-03-2023 08:17,Sale,91,
INV0000589,PROD0101,WH002,31-03-2023 10:16,Sale,82,
INV0000590,PROD0046,WH002,31-03-2023 11:01,Sale,26,
INV0000591,PROD0026,WH002,31-03-2023 11:19,Sale,89,
INV0000592,PROD0121,WH001,31-03-2023 13:23,Sale,25,
INV0000593,PROD0110,WH001,31-03-2023 18:20,Purchase,72,SUP013
INV0000594,PROD0069,WH004,31-03-2023 19:33,Sale,84,
INV0000595,PROD0057,WH003,31-03-2023 20:00,Sale,59,
INV0000596,PROD0153,WH001,01-04-2023 02:39,Purchase,25,SUP001
INV0000597,PROD0005,WH003,01-04-2023 05:15,Purchase,39,SUP031
INV0000598,PROD0144,WH002,01-04-2023 05:40,Purchase,88,SUP023
INV0000599,PROD0033,WH003,01-04-2023 08:03,Purchase,25,SUP033
INV0000600,PROD0196,WH003,01-04-2023 08:23,Purchase,16,SUP012
INV0000601,PROD0186,WH004,01-04-2023 17:44,Return,65,
INV0000602,PROD0018,WH001,01-04-2023 19:51,Sale,84,
INV0000603,PROD0161,WH002,01-04-2023 23:58,Sale,72,
INV0000604,PROD0119,WH003,02-04-2023 03:38,Sale,32,
INV0000605,PROD0005,WH003,02-04-2023 06:00,Purchase,49,SUP031
INV0000606,PROD0066,WH002,02-04-2023 12:28,Purchase,39,SUP029
INV0000607,PROD0122,WH004,02-04-2023 12:31,Purchase,95,SUP003
INV0000608,PROD0029,WH002,02-04-2023 13:31,Purchase,60,SUP015
INV0000609,PROD0118,WH002,02-04-2023 13:38,Purchase,16,SUP030
INV0000610,PROD0065,WH002,02-04-2023 15:41,Sale,6,
INV0000611,PROD0095,WH003,02-04-2023 21:39,Sale,52,
INV0000612,PROD0030,WH001,02-04-2023 22:35,Sale,45,
INV0000613,PROD0029,WH003,03-04-2023 00:13,Purchase,68,SUP004
INV0000614,PROD0188,WH002,03-04-2023 01:57,Sale,52,
INV0000615,PROD0188,WH002,03-04-2023 02:08,Sale,95,
INV0000616,PROD0163,WH003,03-04-2023 12:09,Sale,77,
INV0000617,PROD0105,WH003,04-04-2023 01:42,Purchase,27,SUP008
INV0000618,PROD0186,WH004,04-04-2023 10:17,Purchase,85,SUP019
INV0000619,PROD0147,WH001,04-04-2023 12:03,Purchase,25,SUP040
INV0000620,PROD0109,WH003,04-04-2023 16:04,Sale,71,
INV0000621,PROD0170,WH001,04-04-2023 20:55,Purchase,49,SUP008
INV0000622,PROD0173,WH002,04-04-2023 21:39,Purchase,47,SUP026
INV0000623,PROD0193,WH004,05-04-2023 05:36,Sale,71,
INV0000624,PROD0199,WH003,05-04-2023 13:12,Sale,32,
INV0000625,PROD0022,WH004,05-04-2023 17:12,Purchase,32,SUP034
INV0000626,PROD0196,WH003,05-04-2023 19:44,Purchase,1,SUP023
INV0000627,PROD0077,WH004,05-04-2023 20:37,Sale,51,
INV0000628,PROD0132,WH001,06-04-2023 04:38,Purchase,97,SUP020
INV0000629,PROD0106,WH003,06-04-2023 04:49,Purchase,13,SUP018
INV0000630,PROD0063,WH004,06-04-2023 10:22,Sale,75,
INV0000631,PROD0116,WH001,06-04-2023 16:42,Sale,94,
INV0000632,PROD0117,WH001,06-04-2023 17:59,Sale,70,
INV0000633,PROD0183,WH003,06-04-2023 18:46,Sale,20,
INV0000634,PROD0197,WH004,06-04-2023 22:49,Return,28,
INV0000635,PROD0097,WH004,07-04-2023 00:41,Sale,26,
INV0000636,PROD0011,WH003,07-04-2023 10:14,Sale,1,
INV0000637,PROD0154,WH004,07-04-2023 11:54,Sale,43,
INV0000638,PROD0177,WH002,07-04-2023 17:54,Sale,55,
INV0000639,PROD0090,WH004,07-04-2023 21:56,Sale,14,
INV0000640,PROD0063,WH001,07-04-2023 22:37,Adjustment,90,
INV0000641,PROD0077,WH003,08-04-2023 00:41,Return,96,
INV0000642,PROD0084,WH002,08-04-2023 07:46,Sale,8,
INV0000643,PROD0052,WH003,08-04-2023 08:17,Purchase,66,SUP020
INV0000644,PROD0070,WH004,08-04-2023 08:56,Sale,73,
INV0000645,PROD0061,WH002,08-04-2023 09:12,Purchase,67,SUP010
INV0000646,PROD0026,WH001,08-04-2023 16:04,Purchase,73,SUP037
INV0000647,PROD0128,WH003,08-04-2023 23:42,Sale,21,
INV0000648,PROD0078,WH001,09-04-2023 03:21,Sale,9,
INV0000649,PROD0012,WH002,09-04-2023 03:44,Sale,35,
INV0000650,PROD0125,WH001,09-04-2023 05:51,Sale,78,
INV0000651,PROD0063,WH002,09-04-2023 06:27,Sale,20,
INV0000652,PROD0028,WH003,09-04-2023 06:49,Purchase,66,SUP023
INV0000653,PROD0135,WH003,09-04-2023 12:45,Sale,8,
INV0000654,PROD0140,WH001,09-04-2023 15:34,Purchase,9,SUP017
INV0000655,PROD0018,WH004,09-04-2023 20:09,Purchase,43,SUP040
INV0000656,PROD0152,WH001,09-04-2023 22:35,Purchase,27,SUP019
INV0000657,PROD0109,WH001,10-04-2023 04:11,Sale,46,
INV0000658,PROD0031,WH003,10-04-2023 04:48,Adjustment,23,
INV0000659,PROD0092,WH001,10-04-2023 07:27,Sale,68,
INV0000660,PROD0199,WH004,10-04-2023 12:57,Purchase,10,SUP040
INV0000661,PROD0014,WH001,10-04-2023 15:17,Sale,45,
INV0000662,PROD0098,WH002,10-04-2023 17:04,Purchase,63,SUP015
INV0000663,PROD0016,WH003,10-04-2023 18:20,Return,99,
INV0000664,PROD0041,WH004,11-04-2023 00:28,Sale,73,
INV0000665,PROD0121,WH004,11-04-2023 01:55,Purchase,49,SUP017
INV0000666,PROD0118,WH003,11-04-2023 02:29,Sale,77,
INV0000667,PROD0106,WH004,11-04-2023 03:50,Sale,45,
INV0000668,PROD0117,WH003,11-04-2023 05:29,Adjustment,12,
INV0000669,PROD0145,WH002,11-04-2023 08:26,Purchase,27,SUP013
INV0000670,PROD0094,WH001,11-04-2023 11:19,Sale,11,
INV0000671,PROD0125,WH003,11-04-2023 11:50,Sale,62,
INV0000672,PROD0179,WH004,11-04-2023 23:20,Purchase,13,SUP027
INV0000673,PROD0099,WH001,12-04-2023 01:24,Purchase,82,SUP026
INV0000674,PROD0024,WH003,12-04-2023 03:31,Purchase,6,SUP025
INV0000675,PROD0087,WH002,12-04-2023 07:34,Purchase,97,SUP037
INV0000676,PROD0140,WH004,12-04-2023 10:52,Purchase,85,SUP014
INV0000677,PROD0064,WH003,12-04-2023 13:21,Purchase,15,SUP004
INV0000678,PROD0069,WH004,12-04-2023 20:25,Purchase,40,SUP039
INV0000679,PROD0009,WH004,13-04-2023 01:02,Purchase,3,SUP002
INV0000680,PROD0187,WH002,13-04-2023 01:17,Sale,84,
INV0000681,PROD0016,WH003,13-04-2023 06:22,Sale,98,
INV0000682,PROD0173,WH001,13-04-2023 10:05,Purchase,54,SUP032
INV0000683,PROD0116,WH004,13-04-2023 15:16,Purchase,42,SUP040
INV0000684,PROD0149,WH002,13-04-2023 15:34,Sale,68,
INV0000685,PROD0116,WH002,13-04-2023 18:37,Return,68,
INV0000686,PROD0018,WH004,14-04-2023 07:03,Sale,43,
INV0000687,PROD0010,WH001,14-04-2023 11:35,Sale,95,
INV0000688,PROD0055,WH004,14-04-2023 13:13,Sale,97,
INV0000689,PROD0087,WH003,14-04-2023 17:44,Sale,3,
INV0000690,PROD0193,WH001,14-04-2023 22:41,Sale,83,
INV0000691,PROD0190,WH004,15-04-2023 18:46,Purchase,18,SUP010
INV0000692,PROD0032,WH004,15-04-2023 22:47,Adjustment,95,
INV0000693,PROD0038,WH004,15-04-2023 23:28,Purchase,80,SUP027
INV0000694,PROD0190,WH004,16-04-2023 03:10,Purchase,42,SUP011
INV0000695,PROD0154,WH004,16-04-2023 05:52,Adjustment,69,
INV0000696,PROD0075,WH001,16-04-2023 15:15,Sale,33,
INV0000697,PROD0102,WH003,16-04-2023 19:06,Purchase,45,SUP037
INV0000698,PROD0007,WH003,16-04-2023 23:35,Purchase,32,SUP034
INV0000699,PROD0156,WH004,16-04-2023 23:45,Sale,96,
INV0000700,PROD0164,WH002,17-04-2023 01:34,Sale,94,
INV0000701,PROD0055,WH003,17-04-2023 02:41,Adjustment,66,
INV0000702,PROD0015,WH001,17-04-2023 07:37,Sale,34,
INV0000703,PROD0197,WH002,17-04-2023 08:18,Sale,3,
INV0000704,PROD0097,WH001,17-04-2023 10:08,Sale,19,
INV0000705,PROD0072,WH003,17-04-2023 13:59,Adjustment,11,
INV0000706,PROD0005,WH001,17-04-2023 15:01,Sale,28,
INV0000707,PROD0126,WH003,17-04-2023 20:44,Purchase,89,SUP031
INV0000708,PROD0195,WH003,17-04-2023 22:41,Sale,64,
INV0000709,PROD0137,WH003,18-04-2023 02:03,Sale,96,
INV0000710,PROD0193,WH001,18-04-2023 05:14,Return,28,
INV0000711,PROD0133,WH002,18-04-2023 05:45,Sale,25,
INV0000712,PROD0141,WH002,18-04-2023 09:24,Purchase,49,SUP003
INV0000713,PROD0106,WH004,18-04-2023 18:47,Sale,23,
INV0000714,PROD0163,WH002,18-04-2023 23:27,Adjustment,90,
INV0000715,PROD0136,WH004,19-04-2023 02:50,Purchase,5,SUP037
INV0000716,PROD0119,WH001,19-04-2023 06:55,Purchase,65,SUP019
INV0000717,PROD0136,WH004,19-04-2023 13:47,Purchase,12,SUP025
INV0000718,PROD0183,WH004,19-04-2023 13:52,Purchase,70,SUP004
INV0000719,PROD0148,WH001,19-04-2023 15:16,Sale,25,
INV0000720,PROD0084,WH003,19-04-2023 15:35,Purchase,74,SUP024
INV0000721,PROD0146,WH002,19-04-2023 23:47,Adjustment,92,
INV0000722,PROD0180,WH001,20-04-2023 03:21,Purchase,27,SUP013
INV0000723,PROD0135,WH004,20-04-2023 05:11,Purchase,14,SUP005
INV0000724,PROD0106,WH004,20-04-2023 06:45,Purchase,50,SUP013
INV0000725,PROD0183,WH004,20-04-2023 12:33,Sale,8,
INV0000726,PROD0076,WH003,20-04-2023 14:07,Sale,83,
INV0000727,PROD0180,WH002,20-04-2023 17:08,Sale,98,
INV0000728,PROD0109,WH003,20-04-2023 18:53,Adjustment,100,
INV0000729,PROD0009,WH003,21-04-2023 04:26,Sale,11,
INV0000730,PROD0012,WH003,21-04-2023 05:42,Purchase,100,SUP002
INV0000731,PROD0197,WH001,21-04-2023 12:15,Adjustment,18,
INV0000732,PROD0054,WH002,21-04-2023 22:05,Sale,15,
INV0000733,PROD0159,WH004,22-04-2023 02:11,Sale,53,
INV0000734,PROD0130,WH002,22-04-2023 06:20,Sale,57,
INV0000735,PROD0119,WH002,22-04-2023 10:19,Purchase,28,SUP001
INV0000736,PROD0103,WH004,22-04-2023 11:02,Purchase,68,SUP034
INV0000737,PROD0122,WH002,22-04-2023 19:19,Purchase,42,SUP005
INV0000738,PROD0157,WH002,22-04-2023 21:27,Purchase,82,SUP033
INV0000739,PROD0078,WH001,22-04-2023 22:47,Purchase,42,SUP040
INV0000740,PROD0130,WH002,23-04-2023 02:46,Sale,62,
INV0000741,PROD0087,WH001,23-04-2023 05:33,Sale,58,
INV0000742,PROD0136,WH004,23-04-2023 09:12,Adjustment,84,
INV0000743,PROD0076,WH004,23-04-2023 14:29,Purchase,2,SUP028
INV0000744,PROD0040,WH003,23-04-2023 18:59,Return,17,
INV0000745,PROD0190,WH003,23-04-2023 20:09,Purchase,82,SUP031
INV0000746,PROD0193,WH003,23-04-2023 22:42,Sale,23,
INV0000747,PROD0120,WH002,24-04-2023 00:41,Purchase,36,SUP036
INV0000748,PROD0130,WH001,24-04-2023 02:10,Purchase,52,SUP040
INV0000749,PROD0032,WH001,24-04-2023 06:16,Sale,100,
INV0000750,PROD0148,WH003,24-04-2023 06:40,Sale,89,
INV0000751,PROD0155,WH003,24-04-2023 07:36,Purchase,86,SUP027
INV0000752,PROD0024,WH001,24-04-2023 08:32,Adjustment,59,
INV0000753,PROD0139,WH004,24-04-2023 09:34,Return,2,
INV0000754,PROD0033,WH001,24-04-2023 13:55,Purchase,20,SUP035
INV0000755,PROD0127,WH002,24-04-2023 16:16,Purchase,84,SUP020
INV0000756,PROD0157,WH001,24-04-2023 23:56,Purchase,36,SUP029
INV0000757,PROD0053,WH003,25-04-2023 02:55,Sale,21,
INV0000758,PROD0174,WH002,25-04-2023 06:39,Purchase,20,SUP029
INV0000759,PROD0124,WH004,25-04-2023 08:16,Sale,1,
INV0000760,PROD0198,WH003,25-04-2023 08:24,Adjustment,45,
INV0000761,PROD0164,WH002,25-04-2023 09:34,Adjustment,5,
INV0000762,PROD0126,WH002,25-04-2023 13:18,Sale,22,
INV0000763,PROD0034,WH004,25-04-2023 15:48,Return,86,
INV0000764,PROD0191,WH004,25-04-2023 18:45,Sale,60,
INV0000765,PROD0110,WH002,25-04-2023 20:49,Sale,36,
INV0000766,PROD0084,WH004,25-04-2023 21:37,Purchase,54,SUP010
INV0000767,PROD0042,WH001,25-04-2023 22:14,Purchase,33,SUP025
INV0000768,PROD0103,WH004,25-04-2023 22:36,Sale,75,
INV0000769,PROD0111,WH004,25-04-2023 22:43,Sale,81,
INV0000770,PROD0009,WH002,26-04-2023 14:19,Sale,53,
INV0000771,PROD0129,WH004,26-04-2023 18:14,Sale,100,
INV0000772,PROD0009,WH002,26-04-2023 22:00,Purchase,6,SUP012
INV0000773,PROD0163,WH001,26-04-2023 22:40,Return,90,
INV0000774,PROD0103,WH002,26-04-2023 23:59,Sale,58,
INV0000775,PROD0100,WH003,27-04-2023 01:21,Return,97,
INV0000776,PROD0081,WH002,27-04-2023 02:54,Sale,51,
INV0000777,PROD0187,WH003,27-04-2023 04:31,Sale,9,
INV0000778,PROD0150,WH004,27-04-2023 08:43,Sale,66,
INV0000779,PROD0183,WH004,27-04-2023 18:59,Purchase,41,SUP021
INV0000780,PROD0166,WH003,28-04-2023 06:04,Purchase,92,SUP008
INV0000781,PROD0164,WH003,28-04-2023 06:39,Sale,25,
INV0000782,PROD0167,WH001,28-04-2023 06:51,Purchase,4,SUP036
INV0000783,PROD0112,WH004,28-04-2023 09:48,Sale,62,
INV0000784,PROD0064,WH003,28-04-2023 10:25,Purchase,50,SUP014
INV0000785,PROD0038,WH003,28-04-2023 12:50,Adjustment,97,
INV0000786,PROD0055,WH002,28-04-2023 13:09,Sale,58,
INV0000787,PROD0131,WH002,28-04-2023 13:50,Purchase,97,SUP015
INV0000788,PROD0085,WH003,28-04-2023 18:57,Purchase,84,SUP031
INV0000789,PROD0142,WH001,28-04-2023 21:21,Purchase,67,SUP018
INV0000790,PROD0115,WH001,28-04-2023 23:07,Purchase,85,SUP039
INV0000791,PROD0099,WH004,29-04-2023 09:54,Purchase,78,SUP021
INV0000792,PROD0047,WH002,29-04-2023 15:41,Purchase,60,SUP031
INV0000793,PROD0194,WH004,29-04-2023 16:49,Sale,88,
INV0000794,PROD0108,WH003,30-04-2023 00:18,Sale,39,
INV0000795,PROD0020,WH001,30-04-2023 06:57,Sale,45,
INV0000796,PROD0079,WH003,30-04-2023 13:30,Return,30,
INV0000797,PROD0171,WH003,30-04-2023 14:30,Purchase,56,SUP026
INV0000798,PROD0064,WH004,30-04-2023 17:35,Adjustment,60,
INV0000799,PROD0181,WH001,30-04-2023 19:22,Sale,88,
INV0000800,PROD0052,WH003,30-04-2023 21:59,Sale,1,
INV0000801,PROD0126,WH003,01-05-2023 03:06,Purchase,40,SUP015
INV0000802,PROD0103,WH001,01-05-2023 05:56,Sale,29,
INV0000803,PROD0178,WH001,01-05-2023 07:00,Purchase,38,SUP031
INV0000804,PROD0056,WH004,01-05-2023 08:42,Sale,54,
INV0000805,PROD0043,WH004,01-05-2023 09:01,Purchase,84,SUP040
INV0000806,PROD0048,WH001,01-05-2023 14:10,Purchase,30,SUP031
INV0000807,PROD0070,WH003,01-05-2023 15:36,Purchase,88,SUP027
INV0000808,PROD0054,WH003,01-05-2023 17:44,Sale,96,
INV0000809,PROD0037,WH003,01-05-2023 19:01,Purchase,77,SUP027
INV0000810,PROD0116,WH003,01-05-2023 22:55,Sale,1,
INV0000811,PROD0063,WH001,01-05-2023 23:51,Sale,47,
INV0000812,PROD0032,WH001,02-05-2023 03:11,Adjustment,49,
INV0000813,PROD0034,WH001,02-05-2023 03:16,Purchase,42,SUP035
INV0000814,PROD0023,WH002,02-05-2023 03:26,Adjustment,90,
INV0000815,PROD0033,WH003,02-05-2023 03:30,Purchase,12,SUP005
INV0000816,PROD0189,WH002,02-05-2023 08:09,Purchase,11,SUP017
INV0000817,PROD0007,WH001,02-05-2023 08:10,Purchase,33,SUP032
INV0000818,PROD0191,WH004,02-05-2023 10:21,Return,22,
INV0000819,PROD0149,WH002,02-05-2023 21:08,Sale,24,
INV0000820,PROD0057,WH002,03-05-2023 00:47,Purchase,90,SUP025
INV0000821,PROD0061,WH004,03-05-2023 03:57,Purchase,19,SUP029
INV0000822,PROD0019,WH003,03-05-2023 06:16,Sale,6,
INV0000823,PROD0123,WH002,03-05-2023 06:41,Return,76,
INV0000824,PROD0015,WH001,03-05-2023 11:43,Purchase,69,SUP025
INV0000825,PROD0139,WH002,03-05-2023 12:41,Purchase,67,SUP022
INV0000826,PROD0092,WH004,03-05-2023 19:39,Adjustment,61,
INV0000827,PROD0135,WH004,04-05-2023 01:32,Purchase,7,SUP035
INV0000828,PROD0191,WH002,04-05-2023 09:12,Purchase,97,SUP007
INV0000829,PROD0187,WH003,04-05-2023 09:13,Adjustment,17,
INV0000830,PROD0039,WH001,04-05-2023 19:41,Sale,17,
INV0000831,PROD0144,WH002,05-05-2023 07:41,Purchase,36,SUP010
INV0000832,PROD0111,WH003,05-05-2023 08:34,Sale,18,
INV0000833,PROD0124,WH004,05-05-2023 10:00,Sale,44,
INV0000834,PROD0016,WH002,05-05-2023 12:30,Sale,40,
INV0000835,PROD0027,WH001,05-05-2023 18:36,Sale,86,
INV0000836,PROD0034,WH002,05-05-2023 21:42,Purchase,2,SUP019
INV0000837,PROD0005,WH001,05-05-2023 22:51,Sale,4,
INV0000838,PROD0020,WH002,06-05-2023 02:14,Sale,48,
INV0000839,PROD0146,WH002,06-05-2023 11:39,Sale,23,
INV0000840,PROD0065,WH004,06-05-2023 13:20,Purchase,66,SUP030
INV0000841,PROD0174,WH002,06-05-2023 16:45,Return,89,
INV0000842,PROD0157,WH003,06-05-2023 17:57,Sale,19,
INV0000843,PROD0120,WH004,06-05-2023 18:28,Adjustment,37,
INV0000844,PROD0074,WH001,07-05-2023 01:26,Purchase,12,SUP037
INV0000845,PROD0199,WH004,07-05-2023 03:00,Adjustment,23,
INV0000846,PROD0127,WH003,07-05-2023 07:17,Purchase,92,SUP008
INV0000847,PROD0178,WH001,07-05-2023 09:33,Adjustment,59,
INV0000848,PROD0055,WH001,07-05-2023 10:10,Sale,5,
INV0000849,PROD0188,WH004,07-05-2023 10:12,Sale,97,
INV0000850,PROD0056,WH002,07-05-2023 12:05,Purchase,71,SUP020
INV0000851,PROD0147,WH004,07-05-2023 16:03,Sale,94,
INV0000852,PROD0200,WH001,07-05-2023 17:33,Sale,50,
INV0000853,PROD0193,WH001,08-05-2023 10:01,Sale,53,
INV0000854,PROD0073,WH004,09-05-2023 01:32,Sale,1,
INV0000855,PROD0121,WH002,09-05-2023 05:06,Purchase,11,SUP010
INV0000856,PROD0145,WH001,09-05-2023 07:38,Purchase,37,SUP028
INV0000857,PROD0094,WH002,09-05-2023 10:07,Adjustment,15,
INV0000858,PROD0101,WH002,09-05-2023 11:28,Purchase,8,SUP009
INV0000859,PROD0010,WH001,09-05-2023 14:36,Sale,32,
INV0000860,PROD0017,WH003,09-05-2023 23:24,Sale,66,
INV0000861,PROD0185,WH002,10-05-2023 02:06,Sale,87,
INV0000862,PROD0016,WH002,10-05-2023 02:59,Purchase,22,SUP032
INV0000863,PROD0079,WH001,10-05-2023 04:34,Sale,80,
INV0000864,PROD0154,WH004,10-05-2023 05:17,Purchase,4,SUP033
INV0000865,PROD0020,WH003,10-05-2023 05:23,Sale,98,
INV0000866,PROD0175,WH004,10-05-2023 20:00,Return,48,
INV0000867,PROD0143,WH002,11-05-2023 08:31,Return,51,
INV0000868,PROD0087,WH001,11-05-2023 12:03,Purchase,20,SUP032
INV0000869,PROD0067,WH002,11-05-2023 15:42,Sale,59,
INV0000870,PROD0019,WH002,11-05-2023 16:09,Return,75,
INV0000871,PROD0109,WH002,11-05-2023 17:41,Sale,32,
INV0000872,PROD0154,WH002,11-05-2023 19:09,Return,1,
INV0000873,PROD0200,WH003,11-05-2023 20:16,Sale,52,
INV0000874,PROD0055,WH004,11-05-2023 21:28,Return,82,
INV0000875,PROD0131,WH001,12-05-2023 02:35,Purchase,73,SUP027
INV0000876,PROD0006,WH004,12-05-2023 05:04,Purchase,59,SUP030
INV0000877,PROD0006,WH001,12-05-2023 06:47,Sale,4,
INV0000878,PROD0038,WH003,12-05-2023 15:13,Sale,23,
INV0000879,PROD0012,WH003,12-05-2023 23:58,Purchase,89,SUP032
INV0000880,PROD0061,WH004,13-05-2023 01:04,Sale,87,
INV0000881,PROD0116,WH002,13-05-2023 01:16,Purchase,62,SUP010
INV0000882,PROD0033,WH003,13-05-2023 01:22,Sale,100,
INV0000883,PROD0011,WH001,13-05-2023 04:57,Sale,32,
INV0000884,PROD0077,WH002,13-05-2023 12:03,Sale,87,
INV0000885,PROD0002,WH002,13-05-2023 12:35,Sale,33,
INV0000886,PROD0125,WH004,13-05-2023 12:55,Purchase,1,SUP009
INV0000887,PROD0065,WH004,13-05-2023 13:11,Sale,100,
INV0000888,PROD0156,WH004,13-05-2023 22:18,Adjustment,55,
INV0000889,PROD0012,WH003,14-05-2023 08:51,Sale,30,
INV0000890,PROD0069,WH001,14-05-2023 09:09,Return,57,
INV0000891,PROD0172,WH003,14-05-2023 09:31,Purchase,56,SUP001
INV0000892,PROD0072,WH001,14-05-2023 15:40,Sale,89,
INV0000893,PROD0075,WH004,14-05-2023 17:13,Sale,36,
INV0000894,PROD0007,WH002,14-05-2023 17:28,Sale,83,
INV0000895,PROD0096,WH003,14-05-2023 21:36,Purchase,56,SUP005
INV0000896,PROD0142,WH003,15-05-2023 03:11,Purchase,84,SUP026
INV0000897,PROD0152,WH002,15-05-2023 03:28,Sale,43,
INV0000898,PROD0032,WH003,15-05-2023 12:16,Sale,7,
INV0000899,PROD0067,WH004,15-05-2023 16:09,Sale,49,
INV0000900,PROD0015,WH003,15-05-2023 20:04,Return,31,
INV0000901,PROD0065,WH002,15-05-2023 23:14,Adjustment,8,
INV0000902,PROD0182,WH001,16-05-2023 01:08,Sale,53,
INV0000903,PROD0054,WH002,16-05-2023 03:56,Purchase,7,SUP035
INV0000904,PROD0100,WH003,16-05-2023 04:14,Adjustment,53,
INV0000905,PROD0196,WH002,16-05-2023 09:01,Sale,86,
INV0000906,PROD0190,WH004,16-05-2023 13:22,Return,65,
INV0000907,PROD0042,WH002,16-05-2023 13:34,Sale,85,
INV0000908,PROD0084,WH001,16-05-2023 13:53,Purchase,98,SUP018
INV0000909,PROD0137,WH004,16-05-2023 14:54,Sale,98,
INV0000910,PROD0198,WH003,16-05-2023 15:36,Purchase,81,SUP028
INV0000911,PROD0129,WH001,16-05-2023 22:37,Return,62,
INV0000912,PROD0154,WH003,17-05-2023 07:46,Sale,66,
INV0000913,PROD0093,WH003,17-05-2023 12:06,Sale,31,
INV0000914,PROD0027,WH002,17-05-2023 14:57,Purchase,85,SUP026
INV0000915,PROD0153,WH003,17-05-2023 15:52,Purchase,88,SUP023
INV0000916,PROD0080,WH003,17-05-2023 16:32,Purchase,57,SUP028
INV0000917,PROD0037,WH004,17-05-2023 18:43,Purchase,95,SUP014
INV0000918,PROD0101,WH001,18-05-2023 00:15,Purchase,95,SUP011
INV0000919,PROD0016,WH002,18-05-2023 02:16,Sale,30,
INV0000920,PROD0137,WH002,18-05-2023 02:17,Purchase,73,SUP015
INV0000921,PROD0128,WH002,18-05-2023 02:54,Sale,42,
INV0000922,PROD0090,WH003,18-05-2023 03:13,Sale,87,
INV0000923,PROD0053,WH003,18-05-2023 03:49,Purchase,51,SUP029
INV0000924,PROD0096,WH004,18-05-2023 04:06,Adjustment,85,
INV0000925,PROD0175,WH001,18-05-2023 04:55,Sale,44,
INV0000926,PROD0058,WH002,18-05-2023 12:14,Sale,59,
INV0000927,PROD0115,WH002,18-05-2023 12:23,Purchase,59,SUP003
INV0000928,PROD0110,WH003,18-05-2023 13:23,Purchase,66,SUP018
INV0000929,PROD0037,WH001,18-05-2023 17:16,Purchase,91,SUP024
INV0000930,PROD0107,WH001,18-05-2023 18:30,Purchase,57,SUP016
INV0000931,PROD0057,WH001,18-05-2023 21:13,Purchase,92,SUP020
INV0000932,PROD0169,WH001,19-05-2023 20:55,Purchase,12,SUP021
INV0000933,PROD0120,WH002,19-05-2023 22:32,Purchase,11,SUP017
INV0000934,PROD0113,WH002,19-05-2023 23:12,Purchase,63,SUP016
INV0000935,PROD0187,WH004,20-05-2023 04:18,Return,72,
INV0000936,PROD0076,WH001,20-05-2023 12:44,Purchase,50,SUP006
INV0000937,PROD0077,WH002,20-05-2023 14:33,Sale,13,
INV0000938,PROD0048,WH001,20-05-2023 15:03,Adjustment,87,
INV0000939,PROD0012,WH003,20-05-2023 16:47,Adjustment,33,
INV0000940,PROD0163,WH003,20-05-2023 19:32,Sale,47,
INV0000941,PROD0138,WH002,21-05-2023 01:47,Purchase,40,SUP035
INV0000942,PROD0136,WH001,21-05-2023 06:47,Return,23,
INV0000943,PROD0112,WH002,21-05-2023 07:14,Adjustment,91,
INV0000944,PROD0131,WH004,21-05-2023 15:13,Sale,17,
INV0000945,PROD0151,WH003,21-05-2023 16:11,Sale,37,
INV0000946,PROD0016,WH003,21-05-2023 23:20,Purchase,78,SUP014
INV0000947,PROD0101,WH004,22-05-2023 08:05,Sale,61,
INV0000948,PROD0170,WH001,22-05-2023 09:00,Purchase,3,SUP017
INV0000949,PROD0080,WH003,22-05-2023 10:39,Purchase,64,SUP007
INV0000950,PROD0113,WH002,22-05-2023 17:19,Sale,80,
INV0000951,PROD0087,WH004,22-05-2023 20:14,Sale,37,
INV0000952,PROD0170,WH004,22-05-2023 22:15,Sale,80,
INV0000953,PROD0163,WH002,23-05-2023 04:45,Sale,70,
INV0000954,PROD0159,WH004,23-05-2023 07:56,Purchase,51,SUP014
INV0000955,PROD0078,WH002,23-05-2023 11:05,Sale,53,
INV0000956,PROD0191,WH002,23-05-2023 11:33,Purchase,64,SUP016
INV0000957,PROD0093,WH001,23-05-2023 13:23,Sale,33,
INV0000958,PROD0148,WH002,23-05-2023 17:56,Sale,18,
INV0000959,PROD0051,WH003,23-05-2023 22:35,Sale,46,
INV0000960,PROD0037,WH003,24-05-2023 01:20,Return,2,
INV0000961,PROD0003,WH003,24-05-2023 05:54,Sale,21,
INV0000962,PROD0056,WH003,24-05-2023 07:01,Sale,42,
INV0000963,PROD0043,WH003,24-05-2023 09:27,Sale,4,
INV0000964,PROD0193,WH002,24-05-2023 13:03,Return,86,
INV0000965,PROD0162,WH004,24-05-2023 17:51,Sale,37,
INV0000966,PROD0198,WH002,24-05-2023 22:37,Purchase,39,SUP005
INV0000967,PROD0184,WH001,25-05-2023 00:29,Sale,92,
INV0000968,PROD0115,WH002,25-05-2023 09:15,Sale,80,
INV0000969,PROD0149,WH003,25-05-2023 09:16,Return,38,
INV0000970,PROD0043,WH003,25-05-2023 11:37,Sale,27,
INV0000971,PROD0088,WH002,25-05-2023 12:20,Purchase,89,SUP011
INV0000972,PROD0166,WH004,25-05-2023 17:09,Sale,40,
INV0000973,PROD0137,WH002,25-05-2023 22:11,Sale,9,
INV0000974,PROD0192,WH001,26-05-2023 00:08,Sale,45,
INV0000975,PROD0025,WH002,26-05-2023 04:19,Purchase,48,SUP040
INV0000976,PROD0094,WH002,26-05-2023 04:46,Purchase,61,SUP028
INV0000977,PROD0019,WH003,26-05-2023 10:14,Adjustment,30,
INV0000978,PROD0033,WH003,26-05-2023 16:44,Sale,82,
INV0000979,PROD0038,WH004,26-05-2023 23:06,Return,42,
INV0000980,PROD0146,WH004,27-05-2023 02:53,Adjustment,53,
INV0000981,PROD0121,WH003,27-05-2023 02:54,Sale,70,
INV0000982,PROD0097,WH002,27-05-2023 14:05,Sale,80,
INV0000983,PROD0085,WH003,27-05-2023 22:14,Purchase,31,SUP038
INV0000984,PROD0168,WH002,28-05-2023 00:34,Sale,3,
INV0000985,PROD0037,WH004,28-05-2023 13:18,Sale,14,
INV0000986,PROD0077,WH003,28-05-2023 20:31,Purchase,56,SUP039
INV0000987,PROD0110,WH003,28-05-2023 22:42,Sale,5,
INV0000988,PROD0080,WH001,29-05-2023 14:08,Sale,46,
INV0000989,PROD0183,WH001,29-05-2023 16:16,Sale,31,
INV0000990,PROD0079,WH002,29-05-2023 16:45,Sale,31,
INV0000991,PROD0111,WH004,29-05-2023 17:41,Sale,72,
INV0000992,PROD0119,WH004,30-05-2023 01:14,Purchase,63,SUP019
INV0000993,PROD0104,WH001,30-05-2023 04:26,Purchase,47,SUP004
INV0000994,PROD0040,WH001,30-05-2023 06:00,Sale,2,
INV0000995,PROD0071,WH001,30-05-2023 06:07,Sale,99,
INV0000996,PROD0199,WH001,30-05-2023 06:35,Sale,97,
INV0000997,PROD0003,WH004,30-05-2023 07:44,Purchase,23,SUP001
INV0000998,PROD0168,WH001,30-05-2023 11:03,Sale,66,
INV0000999,PROD0050,WH001,30-05-2023 13:14,Sale,92,
INV0001000,PROD0124,WH002,30-05-2023 13:16,Purchase,60,SUP013
INV0001001,PROD0067,WH004,30-05-2023 20:45,Sale,83,
INV0001002,PROD0032,WH004,30-05-2023 22:55,Purchase,25,SUP026
INV0001003,PROD0091,WH003,31-05-2023 00:05,Purchase,78,SUP037
INV0001004,PROD0090,WH003,31-05-2023 02:38,Purchase,41,SUP001
INV0001005,PROD0185,WH004,31-05-2023 07:38,Purchase,70,SUP031
INV0001006,PROD0037,WH001,31-05-2023 10:41,Sale,24,
INV0001007,PROD0061,WH003,31-05-2023 11:15,Purchase,3,SUP037
INV0001008,PROD0169,WH001,31-05-2023 11:27,Purchase,8,SUP002
INV0001009,PROD0063,WH004,31-05-2023 15:01,Sale,78,
INV0001010,PROD0004,WH002,31-05-2023 20:24,Sale,97,
INV0001011,PROD0065,WH004,31-05-2023 21:29,Sale,21,
INV0001012,PROD0092,WH003,31-05-2023 23:15,Purchase,1,SUP013
INV0001013,PROD0043,WH003,01-06-2023 00:53,Sale,31,
INV0001014,PROD0033,WH001,01-06-2023 03:11,Sale,84,
INV0001015,PROD0087,WH002,01-06-2023 05:57,Sale,23,
INV0001016,PROD0007,WH002,01-06-2023 06:34,Return,43,
INV0001017,PROD0150,WH004,01-06-2023 09:35,Purchase,43,SUP033
INV0001018,PROD0080,WH003,01-06-2023 10:18,Purchase,91,SUP013
INV0001019,PROD0147,WH002,01-06-2023 21:01,Sale,22,
INV0001020,PROD0099,WH003,01-06-2023 22:46,Purchase,88,SUP022
INV0001021,PROD0001,WH001,02-06-2023 04:32,Purchase,86,SUP030
INV0001022,PROD0198,WH003,02-06-2023 06:37,Adjustment,8,
INV0001023,PROD0154,WH004,02-06-2023 08:01,Sale,68,
INV0001024,PROD0015,WH002,02-06-2023 11:27,Return,17,
INV0001025,PROD0079,WH002,02-06-2023 11:28,Adjustment,65,
INV0001026,PROD0131,WH004,02-06-2023 17:09,Purchase,7,SUP036
INV0001027,PROD0004,WH001,02-06-2023 19:42,Adjustment,75,
INV0001028,PROD0040,WH003,02-06-2023 20:41,Sale,5,
INV0001029,PROD0199,WH003,03-06-2023 03:54,Sale,32,
INV0001030,PROD0146,WH001,03-06-2023 05:28,Purchase,71,SUP034
INV0001031,PROD0175,WH004,03-06-2023 13:32,Purchase,56,SUP036
INV0001032,PROD0180,WH004,03-06-2023 21:20,Sale,17,
INV0001033,PROD0072,WH004,04-06-2023 00:25,Purchase,65,SUP013
INV0001034,PROD0162,WH003,04-06-2023 05:39,Sale,92,
INV0001035,PROD0137,WH002,04-06-2023 12:37,Return,57,
INV0001036,PROD0124,WH001,04-06-2023 13:19,Adjustment,6,
INV0001037,PROD0128,WH003,04-06-2023 14:18,Purchase,58,SUP039
INV0001038,PROD0040,WH003,04-06-2023 20:46,Sale,5,
INV0001039,PROD0198,WH002,04-06-2023 22:23,Purchase,7,SUP014
INV0001040,PROD0031,WH001,05-06-2023 02:15,Purchase,18,SUP003
INV0001041,PROD0037,WH003,05-06-2023 04:54,Purchase,46,SUP031
INV0001042,PROD0179,WH004,05-06-2023 06:02,Sale,9,
INV0001043,PROD0043,WH001,05-06-2023 06:17,Purchase,58,SUP014
INV0001044,PROD0014,WH002,05-06-2023 14:05,Purchase,24,SUP003
INV0001045,PROD0135,WH002,05-06-2023 16:13,Purchase,11,SUP021
INV0001046,PROD0063,WH001,05-06-2023 19:20,Purchase,65,SUP039
INV0001047,PROD0016,WH004,05-06-2023 23:23,Purchase,19,SUP038
INV0001048,PROD0038,WH004,05-06-2023 23:54,Sale,17,
INV0001049,PROD0165,WH002,06-06-2023 00:27,Sale,57,
INV0001050,PROD0031,WH002,06-06-2023 01:26,Return,58,
INV0001051,PROD0043,WH003,06-06-2023 03:38,Purchase,18,SUP001
INV0001052,PROD0131,WH004,06-06-2023 03:49,Purchase,50,SUP026
INV0001053,PROD0154,WH002,06-06-2023 05:43,Sale,52,
INV0001054,PROD0112,WH004,06-06-2023 06:08,Sale,24,
INV0001055,PROD0031,WH001,06-06-2023 09:00,Adjustment,23,
INV0001056,PROD0060,WH003,06-06-2023 10:16,Sale,97,
INV0001057,PROD0149,WH003,06-06-2023 12:21,Return,18,
INV0001058,PROD0093,WH002,06-06-2023 13:40,Purchase,98,SUP020
INV0001059,PROD0017,WH002,06-06-2023 14:02,Adjustment,80,
INV0001060,PROD0176,WH001,06-06-2023 14:13,Sale,7,
INV0001061,PROD0021,WH002,06-06-2023 22:20,Return,82,
INV0001062,PROD0137,WH003,06-06-2023 23:03,Purchase,40,SUP030
INV0001063,PROD0010,WH001,06-06-2023 23:59,Purchase,33,SUP028
INV0001064,PROD0083,WH002,07-06-2023 00:40,Sale,58,
INV0001065,PROD0132,WH002,07-06-2023 05:14,Purchase,33,SUP040
INV0001066,PROD0034,WH001,07-06-2023 05:30,Sale,53,
INV0001067,PROD0034,WH004,07-06-2023 06:02,Purchase,42,SUP012
INV0001068,PROD0131,WH004,07-06-2023 13:12,Sale,55,
INV0001069,PROD0073,WH002,07-06-2023 14:45,Sale,20,
INV0001070,PROD0056,WH002,07-06-2023 16:29,Sale,88,
INV0001071,PROD0178,WH003,07-06-2023 19:15,Sale,55,
INV0001072,PROD0060,WH004,07-06-2023 20:25,Purchase,80,SUP011
INV0001073,PROD0064,WH001,07-06-2023 20:55,Sale,98,
INV0001074,PROD0160,WH001,07-06-2023 22:18,Sale,68,
INV0001075,PROD0033,WH003,08-06-2023 00:00,Sale,77,
INV0001076,PROD0090,WH003,08-06-2023 04:47,Sale,92,
INV0001077,PROD0134,WH004,08-06-2023 05:28,Sale,28,
INV0001078,PROD0014,WH003,08-06-2023 11:52,Sale,79,
INV0001079,PROD0032,WH002,08-06-2023 17:29,Purchase,36,SUP015
INV0001080,PROD0184,WH001,08-06-2023 19:38,Sale,12,
INV0001081,PROD0146,WH002,08-06-2023 22:51,Purchase,20,SUP007
INV0001082,PROD0067,WH001,09-06-2023 00:53,Purchase,78,SUP011
INV0001083,PROD0090,WH001,09-06-2023 02:14,Purchase,70,SUP007
INV0001084,PROD0075,WH003,09-06-2023 04:09,Return,79,
INV0001085,PROD0187,WH004,09-06-2023 06:55,Return,34,
INV0001086,PROD0149,WH004,09-06-2023 08:49,Adjustment,86,
INV0001087,PROD0047,WH003,09-06-2023 13:32,Sale,88,
INV0001088,PROD0018,WH001,09-06-2023 14:12,Purchase,4,SUP030
INV0001089,PROD0098,WH001,09-06-2023 19:28,Adjustment,73,
INV0001090,PROD0161,WH001,09-06-2023 20:14,Sale,100,
INV0001091,PROD0171,WH003,10-06-2023 00:12,Return,36,
INV0001092,PROD0021,WH004,10-06-2023 02:17,Purchase,75,SUP037
INV0001093,PROD0130,WH004,10-06-2023 11:55,Sale,39,
INV0001094,PROD0092,WH001,10-06-2023 16:55,Sale,85,
INV0001095,PROD0041,WH001,11-06-2023 02:03,Sale,14,
INV0001096,PROD0109,WH002,11-06-2023 05:58,Purchase,77,SUP026
INV0001097,PROD0015,WH002,11-06-2023 06:24,Return,48,
INV0001098,PROD0012,WH001,11-06-2023 08:38,Sale,94,
INV0001099,PROD0113,WH002,11-06-2023 12:14,Sale,94,
INV0001100,PROD0034,WH003,11-06-2023 13:06,Sale,77,
INV0001101,PROD0114,WH002,11-06-2023 16:57,Purchase,64,SUP022
INV0001102,PROD0196,WH003,11-06-2023 20:03,Sale,33,
INV0001103,PROD0043,WH004,11-06-2023 21:07,Purchase,49,SUP004
INV0001104,PROD0145,WH001,11-06-2023 23:16,Adjustment,67,
INV0001105,PROD0159,WH003,12-06-2023 03:36,Return,41,
INV0001106,PROD0026,WH004,12-06-2023 04:06,Purchase,91,SUP007
INV0001107,PROD0048,WH004,12-06-2023 05:23,Sale,62,
INV0001108,PROD0043,WH002,12-06-2023 08:38,Sale,50,
INV0001109,PROD0195,WH003,12-06-2023 09:11,Sale,91,
INV0001110,PROD0118,WH002,12-06-2023 09:26,Sale,15,
INV0001111,PROD0143,WH004,12-06-2023 16:30,Sale,40,
INV0001112,PROD0024,WH001,12-06-2023 18:56,Sale,7,
INV0001113,PROD0122,WH001,12-06-2023 20:12,Adjustment,62,
INV0001114,PROD0112,WH002,12-06-2023 23:04,Purchase,99,SUP008
INV0001115,PROD0132,WH002,13-06-2023 08:22,Purchase,99,SUP008
INV0001116,PROD0090,WH004,13-06-2023 12:42,Sale,79,
INV0001117,PROD0002,WH002,13-06-2023 17:17,Sale,60,
INV0001118,PROD0134,WH003,14-06-2023 04:47,Adjustment,1,
INV0001119,PROD0073,WH002,14-06-2023 05:35,Purchase,70,SUP037
INV0001120,PROD0053,WH004,14-06-2023 08:09,Sale,43,
INV0001121,PROD0174,WH001,14-06-2023 08:18,Sale,88,
INV0001122,PROD0035,WH001,14-06-2023 08:26,Purchase,93,SUP009
INV0001123,PROD0185,WH003,14-06-2023 09:27,Purchase,46,SUP025
INV0001124,PROD0099,WH002,14-06-2023 10:37,Return,98,
INV0001125,PROD0039,WH001,14-06-2023 21:02,Purchase,7,SUP034
INV0001126,PROD0169,WH004,14-06-2023 23:09,Adjustment,76,
INV0001127,PROD0180,WH001,15-06-2023 02:34,Purchase,44,SUP005
INV0001128,PROD0190,WH004,15-06-2023 06:28,Sale,59,
INV0001129,PROD0075,WH002,15-06-2023 07:18,Adjustment,14,
INV0001130,PROD0185,WH003,15-06-2023 08:13,Purchase,42,SUP023
INV0001131,PROD0140,WH004,15-06-2023 08:18,Sale,89,
INV0001132,PROD0079,WH002,15-06-2023 15:47,Sale,85,
INV0001133,PROD0176,WH001,16-06-2023 01:03,Sale,80,
INV0001134,PROD0103,WH002,16-06-2023 05:43,Purchase,34,SUP005
INV0001135,PROD0045,WH002,16-06-2023 16:22,Sale,77,
INV0001136,PROD0150,WH003,16-06-2023 20:24,Sale,19,
INV0001137,PROD0028,WH003,17-06-2023 02:11,Purchase,42,SUP025
INV0001138,PROD0059,WH004,17-06-2023 05:36,Sale,33,
INV0001139,PROD0095,WH001,17-06-2023 05:50,Purchase,76,SUP018
INV0001140,PROD0120,WH001,17-06-2023 06:13,Purchase,48,SUP038
INV0001141,PROD0125,WH001,17-06-2023 08:30,Purchase,58,SUP008
INV0001142,PROD0165,WH001,17-06-2023 09:25,Return,14,
INV0001143,PROD0114,WH001,17-06-2023 17:49,Sale,11,
INV0001144,PROD0102,WH002,17-06-2023 18:35,Purchase,96,SUP026
INV0001145,PROD0136,WH004,17-06-2023 20:50,Sale,16,
INV0001146,PROD0103,WH001,18-06-2023 03:41,Purchase,7,SUP021
INV0001147,PROD0184,WH001,18-06-2023 08:04,Sale,83,
INV0001148,PROD0079,WH002,18-06-2023 12:18,Purchase,33,SUP020
INV0001149,PROD0023,WH003,18-06-2023 13:32,Purchase,88,SUP008
INV0001150,PROD0124,WH003,18-06-2023 19:30,Adjustment,36,
INV0001151,PROD0193,WH001,19-06-2023 04:18,Purchase,65,SUP003
INV0001152,PROD0041,WH001,19-06-2023 06:11,Purchase,32,SUP008
INV0001153,PROD0033,WH004,19-06-2023 06:38,Sale,25,
INV0001154,PROD0085,WH004,19-06-2023 09:59,Sale,78,
INV0001155,PROD0187,WH003,19-06-2023 12:21,Sale,91,
INV0001156,PROD0056,WH001,19-06-2023 14:04,Sale,5,
INV0001157,PROD0152,WH004,19-06-2023 14:56,Sale,88,
INV0001158,PROD0054,WH003,19-06-2023 17:43,Purchase,24,SUP021
INV0001159,PROD0163,WH004,19-06-2023 19:19,Purchase,71,SUP009
INV0001160,PROD0052,WH003,20-06-2023 07:50,Purchase,63,SUP023
INV0001161,PROD0175,WH004,20-06-2023 09:18,Sale,77,
INV0001162,PROD0100,WH001,20-06-2023 10:27,Sale,25,
INV0001163,PROD0023,WH001,20-06-2023 12:31,Purchase,11,SUP026
INV0001164,PROD0189,WH004,20-06-2023 14:14,Sale,34,
INV0001165,PROD0133,WH003,20-06-2023 15:00,Purchase,76,SUP017
INV0001166,PROD0002,WH003,20-06-2023 17:56,Sale,10,
INV0001167,PROD0070,WH003,20-06-2023 18:02,Sale,88,
INV0001168,PROD0179,WH004,20-06-2023 19:26,Purchase,6,SUP011
INV0001169,PROD0077,WH001,21-06-2023 00:06,Purchase,68,SUP033
INV0001170,PROD0191,WH002,21-06-2023 05:23,Sale,78,
INV0001171,PROD0106,WH001,21-06-2023 06:47,Return,94,
INV0001172,PROD0024,WH002,21-06-2023 11:40,Purchase,72,SUP033
INV0001173,PROD0120,WH002,21-06-2023 14:11,Sale,10,
INV0001174,PROD0013,WH003,21-06-2023 17:43,Sale,13,
INV0001175,PROD0141,WH004,22-06-2023 03:02,Sale,16,
INV0001176,PROD0017,WH001,22-06-2023 09:00,Return,39,
INV0001177,PROD0123,WH004,22-06-2023 12:55,Sale,99,
INV0001178,PROD0033,WH003,22-06-2023 16:55,Return,34,
INV0001179,PROD0046,WH004,22-06-2023 17:08,Sale,88,
INV0001180,PROD0040,WH004,22-06-2023 17:20,Purchase,10,SUP003
INV0001181,PROD0073,WH002,22-06-2023 17:21,Purchase,26,SUP023
INV0001182,PROD0121,WH004,22-06-2023 23:21,Sale,85,
INV0001183,PROD0173,WH004,23-06-2023 00:15,Purchase,93,SUP037
INV0001184,PROD0130,WH003,23-06-2023 01:45,Sale,71,
INV0001185,PROD0143,WH001,23-06-2023 01:45,Sale,6,
INV0001186,PROD0171,WH004,23-06-2023 09:56,Sale,52,
INV0001187,PROD0092,WH004,23-06-2023 10:15,Sale,46,
INV0001188,PROD0020,WH002,23-06-2023 13:12,Purchase,85,SUP034
INV0001189,PROD0048,WH002,23-06-2023 22:36,Adjustment,20,
INV0001190,PROD0198,WH002,24-06-2023 00:40,Purchase,100,SUP005
INV0001191,PROD0167,WH003,24-06-2023 03:43,Sale,93,
INV0001192,PROD0199,WH002,24-06-2023 16:18,Sale,87,
INV0001193,PROD0050,WH004,24-06-2023 18:49,Purchase,100,SUP037
INV0001194,PROD0030,WH001,24-06-2023 19:45,Sale,69,
INV0001195,PROD0181,WH002,25-06-2023 03:54,Purchase,12,SUP021
INV0001196,PROD0200,WH002,25-06-2023 04:18,Purchase,14,SUP024
INV0001197,PROD0088,WH002,25-06-2023 15:09,Purchase,89,SUP032
INV0001198,PROD0197,WH002,25-06-2023 18:12,Sale,85,
INV0001199,PROD0133,WH002,25-06-2023 20:01,Purchase,7,SUP022
INV0001200,PROD0170,WH002,25-06-2023 21:16,Adjustment,60,
INV0001201,PROD0045,WH001,26-06-2023 00:41,Purchase,94,SUP025
INV0001202,PROD0115,WH002,26-06-2023 08:07,Return,41,
INV0001203,PROD0031,WH003,26-06-2023 12:17,Sale,93,
INV0001204,PROD0152,WH004,26-06-2023 17:14,Sale,28,
INV0001205,PROD0048,WH004,26-06-2023 19:34,Return,81,
INV0001206,PROD0171,WH004,26-06-2023 23:12,Sale,41,
INV0001207,PROD0112,WH004,27-06-2023 00:10,Sale,3,
INV0001208,PROD0138,WH002,27-06-2023 01:36,Sale,33,
INV0001209,PROD0138,WH004,27-06-2023 03:08,Adjustment,27,
INV0001210,PROD0181,WH004,27-06-2023 06:42,Purchase,54,SUP006
INV0001211,PROD0097,WH001,27-06-2023 07:40,Sale,54,
INV0001212,PROD0080,WH003,27-06-2023 08:53,Sale,97,
INV0001213,PROD0158,WH001,27-06-2023 09:39,Sale,45,
INV0001214,PROD0081,WH002,27-06-2023 12:02,Purchase,6,SUP010
INV0001215,PROD0031,WH002,27-06-2023 20:12,Sale,45,
INV0001216,PROD0127,WH004,28-06-2023 01:34,Purchase,84,SUP001
INV0001217,PROD0188,WH003,28-06-2023 07:03,Sale,70,
INV0001218,PROD0128,WH002,28-06-2023 10:42,Purchase,92,SUP015
INV0001219,PROD0120,WH003,28-06-2023 19:38,Return,15,
INV0001220,PROD0054,WH001,28-06-2023 20:16,Purchase,99,SUP022
INV0001221,PROD0067,WH004,28-06-2023 23:05,Return,64,
INV0001222,PROD0121,WH004,28-06-2023 23:49,Sale,58,
INV0001223,PROD0110,WH001,29-06-2023 01:38,Adjustment,15,
INV0001224,PROD0189,WH003,29-06-2023 06:19,Purchase,13,SUP008
INV0001225,PROD0089,WH003,29-06-2023 21:10,Adjustment,27,
INV0001226,PROD0136,WH001,30-06-2023 00:53,Sale,75,
INV0001227,PROD0162,WH002,30-06-2023 02:16,Purchase,60,SUP040
INV0001228,PROD0134,WH001,30-06-2023 03:41,Adjustment,63,
INV0001229,PROD0058,WH002,30-06-2023 08:30,Purchase,70,SUP008
INV0001230,PROD0165,WH002,30-06-2023 12:20,Purchase,71,SUP030
INV0001231,PROD0125,WH004,30-06-2023 15:50,Purchase,24,SUP005
INV0001232,PROD0096,WH002,30-06-2023 18:19,Sale,83,
INV0001233,PROD0147,WH004,30-06-2023 19:03,Sale,32,
INV0001234,PROD0167,WH003,01-07-2023 03:12,Purchase,92,SUP010
INV0001235,PROD0195,WH003,01-07-2023 04:14,Sale,77,
INV0001236,PROD0148,WH004,01-07-2023 05:24,Return,8,
INV0001237,PROD0019,WH001,01-07-2023 08:29,Sale,58,
INV0001238,PROD0120,WH002,01-07-2023 09:01,Adjustment,58,
INV0001239,PROD0125,WH002,01-07-2023 10:18,Purchase,32,SUP012
INV0001240,PROD0015,WH004,01-07-2023 10:20,Sale,57,
INV0001241,PROD0073,WH004,01-07-2023 12:08,Sale,55,
INV0001242,PROD0018,WH004,01-07-2023 13:32,Sale,69,
INV0001243,PROD0079,WH003,01-07-2023 17:49,Purchase,14,SUP004
INV0001244,PROD0089,WH002,01-07-2023 20:13,Sale,31,
INV0001245,PROD0086,WH004,01-07-2023 20:28,Purchase,43,SUP036
INV0001246,PROD0153,WH003,02-07-2023 03:30,Purchase,50,SUP028
INV0001247,PROD0068,WH002,02-07-2023 05:22,Sale,79,
INV0001248,PROD0075,WH002,02-07-2023 05:44,Sale,78,
INV0001249,PROD0106,WH002,02-07-2023 08:56,Sale,89,
INV0001250,PROD0029,WH004,02-07-2023 11:30,Purchase,26,SUP008
INV0001251,PROD0049,WH003,02-07-2023 13:01,Adjustment,1,
INV0001252,PROD0127,WH004,02-07-2023 23:24,Sale,36,
INV0001253,PROD0170,WH004,03-07-2023 03:52,Sale,71,
INV0001254,PROD0133,WH002,03-07-2023 08:17,Purchase,76,SUP003
INV0001255,PROD0168,WH004,03-07-2023 16:10,Sale,2,
INV0001256,PROD0039,WH002,03-07-2023 16:51,Sale,78,
INV0001257,PROD0019,WH003,03-07-2023 18:14,Purchase,75,SUP040
INV0001258,PROD0163,WH004,03-07-2023 20:12,Sale,84,
INV0001259,PROD0016,WH004,03-07-2023 23:29,Sale,85,
INV0001260,PROD0178,WH001,04-07-2023 05:36,Adjustment,66,
INV0001261,PROD0084,WH004,04-07-2023 09:48,Adjustment,93,
INV0001262,PROD0006,WH003,04-07-2023 10:11,Sale,12,
INV0001263,PROD0134,WH004,04-07-2023 13:19,Sale,10,
INV0001264,PROD0200,WH004,04-07-2023 14:45,Sale,47,
INV0001265,PROD0121,WH004,04-07-2023 23:07,Purchase,2,SUP038
INV0001266,PROD0162,WH001,05-07-2023 03:12,Sale,60,
INV0001267,PROD0042,WH001,05-07-2023 16:24,Sale,37,
INV0001268,PROD0186,WH003,05-07-2023 17:51,Sale,35,
INV0001269,PROD0111,WH001,06-07-2023 08:42,Purchase,26,SUP026
INV0001270,PROD0153,WH003,06-07-2023 09:02,Purchase,99,SUP017
INV0001271,PROD0005,WH001,06-07-2023 14:21,Purchase,42,SUP037
INV0001272,PROD0071,WH003,06-07-2023 16:04,Sale,87,
INV0001273,PROD0034,WH003,06-07-2023 20:23,Sale,17,
INV0001274,PROD0185,WH004,06-07-2023 22:41,Return,11,
INV0001275,PROD0056,WH004,07-07-2023 01:38,Sale,78,
INV0001276,PROD0111,WH002,07-07-2023 09:58,Sale,77,
INV0001277,PROD0147,WH001,07-07-2023 10:06,Purchase,66,SUP008
INV0001278,PROD0052,WH003,07-07-2023 15:38,Sale,36,
INV0001279,PROD0151,WH003,07-07-2023 19:46,Adjustment,40,
INV0001280,PROD0132,WH002,07-07-2023 20:32,Sale,1,
INV0001281,PROD0025,WH003,07-07-2023 21:10,Sale,71,
INV0001282,PROD0051,WH003,07-07-2023 23:29,Purchase,90,SUP031
INV0001283,PROD0034,WH003,08-07-2023 00:57,Purchase,35,SUP004
INV0001284,PROD0043,WH004,08-07-2023 02:24,Sale,68,
INV0001285,PROD0040,WH002,08-07-2023 05:52,Return,58,
INV0001286,PROD0122,WH003,08-07-2023 09:29,Sale,24,
INV0001287,PROD0115,WH001,08-07-2023 17:35,Return,46,
INV0001288,PROD0098,WH003,08-07-2023 19:19,Sale,20,
INV0001289,PROD0018,WH001,08-07-2023 20:11,Sale,34,
INV0001290,PROD0146,WH003,08-07-2023 20:40,Sale,32,
INV0001291,PROD0158,WH001,09-07-2023 07:10,Purchase,6,SUP002
INV0001292,PROD0154,WH001,09-07-2023 08:10,Sale,71,
INV0001293,PROD0136,WH001,09-07-2023 17:24,Sale,32,
INV0001294,PROD0118,WH003,09-07-2023 22:43,Sale,57,
INV0001295,PROD0143,WH002,09-07-2023 23:50,Adjustment,47,
INV0001296,PROD0076,WH003,10-07-2023 00:13,Purchase,44,SUP025
INV0001297,PROD0059,WH003,10-07-2023 01:44,Sale,31,
INV0001298,PROD0115,WH001,10-07-2023 02:03,Purchase,83,SUP004
INV0001299,PROD0111,WH003,10-07-2023 02:12,Purchase,98,SUP035
INV0001300,PROD0031,WH002,10-07-2023 11:19,Return,18,
INV0001301,PROD0062,WH003,10-07-2023 18:20,Purchase,19,SUP034
INV0001302,PROD0033,WH002,11-07-2023 02:47,Return,92,
INV0001303,PROD0087,WH001,11-07-2023 03:59,Sale,39,
INV0001304,PROD0156,WH001,11-07-2023 05:12,Sale,80,
INV0001305,PROD0018,WH003,11-07-2023 12:36,Adjustment,69,
INV0001306,PROD0124,WH001,11-07-2023 12:52,Sale,94,
INV0001307,PROD0040,WH001,11-07-2023 14:04,Purchase,27,SUP002
INV0001308,PROD0114,WH004,11-07-2023 14:41,Sale,72,
INV0001309,PROD0017,WH003,11-07-2023 20:30,Sale,51,
INV0001310,PROD0038,WH004,11-07-2023 23:02,Sale,58,
INV0001311,PROD0124,WH004,11-07-2023 23:30,Return,72,
INV0001312,PROD0192,WH004,12-07-2023 01:38,Sale,77,
INV0001313,PROD0161,WH003,12-07-2023 16:00,Sale,97,
INV0001314,PROD0199,WH003,13-07-2023 01:16,Purchase,23,SUP019
INV0001315,PROD0196,WH002,13-07-2023 04:42,Purchase,55,SUP033
INV0001316,PROD0113,WH003,13-07-2023 12:29,Purchase,41,SUP034
INV0001317,PROD0138,WH002,13-07-2023 13:28,Adjustment,73,
INV0001318,PROD0087,WH003,13-07-2023 16:49,Purchase,76,SUP006
INV0001319,PROD0172,WH003,13-07-2023 17:25,Adjustment,81,
INV0001320,PROD0039,WH002,13-07-2023 22:13,Sale,69,
INV0001321,PROD0070,WH004,13-07-2023 23:40,Sale,35,
INV0001322,PROD0188,WH004,13-07-2023 23:58,Return,44,
INV0001323,PROD0161,WH003,14-07-2023 05:11,Purchase,46,SUP008
INV0001324,PROD0016,WH002,14-07-2023 05:15,Purchase,50,SUP031
INV0001325,PROD0046,WH001,14-07-2023 05:19,Purchase,87,SUP009
INV0001326,PROD0163,WH003,14-07-2023 12:14,Sale,34,
INV0001327,PROD0111,WH004,14-07-2023 12:26,Sale,64,
INV0001328,PROD0157,WH003,14-07-2023 15:56,Sale,59,
INV0001329,PROD0076,WH001,14-07-2023 19:09,Sale,2,
INV0001330,PROD0158,WH004,14-07-2023 20:21,Sale,29,
INV0001331,PROD0138,WH002,14-07-2023 23:15,Sale,90,
INV0001332,PROD0112,WH001,15-07-2023 02:31,Adjustment,53,
INV0001333,PROD0118,WH002,15-07-2023 05:17,Sale,41,
INV0001334,PROD0010,WH003,15-07-2023 06:40,Sale,45,
INV0001335,PROD0156,WH003,15-07-2023 06:55,Sale,72,
INV0001336,PROD0123,WH004,15-07-2023 14:49,Purchase,60,SUP027
INV0001337,PROD0047,WH004,15-07-2023 16:04,Adjustment,35,
INV0001338,PROD0021,WH001,15-07-2023 16:48,Purchase,56,SUP006
INV0001339,PROD0179,WH002,15-07-2023 18:22,Purchase,53,SUP038
INV0001340,PROD0089,WH004,15-07-2023 18:33,Purchase,13,SUP006
INV0001341,PROD0063,WH003,15-07-2023 19:04,Adjustment,49,
INV0001342,PROD0175,WH004,15-07-2023 19:29,Sale,21,
INV0001343,PROD0014,WH003,15-07-2023 20:18,Purchase,7,SUP025
INV0001344,PROD0176,WH002,16-07-2023 02:12,Purchase,92,SUP039
INV0001345,PROD0080,WH003,16-07-2023 06:52,Purchase,40,SUP021
INV0001346,PROD0158,WH004,16-07-2023 12:21,Purchase,81,SUP013
INV0001347,PROD0007,WH001,16-07-2023 14:55,Purchase,25,SUP036
INV0001348,PROD0152,WH001,16-07-2023 20:49,Sale,16,
INV0001349,PROD0132,WH003,16-07-2023 22:47,Purchase,60,SUP038
INV0001350,PROD0178,WH004,17-07-2023 00:01,Adjustment,22,
INV0001351,PROD0038,WH004,17-07-2023 10:13,Purchase,96,SUP040
INV0001352,PROD0021,WH002,17-07-2023 10:56,Return,23,
INV0001353,PROD0148,WH001,17-07-2023 12:41,Return,78,
INV0001354,PROD0134,WH002,18-07-2023 00:34,Purchase,21,SUP038
INV0001355,PROD0182,WH004,18-07-2023 02:10,Purchase,92,SUP038
INV0001356,PROD0157,WH003,18-07-2023 02:27,Sale,67,
INV0001357,PROD0118,WH003,18-07-2023 04:46,Adjustment,50,
INV0001358,PROD0165,WH003,18-07-2023 09:13,Sale,30,
INV0001359,PROD0133,WH004,18-07-2023 09:44,Purchase,6,SUP021
INV0001360,PROD0031,WH004,18-07-2023 12:09,Purchase,52,SUP002
INV0001361,PROD0086,WH002,18-07-2023 13:38,Sale,25,
INV0001362,PROD0045,WH004,18-07-2023 17:15,Purchase,42,SUP027
INV0001363,PROD0018,WH004,19-07-2023 00:17,Purchase,49,SUP001
INV0001364,PROD0033,WH004,19-07-2023 01:43,Purchase,15,SUP031
INV0001365,PROD0087,WH002,19-07-2023 02:58,Sale,36,
INV0001366,PROD0114,WH002,19-07-2023 03:48,Sale,19,
INV0001367,PROD0083,WH002,19-07-2023 12:01,Sale,47,
INV0001368,PROD0196,WH003,19-07-2023 13:53,Purchase,59,SUP015
INV0001369,PROD0078,WH002,19-07-2023 15:41,Sale,88,
INV0001370,PROD0097,WH004,19-07-2023 21:10,Return,21,
INV0001371,PROD0125,WH003,20-07-2023 01:52,Return,2,
INV0001372,PROD0046,WH002,20-07-2023 08:14,Purchase,61,SUP025
INV0001373,PROD0103,WH001,20-07-2023 22:13,Sale,22,
INV0001374,PROD0046,WH001,20-07-2023 22:25,Adjustment,52,
INV0001375,PROD0182,WH002,20-07-2023 23:06,Sale,97,
INV0001376,PROD0091,WH004,20-07-2023 23:34,Return,40,
INV0001377,PROD0152,WH004,21-07-2023 05:22,Adjustment,61,
INV0001378,PROD0090,WH004,21-07-2023 18:18,Purchase,90,SUP013
INV0001379,PROD0143,WH003,21-07-2023 19:14,Purchase,37,SUP013
INV0001380,PROD0026,WH001,22-07-2023 01:24,Sale,16,
INV0001381,PROD0181,WH003,22-07-2023 03:14,Sale,21,
INV0001382,PROD0062,WH001,22-07-2023 07:35,Purchase,2,SUP024
INV0001383,PROD0096,WH001,22-07-2023 15:04,Return,43,
INV0001384,PROD0152,WH002,22-07-2023 20:00,Purchase,82,SUP017
INV0001385,PROD0184,WH004,22-07-2023 20:02,Adjustment,81,
INV0001386,PROD0107,WH002,22-07-2023 23:19,Purchase,21,SUP029
INV0001387,PROD0083,WH004,22-07-2023 23:34,Sale,99,
INV0001388,PROD0095,WH004,23-07-2023 02:47,Adjustment,46,
INV0001389,PROD0058,WH004,23-07-2023 04:14,Sale,27,
INV0001390,PROD0078,WH004,23-07-2023 05:10,Purchase,13,SUP001
INV0001391,PROD0159,WH002,23-07-2023 13:09,Purchase,81,SUP016
INV0001392,PROD0140,WH004,23-07-2023 14:48,Sale,88,
INV0001393,PROD0161,WH001,23-07-2023 16:11,Sale,4,
INV0001394,PROD0062,WH003,23-07-2023 18:10,Sale,63,
INV0001395,PROD0083,WH003,23-07-2023 18:21,Sale,76,
INV0001396,PROD0019,WH004,24-07-2023 00:57,Purchase,98,SUP032
INV0001397,PROD0127,WH003,24-07-2023 04:01,Purchase,85,SUP010
INV0001398,PROD0141,WH004,24-07-2023 04:40,Sale,50,
INV0001399,PROD0174,WH004,24-07-2023 08:33,Sale,31,
INV0001400,PROD0177,WH003,24-07-2023 09:30,Purchase,98,SUP024
INV0001401,PROD0006,WH001,24-07-2023 10:55,Adjustment,71,
INV0001402,PROD0035,WH001,24-07-2023 19:57,Sale,26,
INV0001403,PROD0153,WH003,24-07-2023 23:04,Sale,97,
INV0001404,PROD0093,WH003,25-07-2023 07:03,Sale,47,
INV0001405,PROD0070,WH001,25-07-2023 13:18,Purchase,67,SUP037
INV0001406,PROD0092,WH001,25-07-2023 17:42,Adjustment,50,
INV0001407,PROD0187,WH002,25-07-2023 23:56,Sale,60,
INV0001408,PROD0192,WH004,26-07-2023 02:00,Sale,48,
INV0001409,PROD0028,WH004,26-07-2023 02:28,Sale,9,
INV0001410,PROD0130,WH001,26-07-2023 05:32,Sale,59,
INV0001411,PROD0129,WH003,26-07-2023 09:05,Adjustment,22,
INV0001412,PROD0087,WH004,26-07-2023 14:26,Purchase,7,SUP019
INV0001413,PROD0152,WH002,26-07-2023 17:35,Return,28,
INV0001414,PROD0038,WH004,26-07-2023 18:57,Purchase,87,SUP029
INV0001415,PROD0029,WH003,26-07-2023 19:57,Sale,17,
INV0001416,PROD0071,WH004,26-07-2023 23:07,Return,72,
INV0001417,PROD0176,WH002,26-07-2023 23:23,Sale,10,
INV0001418,PROD0008,WH001,27-07-2023 03:04,Purchase,58,SUP001
INV0001419,PROD0081,WH002,27-07-2023 06:59,Purchase,89,SUP032
INV0001420,PROD0124,WH002,27-07-2023 08:36,Sale,39,
INV0001421,PROD0007,WH001,27-07-2023 11:15,Purchase,20,SUP006
INV0001422,PROD0055,WH001,27-07-2023 18:26,Purchase,34,SUP035
INV0001423,PROD0132,WH003,27-07-2023 22:29,Sale,87,
INV0001424,PROD0155,WH003,28-07-2023 02:05,Purchase,91,SUP020
INV0001425,PROD0001,WH003,28-07-2023 04:34,Purchase,94,SUP030
INV0001426,PROD0136,WH001,28-07-2023 05:18,Sale,19,
INV0001427,PROD0188,WH001,28-07-2023 07:55,Sale,42,
INV0001428,PROD0100,WH004,28-07-2023 12:10,Purchase,35,SUP020
INV0001429,PROD0103,WH001,28-07-2023 12:56,Sale,29,
INV0001430,PROD0159,WH004,28-07-2023 17:03,Purchase,26,SUP036
INV0001431,PROD0176,WH002,28-07-2023 17:37,Return,80,
INV0001432,PROD0060,WH002,28-07-2023 20:57,Sale,5,
INV0001433,PROD0134,WH003,28-07-2023 22:25,Sale,98,
INV0001434,PROD0146,WH003,29-07-2023 09:22,Sale,78,
INV0001435,PROD0188,WH001,29-07-2023 13:55,Purchase,15,SUP027
INV0001436,PROD0085,WH001,29-07-2023 18:08,Purchase,58,SUP012
INV0001437,PROD0109,WH004,29-07-2023 20:19,Sale,34,
INV0001438,PROD0076,WH001,29-07-2023 21:38,Sale,23,
INV0001439,PROD0066,WH003,30-07-2023 02:13,Adjustment,77,
INV0001440,PROD0068,WH001,30-07-2023 03:58,Purchase,41,SUP032
INV0001441,PROD0017,WH001,30-07-2023 09:20,Return,1,
INV0001442,PROD0149,WH003,30-07-2023 12:21,Purchase,38,SUP013
INV0001443,PROD0051,WH004,30-07-2023 12:52,Purchase,38,SUP003
INV0001444,PROD0117,WH001,30-07-2023 18:58,Sale,32,
INV0001445,PROD0182,WH003,30-07-2023 21:37,Purchase,13,SUP021
INV0001446,PROD0085,WH001,30-07-2023 21:50,Return,70,
INV0001447,PROD0197,WH002,31-07-2023 05:03,Sale,82,
INV0001448,PROD0013,WH004,31-07-2023 11:02,Sale,90,
INV0001449,PROD0008,WH004,31-07-2023 15:40,Return,26,
INV0001450,PROD0068,WH003,31-07-2023 18:43,Sale,54,
INV0001451,PROD0052,WH003,31-07-2023 19:45,Sale,62,
INV0001452,PROD0155,WH001,31-07-2023 20:01,Purchase,19,SUP036
INV0001453,PROD0041,WH002,31-07-2023 21:17,Sale,58,
INV0001454,PROD0166,WH001,31-07-2023 21:23,Adjustment,36,
INV0001455,PROD0104,WH001,31-07-2023 22:39,Purchase,93,SUP001
INV0001456,PROD0048,WH001,01-08-2023 01:56,Adjustment,74,
INV0001457,PROD0092,WH004,01-08-2023 06:23,Adjustment,8,
INV0001458,PROD0129,WH002,01-08-2023 09:25,Sale,28,
INV0001459,PROD0197,WH002,01-08-2023 10:28,Sale,49,
INV0001460,PROD0013,WH001,01-08-2023 13:05,Return,5,
INV0001461,PROD0071,WH002,01-08-2023 13:16,Adjustment,90,
INV0001462,PROD0091,WH002,01-08-2023 18:35,Sale,92,
INV0001463,PROD0119,WH004,01-08-2023 21:13,Purchase,53,SUP015
INV0001464,PROD0177,WH001,02-08-2023 00:02,Sale,33,
INV0001465,PROD0160,WH001,02-08-2023 06:51,Purchase,97,SUP002
INV0001466,PROD0102,WH001,02-08-2023 07:21,Sale,13,
INV0001467,PROD0004,WH004,02-08-2023 11:08,Sale,25,
INV0001468,PROD0049,WH004,02-08-2023 18:01,Purchase,61,SUP032
INV0001469,PROD0159,WH002,02-08-2023 19:05,Purchase,48,SUP031
INV0001470,PROD0097,WH002,03-08-2023 04:15,Sale,19,
INV0001471,PROD0139,WH002,03-08-2023 05:00,Sale,81,
INV0001472,PROD0140,WH001,03-08-2023 07:52,Adjustment,50,
INV0001473,PROD0182,WH003,03-08-2023 08:34,Purchase,45,SUP037
INV0001474,PROD0056,WH004,03-08-2023 13:12,Return,26,
INV0001475,PROD0193,WH002,03-08-2023 13:41,Sale,26,
INV0001476,PROD0145,WH001,03-08-2023 13:44,Purchase,91,SUP031
INV0001477,PROD0114,WH002,03-08-2023 16:53,Purchase,12,SUP036
INV0001478,PROD0028,WH001,03-08-2023 18:32,Purchase,36,SUP039
INV0001479,PROD0147,WH001,03-08-2023 19:06,Sale,85,
INV0001480,PROD0191,WH003,03-08-2023 23:19,Adjustment,88,
INV0001481,PROD0198,WH002,04-08-2023 10:22,Sale,15,
INV0001482,PROD0052,WH003,04-08-2023 14:51,Purchase,52,SUP034
INV0001483,PROD0169,WH004,04-08-2023 16:51,Purchase,14,SUP030
INV0001484,PROD0190,WH002,04-08-2023 21:05,Purchase,95,SUP017
INV0001485,PROD0117,WH001,04-08-2023 23:09,Purchase,39,SUP001
INV0001486,PROD0014,WH001,05-08-2023 00:42,Purchase,78,SUP037
INV0001487,PROD0030,WH004,05-08-2023 01:13,Sale,93,
INV0001488,PROD0140,WH003,05-08-2023 05:50,Sale,84,
INV0001489,PROD0075,WH003,05-08-2023 09:35,Purchase,58,SUP002
INV0001490,PROD0104,WH001,05-08-2023 10:41,Purchase,20,SUP028
INV0001491,PROD0176,WH003,05-08-2023 10:55,Sale,37,
INV0001492,PROD0122,WH001,05-08-2023 19:28,Purchase,90,SUP010
INV0001493,PROD0017,WH004,06-08-2023 06:42,Purchase,92,SUP006
INV0001494,PROD0085,WH002,06-08-2023 07:24,Purchase,35,SUP028
INV0001495,PROD0178,WH001,06-08-2023 11:09,Return,29,
INV0001496,PROD0167,WH004,06-08-2023 13:31,Sale,55,
INV0001497,PROD0127,WH004,06-08-2023 14:44,Purchase,3,SUP025
INV0001498,PROD0096,WH003,06-08-2023 15:35,Sale,66,
INV0001499,PROD0162,WH004,07-08-2023 05:14,Return,36,
INV0001500,PROD0108,WH002,07-08-2023 09:35,Sale,91,
INV0001501,PROD0081,WH004,07-08-2023 17:06,Sale,64,
INV0001502,PROD0032,WH001,07-08-2023 19:49,Return,30,
INV0001503,PROD0062,WH002,07-08-2023 23:42,Sale,90,
INV0001504,PROD0160,WH004,08-08-2023 01:29,Sale,75,
INV0001505,PROD0194,WH003,08-08-2023 05:22,Purchase,63,SUP020
INV0001506,PROD0120,WH003,08-08-2023 05:27,Purchase,57,SUP010
INV0001507,PROD0118,WH003,08-08-2023 06:31,Purchase,59,SUP007
INV0001508,PROD0132,WH001,08-08-2023 07:08,Sale,19,
INV0001509,PROD0138,WH001,08-08-2023 07:08,Sale,73,
INV0001510,PROD0123,WH001,08-08-2023 08:21,Sale,29,
INV0001511,PROD0186,WH001,08-08-2023 13:56,Purchase,21,SUP024
INV0001512,PROD0176,WH001,08-08-2023 18:21,Sale,92,
INV0001513,PROD0095,WH004,08-08-2023 20:51,Sale,89,
INV0001514,PROD0057,WH003,09-08-2023 00:02,Return,5,
INV0001515,PROD0017,WH002,09-08-2023 09:47,Purchase,59,SUP019
INV0001516,PROD0119,WH002,09-08-2023 11:46,Purchase,35,SUP024
INV0001517,PROD0050,WH001,09-08-2023 15:16,Adjustment,54,
INV0001518,PROD0040,WH003,10-08-2023 03:27,Purchase,88,SUP023
INV0001519,PROD0125,WH004,10-08-2023 09:16,Sale,65,
INV0001520,PROD0150,WH003,10-08-2023 15:01,Adjustment,49,
INV0001521,PROD0153,WH001,10-08-2023 15:53,Sale,10,
INV0001522,PROD0077,WH002,10-08-2023 17:36,Sale,20,
INV0001523,PROD0102,WH004,10-08-2023 17:43,Purchase,64,SUP037
INV0001524,PROD0092,WH003,10-08-2023 21:53,Sale,46,
INV0001525,PROD0129,WH004,11-08-2023 00:19,Adjustment,12,
INV0001526,PROD0075,WH002,11-08-2023 09:28,Sale,10,
INV0001527,PROD0137,WH004,11-08-2023 11:21,Return,51,
INV0001528,PROD0041,WH003,11-08-2023 17:52,Purchase,69,SUP032
INV0001529,PROD0009,WH003,11-08-2023 18:17,Return,83,
INV0001530,PROD0090,WH004,11-08-2023 23:31,Adjustment,84,
INV0001531,PROD0096,WH003,12-08-2023 05:21,Return,15,
INV0001532,PROD0112,WH001,12-08-2023 09:26,Purchase,3,SUP019
INV0001533,PROD0176,WH001,12-08-2023 11:35,Sale,41,
INV0001534,PROD0063,WH001,12-08-2023 11:45,Purchase,15,SUP002
INV0001535,PROD0012,WH004,12-08-2023 13:21,Purchase,64,SUP012
INV0001536,PROD0057,WH003,12-08-2023 14:39,Purchase,63,SUP014
INV0001537,PROD0135,WH002,12-08-2023 17:44,Purchase,65,SUP011
INV0001538,PROD0193,WH002,13-08-2023 02:30,Sale,46,
INV0001539,PROD0111,WH003,13-08-2023 04:09,Sale,17,
INV0001540,PROD0055,WH004,13-08-2023 07:35,Purchase,50,SUP025
INV0001541,PROD0144,WH001,13-08-2023 11:24,Purchase,34,SUP016
INV0001542,PROD0058,WH003,13-08-2023 11:42,Sale,82,
INV0001543,PROD0179,WH001,13-08-2023 11:49,Sale,2,
INV0001544,PROD0029,WH002,13-08-2023 13:36,Sale,66,
INV0001545,PROD0178,WH004,13-08-2023 13:54,Sale,80,
INV0001546,PROD0120,WH003,13-08-2023 16:39,Adjustment,64,
INV0001547,PROD0165,WH002,13-08-2023 17:41,Purchase,82,SUP015
INV0001548,PROD0128,WH004,13-08-2023 20:14,Sale,86,
INV0001549,PROD0087,WH002,13-08-2023 21:46,Return,54,
INV0001550,PROD0137,WH002,13-08-2023 21:56,Sale,22,
INV0001551,PROD0036,WH002,14-08-2023 03:53,Purchase,98,SUP023
INV0001552,PROD0064,WH004,14-08-2023 04:50,Purchase,4,SUP016
INV0001553,PROD0144,WH004,14-08-2023 07:37,Sale,12,
INV0001554,PROD0005,WH002,14-08-2023 10:43,Purchase,61,SUP011
INV0001555,PROD0151,WH003,14-08-2023 14:20,Sale,64,
INV0001556,PROD0021,WH003,14-08-2023 17:51,Purchase,10,SUP022
INV0001557,PROD0030,WH002,14-08-2023 18:10,Sale,21,
INV0001558,PROD0022,WH002,15-08-2023 00:12,Sale,30,
INV0001559,PROD0149,WH004,15-08-2023 03:39,Sale,35,
INV0001560,PROD0004,WH004,15-08-2023 08:24,Purchase,100,SUP032
INV0001561,PROD0149,WH003,15-08-2023 10:09,Adjustment,5,
INV0001562,PROD0166,WH003,15-08-2023 10:21,Sale,76,
INV0001563,PROD0109,WH004,15-08-2023 10:32,Sale,14,
INV0001564,PROD0022,WH001,15-08-2023 12:35,Sale,8,
INV0001565,PROD0172,WH001,15-08-2023 14:33,Purchase,37,SUP024
INV0001566,PROD0046,WH004,15-08-2023 16:31,Purchase,3,SUP009
INV0001567,PROD0181,WH002,15-08-2023 20:29,Purchase,58,SUP009
INV0001568,PROD0124,WH001,15-08-2023 21:36,Purchase,21,SUP015
INV0001569,PROD0036,WH003,16-08-2023 04:02,Purchase,49,SUP031
INV0001570,PROD0019,WH004,16-08-2023 06:32,Adjustment,29,
INV0001571,PROD0036,WH001,16-08-2023 06:46,Purchase,98,SUP032
INV0001572,PROD0116,WH004,16-08-2023 08:52,Purchase,88,SUP016
INV0001573,PROD0019,WH003,16-08-2023 09:48,Sale,80,
INV0001574,PROD0091,WH004,16-08-2023 11:15,Purchase,95,SUP040
INV0001575,PROD0185,WH003,16-08-2023 13:50,Purchase,6,SUP025
INV0001576,PROD0196,WH004,16-08-2023 15:17,Adjustment,17,
INV0001577,PROD0033,WH001,16-08-2023 16:13,Return,3,
INV0001578,PROD0125,WH002,16-08-2023 20:22,Sale,20,
INV0001579,PROD0107,WH002,16-08-2023 23:18,Sale,91,
INV0001580,PROD0095,WH003,17-08-2023 06:31,Purchase,84,SUP036
INV0001581,PROD0019,WH004,17-08-2023 08:14,Sale,53,
INV0001582,PROD0077,WH003,17-08-2023 08:37,Sale,61,
INV0001583,PROD0119,WH003,17-08-2023 09:24,Sale,99,
INV0001584,PROD0132,WH004,17-08-2023 15:42,Sale,37,
INV0001585,PROD0085,WH003,17-08-2023 20:05,Sale,4,
INV0001586,PROD0185,WH001,17-08-2023 20:27,Sale,42,
INV0001587,PROD0047,WH004,18-08-2023 03:07,Purchase,92,SUP035
INV0001588,PROD0109,WH003,18-08-2023 03:22,Purchase,53,SUP024
INV0001589,PROD0137,WH001,18-08-2023 06:32,Sale,67,
INV0001590,PROD0042,WH001,18-08-2023 11:18,Return,58,
INV0001591,PROD0094,WH003,18-08-2023 15:24,Adjustment,48,
INV0001592,PROD0021,WH004,18-08-2023 20:23,Sale,38,
INV0001593,PROD0098,WH004,18-08-2023 21:31,Sale,27,
INV0001594,PROD0131,WH002,19-08-2023 00:32,Sale,53,
INV0001595,PROD0194,WH004,19-08-2023 07:08,Purchase,52,SUP039
INV0001596,PROD0006,WH001,19-08-2023 08:52,Sale,72,
INV0001597,PROD0063,WH001,19-08-2023 11:29,Sale,70,
INV0001598,PROD0062,WH001,19-08-2023 18:08,Return,61,
INV0001599,PROD0199,WH001,19-08-2023 23:07,Purchase,23,SUP001
INV0001600,PROD0174,WH001,20-08-2023 07:26,Purchase,42,SUP040
INV0001601,PROD0168,WH001,20-08-2023 11:34,Purchase,83,SUP007
INV0001602,PROD0172,WH001,20-08-2023 15:17,Purchase,35,SUP023
INV0001603,PROD0033,WH002,20-08-2023 19:19,Sale,86,
INV0001604,PROD0040,WH001,20-08-2023 21:05,Adjustment,56,
INV0001605,PROD0071,WH002,21-08-2023 10:10,Purchase,64,SUP031
INV0001606,PROD0136,WH002,21-08-2023 13:58,Purchase,55,SUP033
INV0001607,PROD0063,WH003,21-08-2023 15:06,Purchase,52,SUP005
INV0001608,PROD0162,WH001,21-08-2023 16:00,Sale,35,
INV0001609,PROD0147,WH001,21-08-2023 17:24,Adjustment,91,
INV0001610,PROD0142,WH004,22-08-2023 04:41,Sale,46,
INV0001611,PROD0054,WH003,22-08-2023 06:02,Sale,37,
INV0001612,PROD0105,WH002,22-08-2023 12:18,Sale,31,
INV0001613,PROD0056,WH004,22-08-2023 12:21,Adjustment,63,
INV0001614,PROD0123,WH003,22-08-2023 19:00,Sale,1,
INV0001615,PROD0148,WH001,23-08-2023 00:13,Sale,45,
INV0001616,PROD0090,WH001,23-08-2023 05:54,Adjustment,100,
INV0001617,PROD0156,WH001,23-08-2023 09:04,Sale,32,
INV0001618,PROD0059,WH002,23-08-2023 09:33,Purchase,6,SUP012
INV0001619,PROD0147,WH001,23-08-2023 10:10,Adjustment,93,
INV0001620,PROD0042,WH003,23-08-2023 13:08,Sale,87,
INV0001621,PROD0100,WH004,23-08-2023 23:54,Sale,26,
INV0001622,PROD0175,WH003,24-08-2023 02:01,Sale,79,
INV0001623,PROD0149,WH003,24-08-2023 04:03,Adjustment,64,
INV0001624,PROD0097,WH004,24-08-2023 05:57,Sale,34,
INV0001625,PROD0119,WH002,24-08-2023 06:27,Sale,28,
INV0001626,PROD0129,WH003,24-08-2023 14:16,Sale,85,
INV0001627,PROD0172,WH002,24-08-2023 18:29,Sale,61,
INV0001628,PROD0061,WH004,25-08-2023 00:31,Return,80,
INV0001629,PROD0142,WH004,25-08-2023 08:21,Sale,76,
INV0001630,PROD0188,WH003,25-08-2023 10:31,Sale,4,
INV0001631,PROD0123,WH004,25-08-2023 11:47,Adjustment,46,
INV0001632,PROD0144,WH004,25-08-2023 15:12,Sale,88,
INV0001633,PROD0124,WH002,25-08-2023 16:41,Purchase,44,SUP009
INV0001634,PROD0187,WH003,25-08-2023 22:19,Purchase,31,SUP021
INV0001635,PROD0059,WH002,26-08-2023 15:16,Sale,50,
INV0001636,PROD0188,WH001,26-08-2023 15:23,Purchase,100,SUP029
INV0001637,PROD0119,WH004,26-08-2023 22:33,Sale,54,
INV0001638,PROD0123,WH001,27-08-2023 04:34,Return,65,
INV0001639,PROD0196,WH004,27-08-2023 17:40,Sale,52,
INV0001640,PROD0013,WH003,27-08-2023 20:41,Purchase,3,SUP034
INV0001641,PROD0190,WH001,27-08-2023 22:55,Adjustment,16,
INV0001642,PROD0189,WH004,28-08-2023 06:01,Sale,99,
INV0001643,PROD0025,WH003,28-08-2023 11:02,Purchase,60,SUP029
INV0001644,PROD0128,WH001,28-08-2023 22:20,Sale,15,
INV0001645,PROD0079,WH001,28-08-2023 22:33,Sale,77,
INV0001646,PROD0045,WH003,29-08-2023 02:12,Sale,29,
INV0001647,PROD0046,WH003,29-08-2023 07:10,Sale,74,
INV0001648,PROD0001,WH002,29-08-2023 07:29,Purchase,93,SUP019
INV0001649,PROD0155,WH004,29-08-2023 09:37,Sale,67,
INV0001650,PROD0056,WH004,29-08-2023 10:40,Sale,87,
INV0001651,PROD0113,WH001,29-08-2023 10:58,Purchase,40,SUP015
INV0001652,PROD0083,WH002,29-08-2023 11:17,Adjustment,90,
INV0001653,PROD0178,WH002,29-08-2023 16:12,Purchase,54,SUP016
INV0001654,PROD0029,WH002,29-08-2023 16:18,Purchase,87,SUP012
INV0001655,PROD0026,WH003,29-08-2023 16:56,Purchase,79,SUP024
INV0001656,PROD0146,WH003,29-08-2023 17:20,Purchase,95,SUP002
INV0001657,PROD0125,WH002,29-08-2023 22:14,Purchase,14,SUP021
INV0001658,PROD0114,WH002,30-08-2023 01:22,Sale,50,
INV0001659,PROD0097,WH001,30-08-2023 01:57,Return,49,
INV0001660,PROD0108,WH001,30-08-2023 04:16,Purchase,42,SUP012
INV0001661,PROD0118,WH002,30-08-2023 06:13,Purchase,47,SUP031
INV0001662,PROD0187,WH003,30-08-2023 06:22,Purchase,36,SUP008
INV0001663,PROD0164,WH002,30-08-2023 12:32,Purchase,64,SUP040
INV0001664,PROD0183,WH001,30-08-2023 13:14,Purchase,45,SUP037
INV0001665,PROD0169,WH002,30-08-2023 17:58,Purchase,73,SUP022
INV0001666,PROD0045,WH004,31-08-2023 01:19,Purchase,7,SUP002
INV0001667,PROD0001,WH004,31-08-2023 01:59,Purchase,22,SUP015
INV0001668,PROD0110,WH003,31-08-2023 05:42,Adjustment,87,
INV0001669,PROD0171,WH004,31-08-2023 10:44,Purchase,19,SUP031
INV0001670,PROD0084,WH004,31-08-2023 22:17,Sale,74,
INV0001671,PROD0197,WH003,31-08-2023 23:50,Purchase,16,SUP008
INV0001672,PROD0052,WH004,01-09-2023 04:57,Sale,48,
INV0001673,PROD0154,WH001,01-09-2023 07:33,Purchase,64,SUP024
INV0001674,PROD0024,WH001,01-09-2023 13:01,Purchase,72,SUP004
INV0001675,PROD0040,WH001,01-09-2023 13:03,Purchase,60,SUP012
INV0001676,PROD0182,WH003,01-09-2023 15:33,Sale,83,
INV0001677,PROD0060,WH003,01-09-2023 16:12,Adjustment,18,
INV0001678,PROD0190,WH002,02-09-2023 03:37,Sale,15,
INV0001679,PROD0020,WH003,02-09-2023 05:59,Sale,60,
INV0001680,PROD0181,WH004,02-09-2023 07:05,Sale,61,
INV0001681,PROD0198,WH001,02-09-2023 07:15,Adjustment,79,
INV0001682,PROD0199,WH003,02-09-2023 09:05,Sale,33,
INV0001683,PROD0083,WH004,02-09-2023 11:59,Purchase,15,SUP022
INV0001684,PROD0091,WH003,02-09-2023 23:00,Sale,28,
INV0001685,PROD0181,WH003,03-09-2023 00:36,Return,21,
INV0001686,PROD0029,WH003,03-09-2023 00:58,Return,46,
INV0001687,PROD0154,WH001,03-09-2023 03:55,Sale,23,
INV0001688,PROD0019,WH001,03-09-2023 04:27,Purchase,13,SUP011
INV0001689,PROD0071,WH004,03-09-2023 06:17,Sale,67,
INV0001690,PROD0157,WH002,03-09-2023 10:50,Sale,11,
INV0001691,PROD0052,WH003,03-09-2023 11:57,Adjustment,90,
INV0001692,PROD0018,WH002,03-09-2023 17:01,Purchase,65,SUP019
INV0001693,PROD0092,WH004,03-09-2023 18:19,Sale,6,
INV0001694,PROD0131,WH002,03-09-2023 18:58,Sale,15,
INV0001695,PROD0067,WH004,03-09-2023 19:54,Purchase,86,SUP033
INV0001696,PROD0132,WH004,04-09-2023 04:02,Return,93,
INV0001697,PROD0112,WH001,04-09-2023 11:45,Sale,42,
INV0001698,PROD0139,WH003,04-09-2023 20:35,Purchase,92,SUP006
INV0001699,PROD0006,WH003,05-09-2023 07:13,Sale,84,
INV0001700,PROD0038,WH002,05-09-2023 09:14,Sale,66,
INV0001701,PROD0125,WH001,05-09-2023 10:40,Purchase,84,SUP020
INV0001702,PROD0081,WH003,05-09-2023 17:42,Adjustment,90,
INV0001703,PROD0178,WH002,05-09-2023 20:09,Sale,65,
INV0001704,PROD0055,WH003,05-09-2023 20:46,Sale,26,
INV0001705,PROD0045,WH002,05-09-2023 22:08,Sale,25,
INV0001706,PROD0007,WH004,06-09-2023 01:07,Purchase,26,SUP007
INV0001707,PROD0069,WH003,06-09-2023 05:53,Sale,3,
INV0001708,PROD0014,WH002,06-09-2023 07:02,Purchase,75,SUP003
INV0001709,PROD0183,WH004,06-09-2023 12:10,Return,17,
INV0001710,PROD0101,WH001,06-09-2023 13:29,Return,53,
INV0001711,PROD0140,WH001,06-09-2023 17:02,Sale,33,
INV0001712,PROD0122,WH001,06-09-2023 20:16,Purchase,82,SUP040
INV0001713,PROD0003,WH002,07-09-2023 00:49,Sale,78,
INV0001714,PROD0115,WH001,07-09-2023 03:00,Adjustment,45,
INV0001715,PROD0083,WH004,07-09-2023 07:01,Purchase,72,SUP026
INV0001716,PROD0163,WH003,07-09-2023 09:18,Purchase,10,SUP036
INV0001717,PROD0025,WH002,07-09-2023 13:49,Purchase,53,SUP018
INV0001718,PROD0088,WH002,07-09-2023 15:11,Purchase,13,SUP037
INV0001719,PROD0048,WH002,07-09-2023 20:05,Purchase,4,SUP005
INV0001720,PROD0072,WH004,07-09-2023 20:59,Purchase,30,SUP036
INV0001721,PROD0154,WH003,07-09-2023 23:17,Sale,12,
INV0001722,PROD0019,WH002,08-09-2023 00:40,Sale,31,
INV0001723,PROD0018,WH001,08-09-2023 04:54,Sale,93,
INV0001724,PROD0157,WH001,08-09-2023 05:53,Sale,80,
INV0001725,PROD0067,WH002,08-09-2023 19:10,Return,72,
INV0001726,PROD0011,WH002,08-09-2023 19:15,Sale,52,
INV0001727,PROD0032,WH003,08-09-2023 21:45,Sale,92,
INV0001728,PROD0018,WH001,09-09-2023 00:02,Sale,70,
INV0001729,PROD0154,WH001,09-09-2023 09:22,Return,54,
INV0001730,PROD0159,WH002,09-09-2023 14:40,Purchase,20,SUP027
INV0001731,PROD0078,WH002,09-09-2023 15:48,Purchase,6,SUP003
INV0001732,PROD0103,WH001,09-09-2023 16:56,Sale,93,
INV0001733,PROD0097,WH001,09-09-2023 17:07,Sale,79,
INV0001734,PROD0082,WH004,09-09-2023 19:09,Sale,10,
INV0001735,PROD0028,WH004,09-09-2023 19:48,Purchase,99,SUP005
INV0001736,PROD0026,WH004,09-09-2023 23:30,Sale,59,
INV0001737,PROD0182,WH001,10-09-2023 08:16,Adjustment,52,
INV0001738,PROD0047,WH003,10-09-2023 08:35,Adjustment,34,
INV0001739,PROD0174,WH004,10-09-2023 16:23,Sale,9,
INV0001740,PROD0151,WH001,11-09-2023 02:01,Adjustment,73,
INV0001741,PROD0158,WH004,11-09-2023 06:17,Sale,64,
INV0001742,PROD0046,WH003,11-09-2023 08:32,Purchase,19,SUP021
INV0001743,PROD0167,WH003,11-09-2023 21:45,Sale,76,
INV0001744,PROD0107,WH001,11-09-2023 22:01,Adjustment,60,
INV0001745,PROD0200,WH004,11-09-2023 22:59,Sale,84,
INV0001746,PROD0187,WH004,12-09-2023 05:57,Sale,83,
INV0001747,PROD0108,WH003,12-09-2023 07:45,Sale,76,
INV0001748,PROD0105,WH003,12-09-2023 08:51,Purchase,63,SUP036
INV0001749,PROD0174,WH001,12-09-2023 09:33,Purchase,98,SUP018
INV0001750,PROD0113,WH001,12-09-2023 13:17,Sale,29,
INV0001751,PROD0176,WH001,12-09-2023 14:04,Purchase,39,SUP040
INV0001752,PROD0170,WH001,12-09-2023 22:54,Sale,92,
INV0001753,PROD0096,WH004,12-09-2023 23:51,Purchase,75,SUP012
INV0001754,PROD0198,WH002,13-09-2023 05:31,Purchase,77,SUP026
INV0001755,PROD0036,WH004,13-09-2023 05:31,Purchase,73,SUP031
INV0001756,PROD0083,WH002,13-09-2023 13:15,Sale,31,
INV0001757,PROD0114,WH004,13-09-2023 13:34,Purchase,39,SUP026
INV0001758,PROD0167,WH003,13-09-2023 16:38,Adjustment,3,
INV0001759,PROD0157,WH002,13-09-2023 18:45,Adjustment,90,
INV0001760,PROD0018,WH001,13-09-2023 20:43,Purchase,35,SUP015
INV0001761,PROD0135,WH001,13-09-2023 23:16,Purchase,24,SUP015
INV0001762,PROD0046,WH002,14-09-2023 00:31,Purchase,58,SUP010
INV0001763,PROD0144,WH002,14-09-2023 02:59,Sale,68,
INV0001764,PROD0168,WH002,14-09-2023 03:10,Sale,48,
INV0001765,PROD0038,WH004,14-09-2023 11:07,Purchase,41,SUP024
INV0001766,PROD0071,WH003,14-09-2023 18:50,Sale,26,
INV0001767,PROD0021,WH001,14-09-2023 21:28,Purchase,28,SUP035
INV0001768,PROD0028,WH002,14-09-2023 23:34,Sale,92,
INV0001769,PROD0062,WH003,15-09-2023 00:49,Sale,12,
INV0001770,PROD0037,WH004,15-09-2023 04:12,Purchase,56,SUP020
INV0001771,PROD0109,WH004,15-09-2023 14:25,Return,1,
INV0001772,PROD0047,WH002,15-09-2023 14:54,Purchase,50,SUP036
INV0001773,PROD0043,WH004,15-09-2023 15:04,Sale,23,
INV0001774,PROD0190,WH001,15-09-2023 18:16,Adjustment,93,
INV0001775,PROD0039,WH002,16-09-2023 07:16,Adjustment,72,
INV0001776,PROD0134,WH002,16-09-2023 15:05,Sale,92,
INV0001777,PROD0198,WH002,16-09-2023 21:57,Sale,48,
INV0001778,PROD0188,WH001,17-09-2023 12:53,Sale,43,
INV0001779,PROD0152,WH003,17-09-2023 15:37,Purchase,77,SUP022
INV0001780,PROD0174,WH004,17-09-2023 16:06,Sale,28,
INV0001781,PROD0072,WH002,17-09-2023 18:19,Purchase,98,SUP007
INV0001782,PROD0186,WH002,17-09-2023 20:01,Return,57,
INV0001783,PROD0025,WH002,18-09-2023 10:28,Purchase,16,SUP007
INV0001784,PROD0079,WH003,18-09-2023 10:53,Sale,56,
INV0001785,PROD0031,WH001,18-09-2023 14:23,Return,35,
INV0001786,PROD0123,WH001,18-09-2023 23:05,Purchase,84,SUP035
INV0001787,PROD0080,WH002,19-09-2023 10:26,Sale,21,
INV0001788,PROD0163,WH003,19-09-2023 11:15,Sale,67,
INV0001789,PROD0043,WH001,20-09-2023 01:17,Purchase,59,SUP022
INV0001790,PROD0055,WH004,20-09-2023 03:10,Sale,14,
INV0001791,PROD0005,WH001,20-09-2023 08:40,Sale,77,
INV0001792,PROD0041,WH004,20-09-2023 08:53,Sale,11,
INV0001793,PROD0162,WH004,20-09-2023 22:19,Purchase,22,SUP013
INV0001794,PROD0048,WH004,20-09-2023 23:53,Sale,33,
INV0001795,PROD0053,WH003,21-09-2023 09:38,Purchase,80,SUP005
INV0001796,PROD0024,WH004,21-09-2023 15:03,Sale,18,
INV0001797,PROD0173,WH004,21-09-2023 18:56,Sale,4,
INV0001798,PROD0095,WH002,21-09-2023 19:00,Purchase,16,SUP007
INV0001799,PROD0189,WH003,21-09-2023 21:58,Purchase,65,SUP022
INV0001800,PROD0035,WH001,21-09-2023 23:59,Adjustment,57,
INV0001801,PROD0097,WH003,22-09-2023 01:25,Sale,85,
INV0001802,PROD0141,WH003,22-09-2023 06:20,Sale,2,
INV0001803,PROD0051,WH002,22-09-2023 07:43,Purchase,92,SUP036
INV0001804,PROD0151,WH001,22-09-2023 09:16,Purchase,70,SUP009
INV0001805,PROD0129,WH003,22-09-2023 13:59,Purchase,36,SUP018
INV0001806,PROD0155,WH001,22-09-2023 19:21,Sale,55,
INV0001807,PROD0190,WH001,23-09-2023 05:56,Sale,11,
INV0001808,PROD0160,WH003,23-09-2023 06:24,Return,62,
INV0001809,PROD0151,WH003,23-09-2023 07:33,Purchase,51,SUP036
INV0001810,PROD0095,WH002,23-09-2023 08:57,Sale,88,
INV0001811,PROD0031,WH003,23-09-2023 14:10,Sale,47,
INV0001812,PROD0051,WH003,23-09-2023 14:46,Purchase,85,SUP031
INV0001813,PROD0165,WH002,23-09-2023 15:02,Purchase,63,SUP001
INV0001814,PROD0022,WH003,23-09-2023 21:51,Sale,92,
INV0001815,PROD0113,WH003,24-09-2023 02:38,Sale,59,
INV0001816,PROD0158,WH003,24-09-2023 06:27,Return,4,
INV0001817,PROD0092,WH004,24-09-2023 08:35,Purchase,20,SUP019
INV0001818,PROD0121,WH003,24-09-2023 13:56,Return,4,
INV0001819,PROD0037,WH002,24-09-2023 14:15,Sale,5,
INV0001820,PROD0165,WH001,24-09-2023 16:28,Sale,15,
INV0001821,PROD0108,WH002,24-09-2023 21:16,Sale,98,
INV0001822,PROD0051,WH002,25-09-2023 01:30,Sale,15,
INV0001823,PROD0148,WH002,25-09-2023 02:35,Purchase,42,SUP035
INV0001824,PROD0164,WH001,25-09-2023 06:15,Purchase,97,SUP010
INV0001825,PROD0076,WH004,25-09-2023 06:40,Sale,58,
INV0001826,PROD0144,WH003,25-09-2023 23:48,Purchase,44,SUP012
INV0001827,PROD0191,WH004,26-09-2023 00:26,Sale,4,
INV0001828,PROD0161,WH004,26-09-2023 05:01,Purchase,17,SUP013
INV0001829,PROD0034,WH004,26-09-2023 07:02,Sale,18,
INV0001830,PROD0074,WH004,26-09-2023 08:46,Sale,65,
INV0001831,PROD0005,WH003,26-09-2023 11:49,Sale,50,
INV0001832,PROD0165,WH004,26-09-2023 14:22,Purchase,65,SUP010
INV0001833,PROD0102,WH004,26-09-2023 20:22,Sale,46,
INV0001834,PROD0036,WH003,27-09-2023 04:27,Return,55,
INV0001835,PROD0035,WH004,27-09-2023 07:10,Purchase,25,SUP024
INV0001836,PROD0004,WH003,27-09-2023 09:40,Purchase,4,SUP010
INV0001837,PROD0129,WH002,27-09-2023 10:04,Sale,81,
INV0001838,PROD0063,WH001,27-09-2023 21:43,Sale,42,
INV0001839,PROD0087,WH002,27-09-2023 22:40,Sale,91,
INV0001840,PROD0046,WH004,28-09-2023 00:24,Sale,23,
INV0001841,PROD0083,WH004,28-09-2023 01:22,Sale,30,
INV0001842,PROD0081,WH004,28-09-2023 06:22,Adjustment,40,
INV0001843,PROD0091,WH004,28-09-2023 09:20,Purchase,70,SUP009
INV0001844,PROD0080,WH001,28-09-2023 11:45,Purchase,11,SUP039
INV0001845,PROD0025,WH002,29-09-2023 05:17,Adjustment,17,
INV0001846,PROD0172,WH003,29-09-2023 06:54,Adjustment,16,
INV0001847,PROD0055,WH002,29-09-2023 14:26,Sale,11,
INV0001848,PROD0001,WH001,29-09-2023 14:57,Sale,37,
INV0001849,PROD0090,WH004,29-09-2023 23:18,Sale,18,
INV0001850,PROD0062,WH004,29-09-2023 23:47,Sale,74,
INV0001851,PROD0153,WH003,30-09-2023 05:39,Sale,15,
INV0001852,PROD0073,WH001,30-09-2023 10:10,Sale,2,
INV0001853,PROD0177,WH004,30-09-2023 10:24,Sale,49,
INV0001854,PROD0060,WH003,30-09-2023 11:10,Sale,16,
INV0001855,PROD0055,WH001,30-09-2023 11:53,Purchase,21,SUP022
INV0001856,PROD0019,WH003,30-09-2023 12:26,Sale,54,
INV0001857,PROD0032,WH003,30-09-2023 13:35,Sale,26,
INV0001858,PROD0061,WH003,30-09-2023 22:16,Adjustment,8,
INV0001859,PROD0074,WH002,30-09-2023 23:15,Sale,23,
INV0001860,PROD0052,WH003,30-09-2023 23:39,Sale,90,
INV0001861,PROD0074,WH002,01-10-2023 00:06,Purchase,65,SUP029
INV0001862,PROD0013,WH002,01-10-2023 03:01,Sale,36,
INV0001863,PROD0091,WH002,01-10-2023 03:04,Purchase,93,SUP029
INV0001864,PROD0018,WH001,01-10-2023 03:35,Sale,61,
INV0001865,PROD0123,WH004,01-10-2023 03:47,Purchase,28,SUP002
INV0001866,PROD0048,WH002,01-10-2023 04:44,Sale,13,
INV0001867,PROD0085,WH001,01-10-2023 07:25,Sale,25,
INV0001868,PROD0097,WH002,01-10-2023 18:14,Sale,98,
INV0001869,PROD0051,WH003,01-10-2023 18:37,Purchase,13,SUP037
INV0001870,PROD0034,WH003,01-10-2023 21:55,Purchase,63,SUP026
INV0001871,PROD0017,WH003,01-10-2023 22:19,Sale,99,
INV0001872,PROD0186,WH001,02-10-2023 00:35,Purchase,61,SUP021
INV0001873,PROD0161,WH002,02-10-2023 05:53,Purchase,83,SUP009
INV0001874,PROD0009,WH003,02-10-2023 06:50,Sale,49,
INV0001875,PROD0148,WH004,02-10-2023 10:09,Sale,37,
INV0001876,PROD0089,WH003,02-10-2023 10:13,Sale,23,
INV0001877,PROD0172,WH004,02-10-2023 23:07,Purchase,3,SUP028
INV0001878,PROD0076,WH004,03-10-2023 04:41,Purchase,57,SUP017
INV0001879,PROD0038,WH003,03-10-2023 05:10,Sale,53,
INV0001880,PROD0153,WH003,03-10-2023 05:22,Return,83,
INV0001881,PROD0171,WH002,03-10-2023 07:55,Purchase,20,SUP004
INV0001882,PROD0006,WH002,03-10-2023 17:36,Sale,26,
INV0001883,PROD0181,WH004,03-10-2023 18:09,Return,2,
INV0001884,PROD0073,WH001,03-10-2023 21:56,Purchase,48,SUP017
INV0001885,PROD0170,WH004,03-10-2023 22:54,Sale,40,
INV0001886,PROD0121,WH003,04-10-2023 00:07,Purchase,6,SUP011
INV0001887,PROD0008,WH003,04-10-2023 00:45,Sale,67,
INV0001888,PROD0190,WH003,04-10-2023 06:00,Purchase,22,SUP040
INV0001889,PROD0070,WH002,04-10-2023 06:56,Sale,79,
INV0001890,PROD0027,WH004,04-10-2023 18:04,Adjustment,67,
INV0001891,PROD0194,WH004,04-10-2023 20:46,Purchase,26,SUP039
INV0001892,PROD0070,WH002,04-10-2023 21:58,Sale,20,
INV0001893,PROD0108,WH001,05-10-2023 01:20,Sale,49,
INV0001894,PROD0099,WH002,05-10-2023 09:49,Sale,83,
INV0001895,PROD0154,WH004,05-10-2023 09:51,Purchase,73,SUP009
INV0001896,PROD0060,WH001,05-10-2023 11:18,Purchase,26,SUP035
INV0001897,PROD0062,WH002,05-10-2023 12:26,Return,99,
INV0001898,PROD0189,WH004,05-10-2023 12:30,Purchase,16,SUP013
INV0001899,PROD0090,WH002,05-10-2023 14:28,Sale,93,
INV0001900,PROD0035,WH003,05-10-2023 17:37,Sale,18,
INV0001901,PROD0077,WH001,05-10-2023 19:58,Purchase,32,SUP002
INV0001902,PROD0082,WH004,05-10-2023 22:46,Sale,57,
INV0001903,PROD0160,WH002,06-10-2023 11:29,Purchase,42,SUP023
INV0001904,PROD0024,WH003,06-10-2023 14:34,Purchase,10,SUP031
INV0001905,PROD0030,WH001,06-10-2023 15:00,Return,93,
INV0001906,PROD0120,WH001,06-10-2023 16:27,Sale,45,
INV0001907,PROD0093,WH002,06-10-2023 17:16,Purchase,57,SUP004
INV0001908,PROD0012,WH001,06-10-2023 19:43,Sale,90,
INV0001909,PROD0178,WH003,06-10-2023 20:10,Sale,2,
INV0001910,PROD0003,WH002,06-10-2023 20:11,Purchase,49,SUP006
INV0001911,PROD0173,WH004,06-10-2023 20:53,Purchase,72,SUP023
INV0001912,PROD0125,WH002,07-10-2023 13:33,Sale,79,
INV0001913,PROD0163,WH001,07-10-2023 14:24,Purchase,47,SUP033
INV0001914,PROD0175,WH002,07-10-2023 15:21,Purchase,61,SUP015
INV0001915,PROD0022,WH002,08-10-2023 02:48,Sale,77,
INV0001916,PROD0121,WH004,08-10-2023 08:25,Sale,21,
INV0001917,PROD0117,WH001,08-10-2023 11:57,Sale,92,
INV0001918,PROD0086,WH004,08-10-2023 23:06,Sale,71,
INV0001919,PROD0065,WH003,09-10-2023 00:27,Sale,38,
INV0001920,PROD0128,WH004,09-10-2023 01:31,Purchase,16,SUP014
INV0001921,PROD0195,WH002,09-10-2023 07:04,Purchase,47,SUP013
INV0001922,PROD0198,WH002,09-10-2023 17:53,Sale,48,
INV0001923,PROD0116,WH001,10-10-2023 03:19,Purchase,44,SUP023
INV0001924,PROD0096,WH002,10-10-2023 06:52,Purchase,55,SUP005
INV0001925,PROD0181,WH003,10-10-2023 08:30,Purchase,39,SUP007
INV0001926,PROD0035,WH003,10-10-2023 10:53,Sale,60,
INV0001927,PROD0037,WH001,10-10-2023 15:19,Sale,49,
INV0001928,PROD0050,WH003,10-10-2023 15:36,Purchase,88,SUP025
INV0001929,PROD0166,WH003,11-10-2023 10:11,Purchase,63,SUP033
INV0001930,PROD0041,WH003,11-10-2023 10:17,Adjustment,61,
INV0001931,PROD0083,WH001,11-10-2023 11:01,Purchase,1,SUP009
INV0001932,PROD0033,WH002,11-10-2023 14:46,Sale,29,
INV0001933,PROD0098,WH003,11-10-2023 17:39,Purchase,87,SUP016
INV0001934,PROD0086,WH002,12-10-2023 02:42,Sale,34,
INV0001935,PROD0165,WH001,12-10-2023 06:20,Sale,88,
INV0001936,PROD0015,WH002,12-10-2023 11:00,Adjustment,13,
INV0001937,PROD0040,WH003,12-10-2023 15:25,Sale,19,
INV0001938,PROD0147,WH001,12-10-2023 16:47,Sale,6,
INV0001939,PROD0033,WH001,12-10-2023 18:54,Sale,12,
INV0001940,PROD0080,WH003,12-10-2023 23:46,Return,8,
INV0001941,PROD0011,WH003,13-10-2023 01:43,Purchase,71,SUP008
INV0001942,PROD0125,WH003,13-10-2023 04:52,Adjustment,67,
INV0001943,PROD0108,WH001,13-10-2023 05:14,Sale,96,
INV0001944,PROD0105,WH002,13-10-2023 05:41,Sale,9,
INV0001945,PROD0140,WH002,13-10-2023 17:38,Sale,15,
INV0001946,PROD0066,WH002,13-10-2023 18:51,Adjustment,61,
INV0001947,PROD0186,WH003,14-10-2023 03:32,Purchase,83,SUP012
INV0001948,PROD0192,WH004,14-10-2023 05:23,Adjustment,64,
INV0001949,PROD0154,WH003,14-10-2023 06:17,Purchase,96,SUP005
INV0001950,PROD0182,WH001,14-10-2023 10:02,Adjustment,71,
INV0001951,PROD0124,WH002,14-10-2023 13:41,Purchase,82,SUP024
INV0001952,PROD0185,WH001,14-10-2023 14:42,Sale,21,
INV0001953,PROD0102,WH002,14-10-2023 16:57,Purchase,56,SUP018
INV0001954,PROD0159,WH001,14-10-2023 19:01,Sale,34,
INV0001955,PROD0092,WH002,14-10-2023 21:52,Purchase,93,SUP001
INV0001956,PROD0147,WH002,14-10-2023 21:58,Purchase,80,SUP027
INV0001957,PROD0088,WH001,15-10-2023 00:16,Sale,2,
INV0001958,PROD0068,WH003,15-10-2023 01:05,Adjustment,25,
INV0001959,PROD0162,WH003,15-10-2023 04:46,Sale,87,
INV0001960,PROD0030,WH002,15-10-2023 06:11,Return,100,
INV0001961,PROD0072,WH004,15-10-2023 06:17,Purchase,70,SUP034
INV0001962,PROD0187,WH002,15-10-2023 07:25,Sale,75,
INV0001963,PROD0063,WH003,15-10-2023 11:17,Sale,39,
INV0001964,PROD0113,WH003,15-10-2023 12:47,Return,92,
INV0001965,PROD0179,WH002,15-10-2023 12:58,Sale,87,
INV0001966,PROD0184,WH004,15-10-2023 15:57,Adjustment,71,
INV0001967,PROD0175,WH002,15-10-2023 15:58,Return,74,
INV0001968,PROD0040,WH004,15-10-2023 18:24,Purchase,12,SUP038
INV0001969,PROD0148,WH003,16-10-2023 03:36,Sale,80,
INV0001970,PROD0153,WH004,16-10-2023 03:50,Return,91,
INV0001971,PROD0131,WH001,16-10-2023 04:17,Purchase,29,SUP023
INV0001972,PROD0161,WH003,16-10-2023 08:11,Sale,86,
INV0001973,PROD0073,WH002,16-10-2023 09:47,Purchase,58,SUP026
INV0001974,PROD0155,WH002,16-10-2023 16:26,Sale,100,
INV0001975,PROD0154,WH001,16-10-2023 17:17,Sale,36,
INV0001976,PROD0170,WH004,16-10-2023 17:58,Purchase,87,SUP024
INV0001977,PROD0158,WH003,16-10-2023 20:38,Return,66,
INV0001978,PROD0116,WH002,16-10-2023 23:29,Sale,46,
INV0001979,PROD0102,WH004,17-10-2023 20:55,Sale,74,
INV0001980,PROD0118,WH002,17-10-2023 22:39,Return,41,
INV0001981,PROD0078,WH001,17-10-2023 23:27,Sale,65,
INV0001982,PROD0196,WH003,18-10-2023 03:25,Purchase,50,SUP011
INV0001983,PROD0024,WH002,18-10-2023 09:30,Sale,88,
INV0001984,PROD0187,WH002,18-10-2023 13:02,Sale,55,
INV0001985,PROD0116,WH002,18-10-2023 21:28,Purchase,13,SUP010
INV0001986,PROD0056,WH003,18-10-2023 22:04,Adjustment,68,
INV0001987,PROD0105,WH002,18-10-2023 23:15,Sale,56,
INV0001988,PROD0024,WH004,18-10-2023 23:16,Purchase,62,SUP016
INV0001989,PROD0128,WH002,19-10-2023 04:07,Adjustment,54,
INV0001990,PROD0196,WH001,19-10-2023 07:29,Purchase,80,SUP009
INV0001991,PROD0003,WH004,19-10-2023 08:21,Sale,75,
INV0001992,PROD0100,WH003,19-10-2023 12:02,Sale,72,
INV0001993,PROD0125,WH003,19-10-2023 12:03,Sale,49,
INV0001994,PROD0121,WH001,19-10-2023 12:25,Purchase,28,SUP023
INV0001995,PROD0165,WH003,19-10-2023 14:07,Sale,26,
INV0001996,PROD0143,WH004,19-10-2023 18:27,Sale,31,
INV0001997,PROD0118,WH001,19-10-2023 19:21,Purchase,26,SUP026
INV0001998,PROD0189,WH003,20-10-2023 08:52,Sale,74,
INV0001999,PROD0091,WH001,20-10-2023 09:50,Purchase,34,SUP016
INV0002000,PROD0047,WH001,20-10-2023 10:46,Adjustment,91,
INV0002001,PROD0200,WH004,20-10-2023 12:16,Adjustment,42,
INV0002002,PROD0150,WH003,20-10-2023 16:30,Sale,81,
INV0002003,PROD0123,WH004,20-10-2023 19:25,Purchase,69,SUP025
INV0002004,PROD0069,WH002,20-10-2023 20:34,Sale,100,
INV0002005,PROD0160,WH001,20-10-2023 21:39,Sale,43,
INV0002006,PROD0018,WH001,21-10-2023 04:45,Purchase,10,SUP036
INV0002007,PROD0045,WH004,21-10-2023 11:35,Purchase,23,SUP028
INV0002008,PROD0181,WH004,21-10-2023 16:18,Sale,12,
INV0002009,PROD0039,WH004,21-10-2023 17:56,Sale,14,
INV0002010,PROD0006,WH003,21-10-2023 22:20,Purchase,82,SUP040
INV0002011,PROD0185,WH003,22-10-2023 08:10,Purchase,71,SUP010
INV0002012,PROD0070,WH001,22-10-2023 08:31,Return,37,
INV0002013,PROD0186,WH002,22-10-2023 09:09,Adjustment,12,
INV0002014,PROD0001,WH002,22-10-2023 12:33,Sale,90,
INV0002015,PROD0026,WH001,22-10-2023 13:16,Sale,30,
INV0002016,PROD0108,WH001,22-10-2023 13:22,Purchase,55,SUP026
INV0002017,PROD0193,WH004,22-10-2023 15:37,Return,22,
INV0002018,PROD0091,WH002,22-10-2023 17:09,Return,67,
INV0002019,PROD0146,WH002,22-10-2023 18:50,Purchase,9,SUP013
INV0002020,PROD0002,WH003,22-10-2023 22:15,Sale,32,
INV0002021,PROD0060,WH001,23-10-2023 04:46,Purchase,89,SUP028
INV0002022,PROD0103,WH001,23-10-2023 06:27,Sale,2,
INV0002023,PROD0044,WH003,23-10-2023 09:50,Purchase,8,SUP025
INV0002024,PROD0039,WH004,23-10-2023 10:32,Return,59,
INV0002025,PROD0131,WH004,23-10-2023 11:16,Sale,24,
INV0002026,PROD0049,WH001,23-10-2023 11:24,Sale,35,
INV0002027,PROD0020,WH004,23-10-2023 11:38,Sale,18,
INV0002028,PROD0042,WH002,23-10-2023 20:05,Sale,13,
INV0002029,PROD0143,WH004,23-10-2023 21:44,Sale,86,
INV0002030,PROD0120,WH002,24-10-2023 04:58,Purchase,66,SUP024
INV0002031,PROD0165,WH002,24-10-2023 05:09,Sale,90,
INV0002032,PROD0009,WH002,24-10-2023 09:13,Purchase,94,SUP037
INV0002033,PROD0102,WH004,24-10-2023 11:57,Sale,56,
INV0002034,PROD0188,WH002,24-10-2023 17:27,Return,6,
INV0002035,PROD0166,WH004,24-10-2023 23:35,Sale,71,
INV0002036,PROD0122,WH004,25-10-2023 01:20,Adjustment,83,
INV0002037,PROD0135,WH004,25-10-2023 01:38,Purchase,85,SUP022
INV0002038,PROD0017,WH001,25-10-2023 10:45,Purchase,77,SUP003
INV0002039,PROD0116,WH003,25-10-2023 11:27,Sale,31,
INV0002040,PROD0020,WH002,25-10-2023 12:44,Purchase,4,SUP035
INV0002041,PROD0086,WH003,25-10-2023 13:19,Sale,52,
INV0002042,PROD0064,WH001,25-10-2023 16:41,Sale,75,
INV0002043,PROD0131,WH004,25-10-2023 17:18,Purchase,1,SUP002
INV0002044,PROD0157,WH002,25-10-2023 17:29,Sale,72,
INV0002045,PROD0195,WH003,25-10-2023 19:59,Sale,25,
INV0002046,PROD0194,WH002,26-10-2023 03:16,Purchase,11,SUP039
INV0002047,PROD0024,WH001,26-10-2023 04:19,Sale,53,
INV0002048,PROD0008,WH001,26-10-2023 05:05,Adjustment,94,
INV0002049,PROD0034,WH002,26-10-2023 12:25,Sale,34,
INV0002050,PROD0162,WH004,26-10-2023 15:35,Sale,54,
INV0002051,PROD0133,WH004,26-10-2023 20:27,Purchase,15,SUP025
INV0002052,PROD0122,WH002,26-10-2023 23:19,Purchase,55,SUP004
INV0002053,PROD0197,WH001,27-10-2023 05:11,Sale,10,
INV0002054,PROD0095,WH001,27-10-2023 08:35,Sale,93,
INV0002055,PROD0100,WH002,27-10-2023 18:33,Sale,86,
INV0002056,PROD0141,WH003,27-10-2023 18:43,Purchase,31,SUP017
INV0002057,PROD0080,WH004,27-10-2023 21:28,Purchase,76,SUP024
INV0002058,PROD0036,WH002,28-10-2023 00:10,Sale,56,
INV0002059,PROD0193,WH003,28-10-2023 00:39,Purchase,79,SUP039
INV0002060,PROD0195,WH002,28-10-2023 03:05,Sale,23,
INV0002061,PROD0056,WH002,28-10-2023 03:13,Purchase,69,SUP010
INV0002062,PROD0027,WH004,28-10-2023 08:44,Purchase,93,SUP038
INV0002063,PROD0066,WH003,28-10-2023 15:27,Sale,18,
INV0002064,PROD0078,WH003,28-10-2023 15:31,Sale,55,
INV0002065,PROD0085,WH003,28-10-2023 18:00,Sale,74,
INV0002066,PROD0196,WH004,28-10-2023 21:15,Purchase,75,SUP009
INV0002067,PROD0104,WH003,29-10-2023 00:03,Sale,56,
INV0002068,PROD0160,WH004,29-10-2023 00:09,Sale,58,
INV0002069,PROD0011,WH001,29-10-2023 00:44,Purchase,2,SUP030
INV0002070,PROD0033,WH003,29-10-2023 01:20,Purchase,59,SUP034
INV0002071,PROD0081,WH004,29-10-2023 06:52,Sale,6,
INV0002072,PROD0018,WH001,29-10-2023 09:39,Sale,21,
INV0002073,PROD0117,WH001,29-10-2023 10:53,Adjustment,22,
INV0002074,PROD0048,WH001,29-10-2023 11:08,Sale,57,
INV0002075,PROD0025,WH003,29-10-2023 13:59,Purchase,79,SUP003
INV0002076,PROD0024,WH001,29-10-2023 16:06,Sale,35,
INV0002077,PROD0093,WH003,29-10-2023 16:33,Purchase,61,SUP008
INV0002078,PROD0066,WH003,29-10-2023 17:32,Sale,43,
INV0002079,PROD0062,WH001,29-10-2023 19:26,Sale,60,
INV0002080,PROD0062,WH002,30-10-2023 01:04,Purchase,12,SUP031
INV0002081,PROD0023,WH001,30-10-2023 08:20,Purchase,99,SUP035
INV0002082,PROD0024,WH002,30-10-2023 19:24,Purchase,34,SUP008
INV0002083,PROD0184,WH002,31-10-2023 01:47,Purchase,50,SUP019
INV0002084,PROD0021,WH004,31-10-2023 03:30,Purchase,56,SUP040
INV0002085,PROD0072,WH001,31-10-2023 07:04,Purchase,46,SUP027
INV0002086,PROD0042,WH003,31-10-2023 11:48,Sale,45,
INV0002087,PROD0099,WH004,31-10-2023 12:33,Adjustment,47,
INV0002088,PROD0149,WH002,31-10-2023 14:38,Purchase,86,SUP017
INV0002089,PROD0105,WH004,31-10-2023 15:30,Purchase,32,SUP020
INV0002090,PROD0155,WH004,01-11-2023 01:18,Purchase,45,SUP035
INV0002091,PROD0034,WH004,01-11-2023 01:47,Sale,22,
INV0002092,PROD0125,WH002,01-11-2023 07:59,Adjustment,70,
INV0002093,PROD0114,WH004,01-11-2023 08:13,Sale,8,
INV0002094,PROD0004,WH004,01-11-2023 13:21,Return,55,
INV0002095,PROD0050,WH001,01-11-2023 17:28,Return,32,
INV0002096,PROD0104,WH004,01-11-2023 22:08,Purchase,44,SUP019
INV0002097,PROD0122,WH004,02-11-2023 01:07,Purchase,12,SUP009
INV0002098,PROD0041,WH001,02-11-2023 07:59,Adjustment,42,
INV0002099,PROD0024,WH002,02-11-2023 10:13,Sale,15,
INV0002100,PROD0029,WH004,02-11-2023 11:54,Sale,89,
INV0002101,PROD0159,WH001,02-11-2023 12:08,Sale,59,
INV0002102,PROD0020,WH004,02-11-2023 12:59,Purchase,90,SUP008
INV0002103,PROD0173,WH003,02-11-2023 15:12,Purchase,23,SUP002
INV0002104,PROD0031,WH002,02-11-2023 15:33,Sale,38,
INV0002105,PROD0197,WH001,03-11-2023 09:25,Sale,17,
INV0002106,PROD0127,WH003,03-11-2023 13:56,Purchase,46,SUP018
INV0002107,PROD0180,WH004,03-11-2023 14:10,Sale,53,
INV0002108,PROD0091,WH002,03-11-2023 15:05,Sale,9,
INV0002109,PROD0133,WH004,03-11-2023 19:32,Adjustment,1,
INV0002110,PROD0070,WH002,03-11-2023 22:24,Sale,2,
INV0002111,PROD0029,WH004,03-11-2023 22:34,Adjustment,58,
INV0002112,PROD0148,WH004,04-11-2023 00:34,Purchase,59,SUP002
INV0002113,PROD0018,WH001,04-11-2023 05:32,Adjustment,39,
INV0002114,PROD0085,WH002,04-11-2023 18:56,Sale,1,
INV0002115,PROD0016,WH001,05-11-2023 03:44,Sale,29,
INV0002116,PROD0104,WH004,05-11-2023 06:43,Purchase,13,SUP001
INV0002117,PROD0168,WH002,05-11-2023 07:42,Purchase,7,SUP015
INV0002118,PROD0036,WH004,05-11-2023 07:42,Purchase,22,SUP019
INV0002119,PROD0153,WH004,05-11-2023 09:52,Purchase,24,SUP037
INV0002120,PROD0062,WH001,05-11-2023 10:51,Sale,14,
INV0002121,PROD0045,WH003,05-11-2023 13:28,Sale,76,
INV0002122,PROD0181,WH002,05-11-2023 16:34,Purchase,96,SUP024
INV0002123,PROD0048,WH003,05-11-2023 19:46,Purchase,43,SUP037
INV0002124,PROD0116,WH003,05-11-2023 19:49,Purchase,30,SUP018
INV0002125,PROD0020,WH001,06-11-2023 03:34,Adjustment,65,
INV0002126,PROD0030,WH003,06-11-2023 03:42,Purchase,41,SUP019
INV0002127,PROD0195,WH002,06-11-2023 06:42,Sale,85,
INV0002128,PROD0086,WH002,06-11-2023 10:17,Purchase,78,SUP023
INV0002129,PROD0051,WH002,06-11-2023 11:06,Sale,85,
INV0002130,PROD0176,WH004,06-11-2023 14:32,Purchase,22,SUP013
INV0002131,PROD0170,WH004,06-11-2023 19:26,Return,82,
INV0002132,PROD0050,WH002,06-11-2023 20:31,Sale,38,
INV0002133,PROD0154,WH004,06-11-2023 20:42,Purchase,15,SUP010
INV0002134,PROD0055,WH004,06-11-2023 22:13,Purchase,51,SUP040
INV0002135,PROD0161,WH001,06-11-2023 22:26,Adjustment,70,
INV0002136,PROD0060,WH003,06-11-2023 22:41,Purchase,78,SUP038
INV0002137,PROD0126,WH002,07-11-2023 10:30,Sale,19,
INV0002138,PROD0194,WH002,07-11-2023 11:43,Return,73,
INV0002139,PROD0043,WH004,07-11-2023 15:24,Adjustment,65,
INV0002140,PROD0044,WH004,07-11-2023 17:05,Adjustment,96,
INV0002141,PROD0045,WH004,07-11-2023 19:14,Purchase,44,SUP035
INV0002142,PROD0097,WH001,07-11-2023 20:37,Sale,72,
INV0002143,PROD0187,WH002,07-11-2023 21:56,Sale,94,
INV0002144,PROD0169,WH004,08-11-2023 00:35,Sale,68,
INV0002145,PROD0111,WH004,08-11-2023 04:32,Sale,39,
INV0002146,PROD0095,WH004,08-11-2023 05:46,Sale,92,
INV0002147,PROD0135,WH002,08-11-2023 05:50,Purchase,82,SUP033
INV0002148,PROD0168,WH004,08-11-2023 10:27,Sale,3,
INV0002149,PROD0107,WH001,08-11-2023 12:38,Sale,23,
INV0002150,PROD0105,WH002,08-11-2023 16:09,Adjustment,59,
INV0002151,PROD0069,WH004,08-11-2023 17:19,Sale,3,
INV0002152,PROD0185,WH003,09-11-2023 06:46,Adjustment,23,
INV0002153,PROD0141,WH004,09-11-2023 07:51,Adjustment,76,
INV0002154,PROD0126,WH001,09-11-2023 11:29,Purchase,43,SUP014
INV0002155,PROD0172,WH002,09-11-2023 13:33,Purchase,71,SUP012
INV0002156,PROD0127,WH002,09-11-2023 15:35,Adjustment,49,
INV0002157,PROD0047,WH003,09-11-2023 20:17,Sale,20,
INV0002158,PROD0139,WH002,10-11-2023 00:06,Purchase,98,SUP039
INV0002159,PROD0033,WH002,10-11-2023 01:28,Sale,22,
INV0002160,PROD0034,WH003,10-11-2023 08:09,Sale,34,
INV0002161,PROD0014,WH002,10-11-2023 10:52,Purchase,90,SUP027
INV0002162,PROD0027,WH003,10-11-2023 12:17,Adjustment,35,
INV0002163,PROD0181,WH004,10-11-2023 13:58,Purchase,44,SUP012
INV0002164,PROD0008,WH003,10-11-2023 14:22,Sale,44,
INV0002165,PROD0138,WH004,10-11-2023 17:54,Return,57,
INV0002166,PROD0179,WH002,10-11-2023 23:38,Return,76,
INV0002167,PROD0143,WH001,11-11-2023 06:32,Purchase,12,SUP034
INV0002168,PROD0050,WH003,11-11-2023 07:37,Purchase,41,SUP024
INV0002169,PROD0011,WH003,11-11-2023 08:06,Purchase,11,SUP004
INV0002170,PROD0092,WH001,11-11-2023 11:25,Purchase,56,SUP014
INV0002171,PROD0080,WH001,11-11-2023 22:53,Purchase,76,SUP032
INV0002172,PROD0151,WH001,12-11-2023 20:43,Sale,45,
INV0002173,PROD0012,WH003,12-11-2023 22:17,Purchase,32,SUP030
INV0002174,PROD0157,WH002,12-11-2023 22:57,Purchase,33,SUP013
INV0002175,PROD0138,WH004,13-11-2023 04:06,Purchase,74,SUP014
INV0002176,PROD0065,WH004,13-11-2023 10:24,Purchase,96,SUP004
INV0002177,PROD0069,WH001,13-11-2023 11:25,Purchase,11,SUP025
INV0002178,PROD0139,WH002,13-11-2023 13:37,Sale,35,
INV0002179,PROD0197,WH002,13-11-2023 15:55,Sale,2,
INV0002180,PROD0071,WH001,13-11-2023 17:07,Sale,95,
INV0002181,PROD0145,WH004,13-11-2023 22:59,Sale,42,
INV0002182,PROD0120,WH003,14-11-2023 03:29,Sale,77,
INV0002183,PROD0029,WH002,14-11-2023 07:44,Return,40,
INV0002184,PROD0166,WH001,14-11-2023 09:30,Sale,48,
INV0002185,PROD0037,WH001,14-11-2023 10:13,Sale,97,
INV0002186,PROD0018,WH003,14-11-2023 13:51,Sale,9,
INV0002187,PROD0025,WH002,14-11-2023 14:23,Purchase,4,SUP027
INV0002188,PROD0079,WH001,14-11-2023 18:15,Adjustment,88,
INV0002189,PROD0050,WH002,14-11-2023 23:32,Sale,62,
INV0002190,PROD0091,WH002,15-11-2023 00:20,Sale,86,
INV0002191,PROD0195,WH004,15-11-2023 02:43,Sale,83,
INV0002192,PROD0015,WH003,15-11-2023 06:42,Purchase,61,SUP019
INV0002193,PROD0198,WH002,15-11-2023 07:19,Purchase,35,SUP005
INV0002194,PROD0064,WH001,15-11-2023 16:07,Sale,35,
INV0002195,PROD0058,WH001,15-11-2023 18:36,Sale,69,
INV0002196,PROD0017,WH003,15-11-2023 20:31,Return,8,
INV0002197,PROD0049,WH004,15-11-2023 21:19,Sale,79,
INV0002198,PROD0196,WH001,16-11-2023 02:08,Purchase,61,SUP027
INV0002199,PROD0052,WH002,16-11-2023 06:42,Sale,30,
INV0002200,PROD0162,WH001,16-11-2023 07:17,Purchase,44,SUP035
INV0002201,PROD0102,WH001,16-11-2023 09:28,Sale,80,
INV0002202,PROD0007,WH003,16-11-2023 10:41,Sale,1,
INV0002203,PROD0097,WH004,16-11-2023 12:25,Purchase,97,SUP032
INV0002204,PROD0018,WH004,16-11-2023 16:15,Purchase,41,SUP003
INV0002205,PROD0090,WH004,16-11-2023 23:45,Sale,32,
INV0002206,PROD0097,WH003,16-11-2023 23:50,Adjustment,25,
INV0002207,PROD0016,WH004,17-11-2023 07:24,Sale,20,
INV0002208,PROD0121,WH002,17-11-2023 16:16,Sale,39,
INV0002209,PROD0052,WH003,17-11-2023 19:52,Sale,92,
INV0002210,PROD0160,WH002,17-11-2023 23:00,Sale,98,
INV0002211,PROD0091,WH002,17-11-2023 23:24,Sale,3,
INV0002212,PROD0174,WH002,18-11-2023 00:00,Adjustment,18,
INV0002213,PROD0044,WH004,18-11-2023 01:01,Purchase,14,SUP012
INV0002214,PROD0131,WH003,18-11-2023 06:00,Sale,71,
INV0002215,PROD0125,WH001,18-11-2023 08:59,Purchase,39,SUP016
INV0002216,PROD0001,WH003,18-11-2023 10:55,Sale,60,
INV0002217,PROD0031,WH003,18-11-2023 13:28,Purchase,69,SUP010
INV0002218,PROD0058,WH004,18-11-2023 22:05,Purchase,98,SUP009
INV0002219,PROD0072,WH004,19-11-2023 07:56,Sale,94,
INV0002220,PROD0177,WH003,19-11-2023 10:25,Sale,87,
INV0002221,PROD0152,WH004,19-11-2023 22:49,Purchase,54,SUP005
INV0002222,PROD0041,WH004,20-11-2023 05:24,Sale,30,
INV0002223,PROD0119,WH003,20-11-2023 06:03,Return,79,
INV0002224,PROD0010,WH001,20-11-2023 10:11,Sale,94,
INV0002225,PROD0183,WH004,20-11-2023 13:23,Sale,27,
INV0002226,PROD0138,WH002,20-11-2023 16:38,Sale,36,
INV0002227,PROD0058,WH001,20-11-2023 17:38,Purchase,69,SUP034
INV0002228,PROD0135,WH002,20-11-2023 19:24,Purchase,68,SUP009
INV0002229,PROD0003,WH001,21-11-2023 01:16,Purchase,26,SUP009
INV0002230,PROD0053,WH002,21-11-2023 02:04,Sale,6,
INV0002231,PROD0102,WH004,21-11-2023 03:01,Purchase,87,SUP007
INV0002232,PROD0127,WH004,21-11-2023 04:02,Sale,75,
INV0002233,PROD0045,WH004,21-11-2023 04:35,Sale,36,
INV0002234,PROD0117,WH001,21-11-2023 05:17,Purchase,14,SUP005
INV0002235,PROD0025,WH001,21-11-2023 07:03,Purchase,73,SUP026
INV0002236,PROD0028,WH002,21-11-2023 08:44,Sale,16,
INV0002237,PROD0004,WH002,21-11-2023 09:27,Purchase,39,SUP035
INV0002238,PROD0153,WH001,21-11-2023 10:19,Purchase,35,SUP026
INV0002239,PROD0118,WH004,21-11-2023 13:40,Sale,58,
INV0002240,PROD0044,WH004,22-11-2023 00:17,Adjustment,64,
INV0002241,PROD0078,WH004,22-11-2023 04:36,Sale,64,
INV0002242,PROD0158,WH003,22-11-2023 07:49,Purchase,87,SUP020
INV0002243,PROD0065,WH002,22-11-2023 11:46,Sale,24,
INV0002244,PROD0054,WH002,22-11-2023 16:25,Purchase,36,SUP018
INV0002245,PROD0077,WH004,22-11-2023 21:20,Purchase,30,SUP040
INV0002246,PROD0044,WH001,23-11-2023 00:14,Sale,69,
INV0002247,PROD0153,WH002,23-11-2023 10:28,Sale,26,
INV0002248,PROD0176,WH001,23-11-2023 16:46,Adjustment,71,
INV0002249,PROD0047,WH002,24-11-2023 06:48,Sale,44,
INV0002250,PROD0185,WH004,24-11-2023 08:37,Sale,65,
INV0002251,PROD0102,WH003,24-11-2023 11:31,Adjustment,5,
INV0002252,PROD0132,WH001,24-11-2023 13:46,Purchase,61,SUP002
INV0002253,PROD0199,WH002,24-11-2023 18:07,Sale,100,
INV0002254,PROD0183,WH001,25-11-2023 07:27,Adjustment,80,
INV0002255,PROD0010,WH003,25-11-2023 07:38,Sale,30,
INV0002256,PROD0023,WH002,25-11-2023 10:17,Purchase,42,SUP024
INV0002257,PROD0132,WH002,25-11-2023 10:57,Adjustment,44,
INV0002258,PROD0124,WH003,25-11-2023 13:02,Purchase,15,SUP029
INV0002259,PROD0137,WH003,25-11-2023 20:44,Purchase,28,SUP016
INV0002260,PROD0034,WH003,25-11-2023 21:52,Sale,8,
INV0002261,PROD0085,WH004,25-11-2023 22:16,Purchase,40,SUP033
INV0002262,PROD0097,WH001,26-11-2023 01:06,Sale,74,
INV0002263,PROD0162,WH004,26-11-2023 02:49,Purchase,91,SUP037
INV0002264,PROD0130,WH001,26-11-2023 03:50,Purchase,57,SUP034
INV0002265,PROD0135,WH001,26-11-2023 04:38,Purchase,70,SUP024
INV0002266,PROD0069,WH001,26-11-2023 05:06,Purchase,89,SUP019
INV0002267,PROD0143,WH003,26-11-2023 06:52,Sale,50,
INV0002268,PROD0018,WH001,26-11-2023 08:21,Sale,57,
INV0002269,PROD0026,WH004,26-11-2023 08:57,Purchase,69,SUP021
INV0002270,PROD0086,WH003,26-11-2023 10:36,Sale,13,
INV0002271,PROD0110,WH003,26-11-2023 11:07,Adjustment,50,
INV0002272,PROD0058,WH002,26-11-2023 14:22,Sale,53,
INV0002273,PROD0034,WH001,26-11-2023 16:30,Adjustment,21,
INV0002274,PROD0101,WH002,26-11-2023 20:53,Sale,47,
INV0002275,PROD0016,WH003,26-11-2023 22:27,Adjustment,30,
INV0002276,PROD0043,WH001,27-11-2023 16:21,Purchase,68,SUP016
INV0002277,PROD0085,WH004,28-11-2023 03:18,Sale,49,
INV0002278,PROD0101,WH002,28-11-2023 05:11,Purchase,33,SUP024
INV0002279,PROD0020,WH001,28-11-2023 11:25,Adjustment,74,
INV0002280,PROD0162,WH002,28-11-2023 13:31,Purchase,77,SUP015
INV0002281,PROD0001,WH004,28-11-2023 16:47,Purchase,6,SUP027
INV0002282,PROD0100,WH002,28-11-2023 20:12,Sale,63,
INV0002283,PROD0195,WH002,28-11-2023 21:42,Purchase,37,SUP011
INV0002284,PROD0180,WH003,29-11-2023 04:51,Purchase,5,SUP028
INV0002285,PROD0176,WH004,29-11-2023 06:23,Sale,14,
INV0002286,PROD0142,WH001,29-11-2023 19:13,Purchase,25,SUP040
INV0002287,PROD0038,WH002,30-11-2023 03:48,Purchase,66,SUP026
INV0002288,PROD0127,WH004,30-11-2023 13:17,Purchase,45,SUP031
INV0002289,PROD0030,WH001,01-12-2023 03:55,Purchase,22,SUP031
INV0002290,PROD0196,WH001,01-12-2023 08:42,Sale,86,
INV0002291,PROD0069,WH003,01-12-2023 09:20,Purchase,35,SUP036
INV0002292,PROD0010,WH002,01-12-2023 17:32,Sale,93,
INV0002293,PROD0023,WH003,01-12-2023 18:12,Sale,41,
INV0002294,PROD0019,WH002,01-12-2023 19:33,Sale,60,
INV0002295,PROD0068,WH004,02-12-2023 02:00,Sale,43,
INV0002296,PROD0036,WH002,02-12-2023 02:22,Sale,36,
INV0002297,PROD0142,WH002,02-12-2023 12:07,Sale,56,
INV0002298,PROD0140,WH002,02-12-2023 13:30,Sale,55,
INV0002299,PROD0048,WH001,02-12-2023 14:50,Purchase,11,SUP030
INV0002300,PROD0023,WH001,02-12-2023 18:15,Purchase,99,SUP037
INV0002301,PROD0156,WH001,02-12-2023 23:25,Purchase,81,SUP036
INV0002302,PROD0011,WH004,03-12-2023 01:33,Sale,46,
INV0002303,PROD0185,WH002,03-12-2023 05:19,Sale,55,
INV0002304,PROD0058,WH004,03-12-2023 07:21,Sale,60,
INV0002305,PROD0008,WH001,03-12-2023 10:59,Sale,54,
INV0002306,PROD0143,WH004,03-12-2023 15:00,Sale,42,
INV0002307,PROD0109,WH003,03-12-2023 16:44,Sale,29,
INV0002308,PROD0176,WH002,03-12-2023 17:18,Purchase,17,SUP022
INV0002309,PROD0016,WH003,03-12-2023 17:21,Sale,1,
INV0002310,PROD0083,WH004,04-12-2023 01:56,Purchase,9,SUP038
INV0002311,PROD0111,WH001,04-12-2023 06:03,Purchase,61,SUP003
INV0002312,PROD0064,WH002,04-12-2023 07:03,Return,48,
INV0002313,PROD0008,WH004,04-12-2023 10:09,Sale,48,
INV0002314,PROD0024,WH001,04-12-2023 11:53,Purchase,76,SUP017
INV0002315,PROD0100,WH003,04-12-2023 13:53,Sale,40,
INV0002316,PROD0109,WH003,04-12-2023 15:09,Return,36,
INV0002317,PROD0086,WH003,04-12-2023 19:09,Purchase,55,SUP027
INV0002318,PROD0124,WH002,04-12-2023 21:21,Sale,53,
INV0002319,PROD0192,WH003,05-12-2023 00:02,Purchase,71,SUP021
INV0002320,PROD0014,WH004,05-12-2023 02:36,Sale,98,
INV0002321,PROD0037,WH003,05-12-2023 02:50,Purchase,55,SUP001
INV0002322,PROD0102,WH004,05-12-2023 04:07,Purchase,6,SUP006
INV0002323,PROD0022,WH001,05-12-2023 04:07,Purchase,44,SUP040
INV0002324,PROD0080,WH001,05-12-2023 15:47,Adjustment,20,
INV0002325,PROD0015,WH003,05-12-2023 19:17,Purchase,100,SUP014
INV0002326,PROD0010,WH004,06-12-2023 01:10,Purchase,49,SUP027
INV0002327,PROD0028,WH002,06-12-2023 02:48,Sale,59,
INV0002328,PROD0023,WH003,06-12-2023 02:54,Sale,51,
INV0002329,PROD0118,WH004,06-12-2023 03:05,Purchase,28,SUP025
INV0002330,PROD0118,WH003,06-12-2023 08:31,Sale,23,
INV0002331,PROD0195,WH003,06-12-2023 18:26,Sale,23,
INV0002332,PROD0172,WH001,06-12-2023 20:36,Purchase,53,SUP016
INV0002333,PROD0120,WH003,06-12-2023 23:08,Sale,48,
INV0002334,PROD0184,WH001,06-12-2023 23:12,Adjustment,39,
INV0002335,PROD0131,WH003,07-12-2023 04:18,Purchase,14,SUP016
INV0002336,PROD0188,WH004,07-12-2023 04:41,Purchase,7,SUP003
INV0002337,PROD0124,WH002,07-12-2023 06:19,Purchase,3,SUP022
INV0002338,PROD0170,WH004,07-12-2023 08:27,Return,5,
INV0002339,PROD0036,WH003,07-12-2023 09:00,Sale,56,
INV0002340,PROD0195,WH003,07-12-2023 11:55,Sale,27,
INV0002341,PROD0189,WH004,07-12-2023 13:04,Return,41,
INV0002342,PROD0012,WH003,07-12-2023 14:30,Purchase,35,SUP017
INV0002343,PROD0199,WH002,07-12-2023 20:56,Return,82,
INV0002344,PROD0083,WH001,07-12-2023 22:58,Adjustment,10,
INV0002345,PROD0032,WH002,08-12-2023 07:20,Sale,1,
INV0002346,PROD0146,WH003,08-12-2023 16:45,Sale,59,
INV0002347,PROD0050,WH004,08-12-2023 18:41,Return,72,
INV0002348,PROD0135,WH004,08-12-2023 20:55,Purchase,33,SUP017
INV0002349,PROD0115,WH004,09-12-2023 05:13,Purchase,72,SUP016
INV0002350,PROD0133,WH003,09-12-2023 05:35,Purchase,5,SUP036
INV0002351,PROD0184,WH001,09-12-2023 07:19,Sale,84,
INV0002352,PROD0141,WH003,09-12-2023 13:12,Sale,42,
INV0002353,PROD0117,WH002,09-12-2023 22:18,Sale,82,
INV0002354,PROD0053,WH002,09-12-2023 23:45,Sale,82,
INV0002355,PROD0076,WH004,10-12-2023 02:57,Sale,98,
INV0002356,PROD0031,WH001,10-12-2023 07:56,Purchase,48,SUP016
INV0002357,PROD0076,WH004,10-12-2023 13:08,Purchase,13,SUP017
INV0002358,PROD0003,WH001,10-12-2023 19:02,Purchase,67,SUP003
INV0002359,PROD0081,WH001,11-12-2023 00:17,Sale,34,
INV0002360,PROD0003,WH002,11-12-2023 03:17,Purchase,74,SUP028
INV0002361,PROD0187,WH002,11-12-2023 13:44,Purchase,96,SUP010
INV0002362,PROD0051,WH002,11-12-2023 13:50,Sale,1,
INV0002363,PROD0155,WH001,11-12-2023 14:07,Sale,84,
INV0002364,PROD0029,WH002,11-12-2023 16:16,Sale,2,
INV0002365,PROD0161,WH003,12-12-2023 00:06,Sale,82,
INV0002366,PROD0005,WH003,12-12-2023 05:41,Sale,96,
INV0002367,PROD0009,WH001,12-12-2023 06:53,Sale,57,
INV0002368,PROD0057,WH003,12-12-2023 12:54,Purchase,3,SUP033
INV0002369,PROD0062,WH002,12-12-2023 14:34,Sale,95,
INV0002370,PROD0162,WH003,12-12-2023 17:51,Sale,23,
INV0002371,PROD0157,WH001,12-12-2023 19:25,Purchase,44,SUP009
INV0002372,PROD0105,WH001,12-12-2023 23:16,Adjustment,91,
INV0002373,PROD0024,WH004,13-12-2023 04:05,Return,35,
INV0002374,PROD0161,WH001,13-12-2023 04:42,Sale,11,
INV0002375,PROD0053,WH001,13-12-2023 06:52,Sale,99,
INV0002376,PROD0134,WH002,13-12-2023 14:15,Return,87,
INV0002377,PROD0165,WH003,13-12-2023 17:42,Purchase,35,SUP024
INV0002378,PROD0050,WH002,13-12-2023 20:06,Sale,31,
INV0002379,PROD0112,WH001,13-12-2023 22:18,Purchase,91,SUP022
INV0002380,PROD0150,WH003,14-12-2023 07:19,Return,97,
INV0002381,PROD0109,WH001,14-12-2023 10:59,Sale,39,
INV0002382,PROD0079,WH003,14-12-2023 13:51,Sale,27,
INV0002383,PROD0060,WH001,14-12-2023 15:07,Sale,73,
INV0002384,PROD0137,WH002,14-12-2023 15:55,Sale,56,
INV0002385,PROD0019,WH001,15-12-2023 03:35,Purchase,49,SUP011
INV0002386,PROD0113,WH002,15-12-2023 12:24,Sale,10,
INV0002387,PROD0174,WH003,15-12-2023 14:54,Purchase,60,SUP014
INV0002388,PROD0046,WH001,15-12-2023 15:18,Purchase,7,SUP033
INV0002389,PROD0037,WH003,15-12-2023 15:44,Purchase,91,SUP036
INV0002390,PROD0116,WH002,15-12-2023 17:24,Purchase,28,SUP034
INV0002391,PROD0106,WH002,15-12-2023 18:16,Sale,73,
INV0002392,PROD0030,WH002,16-12-2023 00:59,Purchase,15,SUP001
INV0002393,PROD0119,WH004,16-12-2023 03:42,Purchase,81,SUP032
INV0002394,PROD0016,WH003,16-12-2023 04:32,Sale,44,
INV0002395,PROD0096,WH002,16-12-2023 07:03,Purchase,46,SUP023
INV0002396,PROD0013,WH001,16-12-2023 12:11,Purchase,12,SUP009
INV0002397,PROD0163,WH004,16-12-2023 16:12,Sale,11,
INV0002398,PROD0194,WH003,16-12-2023 19:57,Return,83,
INV0002399,PROD0002,WH003,16-12-2023 20:43,Purchase,93,SUP021
INV0002400,PROD0129,WH004,16-12-2023 21:19,Purchase,58,SUP024
INV0002401,PROD0073,WH001,17-12-2023 05:46,Sale,98,
INV0002402,PROD0021,WH004,17-12-2023 06:52,Adjustment,37,
INV0002403,PROD0141,WH001,17-12-2023 13:07,Adjustment,29,
INV0002404,PROD0176,WH003,17-12-2023 18:55,Sale,78,
INV0002405,PROD0010,WH001,17-12-2023 21:57,Purchase,88,SUP011
INV0002406,PROD0029,WH001,18-12-2023 14:15,Sale,8,
INV0002407,PROD0185,WH003,18-12-2023 16:03,Sale,56,
INV0002408,PROD0005,WH003,18-12-2023 17:34,Sale,78,
INV0002409,PROD0076,WH003,18-12-2023 19:37,Purchase,37,SUP026
INV0002410,PROD0183,WH001,18-12-2023 21:41,Purchase,42,SUP013
INV0002411,PROD0120,WH001,19-12-2023 01:14,Sale,3,
INV0002412,PROD0039,WH002,19-12-2023 03:25,Purchase,30,SUP024
INV0002413,PROD0002,WH004,19-12-2023 06:34,Sale,81,
INV0002414,PROD0105,WH004,19-12-2023 12:33,Sale,97,
INV0002415,PROD0108,WH004,19-12-2023 14:06,Sale,99,
INV0002416,PROD0102,WH003,19-12-2023 15:10,Purchase,50,SUP036
INV0002417,PROD0042,WH001,19-12-2023 18:30,Sale,21,
INV0002418,PROD0192,WH004,19-12-2023 20:30,Purchase,99,SUP007
INV0002419,PROD0068,WH002,19-12-2023 21:50,Purchase,1,SUP033
INV0002420,PROD0184,WH002,19-12-2023 23:58,Purchase,76,SUP033
INV0002421,PROD0188,WH004,20-12-2023 07:39,Return,33,
INV0002422,PROD0041,WH002,20-12-2023 11:04,Sale,30,
INV0002423,PROD0144,WH004,20-12-2023 13:46,Purchase,92,SUP009
INV0002424,PROD0095,WH004,20-12-2023 19:00,Sale,90,
INV0002425,PROD0130,WH002,20-12-2023 21:00,Purchase,87,SUP001
INV0002426,PROD0109,WH002,21-12-2023 01:11,Purchase,73,SUP027
INV0002427,PROD0198,WH004,21-12-2023 04:44,Adjustment,44,
INV0002428,PROD0120,WH004,21-12-2023 16:22,Adjustment,49,
INV0002429,PROD0036,WH004,21-12-2023 18:07,Sale,82,
INV0002430,PROD0170,WH002,21-12-2023 23:14,Purchase,94,SUP019
INV0002431,PROD0013,WH004,22-12-2023 05:35,Purchase,30,SUP025
INV0002432,PROD0144,WH002,22-12-2023 15:25,Purchase,59,SUP027
INV0002433,PROD0154,WH003,22-12-2023 17:25,Purchase,58,SUP032
INV0002434,PROD0108,WH003,22-12-2023 22:43,Adjustment,15,
INV0002435,PROD0005,WH002,23-12-2023 04:24,Purchase,68,SUP021
INV0002436,PROD0067,WH002,23-12-2023 04:36,Sale,22,
INV0002437,PROD0156,WH003,23-12-2023 10:14,Purchase,12,SUP015
INV0002438,PROD0172,WH001,23-12-2023 13:05,Sale,59,
INV0002439,PROD0102,WH003,23-12-2023 14:07,Sale,16,
INV0002440,PROD0094,WH001,23-12-2023 16:46,Purchase,93,SUP023
INV0002441,PROD0046,WH002,23-12-2023 18:43,Purchase,9,SUP016
INV0002442,PROD0094,WH003,23-12-2023 21:55,Sale,96,
INV0002443,PROD0129,WH003,23-12-2023 22:05,Purchase,100,SUP036
INV0002444,PROD0189,WH004,24-12-2023 01:22,Purchase,98,SUP032
INV0002445,PROD0099,WH003,24-12-2023 02:35,Sale,39,
INV0002446,PROD0015,WH003,24-12-2023 03:01,Sale,50,
INV0002447,PROD0038,WH003,24-12-2023 06:41,Sale,32,
INV0002448,PROD0099,WH004,24-12-2023 13:56,Sale,96,
INV0002449,PROD0162,WH004,24-12-2023 14:18,Purchase,35,SUP037
INV0002450,PROD0120,WH002,24-12-2023 16:52,Sale,59,
INV0002451,PROD0058,WH004,24-12-2023 21:16,Purchase,97,SUP026
INV0002452,PROD0189,WH002,25-12-2023 07:22,Purchase,11,SUP013
INV0002453,PROD0050,WH002,25-12-2023 14:31,Adjustment,3,
INV0002454,PROD0005,WH001,25-12-2023 16:18,Return,35,
INV0002455,PROD0140,WH004,25-12-2023 18:50,Purchase,93,SUP038
INV0002456,PROD0011,WH003,25-12-2023 22:13,Sale,13,
INV0002457,PROD0084,WH003,26-12-2023 05:36,Sale,58,
INV0002458,PROD0031,WH004,26-12-2023 07:21,Purchase,69,SUP027
INV0002459,PROD0069,WH002,26-12-2023 12:22,Purchase,54,SUP040
INV0002460,PROD0069,WH001,26-12-2023 13:04,Sale,38,
INV0002461,PROD0113,WH003,26-12-2023 17:10,Sale,35,
INV0002462,PROD0196,WH001,26-12-2023 17:55,Sale,30,
INV0002463,PROD0132,WH003,27-12-2023 03:10,Purchase,3,SUP023
INV0002464,PROD0030,WH001,27-12-2023 08:01,Sale,91,
INV0002465,PROD0025,WH004,27-12-2023 09:29,Purchase,85,SUP016
INV0002466,PROD0069,WH001,27-12-2023 09:36,Sale,84,
INV0002467,PROD0180,WH002,27-12-2023 16:33,Sale,53,
INV0002468,PROD0088,WH003,27-12-2023 22:44,Sale,31,
INV0002469,PROD0075,WH004,28-12-2023 05:29,Purchase,1,SUP016
INV0002470,PROD0053,WH004,28-12-2023 06:05,Sale,71,
INV0002471,PROD0040,WH001,28-12-2023 06:56,Sale,71,
INV0002472,PROD0100,WH004,28-12-2023 11:03,Purchase,88,SUP039
INV0002473,PROD0026,WH002,28-12-2023 13:31,Purchase,43,SUP011
INV0002474,PROD0094,WH002,28-12-2023 14:15,Sale,66,
INV0002475,PROD0180,WH003,29-12-2023 03:11,Purchase,40,SUP020
INV0002476,PROD0028,WH004,29-12-2023 03:58,Sale,96,
INV0002477,PROD0013,WH003,29-12-2023 04:26,Purchase,7,SUP040
INV0002478,PROD0036,WH002,29-12-2023 17:45,Purchase,57,SUP038
INV0002479,PROD0142,WH001,29-12-2023 19:49,Purchase,68,SUP016
INV0002480,PROD0011,WH004,30-12-2023 03:23,Purchase,5,SUP017
INV0002481,PROD0005,WH002,30-12-2023 07:46,Sale,65,
INV0002482,PROD0018,WH004,30-12-2023 08:46,Sale,96,
INV0002483,PROD0176,WH002,30-12-2023 11:53,Purchase,97,SUP012
INV0002484,PROD0001,WH001,30-12-2023 20:38,Purchase,8,SUP019
INV0002485,PROD0183,WH004,30-12-2023 23:42,Purchase,11,SUP002
INV0002486,PROD0120,WH001,31-12-2023 01:27,Return,47,
INV0002487,PROD0054,WH004,31-12-2023 03:11,Purchase,95,SUP006
INV0002488,PROD0181,WH001,31-12-2023 05:51,Adjustment,43,
INV0002489,PROD0013,WH002,31-12-2023 17:40,Sale,48,
INV0002490,PROD0039,WH001,31-12-2023 19:53,Adjustment,71,
INV0002491,PROD0008,WH004,31-12-2023 20:34,Purchase,6,SUP035
INV0002492,PROD0058,WH001,31-12-2023 22:30,Adjustment,85,
INV0002493,PROD0192,WH003,31-12-2023 22:51,Adjustment,76,
INV0002494,PROD0111,WH004,01-01-2024 01:04,Purchase,100,SUP024
INV0002495,PROD0129,WH002,01-01-2024 02:14,Adjustment,42,
INV0002496,PROD0044,WH001,01-01-2024 08:03,Purchase,77,SUP024
INV0002497,PROD0191,WH004,01-01-2024 12:06,Purchase,10,SUP007
INV0002498,PROD0189,WH003,01-01-2024 15:32,Purchase,30,SUP008
INV0002499,PROD0097,WH004,01-01-2024 19:26,Purchase,13,SUP040
INV0002500,PROD0091,WH002,01-01-2024 22:28,Sale,62,
INV0002501,PROD0161,WH002,01-01-2024 22:45,Sale,97,
INV0002502,PROD0088,WH002,02-01-2024 02:28,Purchase,77,SUP014
INV0002503,PROD0190,WH001,02-01-2024 06:54,Purchase,66,SUP027
INV0002504,PROD0060,WH003,02-01-2024 09:48,Purchase,71,SUP033
INV0002505,PROD0051,WH004,02-01-2024 11:47,Sale,96,
INV0002506,PROD0040,WH003,02-01-2024 12:14,Purchase,70,SUP008
INV0002507,PROD0018,WH003,02-01-2024 12:46,Sale,78,
INV0002508,PROD0175,WH003,02-01-2024 19:44,Sale,27,
INV0002509,PROD0057,WH001,02-01-2024 22:05,Sale,63,
INV0002510,PROD0104,WH004,03-01-2024 01:40,Sale,69,
INV0002511,PROD0110,WH001,03-01-2024 06:40,Adjustment,12,
INV0002512,PROD0026,WH002,03-01-2024 07:03,Sale,71,
INV0002513,PROD0140,WH003,03-01-2024 15:24,Purchase,46,SUP013
INV0002514,PROD0032,WH001,03-01-2024 15:47,Return,99,
INV0002515,PROD0196,WH003,03-01-2024 19:54,Sale,25,
INV0002516,PROD0098,WH001,03-01-2024 21:07,Purchase,48,SUP020
INV0002517,PROD0157,WH001,04-01-2024 02:10,Sale,16,
INV0002518,PROD0110,WH004,04-01-2024 03:46,Purchase,6,SUP014
INV0002519,PROD0018,WH003,04-01-2024 05:52,Purchase,50,SUP026
INV0002520,PROD0161,WH004,04-01-2024 08:05,Purchase,97,SUP020
INV0002521,PROD0185,WH001,04-01-2024 14:45,Purchase,32,SUP023
INV0002522,PROD0109,WH004,04-01-2024 19:13,Purchase,89,SUP009
INV0002523,PROD0169,WH002,04-01-2024 20:27,Sale,96,
INV0002524,PROD0064,WH004,04-01-2024 20:53,Sale,82,
INV0002525,PROD0044,WH002,04-01-2024 22:17,Sale,3,
INV0002526,PROD0148,WH004,05-01-2024 04:42,Sale,73,
INV0002527,PROD0179,WH004,05-01-2024 05:01,Purchase,3,SUP035
INV0002528,PROD0059,WH003,05-01-2024 05:10,Sale,27,
INV0002529,PROD0046,WH002,05-01-2024 08:28,Sale,63,
INV0002530,PROD0046,WH004,05-01-2024 09:36,Purchase,95,SUP024
INV0002531,PROD0105,WH002,05-01-2024 10:16,Sale,10,
INV0002532,PROD0135,WH001,05-01-2024 10:35,Purchase,96,SUP011
INV0002533,PROD0154,WH004,05-01-2024 11:31,Sale,56,
INV0002534,PROD0030,WH001,05-01-2024 11:52,Purchase,75,SUP013
INV0002535,PROD0020,WH001,05-01-2024 17:54,Purchase,82,SUP007
INV0002536,PROD0143,WH001,05-01-2024 18:46,Purchase,51,SUP006
INV0002537,PROD0142,WH003,06-01-2024 01:43,Sale,13,
INV0002538,PROD0083,WH001,06-01-2024 01:44,Sale,79,
INV0002539,PROD0104,WH001,06-01-2024 02:07,Purchase,8,SUP028
INV0002540,PROD0035,WH004,06-01-2024 13:30,Purchase,14,SUP025
INV0002541,PROD0102,WH001,06-01-2024 17:33,Sale,96,
INV0002542,PROD0063,WH003,06-01-2024 22:00,Return,92,
INV0002543,PROD0124,WH002,07-01-2024 01:44,Sale,86,
INV0002544,PROD0193,WH002,07-01-2024 03:57,Adjustment,94,
INV0002545,PROD0016,WH004,07-01-2024 06:49,Sale,25,
INV0002546,PROD0184,WH002,07-01-2024 09:49,Sale,98,
INV0002547,PROD0026,WH001,07-01-2024 11:47,Sale,49,
INV0002548,PROD0034,WH002,07-01-2024 22:32,Sale,10,
INV0002549,PROD0036,WH002,07-01-2024 23:11,Adjustment,16,
INV0002550,PROD0005,WH004,08-01-2024 09:39,Sale,71,
INV0002551,PROD0031,WH003,08-01-2024 13:19,Sale,84,
INV0002552,PROD0159,WH001,08-01-2024 13:47,Sale,40,
INV0002553,PROD0090,WH004,08-01-2024 13:57,Adjustment,20,
INV0002554,PROD0088,WH004,08-01-2024 14:19,Purchase,23,SUP034
INV0002555,PROD0121,WH002,08-01-2024 15:39,Adjustment,84,
INV0002556,PROD0045,WH002,08-01-2024 22:31,Purchase,82,SUP028
INV0002557,PROD0027,WH002,08-01-2024 22:40,Purchase,25,SUP037
INV0002558,PROD0072,WH003,08-01-2024 23:57,Purchase,5,SUP028
INV0002559,PROD0149,WH002,09-01-2024 01:00,Purchase,12,SUP005
INV0002560,PROD0032,WH002,09-01-2024 01:08,Sale,41,
INV0002561,PROD0170,WH002,09-01-2024 01:41,Purchase,22,SUP003
INV0002562,PROD0002,WH004,09-01-2024 07:29,Purchase,46,SUP007
INV0002563,PROD0020,WH001,09-01-2024 07:39,Purchase,55,SUP001
INV0002564,PROD0066,WH001,09-01-2024 08:20,Purchase,9,SUP012
INV0002565,PROD0034,WH001,09-01-2024 21:33,Sale,89,
INV0002566,PROD0087,WH001,09-01-2024 23:49,Purchase,79,SUP004
INV0002567,PROD0074,WH003,10-01-2024 03:40,Return,4,
INV0002568,PROD0101,WH002,10-01-2024 14:46,Purchase,45,SUP028
INV0002569,PROD0132,WH002,10-01-2024 18:41,Sale,15,
INV0002570,PROD0044,WH004,10-01-2024 18:51,Adjustment,83,
INV0002571,PROD0018,WH004,11-01-2024 05:15,Purchase,56,SUP005
INV0002572,PROD0011,WH004,11-01-2024 12:10,Sale,19,
INV0002573,PROD0070,WH003,11-01-2024 13:49,Sale,10,
INV0002574,PROD0160,WH004,11-01-2024 14:19,Sale,33,
INV0002575,PROD0199,WH001,11-01-2024 15:20,Adjustment,35,
INV0002576,PROD0157,WH002,11-01-2024 18:15,Purchase,31,SUP002
INV0002577,PROD0105,WH003,12-01-2024 07:42,Sale,38,
INV0002578,PROD0104,WH004,12-01-2024 20:14,Sale,14,
INV0002579,PROD0035,WH003,13-01-2024 01:13,Sale,49,
INV0002580,PROD0062,WH003,13-01-2024 03:02,Purchase,29,SUP008
INV0002581,PROD0123,WH001,13-01-2024 04:52,Purchase,72,SUP003
INV0002582,PROD0005,WH004,13-01-2024 06:41,Sale,78,
INV0002583,PROD0072,WH004,13-01-2024 08:16,Sale,25,
INV0002584,PROD0131,WH002,13-01-2024 11:39,Sale,14,
INV0002585,PROD0178,WH004,13-01-2024 11:39,Purchase,33,SUP018
INV0002586,PROD0170,WH001,13-01-2024 12:44,Purchase,14,SUP016
INV0002587,PROD0191,WH004,13-01-2024 14:56,Purchase,44,SUP020
INV0002588,PROD0129,WH003,13-01-2024 16:14,Purchase,93,SUP026
INV0002589,PROD0048,WH003,14-01-2024 04:27,Purchase,40,SUP025
INV0002590,PROD0045,WH003,14-01-2024 08:03,Sale,87,
INV0002591,PROD0184,WH004,14-01-2024 08:39,Sale,72,
INV0002592,PROD0139,WH002,14-01-2024 08:59,Sale,88,
INV0002593,PROD0156,WH001,14-01-2024 09:11,Purchase,5,SUP022
INV0002594,PROD0101,WH003,14-01-2024 11:30,Purchase,71,SUP024
INV0002595,PROD0032,WH004,14-01-2024 15:13,Purchase,15,SUP040
INV0002596,PROD0119,WH004,14-01-2024 20:37,Purchase,61,SUP014
INV0002597,PROD0166,WH004,15-01-2024 07:09,Return,14,
INV0002598,PROD0049,WH001,15-01-2024 11:24,Adjustment,88,
INV0002599,PROD0036,WH001,15-01-2024 15:05,Purchase,54,SUP033
INV0002600,PROD0090,WH001,15-01-2024 15:09,Adjustment,59,
INV0002601,PROD0002,WH003,15-01-2024 19:43,Purchase,9,SUP036
INV0002602,PROD0020,WH002,16-01-2024 03:24,Sale,32,
INV0002603,PROD0156,WH001,16-01-2024 13:23,Purchase,8,SUP009
INV0002604,PROD0173,WH002,16-01-2024 13:29,Sale,86,
INV0002605,PROD0070,WH003,16-01-2024 23:35,Return,79,
INV0002606,PROD0014,WH001,17-01-2024 03:26,Return,63,
INV0002607,PROD0185,WH004,17-01-2024 03:41,Return,99,
INV0002608,PROD0184,WH002,17-01-2024 03:50,Purchase,86,SUP012
INV0002609,PROD0089,WH001,17-01-2024 07:33,Sale,4,
INV0002610,PROD0190,WH002,17-01-2024 07:56,Purchase,88,SUP012
INV0002611,PROD0123,WH002,17-01-2024 08:34,Purchase,18,SUP038
INV0002612,PROD0136,WH004,17-01-2024 09:43,Purchase,13,SUP030
INV0002613,PROD0150,WH001,17-01-2024 10:29,Purchase,51,SUP035
INV0002614,PROD0051,WH002,17-01-2024 14:41,Sale,64,
INV0002615,PROD0169,WH003,17-01-2024 17:04,Sale,91,
INV0002616,PROD0031,WH004,17-01-2024 21:48,Sale,53,
INV0002617,PROD0036,WH001,17-01-2024 23:15,Sale,51,
INV0002618,PROD0022,WH001,18-01-2024 03:05,Purchase,10,SUP024
INV0002619,PROD0041,WH004,18-01-2024 06:08,Return,38,
INV0002620,PROD0155,WH004,18-01-2024 08:06,Sale,21,
INV0002621,PROD0178,WH002,18-01-2024 08:40,Purchase,84,SUP023
INV0002622,PROD0023,WH002,18-01-2024 09:54,Sale,37,
INV0002623,PROD0059,WH001,18-01-2024 13:16,Sale,78,
INV0002624,PROD0048,WH004,19-01-2024 04:27,Purchase,6,SUP017
INV0002625,PROD0128,WH004,19-01-2024 06:25,Adjustment,81,
INV0002626,PROD0172,WH003,19-01-2024 15:55,Purchase,63,SUP024
INV0002627,PROD0015,WH003,19-01-2024 16:33,Return,24,
INV0002628,PROD0068,WH003,20-01-2024 05:13,Sale,78,
INV0002629,PROD0134,WH002,20-01-2024 15:05,Sale,66,
INV0002630,PROD0182,WH002,20-01-2024 18:24,Purchase,65,SUP036
INV0002631,PROD0038,WH004,21-01-2024 00:13,Return,19,
INV0002632,PROD0102,WH002,21-01-2024 03:52,Sale,48,
INV0002633,PROD0160,WH004,21-01-2024 07:25,Return,46,
INV0002634,PROD0167,WH002,21-01-2024 08:17,Sale,21,
INV0002635,PROD0149,WH004,21-01-2024 19:13,Sale,84,
INV0002636,PROD0155,WH002,22-01-2024 01:45,Purchase,61,SUP027
INV0002637,PROD0118,WH002,22-01-2024 03:11,Sale,80,
INV0002638,PROD0006,WH001,22-01-2024 04:10,Adjustment,96,
INV0002639,PROD0031,WH002,22-01-2024 06:03,Purchase,56,SUP034
INV0002640,PROD0162,WH003,22-01-2024 06:07,Purchase,31,SUP012
INV0002641,PROD0054,WH003,22-01-2024 09:44,Sale,77,
INV0002642,PROD0140,WH003,22-01-2024 12:09,Sale,58,
INV0002643,PROD0009,WH003,22-01-2024 13:27,Purchase,7,SUP003
INV0002644,PROD0120,WH002,22-01-2024 15:59,Adjustment,35,
INV0002645,PROD0064,WH002,22-01-2024 20:03,Purchase,83,SUP020
INV0002646,PROD0118,WH001,23-01-2024 03:35,Return,57,
INV0002647,PROD0077,WH001,23-01-2024 04:12,Purchase,80,SUP024
INV0002648,PROD0151,WH003,23-01-2024 06:03,Sale,97,
INV0002649,PROD0094,WH002,23-01-2024 07:06,Purchase,75,SUP034
INV0002650,PROD0157,WH001,23-01-2024 12:12,Sale,31,
INV0002651,PROD0200,WH004,23-01-2024 17:51,Sale,15,
INV0002652,PROD0085,WH002,23-01-2024 17:57,Purchase,22,SUP019
INV0002653,PROD0146,WH002,23-01-2024 21:40,Purchase,22,SUP018
INV0002654,PROD0093,WH002,24-01-2024 15:27,Sale,44,
INV0002655,PROD0079,WH002,24-01-2024 17:36,Purchase,22,SUP010
INV0002656,PROD0139,WH002,25-01-2024 02:26,Purchase,74,SUP028
INV0002657,PROD0170,WH002,25-01-2024 05:59,Purchase,69,SUP020
INV0002658,PROD0063,WH001,25-01-2024 13:11,Sale,11,
INV0002659,PROD0074,WH003,25-01-2024 14:21,Purchase,29,SUP009
INV0002660,PROD0083,WH003,25-01-2024 16:56,Sale,10,
INV0002661,PROD0073,WH004,25-01-2024 23:31,Sale,14,
INV0002662,PROD0039,WH001,26-01-2024 01:18,Purchase,62,SUP029
INV0002663,PROD0013,WH001,26-01-2024 01:46,Sale,57,
INV0002664,PROD0058,WH002,26-01-2024 01:52,Sale,23,
INV0002665,PROD0148,WH004,26-01-2024 04:30,Purchase,36,SUP026
INV0002666,PROD0185,WH003,26-01-2024 10:19,Sale,92,
INV0002667,PROD0041,WH003,26-01-2024 16:53,Purchase,49,SUP028
INV0002668,PROD0081,WH003,26-01-2024 18:29,Sale,82,
INV0002669,PROD0048,WH004,26-01-2024 22:32,Return,74,
INV0002670,PROD0172,WH002,27-01-2024 08:50,Sale,31,
INV0002671,PROD0070,WH001,27-01-2024 11:20,Sale,24,
INV0002672,PROD0024,WH002,27-01-2024 11:41,Sale,92,
INV0002673,PROD0165,WH004,27-01-2024 21:15,Return,91,
INV0002674,PROD0032,WH003,27-01-2024 21:47,Sale,18,
INV0002675,PROD0173,WH004,28-01-2024 02:43,Sale,72,
INV0002676,PROD0109,WH003,28-01-2024 03:27,Sale,18,
INV0002677,PROD0111,WH004,28-01-2024 08:01,Sale,82,
INV0002678,PROD0095,WH003,28-01-2024 12:42,Purchase,3,SUP027
INV0002679,PROD0186,WH004,28-01-2024 20:54,Sale,42,
INV0002680,PROD0037,WH003,28-01-2024 22:28,Sale,36,
INV0002681,PROD0086,WH002,28-01-2024 22:55,Purchase,59,SUP014
INV0002682,PROD0013,WH001,29-01-2024 03:58,Return,78,
INV0002683,PROD0121,WH002,29-01-2024 08:20,Sale,79,
INV0002684,PROD0128,WH004,29-01-2024 16:47,Sale,37,
INV0002685,PROD0186,WH001,30-01-2024 02:59,Sale,5,
INV0002686,PROD0132,WH001,30-01-2024 04:02,Adjustment,93,
INV0002687,PROD0105,WH001,30-01-2024 05:53,Sale,37,
INV0002688,PROD0138,WH002,30-01-2024 12:10,Sale,94,
INV0002689,PROD0093,WH004,30-01-2024 13:28,Sale,12,
INV0002690,PROD0190,WH002,30-01-2024 15:07,Sale,74,
INV0002691,PROD0006,WH004,30-01-2024 16:46,Sale,81,
INV0002692,PROD0072,WH003,30-01-2024 17:18,Adjustment,20,
INV0002693,PROD0177,WH001,30-01-2024 17:38,Sale,98,
INV0002694,PROD0133,WH002,30-01-2024 19:08,Purchase,8,SUP038
INV0002695,PROD0038,WH002,31-01-2024 02:27,Return,91,
INV0002696,PROD0148,WH002,31-01-2024 07:12,Sale,24,
INV0002697,PROD0092,WH002,31-01-2024 10:36,Sale,92,
INV0002698,PROD0123,WH003,31-01-2024 13:52,Sale,32,
INV0002699,PROD0159,WH002,31-01-2024 18:57,Sale,38,
INV0002700,PROD0150,WH004,01-02-2024 01:01,Sale,60,
INV0002701,PROD0103,WH004,01-02-2024 03:17,Adjustment,53,
INV0002702,PROD0160,WH001,01-02-2024 04:29,Sale,89,
INV0002703,PROD0157,WH004,01-02-2024 07:36,Sale,39,
INV0002704,PROD0107,WH003,01-02-2024 10:05,Sale,36,
INV0002705,PROD0168,WH002,01-02-2024 11:28,Sale,37,
INV0002706,PROD0085,WH003,01-02-2024 13:29,Sale,55,
INV0002707,PROD0172,WH004,01-02-2024 15:12,Adjustment,2,
INV0002708,PROD0153,WH001,01-02-2024 18:02,Sale,54,
INV0002709,PROD0016,WH001,01-02-2024 20:32,Purchase,60,SUP010
INV0002710,PROD0091,WH001,02-02-2024 03:03,Purchase,39,SUP007
INV0002711,PROD0042,WH004,02-02-2024 03:41,Purchase,82,SUP031
INV0002712,PROD0043,WH004,02-02-2024 07:05,Sale,3,
INV0002713,PROD0182,WH001,02-02-2024 07:54,Purchase,40,SUP011
INV0002714,PROD0161,WH004,02-02-2024 12:15,Return,32,
INV0002715,PROD0053,WH002,02-02-2024 12:57,Purchase,86,SUP006
INV0002716,PROD0124,WH001,02-02-2024 15:26,Return,71,
INV0002717,PROD0142,WH003,02-02-2024 16:42,Adjustment,45,
INV0002718,PROD0032,WH003,03-02-2024 00:32,Adjustment,32,
INV0002719,PROD0106,WH001,03-02-2024 00:40,Purchase,64,SUP034
INV0002720,PROD0131,WH002,03-02-2024 00:53,Sale,74,
INV0002721,PROD0188,WH001,03-02-2024 09:36,Sale,2,
INV0002722,PROD0094,WH001,03-02-2024 09:38,Adjustment,99,
INV0002723,PROD0052,WH002,03-02-2024 11:24,Sale,63,
INV0002724,PROD0100,WH004,03-02-2024 11:44,Purchase,41,SUP004
INV0002725,PROD0162,WH002,03-02-2024 11:52,Purchase,30,SUP036
INV0002726,PROD0033,WH003,03-02-2024 13:56,Sale,64,
INV0002727,PROD0082,WH001,03-02-2024 14:18,Sale,81,
INV0002728,PROD0022,WH003,03-02-2024 18:47,Adjustment,86,
INV0002729,PROD0049,WH002,03-02-2024 20:56,Sale,1,
INV0002730,PROD0019,WH002,04-02-2024 00:41,Adjustment,62,
INV0002731,PROD0099,WH001,04-02-2024 06:47,Sale,11,
INV0002732,PROD0140,WH003,04-02-2024 06:53,Sale,26,
INV0002733,PROD0109,WH001,04-02-2024 15:16,Purchase,82,SUP003
INV0002734,PROD0023,WH002,04-02-2024 17:56,Sale,13,
INV0002735,PROD0023,WH002,04-02-2024 21:20,Sale,45,
INV0002736,PROD0090,WH002,05-02-2024 02:28,Purchase,2,SUP040
INV0002737,PROD0039,WH001,05-02-2024 03:53,Return,27,
INV0002738,PROD0031,WH001,05-02-2024 05:03,Purchase,54,SUP013
INV0002739,PROD0182,WH003,05-02-2024 11:12,Adjustment,2,
INV0002740,PROD0074,WH004,05-02-2024 12:46,Purchase,92,SUP026
INV0002741,PROD0134,WH001,05-02-2024 15:19,Purchase,36,SUP017
INV0002742,PROD0088,WH001,05-02-2024 15:21,Sale,7,
INV0002743,PROD0141,WH001,05-02-2024 19:51,Adjustment,80,
INV0002744,PROD0069,WH002,05-02-2024 19:59,Purchase,4,SUP012
INV0002745,PROD0071,WH002,06-02-2024 08:50,Purchase,53,SUP032
INV0002746,PROD0174,WH002,06-02-2024 12:33,Sale,32,
INV0002747,PROD0108,WH001,06-02-2024 17:35,Adjustment,12,
INV0002748,PROD0153,WH004,06-02-2024 19:34,Sale,35,
INV0002749,PROD0008,WH001,06-02-2024 22:53,Sale,38,
INV0002750,PROD0067,WH002,07-02-2024 00:44,Purchase,37,SUP040
INV0002751,PROD0029,WH004,07-02-2024 02:33,Purchase,35,SUP009
INV0002752,PROD0008,WH003,07-02-2024 17:42,Purchase,13,SUP034
INV0002753,PROD0196,WH001,07-02-2024 19:13,Sale,11,
INV0002754,PROD0162,WH001,07-02-2024 19:35,Return,97,
INV0002755,PROD0042,WH003,07-02-2024 22:59,Purchase,37,SUP011
INV0002756,PROD0055,WH001,07-02-2024 23:15,Sale,98,
INV0002757,PROD0099,WH002,07-02-2024 23:23,Sale,14,
INV0002758,PROD0060,WH004,07-02-2024 23:36,Purchase,74,SUP024
INV0002759,PROD0187,WH002,08-02-2024 02:39,Sale,72,
INV0002760,PROD0097,WH002,08-02-2024 03:28,Adjustment,55,
INV0002761,PROD0131,WH001,08-02-2024 07:06,Purchase,23,SUP031
INV0002762,PROD0141,WH002,08-02-2024 08:21,Purchase,23,SUP012
INV0002763,PROD0034,WH001,08-02-2024 08:31,Purchase,29,SUP013
INV0002764,PROD0107,WH001,08-02-2024 12:00,Sale,70,
INV0002765,PROD0090,WH003,08-02-2024 13:32,Sale,16,
INV0002766,PROD0147,WH001,08-02-2024 20:17,Adjustment,19,
INV0002767,PROD0093,WH003,08-02-2024 20:34,Sale,80,
INV0002768,PROD0012,WH001,09-02-2024 02:06,Purchase,1,SUP038
INV0002769,PROD0096,WH002,09-02-2024 03:54,Purchase,93,SUP028
INV0002770,PROD0170,WH001,09-02-2024 04:37,Return,80,
INV0002771,PROD0169,WH001,09-02-2024 05:16,Sale,20,
INV0002772,PROD0050,WH002,09-02-2024 08:45,Sale,18,
INV0002773,PROD0112,WH002,09-02-2024 09:05,Sale,53,
INV0002774,PROD0130,WH004,09-02-2024 12:56,Purchase,44,SUP024
INV0002775,PROD0154,WH001,09-02-2024 23:21,Sale,92,
INV0002776,PROD0063,WH002,10-02-2024 03:34,Purchase,33,SUP015
INV0002777,PROD0074,WH003,10-02-2024 03:52,Sale,95,
INV0002778,PROD0175,WH004,10-02-2024 11:08,Return,57,
INV0002779,PROD0140,WH004,10-02-2024 12:12,Adjustment,14,
INV0002780,PROD0029,WH003,11-02-2024 00:36,Purchase,41,SUP014
INV0002781,PROD0086,WH003,11-02-2024 02:07,Sale,60,
INV0002782,PROD0006,WH004,11-02-2024 03:21,Sale,29,
INV0002783,PROD0154,WH001,11-02-2024 07:44,Sale,51,
INV0002784,PROD0069,WH004,11-02-2024 13:43,Sale,66,
INV0002785,PROD0148,WH002,11-02-2024 14:42,Sale,41,
INV0002786,PROD0189,WH003,11-02-2024 14:53,Purchase,81,SUP028
INV0002787,PROD0069,WH002,11-02-2024 21:25,Purchase,82,SUP026
INV0002788,PROD0198,WH002,12-02-2024 01:05,Sale,97,
INV0002789,PROD0072,WH004,12-02-2024 14:04,Sale,3,
INV0002790,PROD0066,WH004,12-02-2024 14:22,Purchase,16,SUP021
INV0002791,PROD0165,WH001,12-02-2024 14:28,Purchase,85,SUP010
INV0002792,PROD0010,WH002,12-02-2024 18:37,Purchase,85,SUP035
INV0002793,PROD0120,WH001,13-02-2024 00:09,Adjustment,24,
INV0002794,PROD0033,WH001,13-02-2024 00:56,Purchase,99,SUP006
INV0002795,PROD0124,WH003,13-02-2024 02:11,Sale,15,
INV0002796,PROD0056,WH001,13-02-2024 04:46,Sale,92,
INV0002797,PROD0192,WH003,13-02-2024 06:51,Purchase,64,SUP025
INV0002798,PROD0062,WH003,13-02-2024 11:49,Purchase,92,SUP012
INV0002799,PROD0045,WH004,13-02-2024 11:55,Return,95,
INV0002800,PROD0151,WH003,13-02-2024 14:26,Sale,15,
INV0002801,PROD0105,WH003,13-02-2024 14:45,Sale,52,
INV0002802,PROD0133,WH001,13-02-2024 16:30,Sale,37,
INV0002803,PROD0040,WH001,13-02-2024 23:35,Sale,97,
INV0002804,PROD0053,WH004,14-02-2024 00:41,Purchase,97,SUP019
INV0002805,PROD0048,WH003,14-02-2024 02:16,Adjustment,62,
INV0002806,PROD0151,WH004,14-02-2024 03:25,Purchase,28,SUP026
INV0002807,PROD0122,WH001,14-02-2024 05:16,Sale,60,
INV0002808,PROD0066,WH003,14-02-2024 09:20,Purchase,60,SUP007
INV0002809,PROD0024,WH004,14-02-2024 14:17,Sale,19,
INV0002810,PROD0122,WH002,15-02-2024 02:10,Sale,70,
INV0002811,PROD0030,WH002,15-02-2024 02:13,Sale,15,
INV0002812,PROD0193,WH004,15-02-2024 02:34,Sale,8,
INV0002813,PROD0049,WH004,15-02-2024 02:53,Purchase,64,SUP024
INV0002814,PROD0072,WH002,15-02-2024 04:35,Sale,82,
INV0002815,PROD0102,WH001,15-02-2024 11:17,Purchase,7,SUP010
INV0002816,PROD0049,WH004,15-02-2024 14:05,Adjustment,61,
INV0002817,PROD0192,WH003,15-02-2024 16:54,Sale,98,
INV0002818,PROD0119,WH002,15-02-2024 17:33,Purchase,97,SUP008
INV0002819,PROD0137,WH003,15-02-2024 18:31,Purchase,28,SUP008
INV0002820,PROD0022,WH002,15-02-2024 19:16,Purchase,99,SUP017
INV0002821,PROD0131,WH001,16-02-2024 02:21,Purchase,47,SUP027
INV0002822,PROD0155,WH003,16-02-2024 03:17,Sale,11,
INV0002823,PROD0074,WH002,16-02-2024 04:14,Purchase,19,SUP003
INV0002824,PROD0154,WH004,16-02-2024 17:24,Purchase,52,SUP026
INV0002825,PROD0018,WH003,17-02-2024 02:09,Sale,46,
INV0002826,PROD0129,WH004,17-02-2024 05:01,Purchase,13,SUP009
INV0002827,PROD0160,WH003,17-02-2024 06:42,Purchase,24,SUP021
INV0002828,PROD0116,WH002,17-02-2024 07:51,Sale,65,
INV0002829,PROD0008,WH001,17-02-2024 12:42,Return,84,
INV0002830,PROD0095,WH004,17-02-2024 14:53,Sale,41,
INV0002831,PROD0148,WH001,17-02-2024 16:46,Sale,7,
INV0002832,PROD0020,WH004,17-02-2024 18:41,Return,53,
INV0002833,PROD0073,WH001,17-02-2024 20:44,Purchase,42,SUP034
INV0002834,PROD0149,WH003,18-02-2024 08:26,Sale,58,
INV0002835,PROD0096,WH001,18-02-2024 13:21,Return,77,
INV0002836,PROD0091,WH002,18-02-2024 13:59,Sale,73,
INV0002837,PROD0105,WH003,18-02-2024 15:51,Sale,89,
INV0002838,PROD0111,WH003,18-02-2024 17:22,Sale,80,
INV0002839,PROD0050,WH001,18-02-2024 22:27,Purchase,97,SUP024
INV0002840,PROD0020,WH004,19-02-2024 01:48,Sale,43,
INV0002841,PROD0134,WH002,19-02-2024 09:15,Sale,6,
INV0002842,PROD0162,WH003,19-02-2024 13:49,Sale,55,
INV0002843,PROD0056,WH001,19-02-2024 17:46,Return,14,
INV0002844,PROD0058,WH004,19-02-2024 22:19,Purchase,11,SUP029
INV0002845,PROD0030,WH004,20-02-2024 02:16,Sale,25,
INV0002846,PROD0049,WH001,20-02-2024 06:20,Purchase,14,SUP009
INV0002847,PROD0072,WH002,20-02-2024 08:10,Sale,96,
INV0002848,PROD0162,WH002,20-02-2024 10:46,Purchase,57,SUP009
INV0002849,PROD0167,WH003,20-02-2024 12:02,Purchase,97,SUP028
INV0002850,PROD0179,WH004,20-02-2024 12:13,Purchase,58,SUP026
INV0002851,PROD0084,WH004,20-02-2024 13:15,Sale,58,
INV0002852,PROD0031,WH002,20-02-2024 21:22,Adjustment,8,
INV0002853,PROD0193,WH003,20-02-2024 21:30,Purchase,74,SUP018
INV0002854,PROD0017,WH004,21-02-2024 04:30,Adjustment,49,
INV0002855,PROD0008,WH001,21-02-2024 08:26,Sale,47,
INV0002856,PROD0153,WH001,21-02-2024 09:15,Return,94,
INV0002857,PROD0004,WH003,21-02-2024 16:31,Sale,91,
INV0002858,PROD0111,WH002,21-02-2024 20:02,Sale,54,
INV0002859,PROD0180,WH004,22-02-2024 01:47,Sale,11,
INV0002860,PROD0189,WH004,22-02-2024 07:19,Purchase,78,SUP013
INV0002861,PROD0039,WH002,22-02-2024 11:03,Sale,81,
INV0002862,PROD0034,WH004,22-02-2024 11:27,Sale,8,
INV0002863,PROD0044,WH004,22-02-2024 11:40,Sale,48,
INV0002864,PROD0091,WH002,22-02-2024 20:04,Sale,28,
INV0002865,PROD0157,WH003,22-02-2024 22:34,Purchase,46,SUP018
INV0002866,PROD0040,WH002,23-02-2024 03:34,Purchase,81,SUP017
INV0002867,PROD0037,WH003,23-02-2024 04:39,Sale,57,
INV0002868,PROD0085,WH003,23-02-2024 06:14,Sale,20,
INV0002869,PROD0123,WH003,23-02-2024 06:25,Purchase,48,SUP005
INV0002870,PROD0061,WH003,23-02-2024 13:49,Sale,68,
INV0002871,PROD0009,WH002,23-02-2024 17:30,Sale,86,
INV0002872,PROD0188,WH003,24-02-2024 05:03,Purchase,13,SUP006
INV0002873,PROD0176,WH002,24-02-2024 05:36,Purchase,25,SUP015
INV0002874,PROD0095,WH004,24-02-2024 05:50,Purchase,28,SUP037
INV0002875,PROD0115,WH004,24-02-2024 06:16,Purchase,13,SUP027
INV0002876,PROD0070,WH002,24-02-2024 07:01,Sale,40,
INV0002877,PROD0090,WH004,24-02-2024 08:07,Sale,65,
INV0002878,PROD0157,WH003,24-02-2024 12:56,Adjustment,61,
INV0002879,PROD0073,WH002,24-02-2024 15:34,Purchase,76,SUP034
INV0002880,PROD0159,WH002,24-02-2024 20:04,Purchase,34,SUP040
INV0002881,PROD0063,WH003,24-02-2024 20:38,Sale,50,
INV0002882,PROD0045,WH004,25-02-2024 02:52,Sale,93,
INV0002883,PROD0053,WH003,25-02-2024 12:04,Sale,66,
INV0002884,PROD0096,WH003,25-02-2024 14:54,Purchase,44,SUP021
INV0002885,PROD0196,WH001,25-02-2024 19:57,Purchase,49,SUP038
INV0002886,PROD0131,WH002,25-02-2024 22:01,Sale,27,
INV0002887,PROD0062,WH003,25-02-2024 23:08,Sale,84,
INV0002888,PROD0026,WH001,26-02-2024 01:12,Purchase,40,SUP004
INV0002889,PROD0048,WH002,26-02-2024 01:39,Return,72,
INV0002890,PROD0079,WH002,26-02-2024 03:57,Sale,57,
INV0002891,PROD0092,WH002,26-02-2024 05:06,Purchase,97,SUP034
INV0002892,PROD0047,WH004,26-02-2024 06:44,Sale,30,
INV0002893,PROD0052,WH002,26-02-2024 11:17,Purchase,61,SUP033
INV0002894,PROD0036,WH002,26-02-2024 12:03,Return,72,
INV0002895,PROD0055,WH002,27-02-2024 03:05,Purchase,68,SUP035
INV0002896,PROD0168,WH004,27-02-2024 03:13,Return,92,
INV0002897,PROD0054,WH002,27-02-2024 09:47,Sale,54,
INV0002898,PROD0040,WH001,27-02-2024 14:36,Purchase,42,SUP036
INV0002899,PROD0028,WH002,27-02-2024 15:25,Return,55,
INV0002900,PROD0011,WH004,28-02-2024 05:35,Sale,30,
INV0002901,PROD0178,WH003,28-02-2024 05:57,Sale,8,
INV0002902,PROD0151,WH001,28-02-2024 09:00,Sale,90,
INV0002903,PROD0037,WH004,28-02-2024 11:44,Sale,45,
INV0002904,PROD0051,WH002,28-02-2024 19:54,Sale,74,
INV0002905,PROD0005,WH004,28-02-2024 21:14,Purchase,24,SUP001
INV0002906,PROD0008,WH002,29-02-2024 03:23,Sale,18,
INV0002907,PROD0156,WH003,29-02-2024 11:00,Adjustment,97,
INV0002908,PROD0075,WH003,29-02-2024 14:29,Sale,19,
INV0002909,PROD0091,WH003,29-02-2024 17:08,Purchase,90,SUP038
INV0002910,PROD0157,WH003,01-03-2024 10:15,Return,64,
INV0002911,PROD0071,WH004,01-03-2024 10:46,Purchase,41,SUP022
INV0002912,PROD0195,WH004,01-03-2024 13:57,Sale,36,
INV0002913,PROD0107,WH003,01-03-2024 19:39,Purchase,11,SUP007
INV0002914,PROD0037,WH002,02-03-2024 07:38,Purchase,35,SUP038
INV0002915,PROD0112,WH001,02-03-2024 07:54,Sale,39,
INV0002916,PROD0064,WH002,02-03-2024 13:23,Purchase,12,SUP034
INV0002917,PROD0077,WH002,02-03-2024 14:59,Adjustment,100,
INV0002918,PROD0134,WH004,02-03-2024 21:21,Adjustment,92,
INV0002919,PROD0171,WH002,02-03-2024 21:50,Purchase,7,SUP014
INV0002920,PROD0101,WH001,03-03-2024 03:10,Adjustment,60,
INV0002921,PROD0169,WH004,03-03-2024 05:52,Adjustment,91,
INV0002922,PROD0076,WH002,03-03-2024 06:32,Purchase,8,SUP018
INV0002923,PROD0074,WH003,03-03-2024 07:42,Purchase,11,SUP028
INV0002924,PROD0168,WH001,03-03-2024 08:20,Sale,28,
INV0002925,PROD0045,WH002,03-03-2024 09:33,Purchase,56,SUP018
INV0002926,PROD0033,WH004,03-03-2024 15:32,Sale,58,
INV0002927,PROD0098,WH002,03-03-2024 20:53,Sale,87,
INV0002928,PROD0024,WH002,03-03-2024 20:58,Sale,91,
INV0002929,PROD0032,WH004,03-03-2024 21:59,Sale,62,
INV0002930,PROD0127,WH001,04-03-2024 01:09,Sale,6,
INV0002931,PROD0057,WH004,04-03-2024 03:23,Sale,18,
INV0002932,PROD0025,WH002,04-03-2024 05:45,Adjustment,79,
INV0002933,PROD0077,WH001,04-03-2024 11:49,Purchase,100,SUP018
INV0002934,PROD0170,WH001,04-03-2024 12:49,Purchase,11,SUP026
INV0002935,PROD0077,WH002,04-03-2024 15:19,Purchase,87,SUP017
INV0002936,PROD0063,WH003,04-03-2024 16:22,Sale,41,
INV0002937,PROD0036,WH001,04-03-2024 17:09,Purchase,16,SUP039
INV0002938,PROD0060,WH001,04-03-2024 20:38,Sale,74,
INV0002939,PROD0102,WH004,04-03-2024 20:48,Purchase,52,SUP036
INV0002940,PROD0078,WH003,04-03-2024 23:57,Sale,22,
INV0002941,PROD0123,WH003,05-03-2024 00:17,Sale,65,
INV0002942,PROD0089,WH004,05-03-2024 03:01,Purchase,17,SUP032
INV0002943,PROD0123,WH001,05-03-2024 09:09,Sale,60,
INV0002944,PROD0167,WH004,05-03-2024 11:51,Sale,79,
INV0002945,PROD0161,WH002,05-03-2024 13:40,Sale,36,
INV0002946,PROD0197,WH001,05-03-2024 22:26,Adjustment,16,
INV0002947,PROD0016,WH003,05-03-2024 22:45,Purchase,82,SUP005
INV0002948,PROD0052,WH004,06-03-2024 02:28,Purchase,12,SUP036
INV0002949,PROD0032,WH003,06-03-2024 03:08,Purchase,28,SUP036
INV0002950,PROD0148,WH001,06-03-2024 12:33,Adjustment,5,
INV0002951,PROD0088,WH001,07-03-2024 07:18,Sale,31,
INV0002952,PROD0003,WH002,07-03-2024 07:34,Adjustment,6,
INV0002953,PROD0097,WH003,07-03-2024 09:56,Adjustment,55,
INV0002954,PROD0110,WH003,07-03-2024 13:00,Return,13,
INV0002955,PROD0042,WH001,07-03-2024 23:55,Purchase,7,SUP012
INV0002956,PROD0064,WH003,08-03-2024 00:33,Sale,81,
INV0002957,PROD0060,WH004,08-03-2024 12:04,Purchase,8,SUP016
INV0002958,PROD0106,WH004,08-03-2024 14:04,Sale,38,
INV0002959,PROD0032,WH004,08-03-2024 18:17,Sale,97,
INV0002960,PROD0095,WH003,08-03-2024 20:49,Adjustment,42,
INV0002961,PROD0109,WH002,09-03-2024 03:55,Sale,44,
INV0002962,PROD0107,WH004,09-03-2024 04:32,Sale,69,
INV0002963,PROD0096,WH002,09-03-2024 05:30,Sale,57,
INV0002964,PROD0147,WH002,09-03-2024 12:08,Sale,81,
INV0002965,PROD0138,WH001,09-03-2024 17:56,Purchase,100,SUP028
INV0002966,PROD0097,WH003,09-03-2024 18:12,Return,60,
INV0002967,PROD0127,WH001,09-03-2024 18:51,Purchase,98,SUP038
INV0002968,PROD0019,WH002,09-03-2024 21:31,Sale,13,
INV0002969,PROD0055,WH004,10-03-2024 00:42,Purchase,78,SUP030
INV0002970,PROD0047,WH001,10-03-2024 03:46,Sale,54,
INV0002971,PROD0153,WH004,10-03-2024 13:10,Sale,59,
INV0002972,PROD0083,WH003,10-03-2024 14:00,Return,83,
INV0002973,PROD0031,WH002,10-03-2024 16:04,Purchase,25,SUP021
INV0002974,PROD0119,WH002,10-03-2024 16:46,Purchase,58,SUP032
INV0002975,PROD0127,WH004,10-03-2024 17:56,Purchase,19,SUP031
INV0002976,PROD0172,WH004,11-03-2024 07:05,Sale,82,
INV0002977,PROD0125,WH004,11-03-2024 14:16,Sale,12,
INV0002978,PROD0186,WH003,11-03-2024 17:28,Sale,19,
INV0002979,PROD0048,WH003,11-03-2024 17:49,Purchase,38,SUP035
INV0002980,PROD0098,WH002,11-03-2024 21:12,Purchase,52,SUP040
INV0002981,PROD0040,WH002,11-03-2024 21:14,Purchase,27,SUP006
INV0002982,PROD0085,WH004,11-03-2024 21:50,Sale,55,
INV0002983,PROD0022,WH004,12-03-2024 02:10,Sale,85,
INV0002984,PROD0074,WH002,12-03-2024 02:34,Adjustment,13,
INV0002985,PROD0125,WH001,12-03-2024 02:40,Purchase,92,SUP040
INV0002986,PROD0064,WH003,12-03-2024 04:34,Purchase,69,SUP007
INV0002987,PROD0073,WH004,12-03-2024 05:09,Sale,61,
INV0002988,PROD0117,WH004,12-03-2024 06:53,Sale,59,
INV0002989,PROD0200,WH001,12-03-2024 06:56,Sale,66,
INV0002990,PROD0039,WH003,12-03-2024 09:03,Sale,39,
INV0002991,PROD0127,WH002,12-03-2024 15:01,Purchase,54,SUP010
INV0002992,PROD0190,WH003,12-03-2024 16:08,Return,5,
INV0002993,PROD0002,WH001,12-03-2024 19:13,Sale,12,
INV0002994,PROD0079,WH001,13-03-2024 04:44,Purchase,55,SUP019
INV0002995,PROD0075,WH002,13-03-2024 06:50,Adjustment,86,
INV0002996,PROD0194,WH003,13-03-2024 08:15,Purchase,1,SUP013
INV0002997,PROD0003,WH003,13-03-2024 10:43,Purchase,4,SUP010
INV0002998,PROD0197,WH002,13-03-2024 11:01,Sale,50,
INV0002999,PROD0126,WH002,13-03-2024 20:07,Sale,68,
INV0003000,PROD0006,WH001,14-03-2024 00:54,Sale,84,
INV0003001,PROD0184,WH003,14-03-2024 03:30,Sale,17,
INV0003002,PROD0157,WH002,14-03-2024 07:48,Purchase,93,SUP002
INV0003003,PROD0149,WH002,14-03-2024 08:47,Sale,79,
INV0003004,PROD0059,WH003,14-03-2024 10:34,Sale,70,
INV0003005,PROD0054,WH003,14-03-2024 11:45,Purchase,66,SUP040
INV0003006,PROD0160,WH001,14-03-2024 12:38,Adjustment,99,
INV0003007,PROD0036,WH003,14-03-2024 15:51,Return,25,
INV0003008,PROD0091,WH001,15-03-2024 15:27,Purchase,93,SUP040
INV0003009,PROD0176,WH004,15-03-2024 16:17,Sale,78,
INV0003010,PROD0193,WH003,15-03-2024 17:06,Purchase,77,SUP008
INV0003011,PROD0024,WH004,15-03-2024 22:49,Sale,79,
INV0003012,PROD0152,WH004,15-03-2024 23:31,Purchase,1,SUP018
INV0003013,PROD0142,WH002,15-03-2024 23:56,Purchase,50,SUP038
INV0003014,PROD0171,WH004,16-03-2024 06:14,Purchase,64,SUP005
INV0003015,PROD0049,WH002,16-03-2024 13:59,Sale,55,
INV0003016,PROD0161,WH003,16-03-2024 15:41,Purchase,95,SUP006
INV0003017,PROD0061,WH001,16-03-2024 17:59,Sale,11,
INV0003018,PROD0083,WH001,16-03-2024 18:08,Purchase,93,SUP034
INV0003019,PROD0010,WH001,16-03-2024 18:25,Purchase,43,SUP010
INV0003020,PROD0136,WH002,16-03-2024 19:26,Purchase,46,SUP028
INV0003021,PROD0034,WH002,16-03-2024 21:52,Sale,67,
INV0003022,PROD0079,WH002,16-03-2024 22:28,Purchase,81,SUP003
INV0003023,PROD0008,WH004,17-03-2024 05:05,Sale,7,
INV0003024,PROD0110,WH001,17-03-2024 06:32,Adjustment,74,
INV0003025,PROD0105,WH004,17-03-2024 07:11,Adjustment,36,
INV0003026,PROD0134,WH004,17-03-2024 09:46,Purchase,67,SUP034
INV0003027,PROD0090,WH004,17-03-2024 13:09,Adjustment,46,
INV0003028,PROD0154,WH002,17-03-2024 13:38,Return,18,
INV0003029,PROD0107,WH002,17-03-2024 18:37,Purchase,72,SUP012
INV0003030,PROD0027,WH002,17-03-2024 20:18,Adjustment,73,
INV0003031,PROD0014,WH004,18-03-2024 02:44,Adjustment,37,
INV0003032,PROD0038,WH004,18-03-2024 09:37,Sale,12,
INV0003033,PROD0162,WH004,18-03-2024 14:41,Sale,93,
INV0003034,PROD0083,WH004,18-03-2024 14:57,Adjustment,33,
INV0003035,PROD0025,WH001,18-03-2024 18:41,Purchase,81,SUP003
INV0003036,PROD0079,WH004,18-03-2024 21:15,Sale,36,
INV0003037,PROD0167,WH002,18-03-2024 23:03,Return,51,
INV0003038,PROD0161,WH004,18-03-2024 23:35,Sale,84,
INV0003039,PROD0065,WH003,19-03-2024 03:54,Purchase,72,SUP026
INV0003040,PROD0056,WH002,19-03-2024 04:33,Sale,66,
INV0003041,PROD0089,WH002,20-03-2024 02:19,Adjustment,32,
INV0003042,PROD0060,WH003,20-03-2024 03:33,Sale,12,
INV0003043,PROD0131,WH002,20-03-2024 18:08,Sale,50,
INV0003044,PROD0135,WH003,20-03-2024 19:01,Purchase,40,SUP014
INV0003045,PROD0122,WH004,21-03-2024 03:17,Sale,58,
INV0003046,PROD0171,WH002,21-03-2024 05:28,Purchase,50,SUP021
INV0003047,PROD0114,WH002,21-03-2024 10:03,Adjustment,29,
INV0003048,PROD0135,WH002,21-03-2024 11:36,Sale,7,
INV0003049,PROD0081,WH002,21-03-2024 11:48,Sale,85,
INV0003050,PROD0047,WH001,21-03-2024 12:42,Adjustment,9,
INV0003051,PROD0096,WH002,21-03-2024 14:42,Sale,56,
INV0003052,PROD0128,WH003,21-03-2024 16:59,Sale,56,
INV0003053,PROD0014,WH003,21-03-2024 18:23,Sale,47,
INV0003054,PROD0095,WH002,21-03-2024 19:18,Return,10,
INV0003055,PROD0033,WH003,22-03-2024 00:31,Adjustment,32,
INV0003056,PROD0051,WH001,22-03-2024 03:47,Sale,47,
INV0003057,PROD0147,WH004,22-03-2024 08:25,Purchase,89,SUP011
INV0003058,PROD0068,WH001,22-03-2024 08:26,Sale,97,
INV0003059,PROD0135,WH003,22-03-2024 09:31,Purchase,31,SUP035
INV0003060,PROD0106,WH001,22-03-2024 12:07,Sale,68,
INV0003061,PROD0068,WH004,22-03-2024 13:27,Purchase,13,SUP019
INV0003062,PROD0096,WH002,22-03-2024 18:27,Return,48,
INV0003063,PROD0159,WH003,23-03-2024 04:06,Purchase,9,SUP040
INV0003064,PROD0111,WH002,23-03-2024 06:35,Sale,43,
INV0003065,PROD0162,WH002,23-03-2024 12:35,Adjustment,87,
INV0003066,PROD0060,WH004,23-03-2024 18:04,Purchase,10,SUP009
INV0003067,PROD0106,WH004,23-03-2024 22:01,Sale,32,
INV0003068,PROD0062,WH001,24-03-2024 02:04,Purchase,45,SUP019
INV0003069,PROD0196,WH001,24-03-2024 13:05,Purchase,65,SUP030
INV0003070,PROD0176,WH002,24-03-2024 15:03,Purchase,68,SUP002
INV0003071,PROD0054,WH003,24-03-2024 15:43,Sale,100,
INV0003072,PROD0039,WH003,24-03-2024 18:45,Sale,62,
INV0003073,PROD0059,WH002,24-03-2024 21:44,Return,27,
INV0003074,PROD0013,WH002,24-03-2024 22:22,Purchase,78,SUP039
INV0003075,PROD0002,WH001,25-03-2024 00:47,Purchase,64,SUP003
INV0003076,PROD0006,WH001,25-03-2024 04:29,Sale,50,
INV0003077,PROD0030,WH002,25-03-2024 05:20,Purchase,55,SUP033
INV0003078,PROD0138,WH004,25-03-2024 11:54,Sale,49,
INV0003079,PROD0164,WH003,25-03-2024 15:58,Adjustment,7,
INV0003080,PROD0011,WH002,25-03-2024 23:39,Sale,4,
INV0003081,PROD0126,WH004,26-03-2024 06:14,Sale,35,
INV0003082,PROD0117,WH004,26-03-2024 10:17,Purchase,69,SUP036
INV0003083,PROD0039,WH003,26-03-2024 10:42,Sale,13,
INV0003084,PROD0132,WH003,26-03-2024 10:45,Sale,46,
INV0003085,PROD0136,WH002,26-03-2024 23:34,Sale,25,
INV0003086,PROD0192,WH004,26-03-2024 23:37,Sale,76,
INV0003087,PROD0033,WH004,27-03-2024 00:11,Adjustment,86,
INV0003088,PROD0008,WH004,27-03-2024 01:51,Purchase,85,SUP002
INV0003089,PROD0082,WH001,27-03-2024 04:45,Sale,34,
INV0003090,PROD0141,WH003,27-03-2024 07:41,Purchase,78,SUP017
INV0003091,PROD0200,WH001,27-03-2024 12:08,Sale,3,
INV0003092,PROD0123,WH001,27-03-2024 17:20,Purchase,30,SUP038
INV0003093,PROD0064,WH002,27-03-2024 18:16,Purchase,89,SUP021
INV0003094,PROD0046,WH001,27-03-2024 19:56,Sale,52,
INV0003095,PROD0136,WH001,27-03-2024 21:52,Sale,93,
INV0003096,PROD0140,WH002,27-03-2024 21:59,Adjustment,67,
INV0003097,PROD0002,WH002,28-03-2024 02:34,Sale,55,
INV0003098,PROD0183,WH001,28-03-2024 04:34,Sale,33,
INV0003099,PROD0060,WH001,28-03-2024 09:07,Sale,36,
INV0003100,PROD0110,WH002,28-03-2024 14:43,Purchase,7,SUP034
INV0003101,PROD0062,WH001,28-03-2024 15:17,Purchase,82,SUP030
INV0003102,PROD0064,WH004,28-03-2024 15:23,Sale,32,
INV0003103,PROD0168,WH001,28-03-2024 17:01,Sale,10,
INV0003104,PROD0101,WH002,28-03-2024 17:18,Sale,68,
INV0003105,PROD0035,WH001,29-03-2024 06:32,Purchase,62,SUP019
INV0003106,PROD0068,WH002,29-03-2024 08:28,Sale,95,
INV0003107,PROD0065,WH003,29-03-2024 10:34,Purchase,15,SUP029
INV0003108,PROD0152,WH002,29-03-2024 11:24,Purchase,79,SUP008
INV0003109,PROD0033,WH001,29-03-2024 12:57,Purchase,86,SUP040
INV0003110,PROD0079,WH003,29-03-2024 13:16,Sale,19,
INV0003111,PROD0096,WH003,29-03-2024 16:21,Purchase,77,SUP016
INV0003112,PROD0022,WH004,29-03-2024 17:44,Return,53,
INV0003113,PROD0055,WH003,29-03-2024 19:12,Purchase,90,SUP011
INV0003114,PROD0112,WH004,29-03-2024 20:00,Adjustment,14,
INV0003115,PROD0036,WH003,29-03-2024 20:05,Purchase,97,SUP020
INV0003116,PROD0115,WH004,29-03-2024 20:15,Adjustment,59,
INV0003117,PROD0087,WH003,29-03-2024 23:02,Purchase,80,SUP010
INV0003118,PROD0174,WH003,29-03-2024 23:35,Purchase,41,SUP001
INV0003119,PROD0095,WH002,30-03-2024 02:45,Purchase,27,SUP003
INV0003120,PROD0098,WH002,30-03-2024 12:58,Purchase,66,SUP040
INV0003121,PROD0062,WH003,30-03-2024 18:25,Sale,62,
INV0003122,PROD0012,WH002,30-03-2024 22:58,Return,83,
INV0003123,PROD0194,WH002,31-03-2024 04:20,Sale,94,
INV0003124,PROD0056,WH004,31-03-2024 04:20,Purchase,42,SUP025
INV0003125,PROD0030,WH001,31-03-2024 06:20,Purchase,20,SUP021
INV0003126,PROD0018,WH001,31-03-2024 12:55,Return,83,
INV0003127,PROD0143,WH003,31-03-2024 15:24,Purchase,20,SUP005
INV0003128,PROD0078,WH001,31-03-2024 17:39,Sale,90,
INV0003129,PROD0106,WH004,31-03-2024 22:41,Purchase,75,SUP030
INV0003130,PROD0022,WH002,01-04-2024 01:09,Purchase,87,SUP038
INV0003131,PROD0077,WH002,01-04-2024 02:57,Purchase,63,SUP020
INV0003132,PROD0064,WH003,01-04-2024 05:21,Sale,33,
INV0003133,PROD0135,WH002,01-04-2024 07:38,Purchase,46,SUP008
INV0003134,PROD0143,WH001,01-04-2024 11:33,Return,77,
INV0003135,PROD0031,WH001,01-04-2024 17:04,Sale,10,
INV0003136,PROD0173,WH001,01-04-2024 23:09,Purchase,5,SUP001
INV0003137,PROD0187,WH001,01-04-2024 23:22,Purchase,77,SUP025
INV0003138,PROD0018,WH003,02-04-2024 05:59,Purchase,72,SUP011
INV0003139,PROD0167,WH004,02-04-2024 20:06,Sale,34,
INV0003140,PROD0161,WH002,02-04-2024 21:52,Sale,65,
INV0003141,PROD0149,WH002,02-04-2024 22:07,Sale,91,
INV0003142,PROD0200,WH002,03-04-2024 01:17,Sale,54,
INV0003143,PROD0192,WH004,03-04-2024 02:45,Adjustment,60,
INV0003144,PROD0075,WH002,03-04-2024 06:58,Sale,87,
INV0003145,PROD0189,WH004,03-04-2024 07:26,Purchase,76,SUP035
INV0003146,PROD0034,WH002,03-04-2024 14:03,Purchase,29,SUP025
INV0003147,PROD0041,WH002,03-04-2024 15:51,Return,19,
INV0003148,PROD0148,WH002,03-04-2024 22:21,Sale,4,
INV0003149,PROD0178,WH002,04-04-2024 03:03,Sale,68,
INV0003150,PROD0041,WH003,04-04-2024 07:07,Sale,92,
INV0003151,PROD0159,WH002,04-04-2024 09:39,Purchase,97,SUP007
INV0003152,PROD0158,WH001,04-04-2024 10:37,Purchase,30,SUP021
INV0003153,PROD0087,WH003,04-04-2024 15:42,Purchase,23,SUP027
INV0003154,PROD0175,WH003,05-04-2024 02:31,Purchase,89,SUP005
INV0003155,PROD0107,WH001,05-04-2024 04:57,Sale,75,
INV0003156,PROD0110,WH003,05-04-2024 11:58,Sale,28,
INV0003157,PROD0113,WH002,05-04-2024 14:27,Sale,41,
INV0003158,PROD0119,WH003,05-04-2024 15:35,Return,18,
INV0003159,PROD0104,WH002,05-04-2024 15:47,Return,11,
INV0003160,PROD0182,WH001,05-04-2024 19:27,Adjustment,29,
INV0003161,PROD0085,WH002,05-04-2024 22:02,Sale,90,
INV0003162,PROD0053,WH001,06-04-2024 01:25,Sale,58,
INV0003163,PROD0125,WH001,06-04-2024 08:11,Purchase,44,SUP023
INV0003164,PROD0096,WH001,06-04-2024 17:42,Purchase,75,SUP017
INV0003165,PROD0165,WH003,06-04-2024 18:06,Adjustment,35,
INV0003166,PROD0174,WH001,07-04-2024 07:00,Purchase,21,SUP019
INV0003167,PROD0191,WH001,07-04-2024 07:37,Purchase,80,SUP031
INV0003168,PROD0171,WH002,07-04-2024 16:14,Purchase,35,SUP030
INV0003169,PROD0134,WH004,07-04-2024 16:36,Purchase,2,SUP010
INV0003170,PROD0093,WH002,07-04-2024 17:26,Return,6,
INV0003171,PROD0190,WH002,07-04-2024 19:35,Adjustment,59,
INV0003172,PROD0079,WH004,07-04-2024 21:49,Purchase,2,SUP023
INV0003173,PROD0193,WH003,08-04-2024 10:29,Return,6,
INV0003174,PROD0195,WH002,08-04-2024 10:59,Sale,25,
INV0003175,PROD0131,WH001,08-04-2024 11:11,Purchase,95,SUP036
INV0003176,PROD0196,WH003,08-04-2024 14:51,Purchase,28,SUP015
INV0003177,PROD0057,WH003,08-04-2024 22:01,Sale,90,
INV0003178,PROD0013,WH002,09-04-2024 03:11,Purchase,49,SUP037
INV0003179,PROD0104,WH001,09-04-2024 04:42,Sale,65,
INV0003180,PROD0065,WH002,09-04-2024 13:39,Purchase,31,SUP021
INV0003181,PROD0181,WH003,09-04-2024 23:45,Return,53,
INV0003182,PROD0134,WH002,10-04-2024 01:08,Sale,29,
INV0003183,PROD0026,WH002,10-04-2024 05:20,Purchase,78,SUP013
INV0003184,PROD0123,WH004,10-04-2024 06:00,Sale,90,
INV0003185,PROD0149,WH003,10-04-2024 07:30,Sale,71,
INV0003186,PROD0078,WH004,10-04-2024 08:14,Adjustment,12,
INV0003187,PROD0190,WH001,10-04-2024 11:02,Sale,43,
INV0003188,PROD0147,WH003,10-04-2024 14:50,Adjustment,18,
INV0003189,PROD0144,WH004,10-04-2024 16:37,Sale,17,
INV0003190,PROD0065,WH002,10-04-2024 16:54,Sale,3,
INV0003191,PROD0190,WH002,10-04-2024 20:25,Sale,85,
INV0003192,PROD0135,WH002,10-04-2024 21:34,Sale,64,
INV0003193,PROD0145,WH003,10-04-2024 23:08,Sale,70,
INV0003194,PROD0161,WH003,11-04-2024 01:50,Purchase,28,SUP001
INV0003195,PROD0198,WH002,11-04-2024 07:07,Sale,32,
INV0003196,PROD0138,WH001,11-04-2024 07:59,Sale,64,
INV0003197,PROD0193,WH003,11-04-2024 11:01,Purchase,44,SUP008
INV0003198,PROD0049,WH003,11-04-2024 12:19,Sale,23,
INV0003199,PROD0126,WH004,12-04-2024 04:17,Purchase,73,SUP035
INV0003200,PROD0091,WH001,12-04-2024 06:22,Sale,72,
INV0003201,PROD0121,WH004,12-04-2024 09:48,Purchase,64,SUP016
INV0003202,PROD0176,WH002,12-04-2024 09:59,Sale,22,
INV0003203,PROD0180,WH004,12-04-2024 10:37,Sale,92,
INV0003204,PROD0015,WH002,12-04-2024 19:14,Sale,87,
INV0003205,PROD0155,WH002,12-04-2024 20:07,Purchase,3,SUP009
INV0003206,PROD0192,WH003,12-04-2024 20:40,Purchase,64,SUP028
INV0003207,PROD0120,WH001,12-04-2024 21:10,Purchase,63,SUP017
INV0003208,PROD0121,WH004,12-04-2024 22:44,Adjustment,73,
INV0003209,PROD0143,WH002,13-04-2024 00:25,Purchase,39,SUP026
INV0003210,PROD0196,WH003,13-04-2024 03:07,Sale,34,
INV0003211,PROD0015,WH004,13-04-2024 07:11,Sale,29,
INV0003212,PROD0161,WH002,13-04-2024 11:49,Sale,89,
INV0003213,PROD0192,WH002,13-04-2024 11:52,Sale,90,
INV0003214,PROD0005,WH003,13-04-2024 12:26,Sale,35,
INV0003215,PROD0086,WH002,13-04-2024 16:32,Sale,43,
INV0003216,PROD0141,WH002,13-04-2024 23:24,Return,72,
INV0003217,PROD0018,WH002,14-04-2024 00:47,Purchase,43,SUP001
INV0003218,PROD0040,WH003,14-04-2024 22:00,Sale,60,
INV0003219,PROD0076,WH002,15-04-2024 01:31,Purchase,28,SUP024
INV0003220,PROD0187,WH003,15-04-2024 02:35,Purchase,63,SUP029
INV0003221,PROD0103,WH003,15-04-2024 07:34,Purchase,75,SUP037
INV0003222,PROD0178,WH001,15-04-2024 12:47,Purchase,39,SUP031
INV0003223,PROD0200,WH003,15-04-2024 15:00,Sale,45,
INV0003224,PROD0124,WH003,15-04-2024 21:47,Sale,89,
INV0003225,PROD0121,WH002,16-04-2024 06:45,Adjustment,40,
INV0003226,PROD0140,WH003,16-04-2024 13:51,Adjustment,23,
INV0003227,PROD0010,WH002,16-04-2024 16:50,Return,70,
INV0003228,PROD0062,WH003,16-04-2024 17:58,Sale,53,
INV0003229,PROD0015,WH004,16-04-2024 18:05,Sale,62,
INV0003230,PROD0031,WH001,16-04-2024 19:13,Sale,82,
INV0003231,PROD0082,WH001,16-04-2024 21:38,Adjustment,100,
INV0003232,PROD0185,WH003,16-04-2024 23:57,Sale,38,
INV0003233,PROD0173,WH003,17-04-2024 00:59,Sale,32,
INV0003234,PROD0079,WH003,17-04-2024 01:47,Purchase,16,SUP016
INV0003235,PROD0073,WH003,17-04-2024 04:03,Adjustment,94,
INV0003236,PROD0195,WH003,17-04-2024 09:13,Sale,68,
INV0003237,PROD0197,WH002,17-04-2024 09:47,Sale,51,
INV0003238,PROD0114,WH001,17-04-2024 16:56,Sale,87,
INV0003239,PROD0003,WH004,17-04-2024 22:07,Purchase,3,SUP028
INV0003240,PROD0079,WH002,17-04-2024 23:54,Purchase,99,SUP021
INV0003241,PROD0110,WH001,18-04-2024 09:20,Adjustment,72,
INV0003242,PROD0147,WH003,18-04-2024 12:44,Purchase,32,SUP017
INV0003243,PROD0196,WH004,18-04-2024 19:06,Purchase,39,SUP038
INV0003244,PROD0129,WH002,18-04-2024 20:15,Adjustment,81,
INV0003245,PROD0097,WH002,19-04-2024 03:41,Purchase,88,SUP019
INV0003246,PROD0101,WH004,19-04-2024 07:07,Return,13,
INV0003247,PROD0102,WH004,19-04-2024 12:54,Adjustment,42,
INV0003248,PROD0123,WH004,19-04-2024 15:18,Purchase,52,SUP017
INV0003249,PROD0064,WH002,19-04-2024 15:23,Purchase,12,SUP002
INV0003250,PROD0040,WH001,19-04-2024 22:39,Purchase,33,SUP014
INV0003251,PROD0161,WH001,20-04-2024 00:00,Purchase,68,SUP031
INV0003252,PROD0148,WH004,20-04-2024 01:15,Purchase,30,SUP015
INV0003253,PROD0187,WH003,20-04-2024 01:28,Return,35,
INV0003254,PROD0141,WH002,20-04-2024 08:07,Adjustment,15,
INV0003255,PROD0086,WH004,20-04-2024 08:16,Sale,62,
INV0003256,PROD0177,WH001,20-04-2024 10:10,Purchase,4,SUP015
INV0003257,PROD0183,WH001,20-04-2024 11:14,Sale,30,
INV0003258,PROD0132,WH002,20-04-2024 16:47,Return,97,
INV0003259,PROD0028,WH004,20-04-2024 17:34,Purchase,34,SUP040
INV0003260,PROD0180,WH004,20-04-2024 17:43,Purchase,76,SUP038
INV0003261,PROD0135,WH003,21-04-2024 00:50,Purchase,53,SUP008
INV0003262,PROD0051,WH001,21-04-2024 10:27,Sale,20,
INV0003263,PROD0062,WH004,21-04-2024 11:39,Sale,52,
INV0003264,PROD0024,WH004,21-04-2024 12:54,Adjustment,48,
INV0003265,PROD0022,WH004,21-04-2024 15:30,Purchase,100,SUP023
INV0003266,PROD0077,WH004,21-04-2024 17:07,Purchase,96,SUP002
INV0003267,PROD0124,WH001,22-04-2024 04:08,Purchase,54,SUP002
INV0003268,PROD0122,WH004,22-04-2024 06:04,Purchase,94,SUP016
INV0003269,PROD0109,WH002,22-04-2024 11:08,Sale,61,
INV0003270,PROD0120,WH004,22-04-2024 14:05,Sale,10,
INV0003271,PROD0114,WH003,22-04-2024 19:15,Sale,86,
INV0003272,PROD0125,WH002,22-04-2024 19:31,Sale,74,
INV0003273,PROD0148,WH004,23-04-2024 01:14,Purchase,1,SUP034
INV0003274,PROD0174,WH002,23-04-2024 15:32,Purchase,2,SUP022
INV0003275,PROD0096,WH002,23-04-2024 17:06,Return,95,
INV0003276,PROD0125,WH001,23-04-2024 19:30,Purchase,32,SUP011
INV0003277,PROD0077,WH004,24-04-2024 03:35,Sale,34,
INV0003278,PROD0168,WH001,24-04-2024 07:17,Adjustment,58,
INV0003279,PROD0149,WH001,24-04-2024 08:20,Purchase,83,SUP023
INV0003280,PROD0035,WH001,24-04-2024 14:28,Sale,56,
INV0003281,PROD0145,WH003,24-04-2024 14:36,Sale,60,
INV0003282,PROD0026,WH001,24-04-2024 19:47,Purchase,7,SUP019
INV0003283,PROD0106,WH003,24-04-2024 22:47,Purchase,86,SUP033
INV0003284,PROD0175,WH002,25-04-2024 00:30,Purchase,18,SUP012
INV0003285,PROD0124,WH003,25-04-2024 05:40,Purchase,39,SUP030
INV0003286,PROD0012,WH004,25-04-2024 15:23,Purchase,59,SUP009
INV0003287,PROD0102,WH001,25-04-2024 16:41,Sale,86,
INV0003288,PROD0162,WH003,25-04-2024 16:58,Purchase,52,SUP031
INV0003289,PROD0126,WH002,25-04-2024 19:53,Sale,94,
INV0003290,PROD0176,WH001,25-04-2024 20:50,Sale,20,
INV0003291,PROD0080,WH001,26-04-2024 01:33,Sale,30,
INV0003292,PROD0100,WH003,26-04-2024 02:39,Purchase,75,SUP026
INV0003293,PROD0163,WH003,26-04-2024 05:42,Sale,63,
INV0003294,PROD0126,WH003,26-04-2024 05:57,Sale,24,
INV0003295,PROD0142,WH002,26-04-2024 06:20,Purchase,21,SUP004
INV0003296,PROD0051,WH001,26-04-2024 07:30,Return,36,
INV0003297,PROD0143,WH004,26-04-2024 10:07,Sale,66,
INV0003298,PROD0080,WH001,26-04-2024 11:01,Sale,75,
INV0003299,PROD0197,WH001,26-04-2024 12:46,Sale,93,
INV0003300,PROD0088,WH001,26-04-2024 22:02,Purchase,69,SUP020
INV0003301,PROD0101,WH002,27-04-2024 01:21,Sale,65,
INV0003302,PROD0003,WH002,27-04-2024 02:29,Purchase,34,SUP001
INV0003303,PROD0191,WH004,27-04-2024 06:58,Sale,74,
INV0003304,PROD0032,WH003,27-04-2024 07:56,Return,60,
INV0003305,PROD0080,WH003,27-04-2024 09:47,Sale,88,
INV0003306,PROD0071,WH001,27-04-2024 10:53,Purchase,10,SUP003
INV0003307,PROD0182,WH001,27-04-2024 11:44,Sale,68,
INV0003308,PROD0130,WH003,27-04-2024 12:28,Purchase,27,SUP008
INV0003309,PROD0114,WH004,27-04-2024 19:25,Adjustment,26,
INV0003310,PROD0138,WH004,28-04-2024 06:08,Sale,1,
INV0003311,PROD0115,WH002,28-04-2024 12:43,Sale,67,
INV0003312,PROD0082,WH004,28-04-2024 14:47,Sale,26,
INV0003313,PROD0175,WH003,28-04-2024 21:35,Purchase,93,SUP001
INV0003314,PROD0107,WH003,28-04-2024 23:38,Sale,50,
INV0003315,PROD0191,WH003,29-04-2024 10:07,Purchase,73,SUP012
INV0003316,PROD0013,WH004,29-04-2024 10:17,Sale,47,
INV0003317,PROD0040,WH001,29-04-2024 14:06,Return,27,
INV0003318,PROD0094,WH003,29-04-2024 14:07,Sale,68,
INV0003319,PROD0026,WH003,29-04-2024 16:49,Purchase,90,SUP030
INV0003320,PROD0048,WH003,29-04-2024 18:27,Purchase,64,SUP017
INV0003321,PROD0156,WH003,29-04-2024 23:52,Sale,93,
INV0003322,PROD0063,WH001,30-04-2024 04:56,Purchase,31,SUP009
INV0003323,PROD0072,WH003,30-04-2024 07:13,Sale,24,
INV0003324,PROD0024,WH003,30-04-2024 08:16,Return,16,
INV0003325,PROD0028,WH003,30-04-2024 10:22,Sale,37,
INV0003326,PROD0178,WH003,30-04-2024 12:24,Purchase,95,SUP038
INV0003327,PROD0047,WH001,30-04-2024 19:15,Sale,12,
INV0003328,PROD0011,WH004,30-04-2024 19:52,Purchase,60,SUP035
INV0003329,PROD0070,WH001,30-04-2024 20:17,Purchase,93,SUP001
INV0003330,PROD0078,WH004,30-04-2024 21:27,Purchase,56,SUP019
INV0003331,PROD0155,WH001,01-05-2024 00:08,Sale,58,
INV0003332,PROD0061,WH003,01-05-2024 06:05,Sale,75,
INV0003333,PROD0015,WH002,01-05-2024 10:50,Adjustment,33,
INV0003334,PROD0196,WH004,01-05-2024 11:31,Purchase,63,SUP040
INV0003335,PROD0102,WH002,01-05-2024 12:53,Sale,28,
INV0003336,PROD0076,WH002,01-05-2024 16:06,Purchase,91,SUP032
INV0003337,PROD0004,WH002,02-05-2024 01:22,Purchase,57,SUP034
INV0003338,PROD0049,WH002,02-05-2024 06:24,Sale,41,
INV0003339,PROD0140,WH004,02-05-2024 08:39,Purchase,97,SUP008
INV0003340,PROD0170,WH004,02-05-2024 12:37,Purchase,50,SUP040
INV0003341,PROD0193,WH001,02-05-2024 18:50,Purchase,47,SUP029
INV0003342,PROD0130,WH003,02-05-2024 23:19,Sale,25,
INV0003343,PROD0072,WH004,03-05-2024 03:36,Sale,99,
INV0003344,PROD0075,WH003,03-05-2024 09:23,Sale,67,
INV0003345,PROD0185,WH002,03-05-2024 09:47,Sale,75,
INV0003346,PROD0074,WH004,03-05-2024 10:52,Sale,90,
INV0003347,PROD0177,WH003,03-05-2024 11:38,Sale,71,
INV0003348,PROD0172,WH001,03-05-2024 12:09,Sale,96,
INV0003349,PROD0070,WH002,03-05-2024 14:04,Sale,16,
INV0003350,PROD0098,WH001,03-05-2024 14:36,Purchase,47,SUP014
INV0003351,PROD0042,WH004,03-05-2024 22:10,Adjustment,20,
INV0003352,PROD0132,WH001,04-05-2024 11:27,Sale,32,
INV0003353,PROD0067,WH001,04-05-2024 16:18,Purchase,74,SUP019
INV0003354,PROD0043,WH004,04-05-2024 18:01,Sale,55,
INV0003355,PROD0184,WH002,05-05-2024 00:28,Sale,17,
INV0003356,PROD0114,WH003,05-05-2024 10:21,Sale,71,
INV0003357,PROD0086,WH004,05-05-2024 11:00,Sale,56,
INV0003358,PROD0028,WH001,05-05-2024 13:36,Purchase,37,SUP038
INV0003359,PROD0100,WH002,05-05-2024 14:46,Adjustment,52,
INV0003360,PROD0012,WH001,05-05-2024 15:54,Sale,78,
INV0003361,PROD0030,WH002,05-05-2024 19:35,Sale,73,
INV0003362,PROD0022,WH004,06-05-2024 03:07,Purchase,19,SUP015
INV0003363,PROD0046,WH002,06-05-2024 03:42,Return,56,
INV0003364,PROD0194,WH001,06-05-2024 08:16,Sale,38,
INV0003365,PROD0186,WH001,06-05-2024 15:51,Purchase,22,SUP005
INV0003366,PROD0104,WH004,06-05-2024 20:36,Sale,96,
INV0003367,PROD0183,WH002,06-05-2024 22:03,Purchase,79,SUP008
INV0003368,PROD0090,WH001,07-05-2024 04:17,Sale,88,
INV0003369,PROD0060,WH002,07-05-2024 14:35,Sale,79,
INV0003370,PROD0134,WH004,07-05-2024 16:05,Sale,80,
INV0003371,PROD0141,WH002,07-05-2024 16:48,Sale,4,
INV0003372,PROD0082,WH004,07-05-2024 20:24,Sale,100,
INV0003373,PROD0138,WH001,07-05-2024 20:24,Purchase,55,SUP030
INV0003374,PROD0121,WH002,07-05-2024 20:38,Adjustment,33,
INV0003375,PROD0085,WH003,07-05-2024 21:56,Purchase,9,SUP026
INV0003376,PROD0176,WH001,08-05-2024 01:09,Purchase,2,SUP020
INV0003377,PROD0143,WH003,08-05-2024 02:06,Purchase,12,SUP011
INV0003378,PROD0020,WH004,08-05-2024 03:59,Purchase,33,SUP030
INV0003379,PROD0180,WH003,08-05-2024 07:07,Purchase,6,SUP011
INV0003380,PROD0191,WH004,08-05-2024 10:03,Sale,26,
INV0003381,PROD0155,WH001,08-05-2024 17:01,Purchase,76,SUP012
INV0003382,PROD0094,WH002,08-05-2024 20:44,Sale,34,
INV0003383,PROD0111,WH003,08-05-2024 22:17,Sale,57,
INV0003384,PROD0029,WH002,08-05-2024 23:51,Sale,73,
INV0003385,PROD0128,WH004,09-05-2024 01:34,Sale,51,
INV0003386,PROD0081,WH004,09-05-2024 06:36,Sale,50,
INV0003387,PROD0168,WH004,09-05-2024 16:10,Purchase,22,SUP028
INV0003388,PROD0098,WH003,09-05-2024 16:46,Sale,21,
INV0003389,PROD0150,WH004,09-05-2024 17:37,Adjustment,3,
INV0003390,PROD0118,WH004,09-05-2024 18:49,Purchase,3,SUP025
INV0003391,PROD0188,WH001,09-05-2024 21:02,Return,23,
INV0003392,PROD0169,WH004,10-05-2024 03:55,Sale,8,
INV0003393,PROD0168,WH004,10-05-2024 08:28,Adjustment,32,
INV0003394,PROD0055,WH003,10-05-2024 09:52,Purchase,1,SUP008
INV0003395,PROD0012,WH002,10-05-2024 12:13,Sale,87,
INV0003396,PROD0105,WH002,10-05-2024 12:22,Purchase,69,SUP036
INV0003397,PROD0144,WH001,10-05-2024 20:04,Purchase,15,SUP023
INV0003398,PROD0148,WH001,10-05-2024 23:19,Sale,18,
INV0003399,PROD0027,WH002,10-05-2024 23:51,Purchase,21,SUP005
INV0003400,PROD0174,WH002,11-05-2024 04:21,Sale,19,
INV0003401,PROD0167,WH002,11-05-2024 06:41,Sale,14,
INV0003402,PROD0187,WH001,11-05-2024 11:49,Adjustment,23,
INV0003403,PROD0021,WH003,11-05-2024 14:17,Adjustment,79,
INV0003404,PROD0108,WH002,11-05-2024 21:43,Purchase,55,SUP039
INV0003405,PROD0058,WH004,12-05-2024 02:09,Adjustment,15,
INV0003406,PROD0143,WH004,12-05-2024 12:42,Purchase,17,SUP040
INV0003407,PROD0063,WH003,12-05-2024 13:23,Sale,11,
INV0003408,PROD0195,WH004,12-05-2024 13:47,Sale,84,
INV0003409,PROD0187,WH003,12-05-2024 15:56,Purchase,52,SUP033
INV0003410,PROD0179,WH001,13-05-2024 00:47,Sale,46,
INV0003411,PROD0198,WH001,13-05-2024 01:32,Purchase,51,SUP012
INV0003412,PROD0109,WH003,13-05-2024 02:13,Sale,48,
INV0003413,PROD0108,WH003,13-05-2024 03:26,Sale,45,
INV0003414,PROD0095,WH003,13-05-2024 14:27,Purchase,42,SUP012
INV0003415,PROD0105,WH002,13-05-2024 18:04,Purchase,86,SUP039
INV0003416,PROD0119,WH001,13-05-2024 19:11,Sale,83,
INV0003417,PROD0109,WH002,13-05-2024 19:51,Purchase,56,SUP008
INV0003418,PROD0048,WH004,14-05-2024 03:23,Purchase,81,SUP020
INV0003419,PROD0129,WH002,14-05-2024 04:12,Purchase,3,SUP015
INV0003420,PROD0068,WH004,14-05-2024 04:46,Sale,72,
INV0003421,PROD0014,WH004,14-05-2024 05:51,Purchase,32,SUP039
INV0003422,PROD0198,WH001,14-05-2024 09:23,Sale,11,
INV0003423,PROD0060,WH001,14-05-2024 11:07,Sale,78,
INV0003424,PROD0112,WH003,14-05-2024 12:29,Sale,83,
INV0003425,PROD0123,WH004,14-05-2024 14:48,Return,15,
INV0003426,PROD0037,WH002,14-05-2024 15:54,Sale,59,
INV0003427,PROD0047,WH002,14-05-2024 16:26,Purchase,85,SUP032
INV0003428,PROD0095,WH002,15-05-2024 10:46,Adjustment,66,
INV0003429,PROD0122,WH001,15-05-2024 12:45,Purchase,52,SUP005
INV0003430,PROD0198,WH003,15-05-2024 13:10,Sale,26,
INV0003431,PROD0181,WH003,15-05-2024 14:26,Purchase,33,SUP024
INV0003432,PROD0198,WH003,16-05-2024 03:45,Sale,85,
INV0003433,PROD0154,WH003,16-05-2024 05:24,Sale,23,
INV0003434,PROD0151,WH004,16-05-2024 13:18,Purchase,11,SUP004
INV0003435,PROD0107,WH004,16-05-2024 14:39,Sale,33,
INV0003436,PROD0075,WH004,16-05-2024 18:06,Sale,36,
INV0003437,PROD0056,WH002,16-05-2024 22:29,Purchase,6,SUP040
INV0003438,PROD0145,WH001,16-05-2024 23:35,Sale,53,
INV0003439,PROD0083,WH001,17-05-2024 00:57,Purchase,56,SUP021
INV0003440,PROD0190,WH004,17-05-2024 11:38,Adjustment,91,
INV0003441,PROD0018,WH002,17-05-2024 13:15,Sale,26,
INV0003442,PROD0108,WH002,17-05-2024 22:40,Purchase,29,SUP014
INV0003443,PROD0030,WH002,17-05-2024 23:23,Purchase,88,SUP002
INV0003444,PROD0083,WH002,18-05-2024 10:59,Purchase,44,SUP026
INV0003445,PROD0200,WH003,18-05-2024 12:44,Sale,15,
INV0003446,PROD0046,WH002,18-05-2024 21:43,Return,59,
INV0003447,PROD0184,WH003,19-05-2024 00:07,Sale,47,
INV0003448,PROD0185,WH004,19-05-2024 03:45,Sale,55,
INV0003449,PROD0124,WH002,19-05-2024 04:56,Purchase,73,SUP028
INV0003450,PROD0189,WH003,19-05-2024 05:37,Purchase,92,SUP034
INV0003451,PROD0126,WH004,19-05-2024 05:52,Sale,76,
INV0003452,PROD0177,WH004,19-05-2024 06:37,Purchase,79,SUP005
INV0003453,PROD0057,WH001,19-05-2024 06:52,Return,23,
INV0003454,PROD0060,WH002,19-05-2024 14:42,Purchase,89,SUP004
INV0003455,PROD0079,WH001,19-05-2024 16:56,Sale,96,
INV0003456,PROD0181,WH003,19-05-2024 17:38,Sale,11,
INV0003457,PROD0042,WH002,19-05-2024 18:08,Sale,95,
INV0003458,PROD0198,WH002,20-05-2024 02:37,Purchase,40,SUP006
INV0003459,PROD0191,WH003,20-05-2024 05:48,Purchase,42,SUP019
INV0003460,PROD0101,WH003,21-05-2024 06:46,Sale,62,
INV0003461,PROD0164,WH003,21-05-2024 17:52,Sale,46,
INV0003462,PROD0015,WH002,21-05-2024 18:39,Purchase,48,SUP031
INV0003463,PROD0059,WH003,22-05-2024 04:56,Return,34,
INV0003464,PROD0072,WH001,22-05-2024 08:21,Return,35,
INV0003465,PROD0073,WH001,22-05-2024 11:18,Purchase,40,SUP034
INV0003466,PROD0026,WH001,22-05-2024 19:06,Return,60,
INV0003467,PROD0003,WH004,22-05-2024 23:40,Adjustment,80,
INV0003468,PROD0080,WH002,22-05-2024 23:46,Purchase,14,SUP034
INV0003469,PROD0054,WH001,23-05-2024 02:02,Return,51,
INV0003470,PROD0191,WH001,23-05-2024 05:17,Sale,50,
INV0003471,PROD0054,WH003,23-05-2024 07:28,Sale,90,
INV0003472,PROD0160,WH002,23-05-2024 15:08,Sale,12,
INV0003473,PROD0031,WH003,23-05-2024 22:08,Purchase,42,SUP021
INV0003474,PROD0195,WH004,24-05-2024 04:39,Sale,30,
INV0003475,PROD0184,WH001,24-05-2024 10:23,Sale,70,
INV0003476,PROD0010,WH001,24-05-2024 10:40,Sale,12,
INV0003477,PROD0005,WH002,24-05-2024 16:30,Sale,74,
INV0003478,PROD0178,WH002,24-05-2024 19:14,Sale,98,
INV0003479,PROD0113,WH002,24-05-2024 20:05,Sale,34,
INV0003480,PROD0136,WH004,24-05-2024 20:51,Purchase,32,SUP028
INV0003481,PROD0084,WH001,25-05-2024 09:32,Return,92,
INV0003482,PROD0016,WH004,25-05-2024 16:55,Sale,26,
INV0003483,PROD0081,WH002,25-05-2024 20:12,Return,51,
INV0003484,PROD0159,WH004,26-05-2024 07:01,Purchase,13,SUP028
INV0003485,PROD0031,WH002,26-05-2024 07:33,Sale,51,
INV0003486,PROD0069,WH001,26-05-2024 08:04,Purchase,82,SUP024
INV0003487,PROD0159,WH002,26-05-2024 11:44,Return,5,
INV0003488,PROD0114,WH004,26-05-2024 15:34,Purchase,76,SUP020
INV0003489,PROD0065,WH002,26-05-2024 18:46,Adjustment,85,
INV0003490,PROD0131,WH001,26-05-2024 19:15,Sale,13,
INV0003491,PROD0137,WH004,26-05-2024 19:17,Return,62,
INV0003492,PROD0140,WH003,27-05-2024 00:02,Purchase,60,SUP039
INV0003493,PROD0064,WH004,27-05-2024 00:40,Adjustment,23,
INV0003494,PROD0182,WH004,27-05-2024 05:09,Purchase,4,SUP026
INV0003495,PROD0182,WH003,27-05-2024 09:42,Purchase,32,SUP015
INV0003496,PROD0124,WH002,27-05-2024 11:08,Sale,58,
INV0003497,PROD0046,WH004,27-05-2024 12:26,Return,37,
INV0003498,PROD0074,WH001,27-05-2024 13:21,Sale,6,
INV0003499,PROD0167,WH002,27-05-2024 14:03,Sale,84,
INV0003500,PROD0163,WH002,27-05-2024 15:11,Adjustment,77,
INV0003501,PROD0149,WH002,27-05-2024 20:12,Adjustment,81,
INV0003502,PROD0098,WH001,28-05-2024 05:50,Sale,88,
INV0003503,PROD0175,WH002,28-05-2024 07:02,Sale,55,
INV0003504,PROD0068,WH001,28-05-2024 07:26,Purchase,47,SUP013
INV0003505,PROD0198,WH003,28-05-2024 10:28,Sale,79,
INV0003506,PROD0188,WH004,28-05-2024 18:10,Sale,91,
INV0003507,PROD0116,WH003,28-05-2024 23:21,Sale,57,
INV0003508,PROD0199,WH003,29-05-2024 01:40,Sale,18,
INV0003509,PROD0146,WH003,29-05-2024 06:49,Adjustment,15,
INV0003510,PROD0056,WH002,29-05-2024 13:47,Purchase,79,SUP017
INV0003511,PROD0115,WH001,29-05-2024 14:38,Sale,23,
INV0003512,PROD0055,WH002,29-05-2024 18:02,Sale,48,
INV0003513,PROD0179,WH001,29-05-2024 19:47,Sale,33,
INV0003514,PROD0189,WH003,29-05-2024 20:07,Sale,81,
INV0003515,PROD0124,WH002,29-05-2024 23:13,Sale,23,
INV0003516,PROD0001,WH002,30-05-2024 01:33,Sale,49,
INV0003517,PROD0170,WH002,30-05-2024 01:55,Sale,90,
INV0003518,PROD0048,WH003,30-05-2024 05:14,Adjustment,48,
INV0003519,PROD0053,WH002,31-05-2024 02:23,Purchase,20,SUP004
INV0003520,PROD0007,WH003,31-05-2024 08:23,Purchase,32,SUP038
INV0003521,PROD0009,WH003,31-05-2024 10:20,Sale,10,
INV0003522,PROD0185,WH003,31-05-2024 11:53,Sale,83,
INV0003523,PROD0020,WH003,31-05-2024 12:36,Sale,84,
INV0003524,PROD0107,WH002,31-05-2024 20:00,Sale,99,
INV0003525,PROD0131,WH002,31-05-2024 21:56,Sale,15,
INV0003526,PROD0126,WH003,01-06-2024 03:59,Purchase,26,SUP026
INV0003527,PROD0168,WH003,01-06-2024 07:21,Sale,1,
INV0003528,PROD0166,WH003,01-06-2024 08:39,Sale,49,
INV0003529,PROD0049,WH002,01-06-2024 15:27,Sale,68,
INV0003530,PROD0140,WH001,01-06-2024 20:09,Purchase,30,SUP038
INV0003531,PROD0119,WH001,02-06-2024 00:03,Adjustment,16,
INV0003532,PROD0044,WH004,02-06-2024 01:42,Purchase,11,SUP007
INV0003533,PROD0106,WH003,02-06-2024 02:00,Adjustment,40,
INV0003534,PROD0141,WH002,02-06-2024 02:18,Adjustment,80,
INV0003535,PROD0132,WH004,02-06-2024 12:04,Purchase,33,SUP033
INV0003536,PROD0116,WH003,02-06-2024 17:54,Sale,67,
INV0003537,PROD0047,WH003,02-06-2024 20:40,Purchase,97,SUP017
INV0003538,PROD0160,WH002,03-06-2024 03:26,Purchase,8,SUP021
INV0003539,PROD0045,WH001,03-06-2024 07:18,Sale,10,
INV0003540,PROD0088,WH004,03-06-2024 07:32,Sale,74,
INV0003541,PROD0156,WH002,03-06-2024 08:37,Return,6,
INV0003542,PROD0182,WH004,03-06-2024 12:12,Sale,48,
INV0003543,PROD0010,WH004,03-06-2024 18:10,Sale,78,
INV0003544,PROD0173,WH002,03-06-2024 18:35,Sale,78,
INV0003545,PROD0139,WH001,04-06-2024 02:01,Purchase,34,SUP009
INV0003546,PROD0034,WH004,04-06-2024 05:59,Purchase,12,SUP015
INV0003547,PROD0015,WH004,04-06-2024 07:33,Sale,57,
INV0003548,PROD0039,WH004,04-06-2024 08:21,Sale,38,
INV0003549,PROD0021,WH001,04-06-2024 09:35,Sale,1,
INV0003550,PROD0064,WH002,04-06-2024 13:51,Return,87,
INV0003551,PROD0049,WH001,04-06-2024 15:07,Sale,99,
INV0003552,PROD0024,WH003,04-06-2024 15:28,Purchase,3,SUP010
INV0003553,PROD0069,WH003,04-06-2024 21:50,Purchase,66,SUP023
INV0003554,PROD0165,WH004,05-06-2024 09:37,Sale,26,
INV0003555,PROD0198,WH002,05-06-2024 15:36,Sale,66,
INV0003556,PROD0172,WH003,05-06-2024 18:51,Purchase,11,SUP025
INV0003557,PROD0092,WH003,05-06-2024 19:02,Sale,75,
INV0003558,PROD0131,WH004,05-06-2024 19:24,Adjustment,11,
INV0003559,PROD0086,WH002,06-06-2024 12:43,Purchase,37,SUP035
INV0003560,PROD0115,WH001,06-06-2024 14:23,Purchase,33,SUP022
INV0003561,PROD0155,WH004,06-06-2024 18:40,Sale,41,
INV0003562,PROD0073,WH001,06-06-2024 23:34,Adjustment,48,
INV0003563,PROD0054,WH004,07-06-2024 00:04,Purchase,44,SUP007
INV0003564,PROD0175,WH004,07-06-2024 01:29,Return,20,
INV0003565,PROD0120,WH004,07-06-2024 07:33,Purchase,80,SUP039
INV0003566,PROD0104,WH002,07-06-2024 08:53,Purchase,97,SUP008
INV0003567,PROD0140,WH003,07-06-2024 09:24,Purchase,9,SUP031
INV0003568,PROD0001,WH004,07-06-2024 10:38,Return,59,
INV0003569,PROD0172,WH002,07-06-2024 11:06,Purchase,29,SUP006
INV0003570,PROD0168,WH001,07-06-2024 11:55,Purchase,96,SUP012
INV0003571,PROD0025,WH003,07-06-2024 14:31,Sale,79,
INV0003572,PROD0057,WH004,07-06-2024 16:23,Return,64,
INV0003573,PROD0131,WH004,07-06-2024 16:39,Purchase,7,SUP001
INV0003574,PROD0161,WH002,07-06-2024 22:42,Adjustment,80,
INV0003575,PROD0001,WH004,08-06-2024 00:39,Adjustment,95,
INV0003576,PROD0033,WH004,08-06-2024 02:27,Purchase,94,SUP022
INV0003577,PROD0100,WH001,08-06-2024 05:58,Purchase,56,SUP040
INV0003578,PROD0024,WH003,08-06-2024 06:16,Purchase,63,SUP028
INV0003579,PROD0073,WH003,08-06-2024 08:46,Sale,13,
INV0003580,PROD0104,WH003,08-06-2024 09:47,Purchase,6,SUP013
INV0003581,PROD0163,WH001,08-06-2024 10:08,Sale,20,
INV0003582,PROD0045,WH004,08-06-2024 11:19,Return,35,
INV0003583,PROD0146,WH003,08-06-2024 12:07,Sale,21,
INV0003584,PROD0054,WH004,09-06-2024 00:58,Purchase,48,SUP011
INV0003585,PROD0139,WH003,09-06-2024 04:02,Purchase,19,SUP024
INV0003586,PROD0040,WH002,09-06-2024 08:25,Sale,82,
INV0003587,PROD0034,WH004,09-06-2024 09:15,Sale,52,
INV0003588,PROD0156,WH002,09-06-2024 14:49,Purchase,11,SUP023
INV0003589,PROD0063,WH001,09-06-2024 15:09,Sale,81,
INV0003590,PROD0186,WH001,09-06-2024 23:55,Purchase,4,SUP036
INV0003591,PROD0058,WH002,10-06-2024 01:18,Purchase,17,SUP023
INV0003592,PROD0043,WH001,10-06-2024 03:15,Sale,67,
INV0003593,PROD0039,WH001,10-06-2024 03:19,Sale,6,
INV0003594,PROD0073,WH004,10-06-2024 04:50,Purchase,26,SUP025
INV0003595,PROD0085,WH004,10-06-2024 06:48,Sale,4,
INV0003596,PROD0042,WH001,10-06-2024 13:43,Purchase,5,SUP004
INV0003597,PROD0086,WH001,10-06-2024 16:33,Purchase,13,SUP017
INV0003598,PROD0138,WH004,10-06-2024 17:12,Sale,14,
INV0003599,PROD0070,WH001,10-06-2024 18:25,Sale,21,
INV0003600,PROD0001,WH001,10-06-2024 22:33,Sale,88,
INV0003601,PROD0159,WH001,10-06-2024 22:53,Purchase,41,SUP010
INV0003602,PROD0006,WH004,11-06-2024 00:10,Purchase,2,SUP027
INV0003603,PROD0139,WH003,11-06-2024 01:38,Adjustment,75,
INV0003604,PROD0045,WH003,11-06-2024 04:00,Purchase,8,SUP009
INV0003605,PROD0159,WH001,11-06-2024 10:33,Purchase,3,SUP006
INV0003606,PROD0102,WH003,11-06-2024 14:34,Sale,66,
INV0003607,PROD0162,WH002,11-06-2024 17:38,Purchase,29,SUP026
INV0003608,PROD0072,WH002,11-06-2024 18:50,Sale,93,
INV0003609,PROD0045,WH001,11-06-2024 21:38,Sale,3,
INV0003610,PROD0015,WH001,11-06-2024 22:49,Sale,27,
INV0003611,PROD0190,WH003,12-06-2024 01:44,Purchase,100,SUP008
INV0003612,PROD0173,WH003,12-06-2024 02:19,Sale,75,
INV0003613,PROD0131,WH001,12-06-2024 06:29,Sale,70,
INV0003614,PROD0171,WH002,12-06-2024 09:13,Purchase,9,SUP038
INV0003615,PROD0160,WH001,12-06-2024 10:19,Purchase,20,SUP009
INV0003616,PROD0010,WH004,12-06-2024 15:53,Purchase,60,SUP009
INV0003617,PROD0186,WH004,12-06-2024 15:54,Sale,11,
INV0003618,PROD0194,WH001,12-06-2024 18:51,Sale,73,
INV0003619,PROD0164,WH001,12-06-2024 19:10,Sale,29,
INV0003620,PROD0130,WH004,12-06-2024 19:28,Purchase,49,SUP035
INV0003621,PROD0112,WH001,12-06-2024 20:44,Adjustment,74,
INV0003622,PROD0081,WH001,12-06-2024 22:57,Sale,6,
INV0003623,PROD0096,WH003,13-06-2024 00:39,Purchase,100,SUP015
INV0003624,PROD0047,WH001,13-06-2024 02:19,Purchase,88,SUP032
INV0003625,PROD0110,WH001,13-06-2024 09:22,Return,27,
INV0003626,PROD0065,WH003,13-06-2024 12:33,Purchase,27,SUP024
INV0003627,PROD0175,WH001,13-06-2024 14:27,Purchase,82,SUP002
INV0003628,PROD0011,WH003,13-06-2024 16:58,Sale,69,
INV0003629,PROD0014,WH001,13-06-2024 18:47,Adjustment,84,
INV0003630,PROD0172,WH004,13-06-2024 22:25,Sale,54,
INV0003631,PROD0078,WH003,13-06-2024 22:58,Purchase,68,SUP036
INV0003632,PROD0113,WH003,14-06-2024 01:26,Sale,98,
INV0003633,PROD0057,WH002,14-06-2024 04:29,Purchase,52,SUP037
INV0003634,PROD0045,WH003,14-06-2024 09:15,Adjustment,42,
INV0003635,PROD0090,WH004,14-06-2024 09:23,Return,93,
INV0003636,PROD0026,WH004,14-06-2024 10:03,Return,85,
INV0003637,PROD0121,WH001,14-06-2024 11:28,Purchase,66,SUP002
INV0003638,PROD0027,WH002,14-06-2024 21:06,Adjustment,40,
INV0003639,PROD0155,WH004,14-06-2024 21:53,Sale,53,
INV0003640,PROD0080,WH004,15-06-2024 07:49,Purchase,70,SUP030
INV0003641,PROD0002,WH001,15-06-2024 11:02,Sale,62,
INV0003642,PROD0093,WH004,15-06-2024 12:26,Adjustment,46,
INV0003643,PROD0087,WH001,15-06-2024 12:55,Purchase,78,SUP035
INV0003644,PROD0012,WH001,15-06-2024 13:52,Sale,61,
INV0003645,PROD0059,WH001,15-06-2024 18:54,Purchase,14,SUP024
INV0003646,PROD0058,WH001,15-06-2024 20:02,Sale,16,
INV0003647,PROD0148,WH004,15-06-2024 22:17,Sale,84,
INV0003648,PROD0154,WH002,16-06-2024 07:11,Purchase,54,SUP039
INV0003649,PROD0055,WH002,16-06-2024 08:04,Purchase,85,SUP014
INV0003650,PROD0187,WH003,16-06-2024 17:22,Sale,45,
INV0003651,PROD0047,WH001,17-06-2024 03:35,Purchase,36,SUP040
INV0003652,PROD0106,WH002,17-06-2024 04:48,Sale,27,
INV0003653,PROD0035,WH003,17-06-2024 05:02,Return,7,
INV0003654,PROD0031,WH003,17-06-2024 12:44,Return,67,
INV0003655,PROD0101,WH001,17-06-2024 14:26,Sale,78,
INV0003656,PROD0050,WH001,17-06-2024 15:35,Purchase,74,SUP031
INV0003657,PROD0011,WH003,17-06-2024 18:31,Purchase,88,SUP013
INV0003658,PROD0197,WH002,17-06-2024 21:56,Purchase,82,SUP020
INV0003659,PROD0140,WH002,18-06-2024 06:42,Adjustment,58,
INV0003660,PROD0136,WH004,18-06-2024 11:45,Sale,11,
INV0003661,PROD0177,WH001,18-06-2024 15:59,Sale,75,
INV0003662,PROD0146,WH004,18-06-2024 20:00,Adjustment,60,
INV0003663,PROD0040,WH004,18-06-2024 20:23,Sale,77,
INV0003664,PROD0180,WH004,19-06-2024 03:39,Sale,58,
INV0003665,PROD0100,WH001,19-06-2024 05:17,Purchase,30,SUP014
INV0003666,PROD0172,WH002,19-06-2024 05:50,Purchase,23,SUP040
INV0003667,PROD0177,WH001,19-06-2024 07:17,Sale,12,
INV0003668,PROD0002,WH002,19-06-2024 07:50,Purchase,38,SUP023
INV0003669,PROD0171,WH003,19-06-2024 15:25,Purchase,88,SUP007
INV0003670,PROD0016,WH004,19-06-2024 19:20,Adjustment,19,
INV0003671,PROD0157,WH004,19-06-2024 20:16,Sale,26,
INV0003672,PROD0134,WH001,19-06-2024 21:27,Return,18,
INV0003673,PROD0038,WH002,20-06-2024 10:50,Purchase,44,SUP011
INV0003674,PROD0187,WH001,20-06-2024 17:00,Adjustment,16,
INV0003675,PROD0088,WH004,20-06-2024 20:01,Sale,88,
INV0003676,PROD0075,WH004,20-06-2024 20:56,Purchase,89,SUP023
INV0003677,PROD0197,WH001,20-06-2024 21:32,Return,33,
INV0003678,PROD0112,WH004,21-06-2024 02:55,Purchase,10,SUP010
INV0003679,PROD0049,WH002,21-06-2024 08:07,Return,42,
INV0003680,PROD0173,WH004,21-06-2024 14:33,Sale,4,
INV0003681,PROD0027,WH003,21-06-2024 15:04,Sale,3,
INV0003682,PROD0121,WH003,22-06-2024 01:01,Return,49,
INV0003683,PROD0083,WH004,22-06-2024 02:50,Purchase,8,SUP035
INV0003684,PROD0167,WH001,22-06-2024 03:02,Sale,49,
INV0003685,PROD0031,WH001,22-06-2024 05:45,Sale,66,
INV0003686,PROD0118,WH004,22-06-2024 10:47,Purchase,35,SUP015
INV0003687,PROD0095,WH003,22-06-2024 19:27,Purchase,95,SUP028
INV0003688,PROD0099,WH003,22-06-2024 21:28,Purchase,68,SUP012
INV0003689,PROD0124,WH004,22-06-2024 21:43,Purchase,13,SUP029
INV0003690,PROD0074,WH003,23-06-2024 00:44,Sale,100,
INV0003691,PROD0080,WH001,23-06-2024 06:22,Adjustment,91,
INV0003692,PROD0061,WH001,23-06-2024 16:19,Sale,24,
INV0003693,PROD0051,WH001,23-06-2024 20:57,Sale,12,
INV0003694,PROD0189,WH002,23-06-2024 21:34,Sale,44,
INV0003695,PROD0093,WH003,23-06-2024 21:53,Purchase,89,SUP001
INV0003696,PROD0071,WH003,24-06-2024 08:18,Sale,64,
INV0003697,PROD0159,WH002,24-06-2024 09:45,Adjustment,89,
INV0003698,PROD0027,WH001,24-06-2024 12:42,Purchase,84,SUP015
INV0003699,PROD0164,WH002,24-06-2024 18:15,Purchase,4,SUP029
INV0003700,PROD0001,WH003,24-06-2024 23:42,Sale,70,
INV0003701,PROD0002,WH004,25-06-2024 04:02,Sale,35,
INV0003702,PROD0053,WH002,25-06-2024 14:10,Purchase,99,SUP032
INV0003703,PROD0009,WH001,25-06-2024 19:09,Purchase,22,SUP001
INV0003704,PROD0099,WH003,25-06-2024 19:35,Purchase,65,SUP011
INV0003705,PROD0184,WH003,25-06-2024 20:28,Purchase,99,SUP029
INV0003706,PROD0034,WH002,25-06-2024 21:16,Purchase,77,SUP040
INV0003707,PROD0046,WH004,26-06-2024 03:08,Sale,30,
INV0003708,PROD0025,WH002,26-06-2024 03:40,Return,97,
INV0003709,PROD0082,WH002,26-06-2024 06:47,Sale,55,
INV0003710,PROD0086,WH004,26-06-2024 07:53,Purchase,82,SUP022
INV0003711,PROD0023,WH003,26-06-2024 19:12,Purchase,43,SUP038
INV0003712,PROD0189,WH004,26-06-2024 20:04,Adjustment,66,
INV0003713,PROD0067,WH003,27-06-2024 00:44,Purchase,53,SUP019
INV0003714,PROD0045,WH002,27-06-2024 06:27,Adjustment,62,
INV0003715,PROD0153,WH002,27-06-2024 11:00,Sale,68,
INV0003716,PROD0133,WH001,27-06-2024 11:07,Purchase,85,SUP015
INV0003717,PROD0011,WH003,27-06-2024 15:53,Purchase,36,SUP016
INV0003718,PROD0190,WH002,27-06-2024 20:11,Sale,64,
INV0003719,PROD0090,WH001,27-06-2024 22:01,Purchase,90,SUP017
INV0003720,PROD0163,WH002,28-06-2024 06:09,Adjustment,81,
INV0003721,PROD0124,WH004,28-06-2024 11:07,Purchase,24,SUP025
INV0003722,PROD0160,WH003,28-06-2024 20:55,Purchase,30,SUP036
INV0003723,PROD0058,WH001,29-06-2024 02:27,Purchase,87,SUP030
INV0003724,PROD0043,WH002,29-06-2024 08:09,Sale,96,
INV0003725,PROD0165,WH002,29-06-2024 12:23,Adjustment,57,
INV0003726,PROD0168,WH001,29-06-2024 15:40,Adjustment,41,
INV0003727,PROD0001,WH002,29-06-2024 18:37,Sale,93,
INV0003728,PROD0020,WH002,30-06-2024 05:05,Sale,10,
INV0003729,PROD0086,WH002,30-06-2024 05:54,Adjustment,84,
INV0003730,PROD0064,WH003,30-06-2024 10:35,Sale,97,
INV0003731,PROD0171,WH003,30-06-2024 15:54,Purchase,76,SUP030
INV0003732,PROD0112,WH001,30-06-2024 19:07,Adjustment,38,
INV0003733,PROD0024,WH003,30-06-2024 19:57,Sale,34,
INV0003734,PROD0094,WH001,01-07-2024 02:27,Sale,36,
INV0003735,PROD0039,WH004,01-07-2024 07:08,Purchase,22,SUP029
INV0003736,PROD0143,WH003,01-07-2024 07:21,Return,27,
INV0003737,PROD0132,WH002,01-07-2024 20:44,Adjustment,91,
INV0003738,PROD0117,WH002,01-07-2024 21:16,Return,59,
INV0003739,PROD0063,WH003,01-07-2024 22:09,Purchase,15,SUP027
INV0003740,PROD0127,WH001,02-07-2024 06:20,Purchase,22,SUP007
INV0003741,PROD0050,WH001,02-07-2024 10:16,Purchase,3,SUP018
INV0003742,PROD0057,WH003,02-07-2024 11:16,Purchase,81,SUP013
INV0003743,PROD0105,WH004,02-07-2024 15:20,Purchase,84,SUP038
INV0003744,PROD0039,WH004,02-07-2024 15:40,Sale,67,
INV0003745,PROD0127,WH002,02-07-2024 16:15,Adjustment,82,
INV0003746,PROD0178,WH003,02-07-2024 17:42,Purchase,33,SUP034
INV0003747,PROD0144,WH003,02-07-2024 19:46,Purchase,92,SUP027
INV0003748,PROD0040,WH002,02-07-2024 23:53,Purchase,92,SUP011
INV0003749,PROD0077,WH004,03-07-2024 04:39,Sale,75,
INV0003750,PROD0148,WH001,03-07-2024 08:32,Sale,17,
INV0003751,PROD0118,WH004,03-07-2024 14:46,Sale,84,
INV0003752,PROD0157,WH004,03-07-2024 16:52,Sale,38,
INV0003753,PROD0184,WH002,03-07-2024 22:24,Purchase,13,SUP029
INV0003754,PROD0144,WH003,03-07-2024 23:16,Sale,92,
INV0003755,PROD0191,WH002,04-07-2024 00:19,Sale,61,
INV0003756,PROD0063,WH001,04-07-2024 02:17,Return,52,
INV0003757,PROD0127,WH001,04-07-2024 03:33,Purchase,92,SUP007
INV0003758,PROD0078,WH002,04-07-2024 03:56,Purchase,16,SUP033
INV0003759,PROD0108,WH003,04-07-2024 09:12,Sale,91,
INV0003760,PROD0111,WH004,04-07-2024 17:06,Sale,36,
INV0003761,PROD0149,WH003,05-07-2024 02:10,Purchase,90,SUP037
INV0003762,PROD0130,WH003,05-07-2024 08:04,Sale,2,
INV0003763,PROD0182,WH003,05-07-2024 09:18,Purchase,72,SUP031
INV0003764,PROD0138,WH003,05-07-2024 11:45,Purchase,34,SUP021
INV0003765,PROD0046,WH002,05-07-2024 18:07,Adjustment,37,
INV0003766,PROD0103,WH001,05-07-2024 19:09,Purchase,97,SUP022
INV0003767,PROD0075,WH003,06-07-2024 02:33,Purchase,20,SUP016
INV0003768,PROD0109,WH003,06-07-2024 17:42,Purchase,17,SUP008
INV0003769,PROD0005,WH002,06-07-2024 18:21,Sale,8,
INV0003770,PROD0196,WH001,06-07-2024 22:08,Sale,71,
INV0003771,PROD0194,WH002,07-07-2024 01:28,Purchase,10,SUP013
INV0003772,PROD0105,WH003,07-07-2024 08:26,Sale,100,
INV0003773,PROD0164,WH001,07-07-2024 10:54,Purchase,16,SUP026
INV0003774,PROD0154,WH004,07-07-2024 13:29,Sale,60,
INV0003775,PROD0016,WH003,07-07-2024 14:12,Purchase,57,SUP037
INV0003776,PROD0028,WH003,07-07-2024 14:47,Sale,40,
INV0003777,PROD0174,WH001,07-07-2024 15:36,Purchase,3,SUP027
INV0003778,PROD0036,WH004,07-07-2024 18:48,Sale,73,
INV0003779,PROD0142,WH003,08-07-2024 00:19,Sale,18,
INV0003780,PROD0194,WH003,08-07-2024 05:19,Sale,26,
INV0003781,PROD0173,WH004,08-07-2024 06:03,Sale,36,
INV0003782,PROD0191,WH003,08-07-2024 07:00,Sale,58,
INV0003783,PROD0171,WH003,08-07-2024 09:11,Sale,65,
INV0003784,PROD0002,WH001,08-07-2024 09:27,Purchase,93,SUP022
INV0003785,PROD0050,WH003,08-07-2024 14:19,Purchase,86,SUP034
INV0003786,PROD0195,WH004,08-07-2024 15:34,Sale,58,
INV0003787,PROD0059,WH004,08-07-2024 15:48,Purchase,41,SUP004
INV0003788,PROD0015,WH001,08-07-2024 23:48,Sale,93,
INV0003789,PROD0068,WH004,09-07-2024 07:45,Purchase,36,SUP011
INV0003790,PROD0020,WH002,09-07-2024 09:22,Sale,51,
INV0003791,PROD0140,WH001,09-07-2024 09:30,Purchase,52,SUP013
INV0003792,PROD0172,WH003,09-07-2024 11:27,Sale,30,
INV0003793,PROD0132,WH002,09-07-2024 15:13,Sale,60,
INV0003794,PROD0139,WH002,09-07-2024 16:08,Purchase,70,SUP017
INV0003795,PROD0098,WH002,09-07-2024 17:48,Sale,36,
INV0003796,PROD0143,WH004,09-07-2024 19:18,Purchase,2,SUP036
INV0003797,PROD0109,WH001,10-07-2024 00:19,Sale,65,
INV0003798,PROD0069,WH002,10-07-2024 05:03,Return,18,
INV0003799,PROD0091,WH002,10-07-2024 05:27,Purchase,40,SUP024
INV0003800,PROD0012,WH003,10-07-2024 06:42,Purchase,92,SUP035
INV0003801,PROD0065,WH003,10-07-2024 08:04,Adjustment,20,
INV0003802,PROD0124,WH004,10-07-2024 10:21,Purchase,8,SUP020
INV0003803,PROD0163,WH004,10-07-2024 11:05,Purchase,85,SUP015
INV0003804,PROD0048,WH004,10-07-2024 14:41,Purchase,87,SUP029
INV0003805,PROD0115,WH004,10-07-2024 17:38,Purchase,21,SUP038
INV0003806,PROD0122,WH003,10-07-2024 20:03,Sale,20,
INV0003807,PROD0154,WH001,10-07-2024 23:07,Purchase,80,SUP034
INV0003808,PROD0046,WH004,10-07-2024 23:21,Adjustment,60,
INV0003809,PROD0032,WH002,11-07-2024 06:29,Sale,59,
INV0003810,PROD0170,WH002,11-07-2024 06:37,Sale,83,
INV0003811,PROD0050,WH004,11-07-2024 08:56,Purchase,76,SUP016
INV0003812,PROD0033,WH003,11-07-2024 09:36,Sale,34,
INV0003813,PROD0082,WH003,11-07-2024 10:58,Purchase,1,SUP001
INV0003814,PROD0062,WH002,11-07-2024 11:36,Adjustment,29,
INV0003815,PROD0045,WH004,11-07-2024 12:24,Sale,22,
INV0003816,PROD0014,WH002,11-07-2024 14:05,Purchase,67,SUP037
INV0003817,PROD0123,WH002,11-07-2024 19:40,Sale,45,
INV0003818,PROD0047,WH004,11-07-2024 23:41,Sale,7,
INV0003819,PROD0143,WH002,12-07-2024 02:23,Sale,87,
INV0003820,PROD0062,WH004,12-07-2024 03:20,Sale,10,
INV0003821,PROD0046,WH002,12-07-2024 09:00,Return,11,
INV0003822,PROD0168,WH003,12-07-2024 17:03,Sale,93,
INV0003823,PROD0003,WH004,12-07-2024 18:14,Sale,57,
INV0003824,PROD0018,WH004,12-07-2024 23:17,Purchase,83,SUP005
INV0003825,PROD0122,WH002,13-07-2024 01:11,Purchase,85,SUP028
INV0003826,PROD0011,WH002,13-07-2024 04:10,Purchase,14,SUP012
INV0003827,PROD0197,WH002,13-07-2024 07:04,Purchase,2,SUP023
INV0003828,PROD0082,WH002,13-07-2024 09:21,Sale,41,
INV0003829,PROD0066,WH004,13-07-2024 13:12,Purchase,4,SUP015
INV0003830,PROD0066,WH004,13-07-2024 19:02,Sale,30,
INV0003831,PROD0127,WH002,13-07-2024 19:47,Purchase,40,SUP013
INV0003832,PROD0067,WH001,13-07-2024 20:05,Sale,45,
INV0003833,PROD0010,WH002,13-07-2024 21:38,Sale,10,
INV0003834,PROD0003,WH001,13-07-2024 21:55,Purchase,22,SUP023
INV0003835,PROD0114,WH004,14-07-2024 02:36,Sale,9,
INV0003836,PROD0025,WH004,14-07-2024 03:17,Sale,64,
INV0003837,PROD0113,WH002,14-07-2024 17:02,Return,22,
INV0003838,PROD0195,WH002,15-07-2024 01:55,Sale,59,
INV0003839,PROD0114,WH003,15-07-2024 02:53,Purchase,48,SUP014
INV0003840,PROD0160,WH003,15-07-2024 10:26,Sale,73,
INV0003841,PROD0098,WH001,15-07-2024 13:40,Sale,34,
INV0003842,PROD0037,WH002,15-07-2024 13:44,Sale,1,
INV0003843,PROD0091,WH004,15-07-2024 15:27,Purchase,98,SUP040
INV0003844,PROD0128,WH002,15-07-2024 18:33,Purchase,94,SUP028
INV0003845,PROD0173,WH003,15-07-2024 18:34,Purchase,45,SUP002
INV0003846,PROD0083,WH002,16-07-2024 01:13,Sale,7,
INV0003847,PROD0003,WH004,16-07-2024 03:29,Purchase,58,SUP031
INV0003848,PROD0110,WH003,16-07-2024 04:19,Sale,59,
INV0003849,PROD0075,WH004,16-07-2024 13:03,Purchase,38,SUP005
INV0003850,PROD0168,WH004,16-07-2024 15:32,Purchase,26,SUP015
INV0003851,PROD0084,WH004,16-07-2024 17:03,Purchase,11,SUP023
INV0003852,PROD0123,WH001,16-07-2024 23:22,Sale,49,
INV0003853,PROD0166,WH001,17-07-2024 00:10,Purchase,42,SUP008
INV0003854,PROD0117,WH002,17-07-2024 02:55,Purchase,55,SUP036
INV0003855,PROD0078,WH002,17-07-2024 03:01,Purchase,46,SUP001
INV0003856,PROD0074,WH002,17-07-2024 03:26,Sale,98,
INV0003857,PROD0018,WH001,17-07-2024 03:47,Purchase,96,SUP006
INV0003858,PROD0040,WH001,17-07-2024 06:51,Purchase,100,SUP010
INV0003859,PROD0025,WH003,17-07-2024 18:21,Purchase,90,SUP009
INV0003860,PROD0044,WH001,18-07-2024 02:05,Purchase,91,SUP025
INV0003861,PROD0025,WH004,18-07-2024 04:14,Purchase,1,SUP012
INV0003862,PROD0137,WH002,18-07-2024 05:01,Purchase,90,SUP025
INV0003863,PROD0121,WH002,18-07-2024 09:34,Sale,28,
INV0003864,PROD0158,WH002,18-07-2024 13:08,Sale,24,
INV0003865,PROD0107,WH002,18-07-2024 22:56,Purchase,58,SUP013
INV0003866,PROD0061,WH003,19-07-2024 03:10,Sale,55,
INV0003867,PROD0050,WH002,19-07-2024 04:22,Purchase,71,SUP012
INV0003868,PROD0019,WH003,19-07-2024 06:24,Sale,86,
INV0003869,PROD0038,WH003,19-07-2024 09:16,Sale,45,
INV0003870,PROD0101,WH004,19-07-2024 10:16,Sale,84,
INV0003871,PROD0182,WH004,19-07-2024 13:05,Purchase,72,SUP031
INV0003872,PROD0074,WH001,19-07-2024 13:48,Purchase,70,SUP032
INV0003873,PROD0118,WH003,19-07-2024 20:24,Sale,72,
INV0003874,PROD0053,WH001,19-07-2024 23:47,Sale,48,
INV0003875,PROD0169,WH004,20-07-2024 00:52,Sale,72,
INV0003876,PROD0016,WH002,20-07-2024 01:13,Sale,61,
INV0003877,PROD0053,WH002,20-07-2024 09:38,Sale,26,
INV0003878,PROD0198,WH004,20-07-2024 13:49,Adjustment,68,
INV0003879,PROD0095,WH002,20-07-2024 16:55,Adjustment,1,
INV0003880,PROD0156,WH002,20-07-2024 21:26,Purchase,87,SUP015
INV0003881,PROD0052,WH001,20-07-2024 22:20,Sale,20,
INV0003882,PROD0166,WH003,21-07-2024 01:53,Purchase,83,SUP029
INV0003883,PROD0032,WH001,21-07-2024 06:14,Purchase,36,SUP027
INV0003884,PROD0086,WH004,21-07-2024 10:24,Return,74,
INV0003885,PROD0078,WH004,21-07-2024 11:32,Sale,45,
INV0003886,PROD0184,WH001,21-07-2024 22:22,Sale,71,
INV0003887,PROD0001,WH003,22-07-2024 01:30,Adjustment,9,
INV0003888,PROD0192,WH001,22-07-2024 01:57,Sale,74,
INV0003889,PROD0178,WH001,22-07-2024 02:56,Adjustment,70,
INV0003890,PROD0063,WH003,22-07-2024 05:45,Sale,91,
INV0003891,PROD0090,WH003,22-07-2024 12:15,Purchase,15,SUP040
INV0003892,PROD0150,WH004,22-07-2024 14:36,Purchase,46,SUP022
INV0003893,PROD0025,WH003,22-07-2024 21:43,Return,29,
INV0003894,PROD0055,WH001,22-07-2024 21:45,Sale,99,
INV0003895,PROD0094,WH004,22-07-2024 22:34,Purchase,33,SUP014
INV0003896,PROD0162,WH002,23-07-2024 11:23,Sale,65,
INV0003897,PROD0175,WH001,23-07-2024 12:26,Sale,59,
INV0003898,PROD0101,WH002,23-07-2024 19:59,Purchase,54,SUP036
INV0003899,PROD0192,WH001,23-07-2024 21:34,Purchase,74,SUP022
INV0003900,PROD0194,WH002,23-07-2024 23:15,Sale,10,
INV0003901,PROD0001,WH002,24-07-2024 07:18,Sale,31,
INV0003902,PROD0116,WH004,24-07-2024 08:39,Adjustment,68,
INV0003903,PROD0195,WH001,24-07-2024 11:00,Sale,84,
INV0003904,PROD0053,WH003,24-07-2024 13:21,Sale,57,
INV0003905,PROD0065,WH001,24-07-2024 15:51,Sale,36,
INV0003906,PROD0063,WH001,24-07-2024 18:18,Purchase,63,SUP035
INV0003907,PROD0142,WH004,25-07-2024 00:12,Adjustment,81,
INV0003908,PROD0087,WH002,25-07-2024 01:16,Adjustment,28,
INV0003909,PROD0151,WH004,25-07-2024 02:54,Purchase,16,SUP029
INV0003910,PROD0073,WH001,25-07-2024 13:37,Return,85,
INV0003911,PROD0182,WH003,25-07-2024 20:22,Purchase,36,SUP038
INV0003912,PROD0052,WH001,25-07-2024 21:46,Sale,97,
INV0003913,PROD0082,WH004,25-07-2024 21:46,Purchase,59,SUP030
INV0003914,PROD0172,WH004,26-07-2024 02:52,Adjustment,78,
INV0003915,PROD0154,WH003,26-07-2024 04:55,Return,51,
INV0003916,PROD0075,WH003,26-07-2024 05:17,Sale,17,
INV0003917,PROD0138,WH003,26-07-2024 06:20,Purchase,37,SUP028
INV0003918,PROD0092,WH003,26-07-2024 11:51,Purchase,1,SUP036
INV0003919,PROD0066,WH004,26-07-2024 13:05,Sale,22,
INV0003920,PROD0059,WH004,26-07-2024 14:27,Return,70,
INV0003921,PROD0166,WH004,26-07-2024 16:20,Purchase,51,SUP008
INV0003922,PROD0162,WH001,26-07-2024 21:24,Purchase,97,SUP007
INV0003923,PROD0179,WH002,26-07-2024 22:32,Sale,10,
INV0003924,PROD0080,WH001,26-07-2024 22:33,Adjustment,11,
INV0003925,PROD0114,WH004,26-07-2024 23:25,Adjustment,40,
INV0003926,PROD0019,WH002,27-07-2024 00:05,Adjustment,87,
INV0003927,PROD0164,WH001,27-07-2024 00:52,Sale,8,
INV0003928,PROD0035,WH004,27-07-2024 03:56,Adjustment,54,
INV0003929,PROD0125,WH001,27-07-2024 13:13,Adjustment,44,
INV0003930,PROD0174,WH004,27-07-2024 19:12,Return,78,
INV0003931,PROD0158,WH002,28-07-2024 17:10,Sale,97,
INV0003932,PROD0164,WH003,28-07-2024 18:41,Purchase,53,SUP040
INV0003933,PROD0124,WH002,28-07-2024 23:15,Sale,49,
INV0003934,PROD0191,WH002,29-07-2024 08:03,Purchase,28,SUP011
INV0003935,PROD0139,WH001,29-07-2024 12:26,Purchase,59,SUP037
INV0003936,PROD0131,WH002,29-07-2024 14:34,Sale,15,
INV0003937,PROD0008,WH004,29-07-2024 15:01,Return,51,
INV0003938,PROD0128,WH002,29-07-2024 19:29,Sale,7,
INV0003939,PROD0020,WH003,29-07-2024 21:56,Purchase,22,SUP036
INV0003940,PROD0078,WH004,29-07-2024 22:55,Sale,18,
INV0003941,PROD0083,WH002,30-07-2024 01:26,Purchase,11,SUP033
INV0003942,PROD0082,WH004,30-07-2024 08:33,Purchase,7,SUP010
INV0003943,PROD0158,WH004,30-07-2024 09:11,Purchase,34,SUP023
INV0003944,PROD0139,WH003,30-07-2024 09:33,Sale,30,
INV0003945,PROD0013,WH003,30-07-2024 11:55,Purchase,52,SUP037
INV0003946,PROD0076,WH004,30-07-2024 14:05,Sale,42,
INV0003947,PROD0003,WH004,30-07-2024 16:05,Sale,70,
INV0003948,PROD0164,WH002,30-07-2024 16:22,Sale,67,
INV0003949,PROD0044,WH002,30-07-2024 22:37,Purchase,65,SUP005
INV0003950,PROD0085,WH004,31-07-2024 02:33,Purchase,94,SUP010
INV0003951,PROD0173,WH002,31-07-2024 05:11,Sale,53,
INV0003952,PROD0150,WH003,31-07-2024 19:26,Purchase,52,SUP009
INV0003953,PROD0178,WH002,31-07-2024 21:33,Sale,36,
INV0003954,PROD0069,WH002,01-08-2024 02:37,Sale,51,
INV0003955,PROD0059,WH004,01-08-2024 06:56,Sale,26,
INV0003956,PROD0099,WH003,01-08-2024 07:11,Sale,100,
INV0003957,PROD0137,WH002,01-08-2024 07:17,Adjustment,75,
INV0003958,PROD0178,WH003,01-08-2024 08:57,Sale,43,
INV0003959,PROD0141,WH001,01-08-2024 21:00,Purchase,90,SUP025
INV0003960,PROD0180,WH002,02-08-2024 00:57,Purchase,84,SUP038
INV0003961,PROD0001,WH003,02-08-2024 01:52,Adjustment,64,
INV0003962,PROD0175,WH004,02-08-2024 06:23,Adjustment,30,
INV0003963,PROD0075,WH001,02-08-2024 06:53,Sale,11,
INV0003964,PROD0031,WH002,02-08-2024 10:42,Return,11,
INV0003965,PROD0031,WH003,02-08-2024 11:23,Sale,80,
INV0003966,PROD0078,WH002,02-08-2024 11:45,Purchase,14,SUP024
INV0003967,PROD0070,WH003,02-08-2024 18:15,Sale,60,
INV0003968,PROD0015,WH003,02-08-2024 22:37,Purchase,48,SUP039
INV0003969,PROD0054,WH002,03-08-2024 01:43,Sale,66,
INV0003970,PROD0099,WH001,03-08-2024 03:10,Return,7,
INV0003971,PROD0016,WH004,03-08-2024 07:42,Sale,70,
INV0003972,PROD0057,WH003,03-08-2024 09:44,Sale,11,
INV0003973,PROD0198,WH002,03-08-2024 10:50,Sale,47,
INV0003974,PROD0187,WH002,03-08-2024 17:36,Sale,43,
INV0003975,PROD0101,WH003,03-08-2024 18:43,Sale,52,
INV0003976,PROD0092,WH004,03-08-2024 18:46,Purchase,6,SUP019
INV0003977,PROD0030,WH003,03-08-2024 21:00,Return,32,
INV0003978,PROD0185,WH003,04-08-2024 01:29,Sale,40,
INV0003979,PROD0047,WH003,04-08-2024 07:34,Sale,63,
INV0003980,PROD0034,WH001,04-08-2024 10:10,Return,27,
INV0003981,PROD0008,WH001,04-08-2024 12:30,Purchase,50,SUP016
INV0003982,PROD0179,WH003,04-08-2024 15:00,Purchase,53,SUP036
INV0003983,PROD0061,WH002,04-08-2024 19:45,Purchase,35,SUP040
INV0003984,PROD0085,WH004,05-08-2024 00:13,Adjustment,5,
INV0003985,PROD0013,WH004,05-08-2024 03:57,Sale,24,
INV0003986,PROD0058,WH004,05-08-2024 10:55,Sale,43,
INV0003987,PROD0050,WH004,05-08-2024 12:50,Sale,63,
INV0003988,PROD0199,WH003,05-08-2024 15:31,Return,10,
INV0003989,PROD0088,WH001,05-08-2024 15:42,Sale,45,
INV0003990,PROD0044,WH003,05-08-2024 20:24,Adjustment,36,
INV0003991,PROD0135,WH002,05-08-2024 23:52,Adjustment,21,
INV0003992,PROD0048,WH004,06-08-2024 00:13,Sale,68,
INV0003993,PROD0167,WH002,06-08-2024 07:37,Sale,78,
INV0003994,PROD0186,WH004,06-08-2024 08:51,Adjustment,56,
INV0003995,PROD0012,WH004,06-08-2024 11:28,Return,55,
INV0003996,PROD0096,WH002,06-08-2024 14:35,Sale,55,
INV0003997,PROD0050,WH004,06-08-2024 18:53,Purchase,64,SUP033
INV0003998,PROD0171,WH002,06-08-2024 19:33,Purchase,77,SUP033
INV0003999,PROD0028,WH002,06-08-2024 23:29,Purchase,57,SUP036
INV0004000,PROD0083,WH004,07-08-2024 02:53,Purchase,86,SUP023
INV0004001,PROD0070,WH003,07-08-2024 03:47,Sale,63,
INV0004002,PROD0095,WH001,07-08-2024 19:10,Sale,47,
INV0004003,PROD0036,WH001,07-08-2024 23:42,Sale,9,
INV0004004,PROD0025,WH003,08-08-2024 00:53,Purchase,23,SUP040
INV0004005,PROD0048,WH003,08-08-2024 02:14,Sale,29,
INV0004006,PROD0137,WH003,08-08-2024 05:36,Purchase,53,SUP007
INV0004007,PROD0184,WH001,08-08-2024 09:24,Sale,78,
INV0004008,PROD0194,WH001,08-08-2024 12:36,Adjustment,51,
INV0004009,PROD0129,WH001,08-08-2024 14:51,Return,80,
INV0004010,PROD0003,WH004,08-08-2024 17:51,Purchase,86,SUP035
INV0004011,PROD0174,WH002,08-08-2024 18:31,Sale,6,
INV0004012,PROD0184,WH002,08-08-2024 19:22,Purchase,61,SUP034
INV0004013,PROD0109,WH004,08-08-2024 21:54,Sale,74,
INV0004014,PROD0111,WH004,09-08-2024 05:59,Sale,96,
INV0004015,PROD0164,WH001,09-08-2024 06:57,Purchase,23,SUP012
INV0004016,PROD0071,WH004,09-08-2024 18:45,Sale,69,
INV0004017,PROD0070,WH002,10-08-2024 02:27,Sale,84,
INV0004018,PROD0150,WH004,10-08-2024 04:34,Sale,50,
INV0004019,PROD0049,WH003,10-08-2024 06:10,Purchase,39,SUP018
INV0004020,PROD0166,WH001,10-08-2024 10:28,Purchase,33,SUP012
INV0004021,PROD0110,WH002,10-08-2024 10:32,Sale,30,
INV0004022,PROD0062,WH002,10-08-2024 12:41,Sale,59,
INV0004023,PROD0189,WH001,10-08-2024 14:02,Sale,30,
INV0004024,PROD0030,WH002,10-08-2024 15:55,Sale,100,
INV0004025,PROD0168,WH003,11-08-2024 00:21,Return,69,
INV0004026,PROD0107,WH003,11-08-2024 02:43,Purchase,46,SUP007
INV0004027,PROD0049,WH001,11-08-2024 05:54,Sale,69,
INV0004028,PROD0124,WH003,11-08-2024 06:38,Sale,43,
INV0004029,PROD0191,WH002,11-08-2024 07:57,Sale,61,
INV0004030,PROD0035,WH003,11-08-2024 09:59,Sale,48,
INV0004031,PROD0105,WH004,11-08-2024 15:25,Sale,96,
INV0004032,PROD0142,WH002,11-08-2024 16:03,Purchase,22,SUP020
INV0004033,PROD0085,WH003,11-08-2024 16:57,Purchase,31,SUP012
INV0004034,PROD0046,WH004,11-08-2024 18:41,Purchase,72,SUP012
INV0004035,PROD0058,WH003,12-08-2024 01:33,Purchase,62,SUP006
INV0004036,PROD0084,WH002,12-08-2024 03:23,Purchase,25,SUP022
INV0004037,PROD0126,WH001,12-08-2024 09:39,Adjustment,45,
INV0004038,PROD0120,WH002,12-08-2024 11:49,Sale,67,
INV0004039,PROD0116,WH003,12-08-2024 11:54,Sale,57,
INV0004040,PROD0073,WH002,12-08-2024 13:44,Purchase,94,SUP005
INV0004041,PROD0166,WH001,12-08-2024 14:43,Sale,15,
INV0004042,PROD0089,WH001,12-08-2024 15:56,Adjustment,29,
INV0004043,PROD0183,WH004,12-08-2024 17:07,Purchase,92,SUP011
INV0004044,PROD0064,WH001,12-08-2024 18:05,Sale,69,
INV0004045,PROD0150,WH003,13-08-2024 03:07,Return,88,
INV0004046,PROD0112,WH004,13-08-2024 19:06,Sale,29,
INV0004047,PROD0037,WH003,13-08-2024 19:38,Return,96,
INV0004048,PROD0018,WH001,13-08-2024 20:05,Purchase,44,SUP004
INV0004049,PROD0027,WH001,13-08-2024 22:13,Adjustment,74,
INV0004050,PROD0094,WH001,13-08-2024 23:45,Purchase,41,SUP009
INV0004051,PROD0108,WH002,14-08-2024 02:47,Sale,71,
INV0004052,PROD0135,WH004,14-08-2024 03:01,Purchase,90,SUP016
INV0004053,PROD0031,WH001,14-08-2024 04:59,Sale,6,
INV0004054,PROD0037,WH002,14-08-2024 18:22,Purchase,94,SUP006
INV0004055,PROD0124,WH002,14-08-2024 21:16,Sale,45,
INV0004056,PROD0116,WH003,14-08-2024 23:15,Sale,54,
INV0004057,PROD0033,WH001,15-08-2024 04:11,Purchase,4,SUP010
INV0004058,PROD0117,WH003,15-08-2024 04:12,Sale,5,
INV0004059,PROD0047,WH001,15-08-2024 06:19,Adjustment,93,
INV0004060,PROD0062,WH002,15-08-2024 09:34,Sale,95,
INV0004061,PROD0017,WH001,15-08-2024 09:49,Purchase,60,SUP018
INV0004062,PROD0014,WH002,15-08-2024 10:53,Adjustment,64,
INV0004063,PROD0168,WH003,15-08-2024 12:22,Sale,7,
INV0004064,PROD0192,WH004,15-08-2024 13:42,Purchase,67,SUP008
INV0004065,PROD0118,WH001,15-08-2024 22:06,Adjustment,60,
INV0004066,PROD0020,WH002,15-08-2024 23:22,Sale,93,
INV0004067,PROD0070,WH004,16-08-2024 00:19,Sale,65,
INV0004068,PROD0071,WH004,16-08-2024 00:26,Purchase,88,SUP018
INV0004069,PROD0080,WH003,16-08-2024 03:09,Adjustment,99,
INV0004070,PROD0037,WH003,16-08-2024 08:59,Purchase,94,SUP019
INV0004071,PROD0027,WH002,16-08-2024 23:46,Sale,66,
INV0004072,PROD0185,WH004,17-08-2024 01:45,Sale,91,
INV0004073,PROD0170,WH002,17-08-2024 03:16,Sale,81,
INV0004074,PROD0011,WH002,17-08-2024 05:45,Purchase,17,SUP024
INV0004075,PROD0062,WH002,17-08-2024 10:24,Sale,78,
INV0004076,PROD0027,WH004,17-08-2024 10:50,Purchase,52,SUP005
INV0004077,PROD0015,WH001,17-08-2024 14:39,Purchase,73,SUP011
INV0004078,PROD0130,WH001,17-08-2024 17:20,Sale,62,
INV0004079,PROD0072,WH002,17-08-2024 19:13,Sale,11,
INV0004080,PROD0110,WH002,17-08-2024 20:37,Sale,62,
INV0004081,PROD0049,WH001,17-08-2024 20:49,Sale,34,
INV0004082,PROD0145,WH003,17-08-2024 22:28,Purchase,80,SUP030
INV0004083,PROD0082,WH002,17-08-2024 23:16,Purchase,76,SUP040
INV0004084,PROD0024,WH003,18-08-2024 01:58,Sale,90,
INV0004085,PROD0173,WH002,18-08-2024 06:08,Adjustment,90,
INV0004086,PROD0060,WH001,18-08-2024 09:00,Sale,87,
INV0004087,PROD0149,WH001,18-08-2024 19:16,Purchase,17,SUP038
INV0004088,PROD0138,WH003,18-08-2024 20:38,Purchase,57,SUP001
INV0004089,PROD0049,WH003,19-08-2024 13:17,Purchase,1,SUP026
INV0004090,PROD0051,WH001,19-08-2024 16:27,Sale,32,
INV0004091,PROD0065,WH004,19-08-2024 16:31,Purchase,86,SUP003
INV0004092,PROD0179,WH002,19-08-2024 17:45,Purchase,68,SUP021
INV0004093,PROD0087,WH001,20-08-2024 02:45,Adjustment,24,
INV0004094,PROD0149,WH002,20-08-2024 09:16,Sale,83,
INV0004095,PROD0033,WH002,20-08-2024 11:48,Purchase,53,SUP029
INV0004096,PROD0016,WH001,21-08-2024 01:30,Purchase,78,SUP001
INV0004097,PROD0058,WH004,21-08-2024 04:47,Adjustment,100,
INV0004098,PROD0037,WH002,21-08-2024 04:56,Sale,49,
INV0004099,PROD0062,WH004,21-08-2024 07:32,Purchase,75,SUP006
INV0004100,PROD0057,WH002,21-08-2024 12:26,Purchase,52,SUP005
INV0004101,PROD0038,WH002,21-08-2024 20:52,Sale,17,
INV0004102,PROD0193,WH001,21-08-2024 23:05,Sale,68,
INV0004103,PROD0055,WH001,22-08-2024 01:08,Sale,93,
INV0004104,PROD0005,WH003,22-08-2024 02:55,Purchase,85,SUP033
INV0004105,PROD0085,WH001,22-08-2024 06:08,Return,22,
INV0004106,PROD0154,WH001,22-08-2024 08:17,Sale,88,
INV0004107,PROD0170,WH003,22-08-2024 08:26,Sale,83,
INV0004108,PROD0075,WH003,22-08-2024 08:46,Purchase,21,SUP025
INV0004109,PROD0136,WH004,22-08-2024 10:20,Purchase,2,SUP031
INV0004110,PROD0028,WH003,22-08-2024 11:09,Purchase,91,SUP003
INV0004111,PROD0014,WH001,22-08-2024 12:46,Purchase,24,SUP024
INV0004112,PROD0150,WH004,22-08-2024 20:09,Purchase,2,SUP012
INV0004113,PROD0102,WH003,22-08-2024 21:10,Sale,12,
INV0004114,PROD0001,WH004,22-08-2024 23:10,Sale,99,
INV0004115,PROD0047,WH003,23-08-2024 03:20,Sale,56,
INV0004116,PROD0079,WH002,23-08-2024 04:13,Sale,40,
INV0004117,PROD0001,WH001,23-08-2024 08:57,Adjustment,61,
INV0004118,PROD0061,WH003,23-08-2024 09:02,Purchase,25,SUP036
INV0004119,PROD0114,WH001,23-08-2024 11:35,Sale,71,
INV0004120,PROD0010,WH004,24-08-2024 03:33,Sale,5,
INV0004121,PROD0040,WH001,24-08-2024 07:02,Sale,30,
INV0004122,PROD0113,WH002,24-08-2024 11:23,Purchase,32,SUP027
INV0004123,PROD0130,WH002,24-08-2024 16:35,Sale,95,
INV0004124,PROD0134,WH004,25-08-2024 00:04,Sale,66,
INV0004125,PROD0053,WH002,25-08-2024 02:16,Return,2,
INV0004126,PROD0027,WH002,25-08-2024 04:49,Sale,26,
INV0004127,PROD0049,WH002,25-08-2024 10:00,Sale,32,
INV0004128,PROD0112,WH001,25-08-2024 16:58,Return,80,
INV0004129,PROD0119,WH004,25-08-2024 17:09,Sale,6,
INV0004130,PROD0190,WH002,25-08-2024 19:32,Purchase,90,SUP002
INV0004131,PROD0119,WH002,26-08-2024 03:16,Purchase,37,SUP009
INV0004132,PROD0157,WH003,26-08-2024 07:14,Purchase,35,SUP020
INV0004133,PROD0170,WH002,26-08-2024 09:31,Purchase,95,SUP020
INV0004134,PROD0089,WH004,26-08-2024 14:44,Purchase,15,SUP012
INV0004135,PROD0040,WH003,26-08-2024 16:32,Sale,31,
INV0004136,PROD0042,WH001,26-08-2024 16:57,Return,55,
INV0004137,PROD0198,WH004,27-08-2024 05:29,Sale,31,
INV0004138,PROD0055,WH001,27-08-2024 08:09,Adjustment,61,
INV0004139,PROD0074,WH003,27-08-2024 10:56,Adjustment,30,
INV0004140,PROD0074,WH001,27-08-2024 18:01,Sale,20,
INV0004141,PROD0194,WH004,27-08-2024 22:37,Purchase,83,SUP008
INV0004142,PROD0026,WH004,27-08-2024 22:39,Purchase,87,SUP038
INV0004143,PROD0032,WH001,27-08-2024 23:13,Purchase,59,SUP032
INV0004144,PROD0129,WH001,28-08-2024 02:41,Purchase,75,SUP033
INV0004145,PROD0191,WH001,28-08-2024 02:44,Sale,42,
INV0004146,PROD0128,WH001,28-08-2024 05:42,Adjustment,72,
INV0004147,PROD0193,WH004,28-08-2024 06:24,Adjustment,37,
INV0004148,PROD0102,WH003,28-08-2024 07:10,Sale,34,
INV0004149,PROD0059,WH004,28-08-2024 12:29,Sale,69,
INV0004150,PROD0036,WH001,28-08-2024 18:35,Return,69,
INV0004151,PROD0041,WH002,28-08-2024 18:37,Adjustment,99,
INV0004152,PROD0166,WH004,29-08-2024 01:24,Return,6,
INV0004153,PROD0121,WH004,29-08-2024 04:31,Sale,46,
INV0004154,PROD0172,WH003,29-08-2024 05:31,Sale,34,
INV0004155,PROD0028,WH002,29-08-2024 08:08,Purchase,23,SUP032
INV0004156,PROD0043,WH001,29-08-2024 08:52,Sale,34,
INV0004157,PROD0060,WH001,29-08-2024 10:59,Purchase,40,SUP006
INV0004158,PROD0144,WH004,29-08-2024 15:00,Purchase,81,SUP037
INV0004159,PROD0197,WH003,29-08-2024 22:06,Sale,18,
INV0004160,PROD0133,WH003,30-08-2024 02:30,Sale,82,
INV0004161,PROD0153,WH003,30-08-2024 02:37,Purchase,67,SUP028
INV0004162,PROD0170,WH003,30-08-2024 04:05,Sale,99,
INV0004163,PROD0160,WH001,30-08-2024 14:40,Purchase,3,SUP027
INV0004164,PROD0060,WH001,30-08-2024 18:08,Purchase,87,SUP022
INV0004165,PROD0175,WH002,30-08-2024 22:16,Purchase,45,SUP035
INV0004166,PROD0185,WH002,31-08-2024 00:00,Sale,13,
INV0004167,PROD0138,WH003,31-08-2024 00:56,Sale,3,
INV0004168,PROD0032,WH002,31-08-2024 04:50,Purchase,9,SUP037
INV0004169,PROD0144,WH002,31-08-2024 04:55,Purchase,4,SUP034
INV0004170,PROD0103,WH001,31-08-2024 06:15,Purchase,58,SUP028
INV0004171,PROD0147,WH001,31-08-2024 07:46,Sale,38,
INV0004172,PROD0010,WH004,31-08-2024 09:01,Sale,50,
INV0004173,PROD0079,WH004,31-08-2024 12:11,Sale,76,
INV0004174,PROD0106,WH004,31-08-2024 19:34,Adjustment,72,
INV0004175,PROD0021,WH004,01-09-2024 03:32,Sale,67,
INV0004176,PROD0101,WH003,01-09-2024 08:46,Sale,48,
INV0004177,PROD0123,WH004,01-09-2024 09:58,Sale,90,
INV0004178,PROD0118,WH002,01-09-2024 12:35,Adjustment,62,
INV0004179,PROD0160,WH003,01-09-2024 19:32,Purchase,43,SUP020
INV0004180,PROD0086,WH002,01-09-2024 21:54,Purchase,78,SUP004
INV0004181,PROD0047,WH004,02-09-2024 05:47,Sale,17,
INV0004182,PROD0030,WH003,02-09-2024 07:31,Sale,95,
INV0004183,PROD0037,WH004,02-09-2024 11:20,Return,8,
INV0004184,PROD0072,WH001,02-09-2024 14:58,Sale,52,
INV0004185,PROD0192,WH003,02-09-2024 21:34,Purchase,25,SUP014
INV0004186,PROD0153,WH003,03-09-2024 01:12,Purchase,77,SUP028
INV0004187,PROD0028,WH003,03-09-2024 04:58,Sale,51,
INV0004188,PROD0123,WH002,03-09-2024 12:01,Purchase,78,SUP027
INV0004189,PROD0110,WH003,03-09-2024 13:33,Return,28,
INV0004190,PROD0045,WH001,03-09-2024 17:44,Purchase,79,SUP024
INV0004191,PROD0149,WH002,03-09-2024 19:27,Sale,76,
INV0004192,PROD0002,WH004,03-09-2024 21:59,Sale,83,
INV0004193,PROD0020,WH001,04-09-2024 04:58,Purchase,66,SUP021
INV0004194,PROD0127,WH004,04-09-2024 05:47,Sale,79,
INV0004195,PROD0113,WH004,04-09-2024 10:27,Adjustment,43,
INV0004196,PROD0120,WH003,04-09-2024 13:49,Purchase,63,SUP031
INV0004197,PROD0137,WH002,04-09-2024 13:58,Purchase,72,SUP014
INV0004198,PROD0182,WH004,04-09-2024 18:57,Sale,77,
INV0004199,PROD0009,WH001,04-09-2024 19:32,Adjustment,47,
INV0004200,PROD0159,WH004,04-09-2024 20:28,Sale,72,
INV0004201,PROD0084,WH004,05-09-2024 00:47,Sale,5,
INV0004202,PROD0053,WH002,05-09-2024 10:06,Purchase,12,SUP036
INV0004203,PROD0095,WH004,05-09-2024 13:00,Purchase,74,SUP015
INV0004204,PROD0109,WH002,05-09-2024 18:57,Purchase,2,SUP022
INV0004205,PROD0112,WH003,05-09-2024 21:52,Sale,67,
INV0004206,PROD0055,WH004,06-09-2024 02:41,Sale,73,
INV0004207,PROD0008,WH004,06-09-2024 04:23,Sale,53,
INV0004208,PROD0134,WH002,06-09-2024 07:04,Sale,57,
INV0004209,PROD0179,WH004,06-09-2024 07:22,Sale,15,
INV0004210,PROD0182,WH002,06-09-2024 10:24,Sale,33,
INV0004211,PROD0173,WH001,06-09-2024 11:26,Adjustment,52,
INV0004212,PROD0044,WH003,06-09-2024 13:16,Sale,82,
INV0004213,PROD0171,WH003,06-09-2024 17:59,Sale,27,
INV0004214,PROD0131,WH002,07-09-2024 01:43,Adjustment,90,
INV0004215,PROD0104,WH001,07-09-2024 04:40,Adjustment,98,
INV0004216,PROD0060,WH001,07-09-2024 08:33,Sale,58,
INV0004217,PROD0158,WH004,07-09-2024 12:20,Return,47,
INV0004218,PROD0025,WH001,07-09-2024 18:03,Adjustment,80,
INV0004219,PROD0161,WH002,07-09-2024 18:04,Sale,79,
INV0004220,PROD0181,WH002,08-09-2024 00:29,Purchase,62,SUP009
INV0004221,PROD0193,WH002,08-09-2024 04:01,Sale,58,
INV0004222,PROD0177,WH001,08-09-2024 08:33,Purchase,67,SUP002
INV0004223,PROD0164,WH004,08-09-2024 08:52,Purchase,83,SUP038
INV0004224,PROD0151,WH002,08-09-2024 13:39,Sale,39,
INV0004225,PROD0024,WH001,08-09-2024 16:26,Return,47,
INV0004226,PROD0067,WH003,08-09-2024 18:42,Sale,56,
INV0004227,PROD0029,WH004,08-09-2024 21:18,Sale,58,
INV0004228,PROD0074,WH001,09-09-2024 00:07,Return,20,
INV0004229,PROD0102,WH001,09-09-2024 09:11,Purchase,49,SUP022
INV0004230,PROD0177,WH004,09-09-2024 16:59,Sale,72,
INV0004231,PROD0142,WH001,09-09-2024 21:12,Sale,95,
INV0004232,PROD0163,WH003,10-09-2024 03:36,Sale,2,
INV0004233,PROD0168,WH001,10-09-2024 07:24,Return,13,
INV0004234,PROD0162,WH001,10-09-2024 07:52,Sale,43,
INV0004235,PROD0003,WH004,10-09-2024 10:25,Purchase,35,SUP039
INV0004236,PROD0190,WH001,10-09-2024 11:59,Sale,84,
INV0004237,PROD0087,WH002,10-09-2024 18:15,Sale,56,
INV0004238,PROD0051,WH003,10-09-2024 19:40,Adjustment,46,
INV0004239,PROD0085,WH003,11-09-2024 02:00,Sale,9,
INV0004240,PROD0111,WH003,11-09-2024 02:37,Purchase,4,SUP013
INV0004241,PROD0139,WH004,11-09-2024 12:41,Purchase,85,SUP031
INV0004242,PROD0084,WH003,11-09-2024 19:52,Purchase,57,SUP011
INV0004243,PROD0111,WH003,11-09-2024 22:37,Return,88,
INV0004244,PROD0083,WH004,11-09-2024 23:50,Purchase,46,SUP031
INV0004245,PROD0161,WH004,12-09-2024 00:08,Sale,21,
INV0004246,PROD0021,WH001,12-09-2024 03:21,Purchase,61,SUP015
INV0004247,PROD0141,WH001,12-09-2024 06:21,Sale,95,
INV0004248,PROD0112,WH001,12-09-2024 12:45,Sale,12,
INV0004249,PROD0097,WH001,12-09-2024 15:04,Purchase,62,SUP032
INV0004250,PROD0078,WH001,13-09-2024 03:26,Purchase,29,SUP003
INV0004251,PROD0048,WH004,13-09-2024 04:00,Return,60,
INV0004252,PROD0052,WH002,13-09-2024 04:39,Purchase,52,SUP026
INV0004253,PROD0129,WH004,13-09-2024 05:02,Purchase,35,SUP003
INV0004254,PROD0030,WH002,13-09-2024 09:56,Purchase,31,SUP005
INV0004255,PROD0046,WH003,13-09-2024 12:19,Sale,57,
INV0004256,PROD0087,WH002,13-09-2024 12:29,Return,55,
INV0004257,PROD0130,WH002,13-09-2024 18:53,Purchase,26,SUP022
INV0004258,PROD0081,WH004,13-09-2024 19:59,Adjustment,32,
INV0004259,PROD0031,WH004,13-09-2024 20:10,Purchase,4,SUP040
INV0004260,PROD0160,WH001,13-09-2024 20:15,Return,37,
INV0004261,PROD0043,WH001,13-09-2024 20:41,Purchase,74,SUP020
INV0004262,PROD0189,WH003,13-09-2024 21:20,Purchase,82,SUP006
INV0004263,PROD0086,WH002,13-09-2024 22:27,Sale,96,
INV0004264,PROD0162,WH003,13-09-2024 22:50,Purchase,60,SUP003
INV0004265,PROD0104,WH004,13-09-2024 23:22,Purchase,9,SUP004
INV0004266,PROD0052,WH003,14-09-2024 01:33,Sale,10,
INV0004267,PROD0191,WH002,14-09-2024 03:45,Purchase,60,SUP025
INV0004268,PROD0063,WH003,14-09-2024 08:05,Sale,19,
INV0004269,PROD0122,WH004,14-09-2024 16:17,Adjustment,26,
INV0004270,PROD0160,WH001,14-09-2024 22:39,Purchase,39,SUP016
INV0004271,PROD0085,WH003,15-09-2024 03:53,Purchase,38,SUP040
INV0004272,PROD0161,WH002,15-09-2024 05:16,Sale,63,
INV0004273,PROD0166,WH004,15-09-2024 16:06,Sale,29,
INV0004274,PROD0053,WH002,15-09-2024 18:28,Sale,63,
INV0004275,PROD0028,WH001,15-09-2024 19:07,Purchase,7,SUP025
INV0004276,PROD0014,WH004,15-09-2024 22:51,Sale,79,
INV0004277,PROD0003,WH003,16-09-2024 01:30,Sale,99,
INV0004278,PROD0106,WH001,16-09-2024 02:30,Sale,14,
INV0004279,PROD0052,WH003,16-09-2024 07:13,Purchase,58,SUP031
INV0004280,PROD0084,WH002,16-09-2024 16:01,Purchase,86,SUP028
INV0004281,PROD0107,WH002,17-09-2024 01:30,Sale,57,
INV0004282,PROD0058,WH004,17-09-2024 10:02,Purchase,90,SUP018
INV0004283,PROD0128,WH002,17-09-2024 11:06,Purchase,58,SUP012
INV0004284,PROD0078,WH004,17-09-2024 17:21,Sale,5,
INV0004285,PROD0161,WH004,17-09-2024 18:48,Sale,9,
INV0004286,PROD0033,WH003,17-09-2024 20:10,Purchase,74,SUP028
INV0004287,PROD0121,WH001,18-09-2024 04:04,Sale,40,
INV0004288,PROD0063,WH003,18-09-2024 04:04,Sale,87,
INV0004289,PROD0024,WH001,18-09-2024 04:29,Purchase,93,SUP033
INV0004290,PROD0031,WH003,18-09-2024 05:00,Sale,20,
INV0004291,PROD0159,WH003,18-09-2024 13:31,Sale,56,
INV0004292,PROD0174,WH004,18-09-2024 17:50,Adjustment,70,
INV0004293,PROD0003,WH004,19-09-2024 02:08,Adjustment,40,
INV0004294,PROD0046,WH001,19-09-2024 03:53,Sale,89,
INV0004295,PROD0142,WH004,19-09-2024 06:47,Purchase,22,SUP001
INV0004296,PROD0152,WH003,19-09-2024 07:04,Sale,29,
INV0004297,PROD0105,WH004,19-09-2024 09:01,Purchase,25,SUP039
INV0004298,PROD0007,WH004,19-09-2024 11:22,Purchase,19,SUP031
INV0004299,PROD0100,WH004,19-09-2024 18:16,Purchase,81,SUP008
INV0004300,PROD0087,WH003,19-09-2024 18:30,Purchase,83,SUP001
INV0004301,PROD0150,WH001,20-09-2024 02:29,Sale,65,
INV0004302,PROD0164,WH001,20-09-2024 02:58,Sale,21,
INV0004303,PROD0009,WH003,20-09-2024 07:17,Purchase,33,SUP011
INV0004304,PROD0188,WH004,20-09-2024 11:25,Purchase,13,SUP015
INV0004305,PROD0083,WH003,21-09-2024 02:18,Purchase,90,SUP012
INV0004306,PROD0122,WH003,21-09-2024 04:14,Purchase,52,SUP030
INV0004307,PROD0189,WH002,21-09-2024 06:49,Sale,2,
INV0004308,PROD0121,WH002,21-09-2024 09:36,Purchase,93,SUP016
INV0004309,PROD0003,WH004,21-09-2024 13:58,Sale,77,
INV0004310,PROD0046,WH003,21-09-2024 23:38,Sale,66,
INV0004311,PROD0176,WH004,22-09-2024 04:05,Purchase,54,SUP038
INV0004312,PROD0026,WH004,22-09-2024 10:38,Purchase,8,SUP006
INV0004313,PROD0130,WH004,22-09-2024 11:14,Return,90,
INV0004314,PROD0087,WH002,22-09-2024 11:54,Purchase,9,SUP011
INV0004315,PROD0182,WH001,22-09-2024 15:13,Return,88,
INV0004316,PROD0194,WH004,22-09-2024 18:08,Adjustment,9,
INV0004317,PROD0010,WH001,22-09-2024 20:10,Adjustment,32,
INV0004318,PROD0191,WH003,22-09-2024 20:44,Sale,100,
INV0004319,PROD0162,WH001,22-09-2024 23:38,Sale,4,
INV0004320,PROD0192,WH004,23-09-2024 01:58,Purchase,43,SUP018
INV0004321,PROD0107,WH002,23-09-2024 02:39,Purchase,88,SUP031
INV0004322,PROD0193,WH004,23-09-2024 03:43,Sale,1,
INV0004323,PROD0050,WH003,23-09-2024 06:07,Purchase,83,SUP021
INV0004324,PROD0021,WH001,23-09-2024 06:09,Sale,29,
INV0004325,PROD0095,WH003,23-09-2024 11:07,Sale,17,
INV0004326,PROD0049,WH001,23-09-2024 12:03,Purchase,97,SUP028
INV0004327,PROD0185,WH002,23-09-2024 13:03,Sale,54,
INV0004328,PROD0122,WH003,23-09-2024 13:24,Sale,51,
INV0004329,PROD0088,WH003,23-09-2024 16:56,Sale,38,
INV0004330,PROD0010,WH003,23-09-2024 17:42,Sale,90,
INV0004331,PROD0028,WH002,24-09-2024 01:45,Sale,73,
INV0004332,PROD0128,WH003,24-09-2024 03:01,Purchase,72,SUP006
INV0004333,PROD0014,WH004,24-09-2024 07:44,Purchase,88,SUP004
INV0004334,PROD0143,WH003,24-09-2024 08:22,Purchase,36,SUP029
INV0004335,PROD0003,WH001,24-09-2024 08:38,Purchase,63,SUP015
INV0004336,PROD0079,WH004,24-09-2024 15:04,Sale,11,
INV0004337,PROD0043,WH002,24-09-2024 16:29,Sale,95,
INV0004338,PROD0053,WH004,25-09-2024 06:49,Purchase,39,SUP008
INV0004339,PROD0110,WH004,25-09-2024 15:09,Sale,6,
INV0004340,PROD0080,WH001,25-09-2024 22:07,Purchase,26,SUP011
INV0004341,PROD0071,WH004,25-09-2024 22:33,Purchase,40,SUP004
INV0004342,PROD0043,WH004,25-09-2024 23:48,Return,7,
INV0004343,PROD0176,WH001,26-09-2024 09:46,Purchase,35,SUP003
INV0004344,PROD0050,WH001,26-09-2024 10:44,Purchase,49,SUP032
INV0004345,PROD0158,WH001,26-09-2024 17:47,Purchase,26,SUP008
INV0004346,PROD0193,WH002,26-09-2024 17:51,Purchase,78,SUP013
INV0004347,PROD0093,WH003,27-09-2024 01:08,Purchase,37,SUP009
INV0004348,PROD0061,WH004,27-09-2024 01:23,Return,91,
INV0004349,PROD0047,WH003,27-09-2024 02:04,Sale,13,
INV0004350,PROD0051,WH003,27-09-2024 11:55,Purchase,79,SUP005
INV0004351,PROD0083,WH004,27-09-2024 18:33,Sale,51,
INV0004352,PROD0124,WH001,27-09-2024 21:53,Purchase,81,SUP015
INV0004353,PROD0128,WH001,27-09-2024 21:58,Purchase,33,SUP023
INV0004354,PROD0039,WH001,27-09-2024 23:50,Return,83,
INV0004355,PROD0005,WH004,28-09-2024 00:42,Purchase,59,SUP037
INV0004356,PROD0160,WH002,28-09-2024 01:56,Return,27,
INV0004357,PROD0178,WH002,28-09-2024 02:44,Purchase,43,SUP038
INV0004358,PROD0018,WH002,28-09-2024 03:48,Adjustment,18,
INV0004359,PROD0131,WH002,28-09-2024 07:01,Purchase,1,SUP025
INV0004360,PROD0084,WH004,28-09-2024 08:34,Purchase,41,SUP005
INV0004361,PROD0193,WH003,28-09-2024 11:07,Sale,53,
INV0004362,PROD0163,WH003,28-09-2024 14:57,Purchase,72,SUP033
INV0004363,PROD0133,WH004,28-09-2024 18:36,Purchase,56,SUP014
INV0004364,PROD0069,WH003,28-09-2024 19:49,Purchase,29,SUP011
INV0004365,PROD0073,WH002,28-09-2024 22:13,Sale,85,
INV0004366,PROD0095,WH002,29-09-2024 01:41,Purchase,99,SUP013
INV0004367,PROD0088,WH001,29-09-2024 02:13,Sale,29,
INV0004368,PROD0018,WH002,29-09-2024 04:49,Purchase,65,SUP012
INV0004369,PROD0002,WH003,29-09-2024 07:09,Purchase,75,SUP010
INV0004370,PROD0137,WH002,29-09-2024 10:15,Sale,4,
INV0004371,PROD0012,WH003,29-09-2024 15:14,Return,88,
INV0004372,PROD0094,WH002,29-09-2024 15:28,Sale,78,
INV0004373,PROD0021,WH004,29-09-2024 19:11,Sale,70,
INV0004374,PROD0093,WH004,29-09-2024 19:12,Sale,15,
INV0004375,PROD0079,WH003,29-09-2024 20:32,Purchase,12,SUP020
INV0004376,PROD0017,WH002,30-09-2024 02:42,Purchase,58,SUP011
INV0004377,PROD0058,WH003,30-09-2024 04:00,Sale,43,
INV0004378,PROD0014,WH004,30-09-2024 05:54,Adjustment,7,
INV0004379,PROD0081,WH004,30-09-2024 11:38,Sale,41,
INV0004380,PROD0018,WH002,30-09-2024 12:52,Purchase,13,SUP022
INV0004381,PROD0082,WH002,30-09-2024 13:43,Purchase,25,SUP017
INV0004382,PROD0017,WH003,30-09-2024 14:23,Adjustment,59,
INV0004383,PROD0071,WH001,30-09-2024 16:12,Return,34,
INV0004384,PROD0066,WH002,30-09-2024 20:58,Sale,7,
INV0004385,PROD0103,WH003,01-10-2024 03:24,Sale,71,
INV0004386,PROD0085,WH003,01-10-2024 08:08,Sale,1,
INV0004387,PROD0188,WH003,01-10-2024 11:08,Adjustment,38,
INV0004388,PROD0180,WH003,01-10-2024 17:09,Sale,8,
INV0004389,PROD0105,WH004,01-10-2024 19:48,Sale,21,
INV0004390,PROD0008,WH003,02-10-2024 15:35,Return,82,
INV0004391,PROD0165,WH001,02-10-2024 17:55,Purchase,80,SUP030
INV0004392,PROD0135,WH004,02-10-2024 19:08,Sale,60,
INV0004393,PROD0156,WH002,02-10-2024 23:06,Sale,39,
INV0004394,PROD0181,WH001,03-10-2024 01:20,Purchase,36,SUP006
INV0004395,PROD0084,WH001,03-10-2024 02:32,Purchase,43,SUP019
INV0004396,PROD0097,WH003,03-10-2024 04:16,Purchase,56,SUP035
INV0004397,PROD0048,WH003,03-10-2024 05:52,Adjustment,9,
INV0004398,PROD0015,WH001,03-10-2024 08:25,Sale,41,
INV0004399,PROD0007,WH001,03-10-2024 14:13,Sale,79,
INV0004400,PROD0143,WH002,03-10-2024 21:11,Sale,47,
INV0004401,PROD0012,WH003,03-10-2024 22:56,Sale,9,
INV0004402,PROD0176,WH001,03-10-2024 23:14,Return,44,
INV0004403,PROD0044,WH003,03-10-2024 23:23,Purchase,58,SUP001
INV0004404,PROD0104,WH001,04-10-2024 01:21,Sale,65,
INV0004405,PROD0176,WH002,04-10-2024 03:23,Purchase,76,SUP026
INV0004406,PROD0039,WH002,04-10-2024 09:29,Sale,17,
INV0004407,PROD0022,WH001,04-10-2024 11:18,Sale,13,
INV0004408,PROD0078,WH001,04-10-2024 15:47,Sale,56,
INV0004409,PROD0166,WH003,04-10-2024 16:54,Purchase,31,SUP031
INV0004410,PROD0054,WH002,04-10-2024 23:01,Adjustment,98,
INV0004411,PROD0092,WH003,05-10-2024 02:04,Purchase,99,SUP036
INV0004412,PROD0130,WH001,05-10-2024 02:04,Return,56,
INV0004413,PROD0130,WH001,05-10-2024 03:41,Purchase,45,SUP026
INV0004414,PROD0168,WH002,05-10-2024 12:03,Purchase,52,SUP005
INV0004415,PROD0029,WH003,05-10-2024 13:07,Purchase,58,SUP023
INV0004416,PROD0195,WH002,05-10-2024 14:26,Purchase,93,SUP016
INV0004417,PROD0159,WH004,05-10-2024 15:09,Sale,87,
INV0004418,PROD0196,WH004,05-10-2024 16:14,Sale,1,
INV0004419,PROD0018,WH004,05-10-2024 20:16,Sale,90,
INV0004420,PROD0155,WH001,05-10-2024 22:00,Sale,23,
INV0004421,PROD0105,WH004,06-10-2024 01:02,Purchase,35,SUP021
INV0004422,PROD0159,WH001,06-10-2024 01:21,Return,47,
INV0004423,PROD0021,WH004,06-10-2024 03:00,Purchase,85,SUP025
INV0004424,PROD0099,WH003,06-10-2024 03:55,Sale,93,
INV0004425,PROD0172,WH004,06-10-2024 05:00,Sale,33,
INV0004426,PROD0164,WH002,06-10-2024 10:52,Purchase,63,SUP021
INV0004427,PROD0118,WH003,06-10-2024 12:54,Purchase,81,SUP023
INV0004428,PROD0133,WH002,06-10-2024 14:49,Adjustment,99,
INV0004429,PROD0110,WH002,06-10-2024 16:37,Purchase,80,SUP031
INV0004430,PROD0172,WH004,06-10-2024 17:39,Purchase,97,SUP031
INV0004431,PROD0055,WH001,07-10-2024 06:35,Return,59,
INV0004432,PROD0190,WH003,07-10-2024 12:19,Purchase,8,SUP038
INV0004433,PROD0103,WH004,07-10-2024 16:18,Sale,65,
INV0004434,PROD0198,WH001,08-10-2024 03:14,Sale,69,
INV0004435,PROD0005,WH003,08-10-2024 03:40,Purchase,57,SUP035
INV0004436,PROD0107,WH003,08-10-2024 04:42,Purchase,24,SUP034
INV0004437,PROD0097,WH004,08-10-2024 05:31,Sale,11,
INV0004438,PROD0098,WH003,08-10-2024 06:07,Purchase,7,SUP031
INV0004439,PROD0043,WH004,08-10-2024 11:39,Sale,44,
INV0004440,PROD0075,WH003,08-10-2024 12:17,Return,46,
INV0004441,PROD0179,WH002,08-10-2024 14:10,Purchase,13,SUP015
INV0004442,PROD0026,WH003,08-10-2024 15:27,Purchase,41,SUP027
INV0004443,PROD0055,WH004,08-10-2024 18:46,Sale,6,
INV0004444,PROD0124,WH001,08-10-2024 20:51,Sale,27,
INV0004445,PROD0103,WH001,08-10-2024 22:29,Sale,50,
INV0004446,PROD0200,WH001,09-10-2024 04:03,Sale,23,
INV0004447,PROD0001,WH002,09-10-2024 05:22,Adjustment,27,
INV0004448,PROD0054,WH003,09-10-2024 07:43,Sale,7,
INV0004449,PROD0149,WH002,09-10-2024 09:19,Sale,36,
INV0004450,PROD0032,WH003,09-10-2024 12:34,Purchase,91,SUP025
INV0004451,PROD0033,WH004,09-10-2024 15:35,Purchase,63,SUP002
INV0004452,PROD0052,WH001,09-10-2024 16:25,Sale,15,
INV0004453,PROD0200,WH004,10-10-2024 00:17,Purchase,47,SUP020
INV0004454,PROD0098,WH002,10-10-2024 03:49,Purchase,93,SUP039
INV0004455,PROD0059,WH003,10-10-2024 05:39,Purchase,57,SUP020
INV0004456,PROD0169,WH001,10-10-2024 08:50,Return,52,
INV0004457,PROD0134,WH003,10-10-2024 09:23,Sale,68,
INV0004458,PROD0055,WH001,10-10-2024 09:27,Sale,94,
INV0004459,PROD0192,WH002,10-10-2024 15:53,Purchase,67,SUP032
INV0004460,PROD0199,WH001,10-10-2024 19:10,Sale,67,
INV0004461,PROD0152,WH004,10-10-2024 22:58,Sale,69,
INV0004462,PROD0078,WH003,11-10-2024 06:26,Adjustment,82,
INV0004463,PROD0070,WH004,11-10-2024 11:10,Sale,46,
INV0004464,PROD0058,WH004,11-10-2024 13:45,Purchase,11,SUP036
INV0004465,PROD0185,WH002,11-10-2024 20:29,Sale,71,
INV0004466,PROD0016,WH002,12-10-2024 02:14,Purchase,48,SUP024
INV0004467,PROD0043,WH001,12-10-2024 02:58,Purchase,27,SUP034
INV0004468,PROD0035,WH004,12-10-2024 07:59,Return,66,
INV0004469,PROD0127,WH001,12-10-2024 08:42,Sale,77,
INV0004470,PROD0019,WH001,12-10-2024 09:40,Sale,18,
INV0004471,PROD0150,WH004,12-10-2024 14:56,Return,80,
INV0004472,PROD0028,WH002,12-10-2024 18:34,Adjustment,54,
INV0004473,PROD0072,WH003,12-10-2024 19:36,Sale,90,
INV0004474,PROD0038,WH003,12-10-2024 23:31,Return,80,
INV0004475,PROD0167,WH001,13-10-2024 00:51,Sale,95,
INV0004476,PROD0129,WH003,13-10-2024 07:05,Return,88,
INV0004477,PROD0095,WH003,13-10-2024 09:14,Sale,53,
INV0004478,PROD0188,WH001,13-10-2024 12:28,Adjustment,39,
INV0004479,PROD0173,WH002,13-10-2024 16:01,Return,54,
INV0004480,PROD0115,WH001,13-10-2024 18:10,Purchase,29,SUP028
INV0004481,PROD0043,WH003,13-10-2024 19:44,Return,38,
INV0004482,PROD0023,WH001,13-10-2024 23:04,Sale,91,
INV0004483,PROD0180,WH003,14-10-2024 01:49,Sale,78,
INV0004484,PROD0142,WH003,14-10-2024 08:50,Sale,4,
INV0004485,PROD0107,WH003,14-10-2024 08:54,Adjustment,27,
INV0004486,PROD0019,WH001,14-10-2024 09:47,Sale,61,
INV0004487,PROD0086,WH002,14-10-2024 15:41,Sale,64,
INV0004488,PROD0192,WH004,15-10-2024 05:41,Adjustment,3,
INV0004489,PROD0048,WH004,15-10-2024 06:13,Return,57,
INV0004490,PROD0062,WH001,15-10-2024 19:29,Sale,63,
INV0004491,PROD0021,WH004,15-10-2024 21:20,Sale,28,
INV0004492,PROD0062,WH001,16-10-2024 02:16,Purchase,47,SUP013
INV0004493,PROD0059,WH001,16-10-2024 06:42,Sale,26,
INV0004494,PROD0156,WH001,16-10-2024 08:44,Adjustment,35,
INV0004495,PROD0080,WH003,16-10-2024 12:04,Purchase,17,SUP036
INV0004496,PROD0139,WH004,17-10-2024 02:47,Return,91,
INV0004497,PROD0120,WH003,17-10-2024 02:51,Sale,74,
INV0004498,PROD0058,WH001,17-10-2024 04:41,Purchase,10,SUP017
INV0004499,PROD0145,WH003,17-10-2024 05:24,Adjustment,83,
INV0004500,PROD0172,WH002,17-10-2024 07:49,Sale,65,
INV0004501,PROD0009,WH001,17-10-2024 12:23,Sale,19,
INV0004502,PROD0142,WH002,17-10-2024 13:09,Sale,14,
INV0004503,PROD0191,WH003,17-10-2024 21:42,Purchase,91,SUP013
INV0004504,PROD0113,WH004,17-10-2024 22:35,Sale,30,
INV0004505,PROD0050,WH003,17-10-2024 23:20,Sale,21,
INV0004506,PROD0019,WH001,17-10-2024 23:28,Adjustment,26,
INV0004507,PROD0136,WH001,18-10-2024 15:44,Sale,11,
INV0004508,PROD0021,WH004,18-10-2024 16:38,Sale,51,
INV0004509,PROD0162,WH002,18-10-2024 16:39,Return,88,
INV0004510,PROD0160,WH002,18-10-2024 21:00,Adjustment,57,
INV0004511,PROD0084,WH003,18-10-2024 23:56,Sale,93,
INV0004512,PROD0123,WH001,19-10-2024 01:32,Adjustment,92,
INV0004513,PROD0088,WH001,19-10-2024 07:33,Sale,17,
INV0004514,PROD0154,WH003,19-10-2024 17:23,Purchase,47,SUP028
INV0004515,PROD0010,WH004,19-10-2024 20:07,Sale,18,
INV0004516,PROD0104,WH002,19-10-2024 20:13,Sale,63,
INV0004517,PROD0082,WH003,20-10-2024 05:23,Sale,30,
INV0004518,PROD0092,WH002,20-10-2024 09:06,Purchase,6,SUP031
INV0004519,PROD0188,WH003,20-10-2024 13:08,Purchase,7,SUP011
INV0004520,PROD0101,WH003,20-10-2024 13:59,Sale,54,
INV0004521,PROD0074,WH002,20-10-2024 21:03,Sale,42,
INV0004522,PROD0140,WH002,21-10-2024 14:40,Purchase,81,SUP001
INV0004523,PROD0180,WH001,21-10-2024 15:00,Purchase,72,SUP015
INV0004524,PROD0162,WH004,21-10-2024 16:33,Purchase,97,SUP010
INV0004525,PROD0141,WH004,21-10-2024 17:38,Sale,9,
INV0004526,PROD0183,WH001,21-10-2024 21:44,Purchase,76,SUP040
INV0004527,PROD0177,WH001,22-10-2024 03:29,Sale,31,
INV0004528,PROD0043,WH003,22-10-2024 04:33,Sale,71,
INV0004529,PROD0040,WH004,22-10-2024 09:24,Sale,36,
INV0004530,PROD0092,WH003,22-10-2024 11:01,Sale,80,
INV0004531,PROD0134,WH001,22-10-2024 12:47,Sale,95,
INV0004532,PROD0187,WH003,22-10-2024 13:13,Sale,16,
INV0004533,PROD0020,WH003,22-10-2024 15:05,Sale,75,
INV0004534,PROD0176,WH003,22-10-2024 16:44,Sale,13,
INV0004535,PROD0098,WH002,22-10-2024 23:09,Purchase,37,SUP010
INV0004536,PROD0129,WH003,23-10-2024 04:44,Purchase,64,SUP029
INV0004537,PROD0145,WH002,23-10-2024 12:12,Sale,21,
INV0004538,PROD0043,WH004,23-10-2024 19:44,Purchase,86,SUP006
INV0004539,PROD0033,WH004,23-10-2024 23:22,Purchase,87,SUP038
INV0004540,PROD0069,WH003,24-10-2024 00:51,Sale,74,
INV0004541,PROD0192,WH004,24-10-2024 02:37,Sale,29,
INV0004542,PROD0146,WH004,24-10-2024 08:58,Purchase,89,SUP036
INV0004543,PROD0094,WH001,24-10-2024 11:13,Purchase,63,SUP019
INV0004544,PROD0152,WH002,24-10-2024 19:16,Return,72,
INV0004545,PROD0090,WH004,24-10-2024 19:50,Sale,70,
INV0004546,PROD0019,WH002,25-10-2024 00:38,Purchase,11,SUP025
INV0004547,PROD0178,WH001,25-10-2024 02:00,Sale,79,
INV0004548,PROD0166,WH001,25-10-2024 02:16,Adjustment,92,
INV0004549,PROD0173,WH003,25-10-2024 02:35,Sale,62,
INV0004550,PROD0124,WH004,25-10-2024 05:04,Sale,38,
INV0004551,PROD0184,WH004,25-10-2024 08:31,Return,41,
INV0004552,PROD0192,WH004,25-10-2024 09:09,Purchase,80,SUP020
INV0004553,PROD0134,WH002,25-10-2024 11:21,Sale,15,
INV0004554,PROD0154,WH004,25-10-2024 11:55,Purchase,80,SUP003
INV0004555,PROD0133,WH003,25-10-2024 18:10,Sale,20,
INV0004556,PROD0075,WH001,25-10-2024 21:27,Sale,52,
INV0004557,PROD0046,WH003,25-10-2024 21:54,Return,59,
INV0004558,PROD0129,WH001,25-10-2024 23:10,Sale,96,
INV0004559,PROD0149,WH002,26-10-2024 04:47,Sale,49,
INV0004560,PROD0153,WH001,26-10-2024 05:43,Sale,59,
INV0004561,PROD0125,WH004,26-10-2024 10:02,Purchase,39,SUP036
INV0004562,PROD0141,WH001,26-10-2024 17:15,Sale,83,
INV0004563,PROD0069,WH003,26-10-2024 18:53,Purchase,54,SUP011
INV0004564,PROD0004,WH003,26-10-2024 19:46,Sale,15,
INV0004565,PROD0194,WH004,27-10-2024 06:55,Purchase,86,SUP004
INV0004566,PROD0035,WH002,27-10-2024 08:19,Purchase,98,SUP036
INV0004567,PROD0098,WH001,27-10-2024 15:57,Sale,5,
INV0004568,PROD0182,WH003,27-10-2024 20:03,Purchase,41,SUP009
INV0004569,PROD0145,WH001,28-10-2024 03:01,Sale,14,
INV0004570,PROD0184,WH003,28-10-2024 04:54,Sale,51,
INV0004571,PROD0134,WH003,28-10-2024 06:56,Sale,1,
INV0004572,PROD0001,WH002,28-10-2024 07:00,Purchase,20,SUP011
INV0004573,PROD0003,WH004,28-10-2024 07:47,Sale,32,
INV0004574,PROD0160,WH001,28-10-2024 08:59,Purchase,7,SUP036
INV0004575,PROD0092,WH004,28-10-2024 13:50,Purchase,17,SUP034
INV0004576,PROD0106,WH003,28-10-2024 18:12,Sale,58,
INV0004577,PROD0122,WH002,28-10-2024 21:19,Sale,28,
INV0004578,PROD0111,WH003,29-10-2024 01:09,Sale,55,
INV0004579,PROD0200,WH004,29-10-2024 03:38,Sale,8,
INV0004580,PROD0008,WH002,29-10-2024 03:45,Purchase,88,SUP009
INV0004581,PROD0031,WH004,29-10-2024 04:57,Sale,35,
INV0004582,PROD0018,WH004,29-10-2024 08:20,Purchase,14,SUP008
INV0004583,PROD0137,WH003,29-10-2024 09:07,Purchase,40,SUP022
INV0004584,PROD0104,WH002,29-10-2024 11:22,Purchase,37,SUP034
INV0004585,PROD0088,WH001,29-10-2024 12:36,Purchase,93,SUP007
INV0004586,PROD0179,WH002,29-10-2024 23:24,Sale,20,
INV0004587,PROD0095,WH003,30-10-2024 00:03,Sale,58,
INV0004588,PROD0168,WH002,30-10-2024 01:07,Sale,15,
INV0004589,PROD0032,WH002,30-10-2024 02:09,Purchase,85,SUP012
INV0004590,PROD0068,WH001,30-10-2024 07:25,Sale,85,
INV0004591,PROD0107,WH002,30-10-2024 09:12,Sale,63,
INV0004592,PROD0171,WH002,30-10-2024 11:32,Purchase,53,SUP033
INV0004593,PROD0010,WH004,30-10-2024 12:11,Purchase,45,SUP005
INV0004594,PROD0089,WH001,30-10-2024 14:04,Purchase,99,SUP037
INV0004595,PROD0083,WH004,30-10-2024 23:22,Purchase,90,SUP040
INV0004596,PROD0156,WH003,30-10-2024 23:35,Sale,63,
INV0004597,PROD0082,WH003,31-10-2024 07:22,Purchase,78,SUP038
INV0004598,PROD0065,WH003,31-10-2024 12:25,Return,65,
INV0004599,PROD0035,WH002,31-10-2024 15:58,Sale,3,
INV0004600,PROD0149,WH003,31-10-2024 17:07,Purchase,56,SUP010
INV0004601,PROD0200,WH002,31-10-2024 20:30,Purchase,23,SUP028
INV0004602,PROD0154,WH002,31-10-2024 20:43,Purchase,58,SUP024
INV0004603,PROD0143,WH001,31-10-2024 21:25,Return,100,
INV0004604,PROD0112,WH004,31-10-2024 21:36,Purchase,40,SUP027
INV0004605,PROD0192,WH001,01-11-2024 00:31,Adjustment,77,
INV0004606,PROD0046,WH002,01-11-2024 00:41,Adjustment,98,
INV0004607,PROD0149,WH001,01-11-2024 02:21,Purchase,42,SUP021
INV0004608,PROD0055,WH004,01-11-2024 05:48,Adjustment,72,
INV0004609,PROD0099,WH003,01-11-2024 07:40,Purchase,60,SUP012
INV0004610,PROD0025,WH003,01-11-2024 09:28,Purchase,25,SUP036
INV0004611,PROD0123,WH001,01-11-2024 10:35,Return,78,
INV0004612,PROD0086,WH004,01-11-2024 15:37,Sale,38,
INV0004613,PROD0034,WH001,01-11-2024 21:22,Sale,40,
INV0004614,PROD0156,WH002,01-11-2024 23:14,Sale,10,
INV0004615,PROD0031,WH004,01-11-2024 23:20,Sale,5,
INV0004616,PROD0146,WH002,02-11-2024 03:03,Sale,28,
INV0004617,PROD0098,WH003,02-11-2024 05:47,Purchase,62,SUP017
INV0004618,PROD0194,WH001,02-11-2024 07:11,Adjustment,94,
INV0004619,PROD0041,WH003,02-11-2024 12:41,Sale,12,
INV0004620,PROD0108,WH003,02-11-2024 13:34,Purchase,36,SUP020
INV0004621,PROD0155,WH003,02-11-2024 15:27,Sale,25,
INV0004622,PROD0085,WH003,03-11-2024 01:19,Purchase,52,SUP011
INV0004623,PROD0060,WH004,03-11-2024 05:22,Sale,52,
INV0004624,PROD0064,WH003,03-11-2024 11:54,Sale,87,
INV0004625,PROD0018,WH003,03-11-2024 16:00,Purchase,80,SUP012
INV0004626,PROD0176,WH001,03-11-2024 17:27,Purchase,47,SUP028
INV0004627,PROD0118,WH001,03-11-2024 21:09,Sale,23,
INV0004628,PROD0092,WH001,04-11-2024 11:17,Sale,59,
INV0004629,PROD0112,WH003,04-11-2024 12:36,Purchase,20,SUP024
INV0004630,PROD0005,WH003,04-11-2024 16:30,Sale,100,
INV0004631,PROD0053,WH002,04-11-2024 22:18,Sale,43,
INV0004632,PROD0017,WH003,05-11-2024 04:01,Sale,43,
INV0004633,PROD0026,WH004,05-11-2024 04:42,Purchase,14,SUP019
INV0004634,PROD0179,WH002,05-11-2024 07:24,Purchase,68,SUP030
INV0004635,PROD0126,WH002,05-11-2024 08:26,Purchase,25,SUP007
INV0004636,PROD0009,WH001,05-11-2024 08:29,Return,30,
INV0004637,PROD0149,WH004,05-11-2024 10:18,Purchase,31,SUP023
INV0004638,PROD0138,WH001,05-11-2024 12:35,Sale,24,
INV0004639,PROD0038,WH004,05-11-2024 16:37,Purchase,79,SUP015
INV0004640,PROD0065,WH004,05-11-2024 19:05,Purchase,89,SUP039
INV0004641,PROD0150,WH001,05-11-2024 23:36,Sale,67,
INV0004642,PROD0064,WH004,06-11-2024 06:05,Purchase,95,SUP030
INV0004643,PROD0132,WH004,06-11-2024 08:30,Sale,37,
INV0004644,PROD0087,WH002,06-11-2024 08:38,Sale,89,
INV0004645,PROD0155,WH003,06-11-2024 08:43,Adjustment,95,
INV0004646,PROD0105,WH004,06-11-2024 14:20,Sale,10,
INV0004647,PROD0013,WH004,06-11-2024 16:49,Purchase,28,SUP035
INV0004648,PROD0128,WH001,06-11-2024 19:54,Sale,52,
INV0004649,PROD0194,WH003,06-11-2024 20:29,Purchase,51,SUP013
INV0004650,PROD0157,WH001,07-11-2024 00:22,Sale,61,
INV0004651,PROD0132,WH002,07-11-2024 09:49,Sale,62,
INV0004652,PROD0022,WH004,07-11-2024 17:11,Sale,12,
INV0004653,PROD0052,WH002,07-11-2024 18:22,Sale,96,
INV0004654,PROD0181,WH003,07-11-2024 19:28,Purchase,2,SUP017
INV0004655,PROD0176,WH001,08-11-2024 01:34,Sale,86,
INV0004656,PROD0010,WH004,08-11-2024 08:58,Sale,51,
INV0004657,PROD0117,WH003,08-11-2024 15:52,Purchase,38,SUP006
INV0004658,PROD0165,WH001,08-11-2024 16:50,Purchase,45,SUP028
INV0004659,PROD0033,WH001,08-11-2024 21:10,Purchase,51,SUP035
INV0004660,PROD0192,WH004,08-11-2024 23:15,Sale,1,
INV0004661,PROD0171,WH001,09-11-2024 00:14,Sale,46,
INV0004662,PROD0111,WH004,09-11-2024 01:10,Purchase,97,SUP037
INV0004663,PROD0145,WH003,09-11-2024 03:16,Purchase,31,SUP006
INV0004664,PROD0011,WH004,09-11-2024 06:56,Sale,35,
INV0004665,PROD0057,WH001,09-11-2024 12:25,Purchase,49,SUP004
INV0004666,PROD0025,WH002,09-11-2024 14:57,Sale,95,
INV0004667,PROD0109,WH003,09-11-2024 20:51,Purchase,9,SUP012
INV0004668,PROD0162,WH004,09-11-2024 21:42,Sale,30,
INV0004669,PROD0080,WH002,10-11-2024 00:41,Purchase,6,SUP033
INV0004670,PROD0080,WH003,10-11-2024 08:50,Purchase,10,SUP033
INV0004671,PROD0002,WH002,10-11-2024 11:06,Sale,7,
INV0004672,PROD0031,WH003,10-11-2024 11:37,Return,34,
INV0004673,PROD0096,WH003,10-11-2024 15:07,Sale,14,
INV0004674,PROD0092,WH001,10-11-2024 16:20,Purchase,78,SUP003
INV0004675,PROD0048,WH001,10-11-2024 16:56,Sale,29,
INV0004676,PROD0033,WH003,10-11-2024 17:54,Purchase,44,SUP011
INV0004677,PROD0031,WH001,10-11-2024 20:51,Sale,64,
INV0004678,PROD0138,WH001,10-11-2024 22:37,Purchase,35,SUP018
INV0004679,PROD0019,WH001,10-11-2024 23:17,Sale,85,
INV0004680,PROD0075,WH003,11-11-2024 00:04,Return,66,
INV0004681,PROD0045,WH001,11-11-2024 01:20,Sale,79,
INV0004682,PROD0065,WH004,11-11-2024 03:07,Sale,68,
INV0004683,PROD0152,WH001,11-11-2024 07:31,Return,33,
INV0004684,PROD0164,WH002,11-11-2024 10:24,Purchase,59,SUP002
INV0004685,PROD0072,WH003,11-11-2024 18:28,Purchase,5,SUP033
INV0004686,PROD0166,WH002,11-11-2024 19:49,Purchase,19,SUP021
INV0004687,PROD0028,WH003,11-11-2024 22:19,Return,6,
INV0004688,PROD0153,WH001,11-11-2024 23:48,Purchase,8,SUP033
INV0004689,PROD0034,WH001,12-11-2024 12:27,Adjustment,80,
INV0004690,PROD0061,WH001,12-11-2024 20:54,Sale,21,
INV0004691,PROD0131,WH002,12-11-2024 21:06,Return,88,
INV0004692,PROD0064,WH003,12-11-2024 23:09,Sale,96,
INV0004693,PROD0081,WH004,13-11-2024 01:56,Purchase,94,SUP032
INV0004694,PROD0021,WH001,13-11-2024 06:12,Sale,60,
INV0004695,PROD0125,WH002,13-11-2024 06:32,Sale,97,
INV0004696,PROD0094,WH002,13-11-2024 09:19,Sale,12,
INV0004697,PROD0011,WH004,13-11-2024 09:39,Purchase,85,SUP013
INV0004698,PROD0050,WH004,13-11-2024 09:43,Sale,12,
INV0004699,PROD0146,WH001,13-11-2024 13:36,Purchase,36,SUP032
INV0004700,PROD0073,WH003,13-11-2024 15:37,Sale,33,
INV0004701,PROD0193,WH003,13-11-2024 18:34,Sale,48,
INV0004702,PROD0183,WH001,13-11-2024 23:12,Purchase,67,SUP037
INV0004703,PROD0158,WH003,14-11-2024 02:38,Purchase,84,SUP001
INV0004704,PROD0181,WH003,14-11-2024 04:03,Sale,60,
INV0004705,PROD0145,WH003,14-11-2024 16:56,Purchase,90,SUP035
INV0004706,PROD0090,WH003,14-11-2024 17:34,Sale,60,
INV0004707,PROD0040,WH003,14-11-2024 19:04,Sale,37,
INV0004708,PROD0126,WH004,14-11-2024 23:26,Sale,57,
INV0004709,PROD0082,WH003,15-11-2024 00:39,Purchase,63,SUP033
INV0004710,PROD0194,WH003,15-11-2024 06:28,Sale,50,
INV0004711,PROD0032,WH004,15-11-2024 12:28,Sale,18,
INV0004712,PROD0104,WH003,15-11-2024 15:21,Sale,29,
INV0004713,PROD0153,WH002,15-11-2024 16:09,Sale,1,
INV0004714,PROD0107,WH003,15-11-2024 16:31,Purchase,60,SUP019
INV0004715,PROD0149,WH003,16-11-2024 02:06,Sale,36,
INV0004716,PROD0005,WH004,16-11-2024 03:01,Sale,79,
INV0004717,PROD0025,WH001,16-11-2024 06:14,Sale,93,
INV0004718,PROD0009,WH001,16-11-2024 11:15,Sale,99,
INV0004719,PROD0150,WH002,16-11-2024 12:43,Purchase,66,SUP014
INV0004720,PROD0135,WH004,16-11-2024 13:34,Sale,96,
INV0004721,PROD0115,WH003,16-11-2024 17:08,Sale,90,
INV0004722,PROD0085,WH001,16-11-2024 17:51,Purchase,96,SUP025
INV0004723,PROD0197,WH003,16-11-2024 21:07,Purchase,36,SUP018
INV0004724,PROD0096,WH003,16-11-2024 22:09,Sale,30,
INV0004725,PROD0198,WH004,16-11-2024 23:54,Sale,5,
INV0004726,PROD0029,WH002,17-11-2024 03:09,Sale,57,
INV0004727,PROD0017,WH003,17-11-2024 03:44,Purchase,36,SUP006
INV0004728,PROD0164,WH004,17-11-2024 10:41,Sale,85,
INV0004729,PROD0168,WH003,17-11-2024 11:16,Purchase,43,SUP016
INV0004730,PROD0129,WH004,17-11-2024 15:36,Sale,20,
INV0004731,PROD0033,WH002,17-11-2024 16:52,Purchase,68,SUP017
INV0004732,PROD0081,WH001,17-11-2024 19:00,Purchase,27,SUP011
INV0004733,PROD0110,WH001,18-11-2024 02:29,Purchase,97,SUP006
INV0004734,PROD0161,WH001,18-11-2024 18:26,Purchase,57,SUP026
INV0004735,PROD0102,WH003,18-11-2024 21:07,Sale,32,
INV0004736,PROD0127,WH003,18-11-2024 21:54,Sale,61,
INV0004737,PROD0055,WH002,19-11-2024 01:50,Purchase,76,SUP009
INV0004738,PROD0005,WH002,19-11-2024 06:02,Purchase,36,SUP037
INV0004739,PROD0145,WH004,19-11-2024 06:32,Adjustment,89,
INV0004740,PROD0013,WH002,19-11-2024 06:41,Sale,11,
INV0004741,PROD0108,WH004,19-11-2024 11:33,Sale,25,
INV0004742,PROD0089,WH001,19-11-2024 16:49,Sale,17,
INV0004743,PROD0125,WH001,19-11-2024 22:06,Purchase,79,SUP017
INV0004744,PROD0120,WH002,19-11-2024 23:06,Purchase,43,SUP008
INV0004745,PROD0139,WH001,20-11-2024 00:00,Sale,96,
INV0004746,PROD0018,WH001,20-11-2024 01:11,Sale,27,
INV0004747,PROD0081,WH002,20-11-2024 13:40,Sale,78,
INV0004748,PROD0064,WH002,20-11-2024 15:27,Purchase,69,SUP031
INV0004749,PROD0009,WH001,20-11-2024 18:32,Sale,40,
INV0004750,PROD0194,WH001,20-11-2024 18:44,Sale,93,
INV0004751,PROD0052,WH001,20-11-2024 20:24,Sale,59,
INV0004752,PROD0015,WH003,21-11-2024 02:49,Sale,47,
INV0004753,PROD0036,WH002,21-11-2024 04:47,Sale,75,
INV0004754,PROD0145,WH003,21-11-2024 10:42,Sale,91,
INV0004755,PROD0151,WH004,21-11-2024 11:06,Sale,81,
INV0004756,PROD0043,WH004,21-11-2024 12:42,Sale,15,
INV0004757,PROD0050,WH001,21-11-2024 13:05,Sale,71,
INV0004758,PROD0099,WH003,21-11-2024 14:05,Sale,54,
INV0004759,PROD0074,WH004,21-11-2024 14:13,Sale,98,
INV0004760,PROD0120,WH002,21-11-2024 15:21,Sale,89,
INV0004761,PROD0090,WH003,21-11-2024 15:46,Purchase,87,SUP027
INV0004762,PROD0104,WH004,22-11-2024 02:50,Sale,14,
INV0004763,PROD0168,WH004,22-11-2024 13:04,Return,22,
INV0004764,PROD0132,WH002,22-11-2024 17:39,Purchase,89,SUP039
INV0004765,PROD0169,WH001,22-11-2024 18:12,Sale,100,
INV0004766,PROD0047,WH003,22-11-2024 18:52,Sale,76,
INV0004767,PROD0044,WH001,22-11-2024 19:17,Purchase,71,SUP009
INV0004768,PROD0099,WH002,22-11-2024 19:26,Purchase,51,SUP009
INV0004769,PROD0082,WH002,22-11-2024 19:56,Return,92,
INV0004770,PROD0168,WH001,22-11-2024 22:32,Purchase,9,SUP039
INV0004771,PROD0049,WH004,23-11-2024 08:03,Purchase,50,SUP033
INV0004772,PROD0088,WH004,23-11-2024 11:42,Sale,11,
INV0004773,PROD0196,WH004,23-11-2024 12:39,Return,90,
INV0004774,PROD0067,WH002,23-11-2024 16:58,Purchase,41,SUP003
INV0004775,PROD0107,WH002,24-11-2024 02:59,Purchase,99,SUP025
INV0004776,PROD0093,WH002,24-11-2024 03:46,Sale,7,
INV0004777,PROD0001,WH002,24-11-2024 06:16,Purchase,83,SUP001
INV0004778,PROD0043,WH002,24-11-2024 07:28,Purchase,23,SUP029
INV0004779,PROD0019,WH002,24-11-2024 07:38,Purchase,80,SUP004
INV0004780,PROD0188,WH003,24-11-2024 07:59,Return,80,
INV0004781,PROD0172,WH002,24-11-2024 11:13,Sale,22,
INV0004782,PROD0051,WH004,24-11-2024 11:32,Sale,41,
INV0004783,PROD0080,WH004,24-11-2024 15:44,Return,14,
INV0004784,PROD0173,WH003,24-11-2024 17:56,Purchase,64,SUP035
INV0004785,PROD0182,WH003,24-11-2024 20:34,Purchase,77,SUP010
INV0004786,PROD0113,WH003,24-11-2024 21:33,Sale,5,
INV0004787,PROD0133,WH002,25-11-2024 00:35,Sale,71,
INV0004788,PROD0198,WH001,25-11-2024 01:56,Purchase,29,SUP025
INV0004789,PROD0107,WH001,25-11-2024 06:37,Purchase,63,SUP023
INV0004790,PROD0060,WH002,25-11-2024 10:38,Purchase,94,SUP023
INV0004791,PROD0163,WH001,25-11-2024 13:18,Sale,45,
INV0004792,PROD0174,WH002,25-11-2024 15:02,Purchase,72,SUP011
INV0004793,PROD0147,WH003,25-11-2024 15:56,Sale,7,
INV0004794,PROD0161,WH001,25-11-2024 18:34,Purchase,5,SUP034
INV0004795,PROD0117,WH004,25-11-2024 19:37,Sale,58,
INV0004796,PROD0120,WH003,25-11-2024 20:14,Purchase,64,SUP034
INV0004797,PROD0017,WH003,25-11-2024 21:05,Return,54,
INV0004798,PROD0027,WH001,26-11-2024 01:23,Sale,71,
INV0004799,PROD0161,WH004,26-11-2024 05:52,Sale,72,
INV0004800,PROD0191,WH003,26-11-2024 10:30,Purchase,97,SUP010
INV0004801,PROD0167,WH004,26-11-2024 13:16,Purchase,9,SUP019
INV0004802,PROD0142,WH001,26-11-2024 19:25,Sale,41,
INV0004803,PROD0179,WH004,26-11-2024 22:58,Purchase,41,SUP016
INV0004804,PROD0107,WH003,26-11-2024 23:14,Sale,55,
INV0004805,PROD0021,WH003,27-11-2024 05:56,Purchase,43,SUP032
INV0004806,PROD0055,WH001,27-11-2024 10:00,Sale,75,
INV0004807,PROD0195,WH004,27-11-2024 12:24,Sale,47,
INV0004808,PROD0173,WH001,27-11-2024 15:28,Sale,39,
INV0004809,PROD0088,WH002,28-11-2024 07:36,Purchase,4,SUP022
INV0004810,PROD0018,WH002,28-11-2024 08:27,Sale,36,
INV0004811,PROD0044,WH001,28-11-2024 09:50,Adjustment,59,
INV0004812,PROD0157,WH004,28-11-2024 13:15,Adjustment,99,
INV0004813,PROD0143,WH004,28-11-2024 18:54,Purchase,20,SUP024
INV0004814,PROD0171,WH003,28-11-2024 19:17,Sale,76,
INV0004815,PROD0155,WH002,28-11-2024 22:06,Purchase,92,SUP015
INV0004816,PROD0156,WH004,28-11-2024 22:35,Return,51,
INV0004817,PROD0001,WH001,29-11-2024 01:41,Purchase,64,SUP009
INV0004818,PROD0054,WH002,29-11-2024 04:29,Sale,20,
INV0004819,PROD0066,WH003,29-11-2024 04:53,Sale,84,
INV0004820,PROD0127,WH003,29-11-2024 06:49,Purchase,67,SUP023
INV0004821,PROD0094,WH003,29-11-2024 08:21,Sale,50,
INV0004822,PROD0030,WH001,29-11-2024 14:30,Sale,67,
INV0004823,PROD0170,WH001,29-11-2024 14:59,Purchase,38,SUP013
INV0004824,PROD0074,WH002,29-11-2024 21:24,Purchase,20,SUP026
INV0004825,PROD0004,WH003,29-11-2024 23:48,Sale,26,
INV0004826,PROD0163,WH001,30-11-2024 00:35,Adjustment,3,
INV0004827,PROD0151,WH001,30-11-2024 04:48,Adjustment,40,
INV0004828,PROD0189,WH002,30-11-2024 14:55,Sale,46,
INV0004829,PROD0187,WH001,30-11-2024 19:09,Sale,93,
INV0004830,PROD0080,WH004,30-11-2024 20:51,Sale,43,
INV0004831,PROD0189,WH004,01-12-2024 01:45,Adjustment,93,
INV0004832,PROD0157,WH003,01-12-2024 02:03,Sale,13,
INV0004833,PROD0046,WH002,01-12-2024 06:01,Purchase,94,SUP006
INV0004834,PROD0138,WH004,01-12-2024 06:34,Adjustment,42,
INV0004835,PROD0124,WH002,01-12-2024 08:13,Purchase,77,SUP031
INV0004836,PROD0055,WH003,01-12-2024 09:23,Purchase,24,SUP020
INV0004837,PROD0096,WH001,01-12-2024 17:35,Sale,18,
INV0004838,PROD0045,WH002,01-12-2024 18:36,Adjustment,57,
INV0004839,PROD0124,WH004,01-12-2024 21:05,Sale,72,
INV0004840,PROD0098,WH003,01-12-2024 23:05,Sale,27,
INV0004841,PROD0110,WH001,02-12-2024 05:21,Purchase,34,SUP023
INV0004842,PROD0132,WH002,02-12-2024 11:12,Sale,43,
INV0004843,PROD0181,WH001,02-12-2024 14:01,Purchase,43,SUP004
INV0004844,PROD0084,WH002,02-12-2024 16:02,Purchase,99,SUP009
INV0004845,PROD0147,WH002,02-12-2024 23:18,Return,47,
INV0004846,PROD0100,WH003,03-12-2024 01:44,Sale,77,
INV0004847,PROD0110,WH001,03-12-2024 04:24,Return,26,
INV0004848,PROD0043,WH001,03-12-2024 11:20,Purchase,68,SUP020
INV0004849,PROD0200,WH001,03-12-2024 11:32,Sale,21,
INV0004850,PROD0111,WH004,03-12-2024 14:36,Purchase,72,SUP033
INV0004851,PROD0188,WH002,03-12-2024 15:31,Purchase,11,SUP024
INV0004852,PROD0132,WH003,03-12-2024 20:06,Purchase,31,SUP006
INV0004853,PROD0030,WH002,04-12-2024 02:54,Purchase,45,SUP013
INV0004854,PROD0129,WH002,04-12-2024 08:53,Adjustment,94,
INV0004855,PROD0128,WH004,04-12-2024 13:49,Sale,60,
INV0004856,PROD0162,WH003,04-12-2024 18:10,Return,20,
INV0004857,PROD0188,WH002,04-12-2024 19:39,Purchase,89,SUP031
INV0004858,PROD0008,WH001,04-12-2024 20:53,Sale,80,
INV0004859,PROD0170,WH004,04-12-2024 23:51,Purchase,2,SUP014
INV0004860,PROD0121,WH003,05-12-2024 00:26,Purchase,14,SUP017
INV0004861,PROD0179,WH004,05-12-2024 04:17,Return,5,
INV0004862,PROD0080,WH004,05-12-2024 05:36,Purchase,24,SUP037
INV0004863,PROD0124,WH004,05-12-2024 06:14,Sale,75,
INV0004864,PROD0036,WH004,05-12-2024 11:18,Adjustment,18,
INV0004865,PROD0016,WH004,05-12-2024 18:20,Purchase,80,SUP009
INV0004866,PROD0010,WH004,05-12-2024 19:46,Adjustment,41,
INV0004867,PROD0004,WH004,06-12-2024 02:36,Sale,4,
INV0004868,PROD0093,WH003,06-12-2024 08:22,Sale,56,
INV0004869,PROD0061,WH001,06-12-2024 10:17,Return,77,
INV0004870,PROD0061,WH002,06-12-2024 20:59,Sale,36,
INV0004871,PROD0124,WH001,06-12-2024 21:21,Adjustment,56,
INV0004872,PROD0182,WH004,07-12-2024 01:24,Adjustment,82,
INV0004873,PROD0186,WH002,07-12-2024 02:57,Purchase,32,SUP014
INV0004874,PROD0118,WH002,07-12-2024 06:12,Sale,38,
INV0004875,PROD0079,WH003,07-12-2024 13:47,Sale,66,
INV0004876,PROD0084,WH001,07-12-2024 20:41,Purchase,93,SUP029
INV0004877,PROD0126,WH002,08-12-2024 00:29,Purchase,31,SUP020
INV0004878,PROD0182,WH003,08-12-2024 10:06,Purchase,23,SUP023
INV0004879,PROD0107,WH003,08-12-2024 14:15,Sale,45,
INV0004880,PROD0081,WH001,08-12-2024 15:07,Purchase,7,SUP020
INV0004881,PROD0048,WH004,08-12-2024 16:28,Purchase,49,SUP031
INV0004882,PROD0019,WH002,08-12-2024 19:34,Adjustment,35,
INV0004883,PROD0063,WH001,08-12-2024 20:47,Adjustment,30,
INV0004884,PROD0160,WH001,08-12-2024 20:50,Sale,28,
INV0004885,PROD0075,WH004,08-12-2024 22:03,Adjustment,33,
INV0004886,PROD0169,WH004,09-12-2024 00:04,Sale,32,
INV0004887,PROD0153,WH003,09-12-2024 00:49,Sale,90,
INV0004888,PROD0158,WH003,09-12-2024 09:29,Sale,15,
INV0004889,PROD0134,WH003,09-12-2024 12:34,Purchase,41,SUP033
INV0004890,PROD0006,WH003,09-12-2024 14:00,Purchase,36,SUP019
INV0004891,PROD0095,WH002,09-12-2024 18:51,Sale,28,
INV0004892,PROD0144,WH001,09-12-2024 22:30,Sale,16,
INV0004893,PROD0199,WH001,10-12-2024 00:30,Sale,51,
INV0004894,PROD0152,WH001,10-12-2024 03:51,Purchase,52,SUP033
INV0004895,PROD0060,WH003,10-12-2024 03:58,Sale,14,
INV0004896,PROD0115,WH003,10-12-2024 09:00,Adjustment,99,
INV0004897,PROD0147,WH004,10-12-2024 16:52,Sale,57,
INV0004898,PROD0170,WH004,10-12-2024 17:34,Purchase,77,SUP015
INV0004899,PROD0023,WH004,10-12-2024 20:59,Purchase,85,SUP020
INV0004900,PROD0186,WH003,10-12-2024 21:04,Return,27,
INV0004901,PROD0091,WH004,10-12-2024 21:07,Purchase,49,SUP037
INV0004902,PROD0180,WH003,10-12-2024 21:28,Purchase,81,SUP010
INV0004903,PROD0156,WH002,10-12-2024 21:39,Purchase,2,SUP031
INV0004904,PROD0105,WH002,11-12-2024 05:53,Sale,29,
INV0004905,PROD0096,WH003,11-12-2024 06:17,Purchase,91,SUP020
INV0004906,PROD0056,WH003,11-12-2024 12:41,Purchase,67,SUP032
INV0004907,PROD0118,WH003,11-12-2024 13:47,Purchase,76,SUP019
INV0004908,PROD0059,WH004,11-12-2024 18:03,Sale,50,
INV0004909,PROD0096,WH001,12-12-2024 03:01,Sale,97,
INV0004910,PROD0048,WH003,12-12-2024 07:44,Adjustment,67,
INV0004911,PROD0046,WH003,12-12-2024 15:12,Purchase,81,SUP032
INV0004912,PROD0182,WH001,12-12-2024 16:32,Sale,56,
INV0004913,PROD0175,WH001,12-12-2024 20:29,Purchase,87,SUP038
INV0004914,PROD0115,WH001,12-12-2024 22:28,Sale,70,
INV0004915,PROD0133,WH003,13-12-2024 01:03,Purchase,92,SUP035
INV0004916,PROD0001,WH004,13-12-2024 01:45,Sale,7,
INV0004917,PROD0149,WH004,13-12-2024 05:21,Sale,26,
INV0004918,PROD0193,WH001,13-12-2024 08:38,Adjustment,39,
INV0004919,PROD0190,WH004,13-12-2024 10:14,Purchase,99,SUP039
INV0004920,PROD0011,WH003,13-12-2024 11:43,Sale,28,
INV0004921,PROD0139,WH002,13-12-2024 20:20,Sale,26,
INV0004922,PROD0096,WH001,13-12-2024 21:11,Sale,60,
INV0004923,PROD0013,WH003,13-12-2024 21:44,Sale,98,
INV0004924,PROD0158,WH001,14-12-2024 00:13,Purchase,99,SUP006
INV0004925,PROD0126,WH003,14-12-2024 00:29,Sale,80,
INV0004926,PROD0053,WH001,14-12-2024 00:39,Purchase,81,SUP029
INV0004927,PROD0102,WH003,14-12-2024 00:45,Sale,74,
INV0004928,PROD0071,WH004,14-12-2024 00:51,Purchase,41,SUP021
INV0004929,PROD0045,WH001,14-12-2024 02:50,Adjustment,24,
INV0004930,PROD0086,WH001,14-12-2024 05:29,Sale,64,
INV0004931,PROD0119,WH003,14-12-2024 07:23,Adjustment,31,
INV0004932,PROD0011,WH003,14-12-2024 07:33,Purchase,91,SUP039
INV0004933,PROD0135,WH003,14-12-2024 07:58,Purchase,16,SUP039
INV0004934,PROD0099,WH001,14-12-2024 12:00,Sale,85,
INV0004935,PROD0112,WH004,14-12-2024 15:47,Return,30,
INV0004936,PROD0029,WH002,14-12-2024 23:55,Sale,60,
INV0004937,PROD0031,WH004,15-12-2024 01:49,Purchase,92,SUP030
INV0004938,PROD0108,WH004,15-12-2024 01:54,Purchase,22,SUP018
INV0004939,PROD0128,WH003,15-12-2024 02:55,Sale,46,
INV0004940,PROD0127,WH004,15-12-2024 03:36,Sale,57,
INV0004941,PROD0005,WH001,15-12-2024 06:53,Sale,96,
INV0004942,PROD0095,WH002,15-12-2024 07:47,Purchase,4,SUP006
INV0004943,PROD0032,WH003,15-12-2024 10:45,Purchase,60,SUP008
INV0004944,PROD0110,WH002,15-12-2024 11:46,Sale,98,
INV0004945,PROD0160,WH004,15-12-2024 12:09,Purchase,2,SUP026
INV0004946,PROD0192,WH004,15-12-2024 16:35,Sale,37,
INV0004947,PROD0098,WH001,15-12-2024 23:39,Adjustment,34,
INV0004948,PROD0100,WH004,16-12-2024 02:22,Purchase,8,SUP028
INV0004949,PROD0119,WH004,16-12-2024 03:27,Purchase,35,SUP025
INV0004950,PROD0011,WH002,16-12-2024 04:46,Purchase,49,SUP022
INV0004951,PROD0068,WH001,16-12-2024 17:28,Purchase,43,SUP024
INV0004952,PROD0063,WH002,16-12-2024 19:51,Sale,56,
INV0004953,PROD0114,WH004,16-12-2024 20:47,Purchase,68,SUP018
INV0004954,PROD0032,WH001,16-12-2024 22:14,Purchase,44,SUP018
INV0004955,PROD0008,WH004,17-12-2024 01:53,Return,27,
INV0004956,PROD0069,WH001,17-12-2024 04:52,Purchase,92,SUP025
INV0004957,PROD0005,WH004,17-12-2024 09:42,Sale,41,
INV0004958,PROD0141,WH003,17-12-2024 13:54,Sale,95,
INV0004959,PROD0181,WH002,17-12-2024 14:09,Sale,100,
INV0004960,PROD0138,WH003,17-12-2024 21:01,Sale,64,
INV0004961,PROD0058,WH004,17-12-2024 23:26,Purchase,37,SUP023
INV0004962,PROD0142,WH002,18-12-2024 00:02,Purchase,98,SUP004
INV0004963,PROD0161,WH002,18-12-2024 00:55,Return,51,
INV0004964,PROD0179,WH003,18-12-2024 12:14,Purchase,36,SUP033
INV0004965,PROD0104,WH001,18-12-2024 15:10,Sale,52,
INV0004966,PROD0081,WH003,18-12-2024 18:55,Sale,72,
INV0004967,PROD0016,WH002,18-12-2024 20:44,Purchase,20,SUP015
INV0004968,PROD0092,WH002,19-12-2024 01:04,Purchase,20,SUP035
INV0004969,PROD0013,WH004,19-12-2024 05:18,Adjustment,50,
INV0004970,PROD0077,WH003,19-12-2024 07:58,Purchase,64,SUP015
INV0004971,PROD0013,WH001,19-12-2024 07:59,Sale,23,
INV0004972,PROD0076,WH004,19-12-2024 17:37,Purchase,9,SUP036
INV0004973,PROD0101,WH002,19-12-2024 21:21,Sale,11,
INV0004974,PROD0068,WH001,20-12-2024 02:47,Purchase,5,SUP011
INV0004975,PROD0067,WH003,20-12-2024 05:04,Adjustment,81,
INV0004976,PROD0148,WH002,20-12-2024 05:28,Purchase,61,SUP008
INV0004977,PROD0196,WH004,20-12-2024 11:42,Sale,72,
INV0004978,PROD0053,WH003,20-12-2024 14:13,Purchase,52,SUP037
INV0004979,PROD0022,WH001,20-12-2024 15:56,Sale,28,
INV0004980,PROD0008,WH004,21-12-2024 03:51,Sale,42,
INV0004981,PROD0080,WH001,21-12-2024 13:34,Sale,14,
INV0004982,PROD0100,WH002,21-12-2024 14:06,Return,38,
INV0004983,PROD0003,WH001,21-12-2024 17:56,Purchase,99,SUP017
INV0004984,PROD0100,WH001,21-12-2024 18:34,Sale,94,
INV0004985,PROD0123,WH003,21-12-2024 23:32,Return,92,
INV0004986,PROD0093,WH004,22-12-2024 01:06,Purchase,73,SUP007
INV0004987,PROD0019,WH003,22-12-2024 07:06,Purchase,37,SUP007
INV0004988,PROD0091,WH001,22-12-2024 11:01,Purchase,77,SUP009
INV0004989,PROD0137,WH002,22-12-2024 11:39,Purchase,65,SUP009
INV0004990,PROD0099,WH003,22-12-2024 14:00,Purchase,74,SUP015
INV0004991,PROD0144,WH003,22-12-2024 19:10,Purchase,29,SUP025
INV0004992,PROD0190,WH002,22-12-2024 21:19,Purchase,81,SUP004
INV0004993,PROD0198,WH002,23-12-2024 00:39,Purchase,38,SUP038
INV0004994,PROD0050,WH001,23-12-2024 01:06,Return,64,
INV0004995,PROD0045,WH001,23-12-2024 06:18,Sale,54,
INV0004996,PROD0037,WH001,23-12-2024 10:56,Purchase,28,SUP004
INV0004997,PROD0132,WH001,23-12-2024 18:06,Sale,27,
INV0004998,PROD0120,WH004,23-12-2024 19:16,Sale,47,
INV0004999,PROD0062,WH003,24-12-2024 02:11,Purchase,9,SUP033
INV0005000,PROD0032,WH004,24-12-2024 05:33,Sale,2,
INV0005001,PROD0061,WH004,24-12-2024 06:43,Adjustment,72,
INV0005002,PROD0031,WH001,24-12-2024 09:24,Purchase,90,SUP031
INV0005003,PROD0172,WH002,24-12-2024 14:54,Adjustment,20,
INV0005004,PROD0097,WH002,24-12-2024 19:05,Sale,3,
INV0005005,PROD0179,WH003,24-12-2024 22:08,Sale,31,
INV0005006,PROD0179,WH003,24-12-2024 22:43,Purchase,76,SUP004
INV0005007,PROD0054,WH004,25-12-2024 01:50,Purchase,96,SUP014
INV0005008,PROD0023,WH002,25-12-2024 12:38,Purchase,37,SUP011
INV0005009,PROD0120,WH003,25-12-2024 23:28,Adjustment,61,
INV0005010,PROD0028,WH001,26-12-2024 00:13,Sale,97,
INV0005011,PROD0149,WH001,26-12-2024 01:42,Adjustment,23,
INV0005012,PROD0136,WH002,26-12-2024 05:12,Sale,17,
INV0005013,PROD0068,WH002,26-12-2024 08:22,Return,29,
INV0005014,PROD0102,WH002,26-12-2024 10:04,Purchase,77,SUP022
INV0005015,PROD0031,WH001,26-12-2024 13:51,Return,23,
INV0005016,PROD0047,WH001,26-12-2024 19:37,Sale,5,
INV0005017,PROD0164,WH004,26-12-2024 21:06,Sale,87,
INV0005018,PROD0073,WH001,27-12-2024 02:56,Sale,80,
INV0005019,PROD0105,WH004,27-12-2024 06:13,Sale,81,
INV0005020,PROD0163,WH003,27-12-2024 07:52,Purchase,63,SUP036
INV0005021,PROD0056,WH001,27-12-2024 09:46,Purchase,55,SUP002
INV0005022,PROD0099,WH004,27-12-2024 11:47,Adjustment,22,
INV0005023,PROD0006,WH003,27-12-2024 14:26,Purchase,13,SUP025
INV0005024,PROD0023,WH003,28-12-2024 11:40,Purchase,63,SUP036
INV0005025,PROD0172,WH001,28-12-2024 17:45,Sale,74,
INV0005026,PROD0163,WH003,28-12-2024 18:16,Purchase,84,SUP010
INV0005027,PROD0089,WH001,28-12-2024 20:09,Sale,85,
INV0005028,PROD0084,WH002,29-12-2024 01:01,Sale,70,
INV0005029,PROD0111,WH001,29-12-2024 03:23,Adjustment,53,
INV0005030,PROD0104,WH004,29-12-2024 03:53,Sale,46,
INV0005031,PROD0027,WH001,29-12-2024 05:40,Sale,22,
INV0005032,PROD0034,WH003,29-12-2024 06:13,Sale,29,
INV0005033,PROD0017,WH003,29-12-2024 07:25,Purchase,70,SUP011
INV0005034,PROD0120,WH002,29-12-2024 08:09,Purchase,61,SUP031
INV0005035,PROD0072,WH002,29-12-2024 08:11,Sale,33,
INV0005036,PROD0120,WH002,29-12-2024 12:53,Sale,37,
INV0005037,PROD0046,WH003,29-12-2024 15:34,Purchase,92,SUP038
INV0005038,PROD0073,WH003,29-12-2024 15:49,Sale,41,
INV0005039,PROD0007,WH004,29-12-2024 15:55,Purchase,84,SUP004
INV0005040,PROD0081,WH001,29-12-2024 23:50,Sale,44,
INV0005041,PROD0036,WH004,30-12-2024 00:53,Sale,41,
INV0005042,PROD0191,WH002,30-12-2024 04:54,Sale,60,
INV0005043,PROD0131,WH001,30-12-2024 04:57,Sale,5,
INV0005044,PROD0108,WH004,30-12-2024 12:21,Purchase,34,SUP040
INV0005045,PROD0051,WH002,30-12-2024 18:19,Sale,95,
INV0005046,PROD0061,WH003,30-12-2024 20:57,Sale,81,
INV0005047,PROD0194,WH004,31-12-2024 04:52,Purchase,96,SUP038
INV0005048,PROD0040,WH003,31-12-2024 08:29,Purchase,84,SUP012
INV0005049,PROD0181,WH004,31-12-2024 10:58,Sale,49,
INV0005050,PROD0177,WH002,31-12-2024 16:12,Sale,91,
INV0005051,PROD0070,WH003,31-12-2024 17:29,Sale,1,
INV0005052,PROD0037,WH001,01-01-2025 03:27,Purchase,25,SUP029
INV0005053,PROD0159,WH002,01-01-2025 14:50,Sale,73,
INV0005054,PROD0180,WH001,01-01-2025 15:24,Sale,19,
INV0005055,PROD0036,WH002,01-01-2025 22:44,Adjustment,29,
INV0005056,PROD0184,WH001,01-01-2025 22:58,Sale,23,
INV0005057,PROD0094,WH002,02-01-2025 05:44,Sale,75,
INV0005058,PROD0153,WH001,02-01-2025 11:38,Sale,79,
INV0005059,PROD0086,WH002,02-01-2025 11:46,Purchase,3,SUP021
INV0005060,PROD0141,WH001,02-01-2025 16:17,Purchase,21,SUP033
INV0005061,PROD0175,WH002,02-01-2025 16:52,Sale,62,
INV0005062,PROD0042,WH004,02-01-2025 19:00,Sale,91,
INV0005063,PROD0082,WH003,02-01-2025 23:26,Purchase,94,SUP040
INV0005064,PROD0110,WH001,03-01-2025 01:49,Sale,81,
INV0005065,PROD0033,WH003,03-01-2025 05:30,Sale,52,
INV0005066,PROD0026,WH004,03-01-2025 12:13,Purchase,6,SUP036
INV0005067,PROD0140,WH003,03-01-2025 17:04,Sale,95,
INV0005068,PROD0165,WH002,03-01-2025 20:32,Sale,76,
INV0005069,PROD0129,WH004,03-01-2025 21:08,Purchase,73,SUP037
INV0005070,PROD0117,WH004,03-01-2025 23:08,Adjustment,86,
INV0005071,PROD0065,WH004,04-01-2025 02:04,Purchase,60,SUP016
INV0005072,PROD0176,WH002,04-01-2025 02:14,Purchase,74,SUP005
INV0005073,PROD0149,WH002,04-01-2025 03:28,Sale,85,
INV0005074,PROD0098,WH002,04-01-2025 05:24,Purchase,82,SUP039
INV0005075,PROD0129,WH004,04-01-2025 11:54,Purchase,93,SUP002
INV0005076,PROD0158,WH004,04-01-2025 12:49,Sale,20,
INV0005077,PROD0031,WH001,04-01-2025 13:49,Purchase,86,SUP033
INV0005078,PROD0114,WH002,04-01-2025 15:39,Adjustment,50,
INV0005079,PROD0041,WH002,04-01-2025 18:14,Sale,92,
INV0005080,PROD0073,WH004,04-01-2025 23:05,Return,98,
INV0005081,PROD0133,WH001,05-01-2025 13:38,Sale,7,
INV0005082,PROD0161,WH002,05-01-2025 16:36,Sale,88,
INV0005083,PROD0121,WH004,05-01-2025 17:52,Sale,22,
INV0005084,PROD0183,WH003,05-01-2025 20:24,Sale,91,
INV0005085,PROD0007,WH002,05-01-2025 21:51,Sale,27,
INV0005086,PROD0043,WH004,06-01-2025 00:03,Purchase,69,SUP015
INV0005087,PROD0052,WH001,06-01-2025 00:49,Purchase,97,SUP039
INV0005088,PROD0146,WH002,06-01-2025 02:28,Sale,10,
INV0005089,PROD0019,WH004,06-01-2025 05:21,Purchase,92,SUP004
INV0005090,PROD0041,WH002,06-01-2025 09:12,Adjustment,82,
INV0005091,PROD0195,WH004,06-01-2025 11:15,Purchase,82,SUP025
INV0005092,PROD0080,WH004,06-01-2025 12:18,Sale,92,
INV0005093,PROD0097,WH004,06-01-2025 18:08,Sale,80,
INV0005094,PROD0185,WH002,06-01-2025 22:28,Purchase,28,SUP018
INV0005095,PROD0102,WH002,07-01-2025 12:46,Sale,45,
INV0005096,PROD0044,WH003,07-01-2025 18:15,Adjustment,57,
INV0005097,PROD0030,WH004,07-01-2025 22:16,Adjustment,10,
INV0005098,PROD0063,WH003,08-01-2025 00:46,Purchase,85,SUP020
INV0005099,PROD0094,WH002,08-01-2025 01:27,Purchase,67,SUP018
INV0005100,PROD0124,WH004,08-01-2025 01:48,Purchase,94,SUP009
INV0005101,PROD0193,WH001,08-01-2025 03:12,Purchase,53,SUP003
INV0005102,PROD0090,WH001,08-01-2025 03:45,Purchase,2,SUP005
INV0005103,PROD0173,WH001,08-01-2025 09:28,Sale,41,
INV0005104,PROD0003,WH001,08-01-2025 09:49,Purchase,22,SUP025
INV0005105,PROD0097,WH001,08-01-2025 14:28,Purchase,37,SUP039
INV0005106,PROD0078,WH002,08-01-2025 16:42,Adjustment,58,
INV0005107,PROD0177,WH003,08-01-2025 17:30,Sale,17,
INV0005108,PROD0190,WH004,08-01-2025 18:15,Purchase,62,SUP025
INV0005109,PROD0085,WH003,08-01-2025 19:55,Purchase,41,SUP012
INV0005110,PROD0190,WH003,09-01-2025 07:19,Sale,81,
INV0005111,PROD0123,WH003,09-01-2025 10:56,Sale,93,
INV0005112,PROD0087,WH004,09-01-2025 11:44,Purchase,36,SUP037
INV0005113,PROD0077,WH003,09-01-2025 13:28,Sale,20,
INV0005114,PROD0003,WH004,09-01-2025 20:10,Sale,3,
INV0005115,PROD0137,WH003,10-01-2025 21:29,Sale,60,
INV0005116,PROD0075,WH001,10-01-2025 23:34,Sale,44,
INV0005117,PROD0141,WH004,11-01-2025 02:49,Sale,63,
INV0005118,PROD0077,WH003,11-01-2025 07:04,Purchase,27,SUP004
INV0005119,PROD0021,WH002,11-01-2025 07:18,Purchase,39,SUP007
INV0005120,PROD0181,WH004,11-01-2025 14:20,Sale,94,
INV0005121,PROD0180,WH002,11-01-2025 19:15,Sale,27,
INV0005122,PROD0064,WH001,11-01-2025 20:18,Sale,56,
INV0005123,PROD0051,WH004,11-01-2025 22:43,Purchase,16,SUP038
INV0005124,PROD0120,WH002,11-01-2025 23:46,Sale,9,
INV0005125,PROD0153,WH002,12-01-2025 07:40,Sale,42,
INV0005126,PROD0098,WH002,12-01-2025 08:41,Purchase,10,SUP018
INV0005127,PROD0189,WH001,12-01-2025 10:24,Purchase,51,SUP027
INV0005128,PROD0102,WH004,12-01-2025 10:44,Sale,14,
INV0005129,PROD0059,WH002,12-01-2025 11:03,Sale,4,
INV0005130,PROD0141,WH002,12-01-2025 14:26,Return,63,
INV0005131,PROD0196,WH003,12-01-2025 22:10,Purchase,93,SUP031
INV0005132,PROD0134,WH002,12-01-2025 22:16,Sale,99,
INV0005133,PROD0155,WH001,12-01-2025 22:37,Purchase,1,SUP006
INV0005134,PROD0199,WH002,13-01-2025 00:09,Sale,62,
INV0005135,PROD0147,WH001,13-01-2025 00:14,Purchase,5,SUP025
INV0005136,PROD0172,WH002,13-01-2025 00:15,Sale,64,
INV0005137,PROD0022,WH002,13-01-2025 07:05,Purchase,67,SUP025
INV0005138,PROD0035,WH001,13-01-2025 08:53,Purchase,14,SUP009
INV0005139,PROD0093,WH002,13-01-2025 16:27,Sale,79,
INV0005140,PROD0156,WH001,13-01-2025 18:40,Sale,89,
INV0005141,PROD0095,WH004,13-01-2025 18:44,Purchase,46,SUP040
INV0005142,PROD0168,WH002,14-01-2025 06:29,Sale,53,
INV0005143,PROD0180,WH003,14-01-2025 08:57,Sale,33,
INV0005144,PROD0063,WH001,14-01-2025 11:01,Sale,97,
INV0005145,PROD0099,WH004,14-01-2025 15:16,Return,72,
INV0005146,PROD0151,WH001,14-01-2025 17:12,Purchase,46,SUP028
INV0005147,PROD0078,WH002,15-01-2025 05:58,Sale,88,
INV0005148,PROD0011,WH003,15-01-2025 06:39,Purchase,83,SUP008
INV0005149,PROD0085,WH003,15-01-2025 11:30,Purchase,32,SUP019
INV0005150,PROD0147,WH003,15-01-2025 17:37,Sale,100,
INV0005151,PROD0193,WH003,15-01-2025 19:00,Sale,62,
INV0005152,PROD0044,WH002,15-01-2025 19:59,Return,5,
INV0005153,PROD0123,WH001,15-01-2025 21:26,Purchase,90,SUP039
INV0005154,PROD0121,WH004,15-01-2025 22:45,Purchase,30,SUP016
INV0005155,PROD0100,WH001,15-01-2025 23:11,Sale,67,
INV0005156,PROD0175,WH001,16-01-2025 02:54,Sale,81,
INV0005157,PROD0153,WH002,16-01-2025 05:42,Sale,9,
INV0005158,PROD0011,WH002,16-01-2025 08:41,Sale,83,
INV0005159,PROD0057,WH001,16-01-2025 12:17,Sale,17,
INV0005160,PROD0006,WH003,16-01-2025 12:36,Sale,19,
INV0005161,PROD0172,WH003,16-01-2025 12:50,Sale,81,
INV0005162,PROD0104,WH001,16-01-2025 16:42,Sale,52,
INV0005163,PROD0125,WH004,17-01-2025 01:16,Adjustment,48,
INV0005164,PROD0043,WH002,17-01-2025 07:15,Purchase,55,SUP003
INV0005165,PROD0053,WH002,17-01-2025 11:39,Sale,24,
INV0005166,PROD0053,WH002,17-01-2025 13:57,Sale,100,
INV0005167,PROD0020,WH001,17-01-2025 16:11,Purchase,9,SUP038
INV0005168,PROD0081,WH004,17-01-2025 17:07,Adjustment,19,
INV0005169,PROD0101,WH001,17-01-2025 17:21,Sale,8,
INV0005170,PROD0147,WH004,17-01-2025 19:14,Purchase,4,SUP008
INV0005171,PROD0153,WH003,17-01-2025 20:33,Adjustment,52,
INV0005172,PROD0074,WH001,18-01-2025 03:19,Purchase,12,SUP003
INV0005173,PROD0066,WH002,18-01-2025 04:57,Purchase,74,SUP005
INV0005174,PROD0002,WH004,18-01-2025 05:13,Purchase,98,SUP021
INV0005175,PROD0193,WH004,18-01-2025 05:13,Purchase,42,SUP024
INV0005176,PROD0037,WH002,18-01-2025 05:34,Purchase,17,SUP031
INV0005177,PROD0108,WH004,18-01-2025 05:46,Adjustment,40,
INV0005178,PROD0118,WH003,18-01-2025 23:30,Return,41,
INV0005179,PROD0171,WH004,19-01-2025 00:12,Sale,1,
INV0005180,PROD0025,WH002,19-01-2025 05:22,Sale,71,
INV0005181,PROD0025,WH003,19-01-2025 06:50,Sale,37,
INV0005182,PROD0200,WH003,19-01-2025 07:28,Sale,76,
INV0005183,PROD0110,WH004,19-01-2025 08:20,Adjustment,19,
INV0005184,PROD0037,WH002,19-01-2025 09:56,Purchase,3,SUP038
INV0005185,PROD0196,WH004,19-01-2025 16:51,Purchase,40,SUP004
INV0005186,PROD0141,WH001,20-01-2025 07:18,Sale,50,
INV0005187,PROD0087,WH002,20-01-2025 09:08,Return,5,
INV0005188,PROD0042,WH001,20-01-2025 15:38,Sale,55,
INV0005189,PROD0156,WH003,21-01-2025 02:58,Purchase,56,SUP040
INV0005190,PROD0155,WH002,21-01-2025 07:25,Purchase,99,SUP013
INV0005191,PROD0142,WH003,21-01-2025 09:32,Sale,58,
INV0005192,PROD0152,WH002,21-01-2025 12:51,Sale,16,
INV0005193,PROD0069,WH003,22-01-2025 00:01,Purchase,85,SUP021
INV0005194,PROD0166,WH003,22-01-2025 00:12,Sale,95,
INV0005195,PROD0167,WH002,22-01-2025 11:37,Sale,17,
INV0005196,PROD0019,WH004,22-01-2025 18:27,Sale,35,
INV0005197,PROD0089,WH001,22-01-2025 23:58,Purchase,61,SUP010
INV0005198,PROD0169,WH003,23-01-2025 07:40,Sale,5,
INV0005199,PROD0077,WH004,23-01-2025 09:38,Sale,85,
INV0005200,PROD0069,WH003,23-01-2025 12:13,Adjustment,73,
INV0005201,PROD0133,WH001,23-01-2025 12:32,Purchase,92,SUP003
INV0005202,PROD0020,WH003,23-01-2025 15:09,Sale,76,
INV0005203,PROD0043,WH002,23-01-2025 15:54,Sale,18,
INV0005204,PROD0039,WH002,23-01-2025 17:18,Purchase,72,SUP030
INV0005205,PROD0182,WH004,23-01-2025 20:11,Sale,63,
INV0005206,PROD0048,WH002,23-01-2025 20:51,Sale,28,
INV0005207,PROD0014,WH004,24-01-2025 03:59,Purchase,16,SUP019
INV0005208,PROD0105,WH003,24-01-2025 04:50,Sale,91,
INV0005209,PROD0180,WH004,24-01-2025 08:58,Sale,20,
INV0005210,PROD0014,WH003,24-01-2025 09:07,Sale,15,
INV0005211,PROD0109,WH004,24-01-2025 17:46,Purchase,72,SUP030
INV0005212,PROD0196,WH002,25-01-2025 01:24,Return,78,
INV0005213,PROD0134,WH001,25-01-2025 01:24,Adjustment,84,
INV0005214,PROD0117,WH004,25-01-2025 03:27,Adjustment,52,
INV0005215,PROD0192,WH003,25-01-2025 14:30,Sale,37,
INV0005216,PROD0013,WH004,26-01-2025 00:03,Purchase,71,SUP021
INV0005217,PROD0193,WH001,26-01-2025 03:44,Sale,80,
INV0005218,PROD0037,WH004,26-01-2025 04:39,Return,17,
INV0005219,PROD0171,WH002,26-01-2025 06:50,Adjustment,69,
INV0005220,PROD0151,WH001,26-01-2025 10:04,Sale,21,
INV0005221,PROD0153,WH003,26-01-2025 11:52,Purchase,37,SUP007
INV0005222,PROD0081,WH003,26-01-2025 12:22,Sale,92,
INV0005223,PROD0114,WH004,26-01-2025 19:32,Sale,28,
INV0005224,PROD0108,WH003,26-01-2025 21:46,Sale,74,
INV0005225,PROD0046,WH004,26-01-2025 23:55,Adjustment,73,
INV0005226,PROD0195,WH004,27-01-2025 01:01,Purchase,22,SUP011
INV0005227,PROD0089,WH003,27-01-2025 02:48,Purchase,85,SUP024
INV0005228,PROD0149,WH003,27-01-2025 09:17,Return,70,
INV0005229,PROD0116,WH002,27-01-2025 13:28,Sale,10,
INV0005230,PROD0014,WH004,27-01-2025 14:06,Purchase,83,SUP032
INV0005231,PROD0049,WH002,27-01-2025 15:01,Purchase,48,SUP010
INV0005232,PROD0197,WH004,27-01-2025 15:46,Purchase,54,SUP031
INV0005233,PROD0121,WH003,27-01-2025 18:06,Purchase,28,SUP031
INV0005234,PROD0071,WH004,28-01-2025 08:52,Purchase,19,SUP013
INV0005235,PROD0113,WH001,28-01-2025 09:21,Adjustment,12,
INV0005236,PROD0107,WH002,28-01-2025 10:08,Sale,2,
INV0005237,PROD0144,WH002,28-01-2025 11:20,Sale,19,
INV0005238,PROD0187,WH003,28-01-2025 12:11,Sale,24,
INV0005239,PROD0127,WH001,28-01-2025 20:34,Adjustment,82,
INV0005240,PROD0031,WH002,29-01-2025 04:09,Sale,17,
INV0005241,PROD0173,WH001,29-01-2025 05:28,Sale,69,
INV0005242,PROD0028,WH002,29-01-2025 09:51,Sale,66,
INV0005243,PROD0084,WH004,29-01-2025 14:13,Sale,97,
INV0005244,PROD0046,WH004,29-01-2025 23:11,Purchase,96,SUP007
INV0005245,PROD0116,WH002,30-01-2025 04:49,Purchase,34,SUP011
INV0005246,PROD0189,WH003,30-01-2025 05:49,Purchase,26,SUP016
INV0005247,PROD0122,WH002,30-01-2025 07:22,Purchase,92,SUP027
INV0005248,PROD0003,WH002,30-01-2025 09:02,Purchase,32,SUP016
INV0005249,PROD0070,WH003,30-01-2025 10:07,Sale,9,
INV0005250,PROD0048,WH002,30-01-2025 10:11,Purchase,100,SUP035
INV0005251,PROD0133,WH003,30-01-2025 10:24,Sale,88,
INV0005252,PROD0077,WH001,30-01-2025 12:23,Sale,86,
INV0005253,PROD0067,WH004,30-01-2025 15:41,Purchase,6,SUP029
INV0005254,PROD0189,WH004,30-01-2025 22:22,Sale,24,
INV0005255,PROD0156,WH004,31-01-2025 05:26,Sale,18,
INV0005256,PROD0109,WH002,31-01-2025 12:40,Sale,45,
INV0005257,PROD0182,WH002,31-01-2025 18:51,Sale,81,
INV0005258,PROD0141,WH003,01-02-2025 00:01,Purchase,77,SUP027
INV0005259,PROD0051,WH002,01-02-2025 03:14,Sale,94,
INV0005260,PROD0072,WH002,01-02-2025 09:12,Sale,51,
INV0005261,PROD0118,WH001,01-02-2025 10:20,Sale,60,
INV0005262,PROD0071,WH002,01-02-2025 15:51,Sale,84,
INV0005263,PROD0173,WH004,01-02-2025 22:24,Purchase,87,SUP018
INV0005264,PROD0081,WH003,02-02-2025 00:34,Sale,93,
INV0005265,PROD0117,WH001,02-02-2025 01:29,Return,13,
INV0005266,PROD0013,WH001,02-02-2025 02:17,Purchase,5,SUP019
INV0005267,PROD0085,WH004,02-02-2025 04:35,Adjustment,87,
INV0005268,PROD0061,WH002,02-02-2025 08:19,Purchase,72,SUP018
INV0005269,PROD0139,WH004,02-02-2025 09:29,Purchase,29,SUP015
INV0005270,PROD0177,WH003,02-02-2025 12:22,Sale,91,
INV0005271,PROD0081,WH004,02-02-2025 12:56,Sale,94,
INV0005272,PROD0006,WH004,02-02-2025 13:36,Adjustment,93,
INV0005273,PROD0096,WH003,02-02-2025 13:40,Sale,43,
INV0005274,PROD0087,WH004,02-02-2025 15:47,Sale,71,
INV0005275,PROD0199,WH003,02-02-2025 23:09,Purchase,79,SUP024
INV0005276,PROD0033,WH004,03-02-2025 00:08,Sale,15,
INV0005277,PROD0076,WH003,03-02-2025 01:03,Sale,70,
INV0005278,PROD0010,WH001,03-02-2025 07:09,Purchase,27,SUP029
INV0005279,PROD0182,WH001,03-02-2025 08:47,Sale,2,
INV0005280,PROD0156,WH002,03-02-2025 09:23,Adjustment,91,
INV0005281,PROD0149,WH001,03-02-2025 14:29,Purchase,22,SUP034
INV0005282,PROD0123,WH001,03-02-2025 19:11,Sale,47,
INV0005283,PROD0085,WH004,04-02-2025 02:10,Sale,57,
INV0005284,PROD0157,WH001,04-02-2025 09:43,Return,71,
INV0005285,PROD0181,WH003,04-02-2025 11:31,Purchase,23,SUP024
INV0005286,PROD0035,WH004,04-02-2025 12:32,Sale,38,
INV0005287,PROD0031,WH004,04-02-2025 14:38,Sale,79,
INV0005288,PROD0128,WH002,05-02-2025 00:34,Sale,79,
INV0005289,PROD0191,WH002,05-02-2025 00:41,Sale,83,
INV0005290,PROD0130,WH003,05-02-2025 01:36,Sale,54,
INV0005291,PROD0142,WH002,05-02-2025 04:44,Sale,3,
INV0005292,PROD0066,WH001,05-02-2025 11:20,Purchase,90,SUP006
INV0005293,PROD0110,WH003,05-02-2025 15:18,Sale,61,
INV0005294,PROD0029,WH002,05-02-2025 21:19,Sale,40,
INV0005295,PROD0090,WH001,05-02-2025 22:01,Purchase,100,SUP035
INV0005296,PROD0177,WH003,05-02-2025 22:04,Purchase,92,SUP014
INV0005297,PROD0186,WH003,06-02-2025 01:40,Purchase,54,SUP030
INV0005298,PROD0119,WH004,06-02-2025 02:45,Purchase,67,SUP024
INV0005299,PROD0162,WH001,06-02-2025 04:28,Sale,85,
INV0005300,PROD0091,WH004,06-02-2025 08:33,Sale,9,
INV0005301,PROD0110,WH003,06-02-2025 12:09,Sale,12,
INV0005302,PROD0072,WH001,06-02-2025 19:41,Purchase,15,SUP037
INV0005303,PROD0164,WH001,06-02-2025 23:58,Sale,73,
INV0005304,PROD0011,WH001,07-02-2025 10:23,Sale,66,
INV0005305,PROD0112,WH002,07-02-2025 11:13,Purchase,21,SUP038
INV0005306,PROD0062,WH003,07-02-2025 21:03,Sale,63,
INV0005307,PROD0146,WH003,07-02-2025 21:05,Sale,29,
INV0005308,PROD0106,WH001,08-02-2025 07:12,Sale,67,
INV0005309,PROD0128,WH003,08-02-2025 12:35,Sale,50,
INV0005310,PROD0145,WH002,08-02-2025 17:41,Purchase,48,SUP038
INV0005311,PROD0039,WH004,08-02-2025 19:28,Purchase,94,SUP033
INV0005312,PROD0156,WH004,09-02-2025 08:10,Sale,78,
INV0005313,PROD0044,WH003,09-02-2025 15:41,Sale,69,
INV0005314,PROD0127,WH003,09-02-2025 22:51,Sale,81,
INV0005315,PROD0145,WH003,10-02-2025 08:05,Purchase,93,SUP029
INV0005316,PROD0023,WH003,10-02-2025 09:31,Adjustment,41,
INV0005317,PROD0057,WH003,10-02-2025 14:14,Sale,74,
INV0005318,PROD0042,WH004,10-02-2025 14:18,Sale,60,
INV0005319,PROD0179,WH003,11-02-2025 01:40,Purchase,76,SUP036
INV0005320,PROD0066,WH004,11-02-2025 02:39,Sale,87,
INV0005321,PROD0107,WH004,11-02-2025 04:09,Sale,86,
INV0005322,PROD0083,WH001,11-02-2025 04:19,Return,54,
INV0005323,PROD0028,WH001,11-02-2025 05:22,Sale,33,
INV0005324,PROD0037,WH004,11-02-2025 16:56,Sale,27,
INV0005325,PROD0154,WH003,12-02-2025 01:43,Sale,80,
INV0005326,PROD0076,WH001,12-02-2025 10:48,Purchase,57,SUP017
INV0005327,PROD0150,WH001,12-02-2025 21:17,Adjustment,85,
INV0005328,PROD0163,WH002,12-02-2025 21:58,Purchase,47,SUP023
INV0005329,PROD0131,WH001,12-02-2025 22:43,Purchase,75,SUP036
INV0005330,PROD0035,WH003,12-02-2025 22:59,Sale,28,
INV0005331,PROD0182,WH003,12-02-2025 23:09,Sale,69,
INV0005332,PROD0121,WH002,13-02-2025 02:25,Purchase,16,SUP008
INV0005333,PROD0150,WH003,13-02-2025 03:15,Sale,19,
INV0005334,PROD0186,WH003,13-02-2025 07:49,Adjustment,85,
INV0005335,PROD0155,WH004,13-02-2025 08:26,Sale,96,
INV0005336,PROD0095,WH004,13-02-2025 12:01,Adjustment,44,
INV0005337,PROD0101,WH002,13-02-2025 22:13,Purchase,29,SUP020
INV0005338,PROD0006,WH002,14-02-2025 02:56,Sale,88,
INV0005339,PROD0153,WH001,14-02-2025 07:44,Return,42,
INV0005340,PROD0046,WH002,14-02-2025 09:38,Sale,69,
INV0005341,PROD0086,WH003,14-02-2025 12:02,Sale,7,
INV0005342,PROD0099,WH004,14-02-2025 21:10,Sale,82,
INV0005343,PROD0090,WH003,14-02-2025 22:17,Purchase,3,SUP017
INV0005344,PROD0191,WH001,15-02-2025 01:46,Return,76,
INV0005345,PROD0121,WH002,15-02-2025 07:56,Purchase,17,SUP010
INV0005346,PROD0168,WH002,15-02-2025 10:41,Purchase,92,SUP022
INV0005347,PROD0152,WH002,15-02-2025 12:14,Purchase,63,SUP010
INV0005348,PROD0133,WH004,15-02-2025 13:41,Sale,52,
INV0005349,PROD0019,WH003,15-02-2025 18:20,Sale,30,
INV0005350,PROD0031,WH004,15-02-2025 21:05,Sale,24,
INV0005351,PROD0097,WH001,15-02-2025 22:44,Purchase,88,SUP020
INV0005352,PROD0168,WH001,16-02-2025 09:08,Sale,38,
INV0005353,PROD0003,WH003,16-02-2025 17:51,Sale,3,
INV0005354,PROD0167,WH002,16-02-2025 18:20,Purchase,9,SUP018
INV0005355,PROD0101,WH003,16-02-2025 18:21,Sale,20,
INV0005356,PROD0110,WH002,17-02-2025 00:08,Purchase,93,SUP014
INV0005357,PROD0087,WH001,17-02-2025 03:42,Sale,9,
INV0005358,PROD0096,WH002,17-02-2025 07:02,Sale,72,
INV0005359,PROD0013,WH003,17-02-2025 23:39,Sale,11,
INV0005360,PROD0089,WH003,18-02-2025 02:50,Adjustment,4,
INV0005361,PROD0071,WH002,18-02-2025 20:05,Sale,24,
INV0005362,PROD0084,WH002,18-02-2025 21:11,Return,9,
INV0005363,PROD0057,WH004,19-02-2025 02:01,Purchase,87,SUP039
INV0005364,PROD0116,WH003,19-02-2025 05:55,Purchase,93,SUP040
INV0005365,PROD0179,WH002,19-02-2025 14:01,Purchase,86,SUP020
INV0005366,PROD0018,WH002,19-02-2025 18:10,Sale,55,
INV0005367,PROD0088,WH001,19-02-2025 22:01,Sale,33,
INV0005368,PROD0051,WH004,20-02-2025 00:14,Purchase,99,SUP029
INV0005369,PROD0018,WH003,20-02-2025 01:30,Adjustment,8,
INV0005370,PROD0153,WH001,20-02-2025 01:32,Purchase,33,SUP035
INV0005371,PROD0081,WH002,20-02-2025 06:41,Sale,69,
INV0005372,PROD0106,WH004,20-02-2025 12:01,Return,32,
INV0005373,PROD0129,WH004,20-02-2025 12:58,Sale,70,
INV0005374,PROD0040,WH003,20-02-2025 19:35,Return,88,
INV0005375,PROD0184,WH001,21-02-2025 00:11,Sale,93,
INV0005376,PROD0180,WH004,21-02-2025 01:51,Purchase,12,SUP032
INV0005377,PROD0175,WH001,21-02-2025 02:15,Sale,92,
INV0005378,PROD0056,WH003,21-02-2025 04:42,Sale,98,
INV0005379,PROD0088,WH004,21-02-2025 14:52,Return,26,
INV0005380,PROD0055,WH001,21-02-2025 23:25,Adjustment,3,
INV0005381,PROD0127,WH004,22-02-2025 01:14,Purchase,89,SUP008
INV0005382,PROD0059,WH001,22-02-2025 04:12,Sale,92,
INV0005383,PROD0194,WH001,22-02-2025 08:54,Return,54,
INV0005384,PROD0050,WH003,22-02-2025 22:58,Purchase,29,SUP019
INV0005385,PROD0030,WH002,23-02-2025 04:55,Sale,92,
INV0005386,PROD0098,WH001,23-02-2025 09:21,Sale,79,
INV0005387,PROD0177,WH004,23-02-2025 17:48,Sale,68,
INV0005388,PROD0006,WH002,24-02-2025 02:51,Purchase,49,SUP013
INV0005389,PROD0170,WH002,24-02-2025 11:23,Purchase,47,SUP017
INV0005390,PROD0163,WH004,24-02-2025 15:07,Sale,92,
INV0005391,PROD0183,WH004,24-02-2025 15:39,Adjustment,58,
INV0005392,PROD0111,WH003,24-02-2025 18:01,Purchase,37,SUP039
INV0005393,PROD0194,WH003,25-02-2025 02:07,Sale,24,
INV0005394,PROD0081,WH002,25-02-2025 02:33,Purchase,55,SUP012
INV0005395,PROD0033,WH004,25-02-2025 02:34,Sale,57,
INV0005396,PROD0004,WH003,25-02-2025 05:18,Sale,77,
INV0005397,PROD0113,WH003,25-02-2025 08:51,Sale,28,
INV0005398,PROD0012,WH004,25-02-2025 09:04,Sale,83,
INV0005399,PROD0034,WH004,25-02-2025 11:57,Sale,45,
INV0005400,PROD0193,WH004,25-02-2025 14:02,Sale,66,
INV0005401,PROD0055,WH002,25-02-2025 14:03,Sale,30,
INV0005402,PROD0034,WH004,25-02-2025 15:40,Sale,50,
INV0005403,PROD0159,WH004,25-02-2025 17:11,Purchase,45,SUP018
INV0005404,PROD0063,WH003,25-02-2025 22:09,Purchase,72,SUP018
INV0005405,PROD0176,WH002,25-02-2025 22:40,Sale,86,
INV0005406,PROD0057,WH001,26-02-2025 04:48,Sale,50,
INV0005407,PROD0092,WH001,26-02-2025 05:21,Purchase,57,SUP001
INV0005408,PROD0007,WH002,26-02-2025 07:10,Purchase,71,SUP002
INV0005409,PROD0150,WH004,26-02-2025 08:36,Sale,5,
INV0005410,PROD0182,WH001,26-02-2025 10:20,Adjustment,59,
INV0005411,PROD0041,WH001,26-02-2025 11:58,Purchase,70,SUP031
INV0005412,PROD0133,WH002,26-02-2025 14:20,Purchase,28,SUP015
INV0005413,PROD0091,WH001,26-02-2025 18:57,Return,67,
INV0005414,PROD0174,WH003,26-02-2025 21:13,Sale,9,
INV0005415,PROD0001,WH003,26-02-2025 23:05,Return,9,
INV0005416,PROD0193,WH001,26-02-2025 23:54,Purchase,21,SUP028
INV0005417,PROD0156,WH004,27-02-2025 04:43,Adjustment,32,
INV0005418,PROD0102,WH001,27-02-2025 05:22,Adjustment,77,
INV0005419,PROD0054,WH003,27-02-2025 06:54,Purchase,26,SUP003
INV0005420,PROD0056,WH001,27-02-2025 07:02,Purchase,55,SUP022
INV0005421,PROD0007,WH001,27-02-2025 12:17,Sale,47,
INV0005422,PROD0015,WH003,27-02-2025 14:18,Purchase,11,SUP023
INV0005423,PROD0071,WH001,27-02-2025 14:49,Sale,39,
INV0005424,PROD0126,WH003,27-02-2025 19:11,Purchase,72,SUP032
INV0005425,PROD0072,WH002,27-02-2025 19:47,Purchase,83,SUP013
INV0005426,PROD0017,WH004,28-02-2025 02:45,Sale,56,
INV0005427,PROD0144,WH003,28-02-2025 06:13,Sale,40,
INV0005428,PROD0023,WH002,28-02-2025 08:18,Purchase,29,SUP023
INV0005429,PROD0074,WH001,28-02-2025 08:28,Purchase,12,SUP029
INV0005430,PROD0196,WH004,28-02-2025 17:43,Sale,4,
INV0005431,PROD0061,WH004,28-02-2025 20:28,Purchase,29,SUP004
INV0005432,PROD0072,WH002,28-02-2025 20:44,Sale,67,
INV0005433,PROD0002,WH004,01-03-2025 06:39,Sale,14,
INV0005434,PROD0007,WH002,01-03-2025 09:59,Sale,47,
INV0005435,PROD0157,WH004,01-03-2025 19:30,Sale,33,
INV0005436,PROD0049,WH001,01-03-2025 19:49,Purchase,35,SUP034
INV0005437,PROD0015,WH002,02-03-2025 00:11,Purchase,86,SUP011
INV0005438,PROD0181,WH003,02-03-2025 05:43,Purchase,33,SUP017
INV0005439,PROD0069,WH003,02-03-2025 08:41,Adjustment,54,
INV0005440,PROD0022,WH003,02-03-2025 17:57,Purchase,52,SUP035
INV0005441,PROD0050,WH003,02-03-2025 21:06,Sale,36,
INV0005442,PROD0030,WH001,02-03-2025 21:25,Purchase,65,SUP020
INV0005443,PROD0192,WH003,02-03-2025 22:38,Sale,90,
INV0005444,PROD0159,WH001,03-03-2025 02:59,Purchase,44,SUP008
INV0005445,PROD0122,WH004,03-03-2025 03:31,Sale,46,
INV0005446,PROD0145,WH002,03-03-2025 21:26,Purchase,86,SUP016
INV0005447,PROD0006,WH004,03-03-2025 21:50,Sale,74,
INV0005448,PROD0088,WH002,03-03-2025 22:28,Adjustment,46,
INV0005449,PROD0136,WH002,04-03-2025 01:15,Purchase,21,SUP037
INV0005450,PROD0151,WH003,04-03-2025 01:30,Purchase,75,SUP002
INV0005451,PROD0177,WH001,04-03-2025 07:09,Purchase,37,SUP024
INV0005452,PROD0161,WH003,04-03-2025 08:40,Purchase,64,SUP017
INV0005453,PROD0134,WH003,04-03-2025 08:44,Return,51,
INV0005454,PROD0034,WH002,04-03-2025 15:35,Adjustment,56,
INV0005455,PROD0105,WH001,04-03-2025 20:13,Purchase,52,SUP011
INV0005456,PROD0106,WH004,05-03-2025 08:34,Sale,68,
INV0005457,PROD0066,WH003,05-03-2025 09:29,Sale,81,
INV0005458,PROD0122,WH004,05-03-2025 10:22,Sale,78,
INV0005459,PROD0124,WH003,05-03-2025 14:03,Purchase,58,SUP022
INV0005460,PROD0157,WH004,05-03-2025 18:16,Return,17,
INV0005461,PROD0009,WH003,05-03-2025 22:25,Sale,90,
INV0005462,PROD0043,WH001,06-03-2025 00:56,Sale,57,
INV0005463,PROD0045,WH002,06-03-2025 04:14,Purchase,92,SUP016
INV0005464,PROD0047,WH003,06-03-2025 04:47,Adjustment,94,
INV0005465,PROD0185,WH003,06-03-2025 13:14,Purchase,44,SUP038
INV0005466,PROD0063,WH004,06-03-2025 16:09,Purchase,39,SUP012
INV0005467,PROD0143,WH002,06-03-2025 16:33,Purchase,69,SUP003
INV0005468,PROD0177,WH002,06-03-2025 17:23,Purchase,16,SUP017
INV0005469,PROD0019,WH002,06-03-2025 17:49,Sale,79,
INV0005470,PROD0158,WH004,06-03-2025 21:04,Sale,82,
INV0005471,PROD0135,WH003,07-03-2025 03:53,Purchase,37,SUP012
INV0005472,PROD0197,WH003,07-03-2025 18:02,Purchase,36,SUP016
INV0005473,PROD0180,WH002,07-03-2025 23:48,Sale,29,
INV0005474,PROD0059,WH002,08-03-2025 01:00,Sale,26,
INV0005475,PROD0135,WH004,08-03-2025 01:32,Sale,88,
INV0005476,PROD0041,WH003,08-03-2025 02:47,Sale,92,
INV0005477,PROD0119,WH002,08-03-2025 03:08,Sale,60,
INV0005478,PROD0195,WH002,08-03-2025 04:00,Purchase,40,SUP025
INV0005479,PROD0099,WH004,08-03-2025 09:55,Purchase,19,SUP023
INV0005480,PROD0192,WH001,08-03-2025 10:08,Return,8,
INV0005481,PROD0119,WH004,08-03-2025 11:00,Sale,58,
INV0005482,PROD0182,WH003,08-03-2025 12:28,Adjustment,48,
INV0005483,PROD0175,WH002,09-03-2025 00:11,Adjustment,23,
INV0005484,PROD0006,WH002,09-03-2025 06:26,Purchase,8,SUP012
INV0005485,PROD0064,WH001,09-03-2025 11:04,Sale,47,
INV0005486,PROD0016,WH004,09-03-2025 15:27,Sale,26,
INV0005487,PROD0155,WH002,09-03-2025 18:06,Sale,68,
INV0005488,PROD0146,WH001,09-03-2025 20:22,Purchase,1,SUP016
INV0005489,PROD0129,WH004,09-03-2025 23:38,Sale,84,
INV0005490,PROD0021,WH003,10-03-2025 02:09,Sale,53,
INV0005491,PROD0027,WH001,10-03-2025 05:28,Sale,41,
INV0005492,PROD0169,WH002,10-03-2025 06:20,Sale,75,
INV0005493,PROD0048,WH004,10-03-2025 07:44,Purchase,10,SUP036
INV0005494,PROD0116,WH001,10-03-2025 10:39,Purchase,12,SUP034
INV0005495,PROD0177,WH003,10-03-2025 12:08,Purchase,78,SUP024
INV0005496,PROD0065,WH003,10-03-2025 13:46,Sale,38,
INV0005497,PROD0065,WH004,10-03-2025 20:02,Purchase,67,SUP019
INV0005498,PROD0038,WH001,11-03-2025 03:26,Purchase,80,SUP017
INV0005499,PROD0082,WH004,11-03-2025 17:40,Sale,63,
INV0005500,PROD0121,WH001,11-03-2025 20:31,Purchase,16,SUP035
INV0005501,PROD0067,WH004,12-03-2025 00:49,Purchase,31,SUP012
INV0005502,PROD0049,WH001,12-03-2025 02:21,Sale,16,
INV0005503,PROD0112,WH001,12-03-2025 06:45,Sale,5,
INV0005504,PROD0011,WH001,12-03-2025 10:02,Sale,95,
INV0005505,PROD0014,WH003,12-03-2025 11:09,Sale,60,
INV0005506,PROD0130,WH004,12-03-2025 20:39,Sale,23,
INV0005507,PROD0089,WH003,13-03-2025 04:07,Sale,78,
INV0005508,PROD0195,WH004,13-03-2025 04:34,Sale,9,
INV0005509,PROD0100,WH003,13-03-2025 07:22,Sale,31,
INV0005510,PROD0067,WH004,13-03-2025 19:50,Purchase,32,SUP018
INV0005511,PROD0163,WH004,13-03-2025 23:39,Return,69,
INV0005512,PROD0020,WH003,14-03-2025 02:27,Sale,72,
INV0005513,PROD0043,WH003,14-03-2025 06:08,Sale,13,
INV0005514,PROD0154,WH003,14-03-2025 06:43,Sale,19,
INV0005515,PROD0078,WH003,14-03-2025 08:18,Sale,74,
INV0005516,PROD0091,WH002,14-03-2025 09:25,Adjustment,89,
INV0005517,PROD0106,WH003,14-03-2025 12:30,Purchase,86,SUP025
INV0005518,PROD0119,WH001,14-03-2025 14:08,Purchase,53,SUP032
INV0005519,PROD0162,WH003,14-03-2025 14:50,Purchase,39,SUP006
INV0005520,PROD0114,WH004,14-03-2025 16:30,Return,43,
INV0005521,PROD0141,WH004,14-03-2025 17:25,Purchase,14,SUP021
INV0005522,PROD0158,WH003,14-03-2025 20:51,Return,65,
INV0005523,PROD0010,WH003,14-03-2025 20:55,Purchase,49,SUP017
INV0005524,PROD0104,WH002,15-03-2025 02:57,Adjustment,17,
INV0005525,PROD0070,WH002,15-03-2025 08:29,Purchase,59,SUP033
INV0005526,PROD0077,WH001,15-03-2025 10:32,Purchase,79,SUP034
INV0005527,PROD0044,WH003,15-03-2025 12:30,Adjustment,12,
INV0005528,PROD0148,WH003,15-03-2025 16:58,Adjustment,40,
INV0005529,PROD0025,WH004,16-03-2025 02:15,Sale,20,
INV0005530,PROD0023,WH003,16-03-2025 05:24,Sale,86,
INV0005531,PROD0056,WH001,16-03-2025 06:57,Purchase,7,SUP029
INV0005532,PROD0190,WH003,16-03-2025 07:15,Adjustment,8,
INV0005533,PROD0115,WH004,16-03-2025 08:37,Return,85,
INV0005534,PROD0084,WH002,16-03-2025 10:09,Return,53,
INV0005535,PROD0164,WH004,16-03-2025 13:46,Return,38,
INV0005536,PROD0007,WH004,16-03-2025 17:08,Sale,75,
INV0005537,PROD0178,WH002,16-03-2025 17:45,Purchase,56,SUP003
INV0005538,PROD0067,WH003,16-03-2025 22:12,Adjustment,71,
INV0005539,PROD0068,WH004,16-03-2025 23:25,Sale,70,
INV0005540,PROD0177,WH001,17-03-2025 03:33,Adjustment,24,
INV0005541,PROD0047,WH003,17-03-2025 05:18,Purchase,26,SUP039
INV0005542,PROD0049,WH002,17-03-2025 05:40,Sale,83,
INV0005543,PROD0115,WH004,17-03-2025 07:41,Sale,77,
INV0005544,PROD0047,WH004,17-03-2025 08:26,Purchase,80,SUP001
INV0005545,PROD0134,WH003,17-03-2025 08:30,Purchase,17,SUP013
INV0005546,PROD0120,WH003,17-03-2025 16:26,Sale,34,
INV0005547,PROD0111,WH003,17-03-2025 16:55,Purchase,99,SUP027
INV0005548,PROD0092,WH002,17-03-2025 21:05,Sale,36,
INV0005549,PROD0166,WH002,17-03-2025 21:40,Sale,47,
INV0005550,PROD0152,WH003,18-03-2025 00:47,Purchase,91,SUP003
INV0005551,PROD0080,WH002,18-03-2025 05:54,Purchase,50,SUP023
INV0005552,PROD0040,WH001,18-03-2025 11:55,Purchase,89,SUP005
INV0005553,PROD0067,WH001,18-03-2025 21:59,Purchase,56,SUP016
INV0005554,PROD0030,WH002,18-03-2025 23:15,Purchase,95,SUP016
INV0005555,PROD0114,WH003,19-03-2025 00:28,Purchase,30,SUP005
INV0005556,PROD0180,WH003,19-03-2025 02:23,Sale,96,
INV0005557,PROD0132,WH001,19-03-2025 05:06,Purchase,46,SUP037
INV0005558,PROD0161,WH002,19-03-2025 08:48,Return,27,
INV0005559,PROD0067,WH004,19-03-2025 14:06,Purchase,5,SUP020
INV0005560,PROD0189,WH001,19-03-2025 15:37,Sale,86,
INV0005561,PROD0051,WH002,19-03-2025 19:22,Purchase,84,SUP036
INV0005562,PROD0116,WH003,19-03-2025 19:30,Sale,34,
INV0005563,PROD0194,WH003,19-03-2025 21:48,Sale,95,
INV0005564,PROD0003,WH004,20-03-2025 08:18,Purchase,13,SUP029
INV0005565,PROD0142,WH004,20-03-2025 10:50,Purchase,38,SUP013
INV0005566,PROD0098,WH002,20-03-2025 12:04,Return,93,
INV0005567,PROD0123,WH002,20-03-2025 15:31,Purchase,85,SUP040
INV0005568,PROD0166,WH002,20-03-2025 17:20,Purchase,66,SUP015
INV0005569,PROD0057,WH001,20-03-2025 18:11,Sale,65,
INV0005570,PROD0195,WH004,21-03-2025 00:43,Purchase,32,SUP025
INV0005571,PROD0185,WH002,21-03-2025 02:25,Sale,31,
INV0005572,PROD0105,WH003,21-03-2025 03:04,Sale,94,
INV0005573,PROD0106,WH004,21-03-2025 05:26,Purchase,23,SUP031
INV0005574,PROD0149,WH003,21-03-2025 06:35,Purchase,29,SUP017
INV0005575,PROD0055,WH004,21-03-2025 06:37,Purchase,57,SUP003
INV0005576,PROD0069,WH002,21-03-2025 09:44,Purchase,75,SUP010
INV0005577,PROD0073,WH003,21-03-2025 20:15,Sale,27,
INV0005578,PROD0018,WH003,22-03-2025 02:32,Sale,24,
INV0005579,PROD0075,WH003,22-03-2025 02:59,Adjustment,69,
INV0005580,PROD0195,WH004,22-03-2025 08:33,Purchase,13,SUP019
INV0005581,PROD0007,WH002,22-03-2025 23:03,Sale,27,
INV0005582,PROD0167,WH003,23-03-2025 11:46,Purchase,56,SUP009
INV0005583,PROD0082,WH003,23-03-2025 15:10,Sale,86,
INV0005584,PROD0067,WH004,23-03-2025 19:24,Purchase,53,SUP039
INV0005585,PROD0053,WH003,23-03-2025 19:49,Purchase,88,SUP009
INV0005586,PROD0042,WH001,24-03-2025 06:35,Sale,45,
INV0005587,PROD0091,WH002,24-03-2025 08:13,Sale,50,
INV0005588,PROD0052,WH001,24-03-2025 11:27,Sale,62,
INV0005589,PROD0113,WH004,24-03-2025 14:00,Purchase,59,SUP021
INV0005590,PROD0153,WH003,24-03-2025 15:03,Purchase,40,SUP034
INV0005591,PROD0068,WH004,24-03-2025 17:53,Sale,36,
INV0005592,PROD0176,WH003,24-03-2025 22:55,Sale,61,
INV0005593,PROD0007,WH004,24-03-2025 23:43,Sale,88,
INV0005594,PROD0028,WH004,25-03-2025 08:28,Adjustment,81,
INV0005595,PROD0186,WH002,25-03-2025 16:29,Purchase,89,SUP008
INV0005596,PROD0168,WH003,25-03-2025 21:26,Adjustment,88,
INV0005597,PROD0024,WH001,26-03-2025 02:18,Sale,63,
INV0005598,PROD0084,WH002,26-03-2025 04:49,Purchase,6,SUP030
INV0005599,PROD0071,WH004,26-03-2025 07:47,Purchase,13,SUP013
INV0005600,PROD0021,WH002,26-03-2025 08:22,Sale,74,
INV0005601,PROD0146,WH001,26-03-2025 08:32,Sale,52,
INV0005602,PROD0087,WH004,26-03-2025 09:58,Return,16,
INV0005603,PROD0176,WH002,26-03-2025 10:05,Purchase,69,SUP027
INV0005604,PROD0071,WH003,26-03-2025 14:56,Sale,2,
INV0005605,PROD0130,WH001,26-03-2025 19:10,Sale,94,
INV0005606,PROD0181,WH001,26-03-2025 19:13,Sale,91,
INV0005607,PROD0049,WH001,26-03-2025 22:48,Return,94,
INV0005608,PROD0080,WH004,27-03-2025 04:01,Sale,33,
INV0005609,PROD0133,WH002,27-03-2025 06:45,Purchase,78,SUP018
INV0005610,PROD0138,WH004,27-03-2025 09:56,Sale,31,
INV0005611,PROD0081,WH001,27-03-2025 10:11,Sale,2,
INV0005612,PROD0016,WH003,27-03-2025 13:45,Adjustment,43,
INV0005613,PROD0149,WH003,27-03-2025 18:13,Sale,41,
INV0005614,PROD0139,WH002,27-03-2025 18:40,Purchase,30,SUP018
INV0005615,PROD0080,WH002,27-03-2025 19:27,Sale,94,
INV0005616,PROD0164,WH002,27-03-2025 19:40,Sale,36,
INV0005617,PROD0018,WH002,27-03-2025 20:12,Sale,38,
INV0005618,PROD0109,WH003,27-03-2025 22:08,Sale,93,
INV0005619,PROD0106,WH004,28-03-2025 03:31,Adjustment,61,
INV0005620,PROD0019,WH004,28-03-2025 10:04,Sale,96,
INV0005621,PROD0009,WH002,28-03-2025 10:54,Purchase,84,SUP024
INV0005622,PROD0198,WH004,28-03-2025 11:10,Purchase,13,SUP037
INV0005623,PROD0125,WH001,28-03-2025 11:31,Adjustment,21,
INV0005624,PROD0170,WH002,28-03-2025 11:32,Purchase,52,SUP002
INV0005625,PROD0064,WH003,28-03-2025 15:17,Purchase,20,SUP009
INV0005626,PROD0104,WH004,28-03-2025 16:28,Return,55,
INV0005627,PROD0177,WH003,28-03-2025 19:02,Sale,93,
INV0005628,PROD0088,WH002,28-03-2025 21:04,Purchase,58,SUP020
INV0005629,PROD0101,WH003,29-03-2025 02:17,Sale,84,
INV0005630,PROD0173,WH002,29-03-2025 03:38,Purchase,6,SUP016
INV0005631,PROD0007,WH001,29-03-2025 09:39,Sale,44,
INV0005632,PROD0111,WH004,29-03-2025 11:37,Sale,30,
INV0005633,PROD0128,WH004,29-03-2025 15:49,Adjustment,92,
INV0005634,PROD0172,WH002,29-03-2025 20:29,Purchase,80,SUP030
INV0005635,PROD0167,WH002,29-03-2025 20:49,Purchase,57,SUP024
INV0005636,PROD0035,WH004,29-03-2025 21:17,Return,98,
INV0005637,PROD0009,WH002,29-03-2025 23:02,Purchase,22,SUP016
INV0005638,PROD0040,WH004,30-03-2025 03:17,Adjustment,24,
INV0005639,PROD0149,WH001,30-03-2025 05:42,Purchase,36,SUP033
INV0005640,PROD0046,WH001,30-03-2025 19:54,Sale,95,
INV0005641,PROD0153,WH003,30-03-2025 20:10,Purchase,82,SUP018
INV0005642,PROD0188,WH004,31-03-2025 07:34,Purchase,12,SUP015
INV0005643,PROD0137,WH003,31-03-2025 08:11,Sale,55,
INV0005644,PROD0025,WH002,31-03-2025 09:32,Adjustment,59,
INV0005645,PROD0099,WH004,31-03-2025 20:50,Purchase,3,SUP001
INV0005646,PROD0056,WH003,31-03-2025 22:30,Return,28,
INV0005647,PROD0130,WH003,01-04-2025 03:52,Purchase,52,SUP037
INV0005648,PROD0088,WH001,01-04-2025 10:09,Purchase,42,SUP004
INV0005649,PROD0098,WH002,01-04-2025 11:20,Return,2,
INV0005650,PROD0122,WH001,01-04-2025 12:47,Sale,72,
INV0005651,PROD0076,WH004,01-04-2025 19:25,Purchase,17,SUP036
INV0005652,PROD0189,WH001,01-04-2025 22:13,Purchase,69,SUP002
INV0005653,PROD0010,WH002,01-04-2025 22:22,Sale,66,
INV0005654,PROD0146,WH002,02-04-2025 03:31,Purchase,46,SUP018
INV0005655,PROD0100,WH004,02-04-2025 09:36,Sale,63,
INV0005656,PROD0139,WH003,02-04-2025 11:00,Return,28,
INV0005657,PROD0157,WH001,02-04-2025 21:02,Sale,55,
INV0005658,PROD0174,WH001,02-04-2025 21:37,Return,97,
INV0005659,PROD0011,WH002,02-04-2025 23:17,Purchase,63,SUP036
INV0005660,PROD0074,WH002,03-04-2025 03:24,Sale,7,
INV0005661,PROD0008,WH004,03-04-2025 03:58,Purchase,42,SUP036
INV0005662,PROD0067,WH004,03-04-2025 10:07,Sale,61,
INV0005663,PROD0034,WH004,03-04-2025 11:46,Sale,1,
INV0005664,PROD0132,WH004,03-04-2025 13:00,Return,58,
INV0005665,PROD0060,WH002,03-04-2025 14:31,Purchase,66,SUP035
INV0005666,PROD0097,WH003,03-04-2025 17:37,Purchase,47,SUP018
INV0005667,PROD0101,WH003,03-04-2025 18:48,Sale,73,
INV0005668,PROD0016,WH004,03-04-2025 22:35,Purchase,97,SUP033
INV0005669,PROD0166,WH001,04-04-2025 01:02,Purchase,57,SUP008
INV0005670,PROD0094,WH002,04-04-2025 06:10,Sale,92,
INV0005671,PROD0006,WH001,04-04-2025 08:45,Return,61,
INV0005672,PROD0021,WH001,04-04-2025 14:53,Purchase,81,SUP030
INV0005673,PROD0157,WH002,04-04-2025 17:47,Adjustment,19,
INV0005674,PROD0188,WH002,04-04-2025 18:01,Sale,95,
INV0005675,PROD0143,WH004,04-04-2025 21:27,Purchase,26,SUP003
INV0005676,PROD0060,WH002,04-04-2025 21:48,Sale,3,
INV0005677,PROD0100,WH003,04-04-2025 23:19,Sale,55,
INV0005678,PROD0055,WH004,05-04-2025 01:00,Purchase,99,SUP023
INV0005679,PROD0039,WH001,05-04-2025 03:45,Purchase,29,SUP001
INV0005680,PROD0174,WH003,05-04-2025 12:14,Sale,7,
INV0005681,PROD0018,WH003,05-04-2025 15:47,Purchase,23,SUP010
INV0005682,PROD0087,WH004,05-04-2025 16:00,Sale,58,
INV0005683,PROD0032,WH004,05-04-2025 18:10,Sale,79,
INV0005684,PROD0099,WH002,05-04-2025 19:01,Sale,99,
INV0005685,PROD0067,WH003,06-04-2025 03:39,Sale,62,
INV0005686,PROD0079,WH001,06-04-2025 10:54,Sale,71,
INV0005687,PROD0107,WH002,06-04-2025 12:02,Adjustment,11,
INV0005688,PROD0065,WH002,06-04-2025 13:25,Sale,81,
INV0005689,PROD0070,WH004,06-04-2025 14:17,Purchase,84,SUP004
INV0005690,PROD0059,WH003,06-04-2025 14:46,Sale,18,
INV0005691,PROD0112,WH004,06-04-2025 17:38,Purchase,54,SUP037
INV0005692,PROD0134,WH002,06-04-2025 19:43,Return,83,
INV0005693,PROD0177,WH002,06-04-2025 20:00,Sale,76,
INV0005694,PROD0199,WH002,06-04-2025 23:50,Purchase,45,SUP027
INV0005695,PROD0026,WH004,07-04-2025 02:38,Purchase,55,SUP004
INV0005696,PROD0140,WH003,07-04-2025 04:33,Purchase,35,SUP033
INV0005697,PROD0179,WH002,07-04-2025 08:55,Sale,48,
INV0005698,PROD0025,WH001,07-04-2025 11:25,Purchase,31,SUP017
INV0005699,PROD0039,WH001,07-04-2025 13:02,Adjustment,72,
INV0005700,PROD0030,WH004,07-04-2025 13:50,Sale,77,
INV0005701,PROD0099,WH002,07-04-2025 15:01,Sale,48,
INV0005702,PROD0160,WH004,07-04-2025 18:50,Purchase,18,SUP003
INV0005703,PROD0147,WH004,07-04-2025 20:25,Sale,65,
INV0005704,PROD0140,WH003,07-04-2025 20:34,Sale,16,
INV0005705,PROD0140,WH004,07-04-2025 20:45,Sale,57,
INV0005706,PROD0167,WH002,07-04-2025 23:38,Sale,18,
INV0005707,PROD0152,WH004,08-04-2025 01:53,Purchase,72,SUP039
INV0005708,PROD0097,WH003,08-04-2025 06:58,Sale,49,
INV0005709,PROD0143,WH004,08-04-2025 08:12,Sale,79,
INV0005710,PROD0009,WH003,08-04-2025 08:23,Sale,70,
INV0005711,PROD0004,WH004,08-04-2025 15:26,Return,71,
INV0005712,PROD0092,WH004,08-04-2025 16:10,Purchase,32,SUP001
INV0005713,PROD0100,WH004,08-04-2025 16:31,Sale,93,
INV0005714,PROD0163,WH002,08-04-2025 21:42,Return,54,
INV0005715,PROD0076,WH001,08-04-2025 23:38,Sale,94,
INV0005716,PROD0052,WH002,09-04-2025 05:16,Sale,69,
INV0005717,PROD0186,WH003,09-04-2025 07:37,Purchase,11,SUP023
INV0005718,PROD0140,WH004,09-04-2025 12:36,Purchase,29,SUP005
INV0005719,PROD0191,WH001,10-04-2025 01:48,Sale,62,
INV0005720,PROD0127,WH003,10-04-2025 08:43,Sale,4,
INV0005721,PROD0052,WH002,10-04-2025 09:16,Sale,59,
INV0005722,PROD0061,WH003,10-04-2025 10:45,Sale,85,
INV0005723,PROD0143,WH002,10-04-2025 11:13,Purchase,5,SUP035
INV0005724,PROD0032,WH004,10-04-2025 11:41,Sale,5,
INV0005725,PROD0048,WH004,10-04-2025 11:43,Sale,39,
INV0005726,PROD0153,WH001,10-04-2025 16:14,Purchase,95,SUP031
INV0005727,PROD0150,WH004,10-04-2025 19:42,Adjustment,27,
INV0005728,PROD0132,WH003,10-04-2025 23:00,Sale,31,
INV0005729,PROD0060,WH001,11-04-2025 00:35,Purchase,42,SUP024
INV0005730,PROD0015,WH003,11-04-2025 01:09,Sale,22,
INV0005731,PROD0147,WH004,11-04-2025 01:35,Return,78,
INV0005732,PROD0052,WH001,11-04-2025 02:56,Purchase,63,SUP012
INV0005733,PROD0006,WH003,11-04-2025 04:25,Adjustment,29,
INV0005734,PROD0114,WH004,11-04-2025 05:24,Sale,56,
INV0005735,PROD0141,WH003,11-04-2025 07:19,Purchase,93,SUP028
INV0005736,PROD0083,WH003,11-04-2025 13:36,Sale,95,
INV0005737,PROD0085,WH003,11-04-2025 19:24,Sale,88,
INV0005738,PROD0092,WH002,11-04-2025 22:15,Adjustment,47,
INV0005739,PROD0148,WH001,12-04-2025 01:06,Return,64,
INV0005740,PROD0177,WH001,12-04-2025 02:28,Sale,21,
INV0005741,PROD0019,WH001,12-04-2025 12:53,Sale,99,
INV0005742,PROD0037,WH003,12-04-2025 16:50,Purchase,70,SUP006
INV0005743,PROD0174,WH001,12-04-2025 18:17,Sale,2,
INV0005744,PROD0068,WH002,12-04-2025 20:02,Sale,95,
INV0005745,PROD0134,WH002,12-04-2025 22:28,Adjustment,36,
INV0005746,PROD0007,WH003,13-04-2025 00:31,Purchase,25,SUP001
INV0005747,PROD0075,WH002,13-04-2025 04:01,Sale,25,
INV0005748,PROD0119,WH004,13-04-2025 05:45,Adjustment,17,
INV0005749,PROD0069,WH001,13-04-2025 12:24,Sale,15,
INV0005750,PROD0055,WH001,13-04-2025 14:58,Purchase,37,SUP017
INV0005751,PROD0060,WH004,13-04-2025 18:21,Purchase,77,SUP038
INV0005752,PROD0136,WH002,14-04-2025 00:03,Adjustment,57,
INV0005753,PROD0118,WH003,14-04-2025 09:13,Sale,52,
INV0005754,PROD0059,WH003,14-04-2025 13:12,Sale,48,
INV0005755,PROD0008,WH003,14-04-2025 18:26,Purchase,93,SUP037
INV0005756,PROD0053,WH003,14-04-2025 23:45,Sale,82,
INV0005757,PROD0143,WH001,15-04-2025 06:59,Adjustment,40,
INV0005758,PROD0167,WH002,15-04-2025 09:05,Sale,93,
INV0005759,PROD0158,WH003,15-04-2025 15:12,Sale,96,
INV0005760,PROD0199,WH001,16-04-2025 06:12,Purchase,90,SUP015
INV0005761,PROD0051,WH004,16-04-2025 07:27,Purchase,64,SUP040
INV0005762,PROD0148,WH002,16-04-2025 09:27,Purchase,44,SUP019
INV0005763,PROD0028,WH004,16-04-2025 15:26,Purchase,37,SUP005
INV0005764,PROD0180,WH002,16-04-2025 21:55,Sale,72,
INV0005765,PROD0195,WH003,17-04-2025 00:37,Return,65,
INV0005766,PROD0099,WH004,17-04-2025 03:48,Adjustment,4,
INV0005767,PROD0127,WH003,17-04-2025 06:41,Purchase,89,SUP025
INV0005768,PROD0059,WH002,18-04-2025 05:20,Purchase,17,SUP027
INV0005769,PROD0139,WH004,18-04-2025 10:47,Purchase,6,SUP035
INV0005770,PROD0048,WH001,18-04-2025 12:43,Purchase,76,SUP038
INV0005771,PROD0127,WH001,18-04-2025 15:40,Sale,44,
INV0005772,PROD0093,WH001,18-04-2025 16:32,Sale,79,
INV0005773,PROD0050,WH001,18-04-2025 17:49,Sale,6,
INV0005774,PROD0153,WH002,19-04-2025 04:07,Purchase,95,SUP013
INV0005775,PROD0161,WH003,19-04-2025 04:10,Sale,63,
INV0005776,PROD0014,WH003,19-04-2025 08:55,Adjustment,7,
INV0005777,PROD0097,WH002,19-04-2025 21:46,Purchase,2,SUP030
INV0005778,PROD0132,WH004,20-04-2025 06:14,Adjustment,43,
INV0005779,PROD0053,WH001,20-04-2025 14:19,Sale,52,
INV0005780,PROD0053,WH002,20-04-2025 15:26,Purchase,19,SUP024
INV0005781,PROD0119,WH004,20-04-2025 16:10,Sale,20,
INV0005782,PROD0079,WH004,20-04-2025 16:35,Purchase,3,SUP031
INV0005783,PROD0177,WH001,21-04-2025 00:17,Sale,20,
INV0005784,PROD0139,WH002,21-04-2025 03:34,Sale,35,
INV0005785,PROD0156,WH004,21-04-2025 06:26,Purchase,75,SUP001
INV0005786,PROD0174,WH004,21-04-2025 11:38,Sale,68,
INV0005787,PROD0143,WH002,21-04-2025 13:45,Adjustment,18,
INV0005788,PROD0115,WH002,21-04-2025 17:43,Adjustment,31,
INV0005789,PROD0054,WH002,21-04-2025 19:27,Sale,6,
INV0005790,PROD0053,WH003,21-04-2025 21:00,Purchase,94,SUP014
INV0005791,PROD0056,WH002,21-04-2025 21:12,Purchase,39,SUP033
INV0005792,PROD0013,WH004,22-04-2025 20:31,Sale,76,
INV0005793,PROD0167,WH002,23-04-2025 12:06,Purchase,45,SUP019
INV0005794,PROD0188,WH004,23-04-2025 12:28,Return,27,
INV0005795,PROD0160,WH001,23-04-2025 15:16,Sale,36,
INV0005796,PROD0059,WH004,23-04-2025 15:42,Purchase,96,SUP023
INV0005797,PROD0173,WH003,23-04-2025 19:47,Return,52,
INV0005798,PROD0122,WH003,23-04-2025 20:37,Sale,71,
INV0005799,PROD0190,WH003,24-04-2025 00:29,Sale,37,
INV0005800,PROD0151,WH001,24-04-2025 04:36,Sale,13,
INV0005801,PROD0074,WH002,24-04-2025 18:29,Adjustment,30,
INV0005802,PROD0114,WH003,24-04-2025 20:49,Return,67,
INV0005803,PROD0120,WH003,24-04-2025 22:12,Adjustment,51,
INV0005804,PROD0081,WH001,25-04-2025 02:53,Adjustment,76,
INV0005805,PROD0113,WH002,25-04-2025 05:06,Sale,4,
INV0005806,PROD0149,WH003,25-04-2025 05:20,Return,34,
INV0005807,PROD0061,WH001,25-04-2025 07:41,Purchase,3,SUP004
INV0005808,PROD0046,WH004,25-04-2025 12:48,Purchase,21,SUP005
INV0005809,PROD0110,WH001,25-04-2025 16:46,Sale,88,
INV0005810,PROD0156,WH001,25-04-2025 17:56,Purchase,31,SUP032
INV0005811,PROD0197,WH004,25-04-2025 18:22,Purchase,67,SUP040
INV0005812,PROD0176,WH003,25-04-2025 23:02,Sale,3,
INV0005813,PROD0188,WH003,26-04-2025 03:10,Purchase,35,SUP037
INV0005814,PROD0066,WH003,26-04-2025 04:04,Purchase,33,SUP031
INV0005815,PROD0104,WH001,26-04-2025 12:05,Purchase,36,SUP008
INV0005816,PROD0058,WH001,27-04-2025 00:52,Sale,65,
INV0005817,PROD0049,WH001,27-04-2025 02:16,Sale,36,
INV0005818,PROD0012,WH002,27-04-2025 15:15,Purchase,2,SUP008
INV0005819,PROD0168,WH003,27-04-2025 18:15,Sale,87,
INV0005820,PROD0080,WH003,27-04-2025 23:27,Purchase,66,SUP008
INV0005821,PROD0172,WH003,28-04-2025 00:44,Sale,98,
INV0005822,PROD0051,WH002,28-04-2025 03:07,Purchase,77,SUP015
INV0005823,PROD0113,WH003,28-04-2025 05:25,Purchase,31,SUP010
INV0005824,PROD0081,WH001,28-04-2025 10:14,Purchase,87,SUP005
INV0005825,PROD0094,WH002,28-04-2025 15:26,Return,70,
INV0005826,PROD0130,WH004,28-04-2025 19:46,Sale,30,
INV0005827,PROD0037,WH003,28-04-2025 21:11,Sale,25,
INV0005828,PROD0089,WH004,28-04-2025 21:44,Purchase,3,SUP030
INV0005829,PROD0066,WH001,29-04-2025 02:15,Purchase,74,SUP032
INV0005830,PROD0195,WH003,29-04-2025 05:32,Sale,12,
INV0005831,PROD0003,WH003,29-04-2025 14:20,Sale,96,
INV0005832,PROD0174,WH003,29-04-2025 16:05,Sale,26,
INV0005833,PROD0088,WH001,29-04-2025 23:12,Adjustment,4,
INV0005834,PROD0189,WH001,29-04-2025 23:44,Adjustment,88,
INV0005835,PROD0026,WH002,30-04-2025 05:51,Purchase,7,SUP031
INV0005836,PROD0072,WH002,30-04-2025 19:30,Purchase,38,SUP023
INV0005837,PROD0104,WH002,30-04-2025 22:35,Adjustment,80,
INV0005838,PROD0064,WH004,01-05-2025 05:23,Sale,39,
INV0005839,PROD0050,WH003,01-05-2025 09:13,Purchase,46,SUP029
INV0005840,PROD0005,WH004,01-05-2025 09:27,Return,73,
INV0005841,PROD0178,WH001,01-05-2025 12:49,Sale,56,
INV0005842,PROD0121,WH004,01-05-2025 13:33,Sale,21,
INV0005843,PROD0025,WH002,01-05-2025 17:59,Sale,39,
INV0005844,PROD0168,WH003,01-05-2025 18:54,Purchase,37,SUP030
INV0005845,PROD0088,WH003,02-05-2025 03:41,Sale,6,
INV0005846,PROD0194,WH001,02-05-2025 03:42,Sale,84,
INV0005847,PROD0028,WH004,02-05-2025 05:36,Sale,41,
INV0005848,PROD0065,WH002,02-05-2025 09:19,Purchase,32,SUP010
INV0005849,PROD0114,WH002,02-05-2025 09:27,Sale,15,
INV0005850,PROD0140,WH001,02-05-2025 15:55,Purchase,47,SUP006
INV0005851,PROD0064,WH004,02-05-2025 17:03,Sale,33,
INV0005852,PROD0068,WH003,02-05-2025 18:54,Return,19,
INV0005853,PROD0021,WH004,02-05-2025 20:35,Sale,18,
INV0005854,PROD0169,WH001,02-05-2025 21:58,Sale,94,
INV0005855,PROD0121,WH003,02-05-2025 22:12,Sale,86,
INV0005856,PROD0182,WH001,03-05-2025 09:39,Sale,64,
INV0005857,PROD0108,WH003,03-05-2025 13:17,Adjustment,26,
INV0005858,PROD0167,WH001,03-05-2025 14:38,Adjustment,10,
INV0005859,PROD0043,WH004,03-05-2025 17:41,Sale,59,
INV0005860,PROD0058,WH002,03-05-2025 18:28,Sale,9,
INV0005861,PROD0194,WH004,03-05-2025 19:04,Purchase,99,SUP029
INV0005862,PROD0035,WH002,03-05-2025 20:04,Purchase,61,SUP030
INV0005863,PROD0158,WH001,03-05-2025 22:24,Purchase,100,SUP009
INV0005864,PROD0174,WH001,04-05-2025 01:16,Purchase,58,SUP016
INV0005865,PROD0124,WH002,04-05-2025 01:48,Purchase,66,SUP012
INV0005866,PROD0139,WH001,04-05-2025 04:04,Sale,48,
INV0005867,PROD0189,WH003,04-05-2025 05:03,Purchase,31,SUP001
INV0005868,PROD0002,WH004,04-05-2025 10:12,Sale,2,
INV0005869,PROD0150,WH002,04-05-2025 12:40,Purchase,51,SUP003
INV0005870,PROD0169,WH001,04-05-2025 14:01,Return,90,
INV0005871,PROD0097,WH001,04-05-2025 21:09,Purchase,51,SUP012
INV0005872,PROD0001,WH002,05-05-2025 06:09,Purchase,73,SUP005
INV0005873,PROD0193,WH004,05-05-2025 09:14,Sale,88,
INV0005874,PROD0136,WH003,05-05-2025 14:57,Sale,38,
INV0005875,PROD0129,WH004,05-05-2025 15:50,Purchase,72,SUP016
INV0005876,PROD0151,WH001,05-05-2025 15:51,Return,56,
INV0005877,PROD0028,WH001,05-05-2025 18:12,Sale,89,
INV0005878,PROD0171,WH001,05-05-2025 23:10,Sale,69,
INV0005879,PROD0020,WH001,06-05-2025 02:59,Sale,2,
INV0005880,PROD0015,WH004,06-05-2025 05:58,Sale,4,
INV0005881,PROD0019,WH003,06-05-2025 11:58,Purchase,98,SUP040
INV0005882,PROD0151,WH003,06-05-2025 12:03,Return,40,
INV0005883,PROD0072,WH002,06-05-2025 18:26,Return,69,
INV0005884,PROD0176,WH001,06-05-2025 22:54,Sale,90,
INV0005885,PROD0002,WH002,07-05-2025 09:52,Sale,94,
INV0005886,PROD0050,WH001,07-05-2025 10:27,Sale,74,
INV0005887,PROD0112,WH004,07-05-2025 16:27,Purchase,80,SUP010
INV0005888,PROD0087,WH002,07-05-2025 16:56,Adjustment,78,
INV0005889,PROD0088,WH004,07-05-2025 18:28,Adjustment,71,
INV0005890,PROD0023,WH001,07-05-2025 21:02,Sale,97,
INV0005891,PROD0073,WH002,07-05-2025 21:59,Sale,8,
INV0005892,PROD0004,WH001,07-05-2025 22:54,Sale,28,
INV0005893,PROD0086,WH003,08-05-2025 00:21,Sale,15,
INV0005894,PROD0049,WH001,08-05-2025 03:15,Sale,79,
INV0005895,PROD0085,WH002,08-05-2025 03:52,Sale,21,
INV0005896,PROD0135,WH004,08-05-2025 04:25,Sale,16,
INV0005897,PROD0198,WH004,08-05-2025 05:04,Purchase,50,SUP031
INV0005898,PROD0103,WH001,08-05-2025 05:41,Sale,19,
INV0005899,PROD0084,WH002,08-05-2025 11:00,Return,78,
INV0005900,PROD0018,WH003,08-05-2025 11:35,Sale,43,
INV0005901,PROD0185,WH001,08-05-2025 22:59,Sale,24,
INV0005902,PROD0172,WH001,09-05-2025 09:41,Sale,58,
INV0005903,PROD0171,WH002,09-05-2025 10:11,Sale,99,
INV0005904,PROD0128,WH002,09-05-2025 13:15,Purchase,75,SUP016
INV0005905,PROD0086,WH002,09-05-2025 22:53,Sale,67,
INV0005906,PROD0014,WH004,10-05-2025 01:07,Sale,70,
INV0005907,PROD0009,WH003,10-05-2025 03:40,Adjustment,74,
INV0005908,PROD0175,WH002,10-05-2025 04:19,Sale,63,
INV0005909,PROD0170,WH001,10-05-2025 04:42,Sale,91,
INV0005910,PROD0147,WH004,10-05-2025 08:19,Sale,27,
INV0005911,PROD0043,WH003,10-05-2025 08:40,Return,52,
INV0005912,PROD0009,WH004,10-05-2025 10:17,Sale,73,
INV0005913,PROD0012,WH004,10-05-2025 12:57,Sale,15,
INV0005914,PROD0171,WH003,10-05-2025 13:49,Purchase,48,SUP013
INV0005915,PROD0175,WH002,10-05-2025 16:19,Adjustment,43,
INV0005916,PROD0122,WH002,10-05-2025 18:50,Sale,31,
INV0005917,PROD0132,WH002,10-05-2025 21:37,Purchase,54,SUP015
INV0005918,PROD0164,WH003,10-05-2025 22:32,Purchase,71,SUP013
INV0005919,PROD0036,WH002,11-05-2025 01:39,Sale,98,
INV0005920,PROD0170,WH001,11-05-2025 11:19,Sale,45,
INV0005921,PROD0058,WH003,11-05-2025 17:12,Purchase,8,SUP010
INV0005922,PROD0035,WH001,11-05-2025 17:31,Purchase,99,SUP016
INV0005923,PROD0150,WH001,12-05-2025 05:39,Sale,33,
INV0005924,PROD0183,WH004,12-05-2025 10:15,Purchase,40,SUP005
INV0005925,PROD0025,WH003,12-05-2025 14:43,Sale,75,
INV0005926,PROD0063,WH001,12-05-2025 17:23,Return,33,
INV0005927,PROD0145,WH003,13-05-2025 02:56,Sale,71,
INV0005928,PROD0147,WH002,13-05-2025 15:47,Purchase,1,SUP025
INV0005929,PROD0092,WH004,14-05-2025 01:38,Sale,84,
INV0005930,PROD0110,WH004,14-05-2025 05:37,Purchase,53,SUP038
INV0005931,PROD0168,WH004,14-05-2025 09:06,Sale,96,
INV0005932,PROD0061,WH002,14-05-2025 09:15,Sale,61,
INV0005933,PROD0129,WH002,14-05-2025 14:01,Sale,57,
INV0005934,PROD0060,WH003,14-05-2025 17:26,Sale,50,
INV0005935,PROD0197,WH003,14-05-2025 18:28,Purchase,86,SUP032
INV0005936,PROD0010,WH001,14-05-2025 20:24,Purchase,18,SUP009
INV0005937,PROD0172,WH003,14-05-2025 22:38,Purchase,97,SUP004
INV0005938,PROD0086,WH002,14-05-2025 22:51,Sale,37,
INV0005939,PROD0069,WH004,15-05-2025 04:29,Sale,14,
INV0005940,PROD0045,WH002,15-05-2025 04:51,Purchase,16,SUP037
INV0005941,PROD0097,WH001,15-05-2025 09:13,Return,59,
INV0005942,PROD0174,WH003,15-05-2025 09:30,Purchase,93,SUP006
INV0005943,PROD0188,WH001,15-05-2025 09:32,Return,46,
INV0005944,PROD0065,WH003,15-05-2025 09:49,Purchase,19,SUP003
INV0005945,PROD0031,WH002,15-05-2025 11:28,Sale,78,
INV0005946,PROD0016,WH003,15-05-2025 15:32,Sale,30,
INV0005947,PROD0084,WH002,15-05-2025 23:55,Sale,20,
INV0005948,PROD0186,WH001,16-05-2025 08:43,Purchase,66,SUP038
INV0005949,PROD0116,WH004,16-05-2025 10:21,Sale,86,
INV0005950,PROD0039,WH001,16-05-2025 11:35,Sale,95,
INV0005951,PROD0071,WH004,16-05-2025 13:55,Sale,45,
INV0005952,PROD0091,WH003,16-05-2025 15:00,Sale,95,
INV0005953,PROD0019,WH002,16-05-2025 16:23,Sale,37,
INV0005954,PROD0194,WH002,17-05-2025 10:59,Return,50,
INV0005955,PROD0042,WH002,18-05-2025 06:39,Sale,72,
INV0005956,PROD0026,WH002,18-05-2025 06:59,Purchase,92,SUP030
INV0005957,PROD0087,WH003,18-05-2025 10:02,Purchase,34,SUP027
INV0005958,PROD0113,WH001,18-05-2025 11:35,Purchase,25,SUP026
INV0005959,PROD0175,WH001,18-05-2025 14:37,Sale,90,
INV0005960,PROD0033,WH003,18-05-2025 17:25,Sale,14,
INV0005961,PROD0115,WH002,19-05-2025 12:30,Sale,88,
INV0005962,PROD0123,WH004,19-05-2025 12:34,Purchase,49,SUP038
INV0005963,PROD0060,WH001,19-05-2025 20:03,Sale,4,
INV0005964,PROD0046,WH001,19-05-2025 20:05,Sale,74,
INV0005965,PROD0034,WH001,19-05-2025 21:30,Sale,19,
INV0005966,PROD0086,WH004,19-05-2025 22:33,Sale,47,
INV0005967,PROD0124,WH003,20-05-2025 02:22,Purchase,74,SUP026
INV0005968,PROD0092,WH002,20-05-2025 05:04,Sale,46,
INV0005969,PROD0037,WH003,20-05-2025 06:02,Purchase,54,SUP002
INV0005970,PROD0059,WH002,20-05-2025 06:47,Sale,21,
INV0005971,PROD0015,WH002,20-05-2025 17:54,Purchase,9,SUP024
INV0005972,PROD0067,WH002,20-05-2025 22:57,Purchase,21,SUP034
INV0005973,PROD0007,WH004,21-05-2025 00:48,Purchase,42,SUP006
INV0005974,PROD0153,WH004,21-05-2025 05:18,Purchase,30,SUP032
INV0005975,PROD0140,WH003,21-05-2025 08:37,Return,4,
INV0005976,PROD0124,WH001,21-05-2025 17:20,Purchase,45,SUP031
INV0005977,PROD0178,WH002,21-05-2025 18:45,Purchase,26,SUP015
INV0005978,PROD0120,WH002,21-05-2025 19:43,Sale,82,
INV0005979,PROD0107,WH003,22-05-2025 05:42,Sale,18,
INV0005980,PROD0110,WH004,22-05-2025 08:09,Adjustment,58,
INV0005981,PROD0056,WH002,22-05-2025 12:55,Purchase,83,SUP009
INV0005982,PROD0097,WH004,22-05-2025 15:32,Purchase,48,SUP027
INV0005983,PROD0041,WH001,22-05-2025 16:49,Sale,86,
INV0005984,PROD0091,WH001,22-05-2025 20:13,Sale,75,
INV0005985,PROD0056,WH004,22-05-2025 20:14,Sale,83,
INV0005986,PROD0050,WH002,22-05-2025 20:28,Sale,33,
INV0005987,PROD0062,WH004,22-05-2025 23:23,Adjustment,3,
INV0005988,PROD0020,WH002,23-05-2025 00:18,Purchase,75,SUP019
INV0005989,PROD0121,WH003,23-05-2025 04:28,Sale,75,
INV0005990,PROD0031,WH001,23-05-2025 08:30,Sale,92,
INV0005991,PROD0185,WH001,23-05-2025 12:00,Sale,61,
INV0005992,PROD0102,WH004,23-05-2025 13:33,Sale,55,
INV0005993,PROD0045,WH002,23-05-2025 18:23,Adjustment,69,
INV0005994,PROD0193,WH004,23-05-2025 21:03,Purchase,74,SUP005
INV0005995,PROD0072,WH003,23-05-2025 23:36,Return,5,
INV0005996,PROD0111,WH003,24-05-2025 03:56,Sale,70,
INV0005997,PROD0119,WH002,24-05-2025 05:05,Return,21,
INV0005998,PROD0184,WH004,24-05-2025 09:25,Sale,55,
INV0005999,PROD0089,WH001,24-05-2025 11:06,Sale,21,
INV0006000,PROD0162,WH003,24-05-2025 18:36,Purchase,46,SUP016
INV0006001,PROD0024,WH003,25-05-2025 07:28,Sale,17,
INV0006002,PROD0023,WH003,25-05-2025 08:12,Purchase,89,SUP037
INV0006003,PROD0032,WH004,25-05-2025 09:23,Purchase,58,SUP006
INV0006004,PROD0192,WH001,25-05-2025 09:47,Sale,3,
INV0006005,PROD0116,WH002,25-05-2025 20:39,Return,34,
INV0006006,PROD0096,WH004,25-05-2025 21:41,Adjustment,9,
INV0006007,PROD0122,WH004,25-05-2025 22:13,Sale,46,
INV0006008,PROD0072,WH004,26-05-2025 02:15,Purchase,25,SUP030
INV0006009,PROD0118,WH002,26-05-2025 06:30,Sale,72,
INV0006010,PROD0111,WH002,26-05-2025 17:04,Purchase,96,SUP040
INV0006011,PROD0164,WH002,26-05-2025 19:56,Return,55,
INV0006012,PROD0118,WH002,26-05-2025 20:22,Purchase,1,SUP015
INV0006013,PROD0039,WH004,26-05-2025 21:25,Sale,46,
INV0006014,PROD0064,WH002,27-05-2025 00:19,Sale,97,
INV0006015,PROD0091,WH001,27-05-2025 01:47,Purchase,91,SUP019
INV0006016,PROD0189,WH004,27-05-2025 07:42,Sale,54,
INV0006017,PROD0094,WH004,27-05-2025 09:08,Purchase,64,SUP001
INV0006018,PROD0092,WH001,27-05-2025 09:51,Purchase,35,SUP036
INV0006019,PROD0044,WH002,27-05-2025 12:12,Purchase,69,SUP016
INV0006020,PROD0014,WH004,27-05-2025 12:18,Sale,88,
INV0006021,PROD0142,WH001,28-05-2025 04:21,Return,18,
INV0006022,PROD0187,WH001,28-05-2025 05:27,Purchase,93,SUP039
INV0006023,PROD0063,WH003,28-05-2025 07:34,Sale,61,
INV0006024,PROD0046,WH004,28-05-2025 07:45,Purchase,7,SUP009
INV0006025,PROD0124,WH002,28-05-2025 08:57,Purchase,52,SUP012
INV0006026,PROD0196,WH001,28-05-2025 09:17,Sale,15,
INV0006027,PROD0085,WH004,28-05-2025 10:49,Purchase,95,SUP017
INV0006028,PROD0189,WH003,28-05-2025 14:17,Sale,94,
INV0006029,PROD0049,WH003,28-05-2025 14:34,Adjustment,75,
INV0006030,PROD0195,WH002,28-05-2025 16:22,Sale,20,
INV0006031,PROD0042,WH004,28-05-2025 21:37,Sale,84,
INV0006032,PROD0001,WH003,29-05-2025 05:08,Purchase,98,SUP016
INV0006033,PROD0099,WH001,29-05-2025 06:06,Sale,66,
INV0006034,PROD0038,WH004,29-05-2025 18:27,Sale,53,
INV0006035,PROD0049,WH002,30-05-2025 07:22,Return,33,
INV0006036,PROD0098,WH003,30-05-2025 12:04,Sale,57,
INV0006037,PROD0135,WH003,30-05-2025 15:46,Purchase,67,SUP021
INV0006038,PROD0140,WH001,30-05-2025 16:43,Sale,23,
INV0006039,PROD0124,WH004,30-05-2025 17:48,Return,97,
INV0006040,PROD0060,WH004,30-05-2025 18:19,Sale,60,
INV0006041,PROD0158,WH004,30-05-2025 23:19,Sale,33,
INV0006042,PROD0195,WH003,31-05-2025 04:27,Sale,6,
INV0006043,PROD0027,WH002,31-05-2025 05:30,Sale,18,
INV0006044,PROD0038,WH001,31-05-2025 08:05,Sale,73,
INV0006045,PROD0177,WH002,31-05-2025 10:47,Sale,32,
INV0006046,PROD0029,WH001,31-05-2025 14:31,Purchase,19,SUP021
INV0006047,PROD0105,WH002,31-05-2025 18:15,Purchase,78,SUP040
INV0006048,PROD0141,WH003,31-05-2025 18:34,Purchase,79,SUP031
INV0006049,PROD0131,WH003,31-05-2025 20:22,Sale,9,
INV0006050,PROD0056,WH002,31-05-2025 20:55,Return,34,
INV0006051,PROD0196,WH001,01-06-2025 06:36,Return,93,
INV0006052,PROD0019,WH004,01-06-2025 09:44,Sale,13,
INV0006053,PROD0104,WH004,01-06-2025 16:19,Purchase,72,SUP029
INV0006054,PROD0149,WH003,01-06-2025 19:12,Purchase,37,SUP036
INV0006055,PROD0176,WH003,02-06-2025 01:45,Purchase,61,SUP023
INV0006056,PROD0004,WH004,02-06-2025 01:48,Sale,61,
INV0006057,PROD0065,WH002,02-06-2025 02:25,Sale,18,
INV0006058,PROD0189,WH003,02-06-2025 03:50,Adjustment,70,
INV0006059,PROD0167,WH003,02-06-2025 07:01,Purchase,55,SUP015
INV0006060,PROD0015,WH003,02-06-2025 15:57,Purchase,34,SUP009
INV0006061,PROD0188,WH004,02-06-2025 18:32,Purchase,2,SUP024
INV0006062,PROD0142,WH001,02-06-2025 19:58,Sale,100,
INV0006063,PROD0038,WH002,02-06-2025 22:58,Purchase,57,SUP037
INV0006064,PROD0045,WH004,02-06-2025 23:34,Sale,33,
INV0006065,PROD0100,WH001,03-06-2025 01:35,Sale,30,
INV0006066,PROD0143,WH003,03-06-2025 10:55,Sale,35,
INV0006067,PROD0180,WH003,03-06-2025 12:19,Adjustment,54,
INV0006068,PROD0089,WH004,03-06-2025 17:09,Sale,94,
INV0006069,PROD0072,WH001,03-06-2025 19:27,Sale,37,
INV0006070,PROD0144,WH003,04-06-2025 08:55,Sale,84,
INV0006071,PROD0140,WH002,04-06-2025 10:21,Purchase,45,SUP006
INV0006072,PROD0148,WH002,05-06-2025 05:10,Purchase,54,SUP038
INV0006073,PROD0021,WH001,05-06-2025 05:55,Adjustment,56,
INV0006074,PROD0076,WH002,05-06-2025 06:03,Sale,90,
INV0006075,PROD0061,WH004,05-06-2025 12:10,Sale,96,
INV0006076,PROD0197,WH004,06-06-2025 01:32,Purchase,58,SUP009
INV0006077,PROD0132,WH004,06-06-2025 04:08,Purchase,99,SUP020
INV0006078,PROD0135,WH003,06-06-2025 07:15,Sale,44,
INV0006079,PROD0089,WH004,06-06-2025 07:28,Sale,62,
INV0006080,PROD0186,WH003,06-06-2025 14:08,Return,87,
INV0006081,PROD0132,WH001,06-06-2025 15:46,Purchase,15,SUP032
INV0006082,PROD0125,WH003,06-06-2025 16:41,Sale,78,
INV0006083,PROD0111,WH001,06-06-2025 19:06,Return,5,
INV0006084,PROD0056,WH002,06-06-2025 19:32,Sale,7,
INV0006085,PROD0186,WH004,06-06-2025 20:03,Purchase,100,SUP030
INV0006086,PROD0090,WH004,06-06-2025 22:28,Adjustment,9,
INV0006087,PROD0025,WH003,07-06-2025 08:40,Purchase,64,SUP040
INV0006088,PROD0036,WH003,07-06-2025 08:59,Sale,64,
INV0006089,PROD0125,WH002,07-06-2025 09:43,Adjustment,60,
INV0006090,PROD0157,WH004,07-06-2025 20:44,Purchase,10,SUP001
INV0006091,PROD0092,WH003,07-06-2025 22:48,Sale,5,
INV0006092,PROD0119,WH003,08-06-2025 01:59,Purchase,3,SUP033
INV0006093,PROD0186,WH003,08-06-2025 02:13,Sale,95,
INV0006094,PROD0031,WH004,08-06-2025 04:11,Purchase,75,SUP035
INV0006095,PROD0172,WH003,08-06-2025 05:14,Return,16,
INV0006096,PROD0105,WH002,08-06-2025 05:26,Purchase,48,SUP013
INV0006097,PROD0064,WH002,08-06-2025 05:58,Purchase,55,SUP007
INV0006098,PROD0031,WH002,08-06-2025 09:25,Purchase,40,SUP016
INV0006099,PROD0167,WH003,08-06-2025 11:07,Purchase,31,SUP040
INV0006100,PROD0114,WH002,08-06-2025 22:09,Sale,12,
INV0006101,PROD0116,WH001,08-06-2025 22:53,Purchase,39,SUP025
INV0006102,PROD0131,WH003,09-06-2025 01:43,Return,4,
INV0006103,PROD0059,WH004,09-06-2025 04:02,Sale,33,
INV0006104,PROD0022,WH001,09-06-2025 07:22,Sale,71,
INV0006105,PROD0019,WH004,09-06-2025 11:25,Purchase,27,SUP007
INV0006106,PROD0142,WH004,09-06-2025 11:44,Adjustment,98,
INV0006107,PROD0034,WH004,09-06-2025 16:36,Purchase,27,SUP033
INV0006108,PROD0022,WH001,09-06-2025 22:00,Adjustment,88,
INV0006109,PROD0126,WH002,09-06-2025 22:17,Purchase,9,SUP020
INV0006110,PROD0084,WH004,09-06-2025 23:48,Sale,57,
INV0006111,PROD0100,WH001,10-06-2025 02:56,Sale,3,
INV0006112,PROD0023,WH004,10-06-2025 03:31,Sale,46,
INV0006113,PROD0027,WH003,10-06-2025 06:13,Purchase,41,SUP003
INV0006114,PROD0130,WH002,10-06-2025 10:39,Purchase,10,SUP036
INV0006115,PROD0179,WH002,10-06-2025 12:02,Sale,9,
INV0006116,PROD0049,WH002,10-06-2025 14:42,Return,72,
INV0006117,PROD0116,WH001,10-06-2025 19:16,Purchase,35,SUP001
INV0006118,PROD0039,WH002,11-06-2025 00:04,Sale,25,
INV0006119,PROD0194,WH004,11-06-2025 00:39,Purchase,25,SUP035
INV0006120,PROD0107,WH001,11-06-2025 03:31,Purchase,49,SUP040
INV0006121,PROD0056,WH001,11-06-2025 03:45,Purchase,50,SUP006
INV0006122,PROD0024,WH002,11-06-2025 03:59,Adjustment,79,
INV0006123,PROD0037,WH001,11-06-2025 06:34,Sale,64,
INV0006124,PROD0163,WH002,11-06-2025 06:36,Sale,69,
INV0006125,PROD0175,WH004,11-06-2025 12:49,Sale,39,
INV0006126,PROD0126,WH003,11-06-2025 23:34,Purchase,93,SUP027
INV0006127,PROD0151,WH001,12-06-2025 01:07,Sale,46,
INV0006128,PROD0041,WH001,12-06-2025 06:40,Return,83,
INV0006129,PROD0043,WH004,12-06-2025 08:13,Sale,99,
INV0006130,PROD0026,WH004,12-06-2025 08:30,Sale,75,
INV0006131,PROD0071,WH003,12-06-2025 09:54,Sale,44,
INV0006132,PROD0120,WH002,12-06-2025 13:35,Purchase,96,SUP014
INV0006133,PROD0064,WH003,12-06-2025 14:02,Purchase,42,SUP011
INV0006134,PROD0022,WH004,12-06-2025 14:17,Purchase,7,SUP037
INV0006135,PROD0142,WH001,12-06-2025 14:55,Sale,57,
INV0006136,PROD0016,WH003,12-06-2025 19:02,Purchase,56,SUP038
INV0006137,PROD0044,WH002,12-06-2025 23:30,Purchase,4,SUP036
INV0006138,PROD0013,WH002,13-06-2025 08:25,Purchase,87,SUP003
INV0006139,PROD0016,WH004,13-06-2025 11:15,Return,50,
INV0006140,PROD0011,WH004,13-06-2025 20:17,Purchase,85,SUP007
INV0006141,PROD0164,WH003,13-06-2025 20:17,Sale,5,
INV0006142,PROD0038,WH003,14-06-2025 00:08,Purchase,27,SUP022
INV0006143,PROD0003,WH002,14-06-2025 09:55,Purchase,28,SUP026
INV0006144,PROD0161,WH004,14-06-2025 13:50,Return,81,
INV0006145,PROD0122,WH001,14-06-2025 14:44,Purchase,78,SUP009
INV0006146,PROD0192,WH002,14-06-2025 16:28,Purchase,5,SUP011
INV0006147,PROD0062,WH001,14-06-2025 23:16,Sale,21,
INV0006148,PROD0192,WH001,15-06-2025 04:23,Sale,19,
INV0006149,PROD0085,WH004,15-06-2025 09:30,Sale,50,
INV0006150,PROD0120,WH001,15-06-2025 12:10,Sale,75,
INV0006151,PROD0014,WH002,16-06-2025 01:31,Purchase,70,SUP030
INV0006152,PROD0025,WH003,16-06-2025 02:28,Sale,8,
INV0006153,PROD0034,WH002,16-06-2025 03:25,Purchase,98,SUP033
INV0006154,PROD0147,WH002,16-06-2025 04:29,Purchase,92,SUP035
INV0006155,PROD0101,WH004,16-06-2025 07:45,Sale,65,
INV0006156,PROD0145,WH002,16-06-2025 09:56,Purchase,91,SUP025
INV0006157,PROD0077,WH002,16-06-2025 10:03,Purchase,89,SUP009
INV0006158,PROD0072,WH001,16-06-2025 14:23,Adjustment,90,
INV0006159,PROD0091,WH002,16-06-2025 16:24,Sale,21,
INV0006160,PROD0075,WH001,16-06-2025 21:13,Purchase,65,SUP029
INV0006161,PROD0002,WH001,17-06-2025 06:08,Purchase,8,SUP028
INV0006162,PROD0061,WH001,17-06-2025 15:48,Sale,2,
INV0006163,PROD0186,WH004,17-06-2025 16:37,Purchase,50,SUP026
INV0006164,PROD0153,WH002,17-06-2025 19:50,Purchase,96,SUP001
INV0006165,PROD0104,WH002,18-06-2025 00:14,Adjustment,58,
INV0006166,PROD0085,WH002,18-06-2025 02:09,Sale,94,
INV0006167,PROD0088,WH004,18-06-2025 02:39,Sale,33,
INV0006168,PROD0139,WH004,18-06-2025 05:15,Sale,66,
INV0006169,PROD0174,WH001,18-06-2025 07:06,Purchase,72,SUP018
INV0006170,PROD0096,WH001,18-06-2025 07:31,Sale,7,
INV0006171,PROD0013,WH001,18-06-2025 10:08,Purchase,56,SUP028
INV0006172,PROD0132,WH001,18-06-2025 11:28,Purchase,81,SUP019
INV0006173,PROD0090,WH001,18-06-2025 19:49,Purchase,59,SUP033
INV0006174,PROD0173,WH003,18-06-2025 19:53,Purchase,87,SUP021
INV0006175,PROD0116,WH003,19-06-2025 05:43,Return,90,
INV0006176,PROD0004,WH003,19-06-2025 06:56,Purchase,100,SUP034
INV0006177,PROD0056,WH003,19-06-2025 10:25,Purchase,17,SUP027
INV0006178,PROD0055,WH002,19-06-2025 10:43,Adjustment,65,
INV0006179,PROD0052,WH002,19-06-2025 14:01,Sale,33,
INV0006180,PROD0093,WH001,19-06-2025 16:22,Purchase,18,SUP034
INV0006181,PROD0033,WH002,19-06-2025 18:26,Purchase,77,SUP017
INV0006182,PROD0156,WH002,19-06-2025 18:37,Purchase,97,SUP013
INV0006183,PROD0142,WH002,20-06-2025 00:16,Sale,50,
INV0006184,PROD0071,WH004,20-06-2025 06:17,Purchase,34,SUP033
INV0006185,PROD0134,WH002,20-06-2025 10:11,Adjustment,89,
INV0006186,PROD0175,WH004,20-06-2025 11:29,Sale,2,
INV0006187,PROD0082,WH002,20-06-2025 22:16,Sale,16,
INV0006188,PROD0094,WH004,21-06-2025 08:44,Adjustment,64,
INV0006189,PROD0021,WH002,21-06-2025 11:25,Purchase,46,SUP027
INV0006190,PROD0111,WH004,21-06-2025 12:50,Sale,2,
INV0006191,PROD0038,WH004,21-06-2025 13:55,Sale,77,
INV0006192,PROD0006,WH004,21-06-2025 16:35,Sale,85,
INV0006193,PROD0081,WH003,21-06-2025 18:07,Purchase,63,SUP037
INV0006194,PROD0141,WH004,21-06-2025 19:12,Purchase,72,SUP031
INV0006195,PROD0050,WH004,21-06-2025 19:29,Purchase,15,SUP029
INV0006196,PROD0030,WH001,21-06-2025 22:42,Purchase,13,SUP024
INV0006197,PROD0148,WH003,22-06-2025 03:36,Sale,70,
INV0006198,PROD0037,WH003,22-06-2025 03:45,Return,39,
INV0006199,PROD0016,WH002,22-06-2025 03:50,Sale,55,
INV0006200,PROD0003,WH003,22-06-2025 06:33,Adjustment,85,
INV0006201,PROD0079,WH004,22-06-2025 08:49,Adjustment,98,
INV0006202,PROD0080,WH002,22-06-2025 15:21,Purchase,5,SUP027
INV0006203,PROD0178,WH001,22-06-2025 16:32,Sale,64,
INV0006204,PROD0147,WH003,22-06-2025 20:11,Sale,90,
INV0006205,PROD0068,WH004,22-06-2025 22:52,Purchase,32,SUP013
INV0006206,PROD0068,WH001,23-06-2025 05:59,Sale,57,
INV0006207,PROD0153,WH004,23-06-2025 13:14,Sale,55,
INV0006208,PROD0033,WH003,23-06-2025 14:27,Sale,76,
INV0006209,PROD0061,WH001,23-06-2025 14:48,Sale,14,
INV0006210,PROD0143,WH002,23-06-2025 14:48,Sale,40,
INV0006211,PROD0130,WH001,24-06-2025 05:00,Purchase,75,SUP008
INV0006212,PROD0185,WH003,24-06-2025 12:30,Purchase,46,SUP030
INV0006213,PROD0112,WH002,24-06-2025 15:00,Purchase,86,SUP032
INV0006214,PROD0051,WH003,24-06-2025 15:15,Sale,28,
INV0006215,PROD0105,WH003,24-06-2025 15:28,Sale,59,
INV0006216,PROD0062,WH004,24-06-2025 16:49,Adjustment,91,
INV0006217,PROD0030,WH002,24-06-2025 17:51,Adjustment,57,
INV0006218,PROD0108,WH003,24-06-2025 23:11,Sale,71,
INV0006219,PROD0011,WH004,24-06-2025 23:30,Adjustment,11,
INV0006220,PROD0044,WH002,25-06-2025 07:48,Purchase,26,SUP013
INV0006221,PROD0027,WH004,25-06-2025 16:11,Purchase,19,SUP020
INV0006222,PROD0167,WH002,26-06-2025 02:37,Sale,83,
INV0006223,PROD0151,WH002,26-06-2025 03:17,Purchase,96,SUP024
INV0006224,PROD0180,WH003,26-06-2025 05:03,Sale,100,
INV0006225,PROD0200,WH001,26-06-2025 14:29,Purchase,40,SUP032
INV0006226,PROD0177,WH003,26-06-2025 15:06,Sale,24,
INV0006227,PROD0052,WH004,26-06-2025 16:41,Purchase,78,SUP013
INV0006228,PROD0021,WH003,26-06-2025 17:13,Purchase,39,SUP033
INV0006229,PROD0053,WH002,26-06-2025 17:24,Adjustment,90,
INV0006230,PROD0181,WH002,26-06-2025 17:47,Return,27,
INV0006231,PROD0077,WH003,27-06-2025 01:13,Sale,10,
INV0006232,PROD0144,WH001,27-06-2025 08:09,Purchase,26,SUP023
INV0006233,PROD0073,WH003,27-06-2025 14:26,Sale,89,
INV0006234,PROD0116,WH001,27-06-2025 14:58,Sale,30,
INV0006235,PROD0128,WH004,27-06-2025 15:54,Purchase,18,SUP007
INV0006236,PROD0180,WH001,27-06-2025 17:15,Sale,63,
INV0006237,PROD0090,WH002,27-06-2025 23:31,Sale,78,
INV0006238,PROD0189,WH004,27-06-2025 23:50,Sale,52,
INV0006239,PROD0126,WH001,28-06-2025 06:24,Purchase,27,SUP008
INV0006240,PROD0085,WH001,28-06-2025 07:50,Sale,92,
INV0006241,PROD0020,WH003,28-06-2025 16:46,Sale,85,
INV0006242,PROD0200,WH003,28-06-2025 20:30,Sale,62,
INV0006243,PROD0149,WH002,29-06-2025 00:35,Sale,46,
INV0006244,PROD0195,WH001,29-06-2025 09:28,Purchase,81,SUP028
INV0006245,PROD0155,WH003,29-06-2025 16:15,Purchase,47,SUP029
INV0006246,PROD0070,WH003,29-06-2025 19:27,Sale,60,
INV0006247,PROD0191,WH002,29-06-2025 23:08,Sale,59,
INV0006248,PROD0036,WH001,30-06-2025 02:14,Sale,54,
INV0006249,PROD0131,WH001,30-06-2025 04:21,Purchase,86,SUP017
INV0006250,PROD0082,WH004,30-06-2025 06:49,Purchase,42,SUP002
INV0006251,PROD0116,WH001,30-06-2025 08:55,Purchase,30,SUP013
INV0006252,PROD0004,WH003,30-06-2025 11:13,Sale,51,
INV0006253,PROD0117,WH003,30-06-2025 17:26,Purchase,98,SUP022
INV0006254,PROD0099,WH003,30-06-2025 17:34,Purchase,49,SUP026
INV0006255,PROD0019,WH003,30-06-2025 23:47,Return,84,
INV0006256,PROD0062,WH001,01-07-2025 00:58,Sale,89,
INV0006257,PROD0066,WH001,01-07-2025 02:15,Sale,39,
INV0006258,PROD0036,WH003,01-07-2025 08:26,Sale,53,
INV0006259,PROD0179,WH002,01-07-2025 19:22,Purchase,3,SUP030
INV0006260,PROD0152,WH003,01-07-2025 20:03,Sale,40,
INV0006261,PROD0177,WH003,02-07-2025 00:03,Purchase,18,SUP016
INV0006262,PROD0023,WH004,02-07-2025 01:04,Purchase,13,SUP032
INV0006263,PROD0191,WH002,02-07-2025 02:21,Purchase,56,SUP016
INV0006264,PROD0102,WH003,02-07-2025 03:19,Purchase,63,SUP036
INV0006265,PROD0135,WH003,02-07-2025 08:19,Sale,84,
INV0006266,PROD0195,WH002,02-07-2025 11:53,Purchase,58,SUP002
INV0006267,PROD0045,WH004,02-07-2025 12:08,Sale,95,
INV0006268,PROD0172,WH004,02-07-2025 15:27,Sale,24,
INV0006269,PROD0167,WH002,03-07-2025 01:25,Purchase,39,SUP003
INV0006270,PROD0064,WH002,03-07-2025 11:01,Sale,90,
INV0006271,PROD0116,WH004,03-07-2025 11:27,Sale,5,
INV0006272,PROD0137,WH003,03-07-2025 12:10,Sale,69,
INV0006273,PROD0020,WH001,03-07-2025 17:22,Return,71,
INV0006274,PROD0009,WH001,03-07-2025 19:10,Purchase,30,SUP002
INV0006275,PROD0012,WH003,03-07-2025 19:30,Purchase,32,SUP012
INV0006276,PROD0155,WH003,03-07-2025 20:38,Sale,55,
INV0006277,PROD0125,WH004,03-07-2025 20:55,Adjustment,60,
INV0006278,PROD0069,WH002,03-07-2025 21:42,Adjustment,15,
INV0006279,PROD0132,WH004,04-07-2025 05:44,Adjustment,41,
INV0006280,PROD0128,WH004,04-07-2025 07:29,Return,82,
INV0006281,PROD0062,WH002,04-07-2025 12:53,Purchase,64,SUP030
INV0006282,PROD0101,WH004,04-07-2025 23:49,Sale,14,
INV0006283,PROD0188,WH004,05-07-2025 01:22,Purchase,25,SUP033
INV0006284,PROD0179,WH004,05-07-2025 03:10,Sale,4,
INV0006285,PROD0036,WH002,05-07-2025 06:54,Sale,16,
INV0006286,PROD0052,WH003,05-07-2025 11:34,Sale,6,
INV0006287,PROD0031,WH003,05-07-2025 13:51,Purchase,18,SUP028
INV0006288,PROD0188,WH002,05-07-2025 15:15,Sale,78,
INV0006289,PROD0074,WH003,05-07-2025 16:58,Purchase,92,SUP003
INV0006290,PROD0104,WH003,05-07-2025 22:17,Adjustment,92,
INV0006291,PROD0100,WH003,05-07-2025 22:19,Sale,87,
INV0006292,PROD0009,WH002,05-07-2025 22:49,Purchase,3,SUP025
INV0006293,PROD0094,WH001,06-07-2025 04:22,Purchase,86,SUP020
INV0006294,PROD0017,WH003,06-07-2025 08:39,Adjustment,66,
INV0006295,PROD0139,WH004,06-07-2025 15:53,Sale,62,
INV0006296,PROD0071,WH003,06-07-2025 16:20,Sale,9,
INV0006297,PROD0040,WH002,06-07-2025 18:17,Sale,41,
INV0006298,PROD0039,WH003,06-07-2025 18:46,Return,30,
INV0006299,PROD0104,WH001,06-07-2025 20:06,Sale,23,
INV0006300,PROD0034,WH003,07-07-2025 04:40,Adjustment,64,
INV0006301,PROD0101,WH002,07-07-2025 08:13,Purchase,66,SUP033
INV0006302,PROD0010,WH003,07-07-2025 09:27,Sale,12,
INV0006303,PROD0182,WH001,07-07-2025 14:03,Sale,32,
INV0006304,PROD0031,WH002,08-07-2025 01:35,Adjustment,53,
INV0006305,PROD0162,WH001,08-07-2025 03:22,Return,60,
INV0006306,PROD0198,WH004,08-07-2025 03:37,Adjustment,26,
INV0006307,PROD0176,WH002,08-07-2025 07:07,Sale,36,
INV0006308,PROD0169,WH004,08-07-2025 07:11,Sale,39,
INV0006309,PROD0176,WH002,08-07-2025 09:56,Sale,2,
INV0006310,PROD0103,WH001,08-07-2025 10:08,Sale,71,
INV0006311,PROD0021,WH004,08-07-2025 16:43,Sale,63,
INV0006312,PROD0150,WH002,08-07-2025 17:17,Purchase,88,SUP019
INV0006313,PROD0101,WH002,08-07-2025 20:44,Purchase,99,SUP023
INV0006314,PROD0047,WH003,09-07-2025 01:50,Sale,71,
INV0006315,PROD0175,WH004,09-07-2025 06:21,Return,48,
INV0006316,PROD0086,WH003,09-07-2025 10:41,Purchase,14,SUP039
INV0006317,PROD0166,WH003,09-07-2025 13:46,Purchase,16,SUP001
INV0006318,PROD0063,WH004,09-07-2025 16:22,Return,11,
INV0006319,PROD0184,WH002,09-07-2025 17:48,Sale,75,
INV0006320,PROD0186,WH002,10-07-2025 01:15,Sale,45,
INV0006321,PROD0009,WH001,10-07-2025 04:40,Purchase,51,SUP028
INV0006322,PROD0197,WH003,10-07-2025 12:03,Sale,85,
INV0006323,PROD0084,WH004,10-07-2025 13:24,Sale,72,
INV0006324,PROD0013,WH002,10-07-2025 16:08,Purchase,55,SUP020
INV0006325,PROD0024,WH003,10-07-2025 21:52,Sale,89,
INV0006326,PROD0071,WH004,11-07-2025 00:05,Adjustment,62,
INV0006327,PROD0025,WH001,11-07-2025 04:16,Sale,28,
INV0006328,PROD0159,WH001,11-07-2025 07:29,Purchase,85,SUP012
INV0006329,PROD0112,WH002,11-07-2025 08:38,Sale,26,
INV0006330,PROD0051,WH001,11-07-2025 08:41,Purchase,2,SUP013
INV0006331,PROD0198,WH003,11-07-2025 12:08,Purchase,47,SUP004
INV0006332,PROD0094,WH002,11-07-2025 21:02,Sale,83,
INV0006333,PROD0152,WH004,11-07-2025 22:34,Return,9,
INV0006334,PROD0074,WH004,11-07-2025 22:42,Purchase,84,SUP010
INV0006335,PROD0108,WH003,12-07-2025 01:43,Sale,11,
INV0006336,PROD0104,WH002,12-07-2025 11:22,Sale,80,
INV0006337,PROD0168,WH001,12-07-2025 11:58,Sale,51,
INV0006338,PROD0156,WH002,12-07-2025 12:34,Purchase,54,SUP013
INV0006339,PROD0127,WH001,12-07-2025 15:42,Purchase,40,SUP040
INV0006340,PROD0031,WH002,12-07-2025 15:51,Sale,84,
INV0006341,PROD0018,WH002,12-07-2025 23:23,Adjustment,40,
INV0006342,PROD0015,WH003,13-07-2025 04:44,Adjustment,57,
INV0006343,PROD0126,WH003,13-07-2025 06:52,Sale,65,
INV0006344,PROD0175,WH004,13-07-2025 07:13,Adjustment,13,
INV0006345,PROD0016,WH003,13-07-2025 13:20,Purchase,94,SUP029
INV0006346,PROD0121,WH004,13-07-2025 17:11,Purchase,21,SUP032
INV0006347,PROD0075,WH003,13-07-2025 19:00,Purchase,94,SUP026
INV0006348,PROD0184,WH001,13-07-2025 22:39,Sale,65,
INV0006349,PROD0074,WH003,14-07-2025 00:04,Sale,41,
INV0006350,PROD0147,WH004,14-07-2025 00:10,Adjustment,92,
INV0006351,PROD0198,WH003,14-07-2025 04:41,Purchase,65,SUP029
INV0006352,PROD0071,WH003,14-07-2025 06:24,Purchase,48,SUP040
INV0006353,PROD0026,WH001,14-07-2025 09:17,Purchase,40,SUP005
INV0006354,PROD0190,WH004,14-07-2025 10:36,Purchase,19,SUP008
INV0006355,PROD0170,WH001,14-07-2025 19:35,Sale,75,
INV0006356,PROD0045,WH003,14-07-2025 21:51,Purchase,37,SUP003
INV0006357,PROD0061,WH002,15-07-2025 00:16,Purchase,51,SUP028
INV0006358,PROD0110,WH004,15-07-2025 01:35,Sale,1,
INV0006359,PROD0097,WH001,15-07-2025 03:44,Purchase,13,SUP037
INV0006360,PROD0099,WH002,15-07-2025 04:52,Purchase,12,SUP024
INV0006361,PROD0178,WH002,15-07-2025 05:53,Sale,55,
INV0006362,PROD0167,WH004,15-07-2025 10:18,Adjustment,51,
INV0006363,PROD0085,WH001,15-07-2025 11:03,Adjustment,100,
INV0006364,PROD0144,WH002,15-07-2025 16:16,Purchase,34,SUP035
INV0006365,PROD0136,WH002,15-07-2025 16:55,Purchase,28,SUP034
INV0006366,PROD0100,WH003,15-07-2025 20:05,Sale,53,
INV0006367,PROD0177,WH001,16-07-2025 05:36,Return,77,
INV0006368,PROD0145,WH002,16-07-2025 09:12,Sale,54,
INV0006369,PROD0040,WH002,16-07-2025 09:16,Sale,29,
INV0006370,PROD0070,WH001,16-07-2025 13:31,Sale,36,
INV0006371,PROD0067,WH001,16-07-2025 15:37,Sale,73,
INV0006372,PROD0186,WH001,16-07-2025 17:46,Return,80,
INV0006373,PROD0122,WH003,17-07-2025 01:42,Sale,48,
INV0006374,PROD0001,WH003,17-07-2025 08:49,Purchase,59,SUP034
INV0006375,PROD0075,WH003,17-07-2025 14:14,Adjustment,72,
INV0006376,PROD0136,WH001,17-07-2025 17:02,Sale,1,
INV0006377,PROD0089,WH003,17-07-2025 17:22,Purchase,84,SUP030
INV0006378,PROD0132,WH001,17-07-2025 18:31,Sale,43,
INV0006379,PROD0143,WH004,18-07-2025 00:49,Return,2,
INV0006380,PROD0018,WH001,18-07-2025 00:57,Sale,87,
INV0006381,PROD0174,WH002,18-07-2025 01:37,Purchase,65,SUP015
INV0006382,PROD0138,WH003,18-07-2025 04:31,Sale,78,
INV0006383,PROD0076,WH001,18-07-2025 17:08,Sale,7,
INV0006384,PROD0094,WH001,18-07-2025 20:57,Sale,48,
INV0006385,PROD0054,WH004,18-07-2025 20:58,Purchase,95,SUP007
INV0006386,PROD0120,WH002,18-07-2025 23:31,Adjustment,38,
INV0006387,PROD0147,WH002,19-07-2025 03:43,Purchase,52,SUP023
INV0006388,PROD0107,WH003,19-07-2025 14:23,Purchase,40,SUP039
INV0006389,PROD0120,WH002,19-07-2025 17:33,Sale,30,
INV0006390,PROD0155,WH002,19-07-2025 19:03,Purchase,86,SUP019
INV0006391,PROD0149,WH003,19-07-2025 23:59,Adjustment,68,
INV0006392,PROD0156,WH004,20-07-2025 00:03,Sale,51,
INV0006393,PROD0189,WH001,20-07-2025 02:22,Sale,69,
INV0006394,PROD0140,WH004,20-07-2025 03:16,Sale,48,
INV0006395,PROD0046,WH004,20-07-2025 03:29,Sale,46,
INV0006396,PROD0051,WH003,20-07-2025 05:55,Sale,56,
INV0006397,PROD0152,WH004,20-07-2025 07:38,Sale,91,
INV0006398,PROD0022,WH003,20-07-2025 07:53,Sale,68,
INV0006399,PROD0055,WH004,20-07-2025 13:08,Return,97,
INV0006400,PROD0167,WH001,20-07-2025 13:43,Purchase,93,SUP038
INV0006401,PROD0050,WH002,20-07-2025 15:02,Purchase,46,SUP039
INV0006402,PROD0149,WH004,20-07-2025 16:32,Purchase,9,SUP012
INV0006403,PROD0145,WH002,20-07-2025 20:09,Purchase,72,SUP034
INV0006404,PROD0080,WH004,20-07-2025 22:29,Purchase,50,SUP034
INV0006405,PROD0058,WH001,20-07-2025 22:56,Sale,1,
INV0006406,PROD0069,WH001,21-07-2025 08:57,Sale,7,
INV0006407,PROD0003,WH003,21-07-2025 11:41,Purchase,31,SUP008
INV0006408,PROD0117,WH004,21-07-2025 16:08,Return,34,
INV0006409,PROD0085,WH001,21-07-2025 16:24,Sale,84,
INV0006410,PROD0032,WH004,21-07-2025 17:52,Purchase,58,SUP025
INV0006411,PROD0073,WH002,21-07-2025 22:17,Sale,13,
INV0006412,PROD0025,WH004,21-07-2025 22:39,Sale,53,
INV0006413,PROD0005,WH001,22-07-2025 05:20,Sale,4,
INV0006414,PROD0131,WH003,22-07-2025 05:35,Sale,48,
INV0006415,PROD0070,WH004,22-07-2025 06:14,Adjustment,69,
INV0006416,PROD0040,WH003,22-07-2025 11:09,Sale,40,
INV0006417,PROD0073,WH004,22-07-2025 11:20,Adjustment,38,
INV0006418,PROD0162,WH001,22-07-2025 12:18,Adjustment,93,
INV0006419,PROD0107,WH003,22-07-2025 12:23,Return,89,
INV0006420,PROD0144,WH001,22-07-2025 14:05,Sale,52,
INV0006421,PROD0099,WH004,22-07-2025 16:30,Sale,97,
INV0006422,PROD0172,WH001,22-07-2025 17:34,Sale,63,
INV0006423,PROD0033,WH004,23-07-2025 04:46,Sale,35,
INV0006424,PROD0196,WH003,23-07-2025 08:18,Sale,15,
INV0006425,PROD0140,WH001,23-07-2025 09:00,Sale,98,
INV0006426,PROD0062,WH004,23-07-2025 09:26,Sale,7,
INV0006427,PROD0183,WH002,23-07-2025 11:13,Sale,70,
INV0006428,PROD0110,WH004,23-07-2025 12:02,Purchase,68,SUP032
INV0006429,PROD0159,WH002,23-07-2025 13:04,Sale,45,
INV0006430,PROD0079,WH002,23-07-2025 15:00,Adjustment,81,
INV0006431,PROD0032,WH001,23-07-2025 15:33,Return,55,
INV0006432,PROD0092,WH001,23-07-2025 23:16,Purchase,45,SUP017
INV0006433,PROD0111,WH003,24-07-2025 08:18,Return,91,
INV0006434,PROD0019,WH002,24-07-2025 08:43,Return,13,
INV0006435,PROD0038,WH001,24-07-2025 08:51,Purchase,10,SUP007
INV0006436,PROD0047,WH001,24-07-2025 13:21,Adjustment,11,
INV0006437,PROD0080,WH003,25-07-2025 01:14,Sale,36,
INV0006438,PROD0040,WH002,25-07-2025 01:38,Sale,79,
INV0006439,PROD0176,WH003,25-07-2025 03:12,Purchase,39,SUP019
INV0006440,PROD0139,WH004,25-07-2025 04:11,Purchase,21,SUP039
INV0006441,PROD0024,WH001,25-07-2025 04:12,Sale,41,
INV0006442,PROD0066,WH001,25-07-2025 14:15,Purchase,25,SUP021
INV0006443,PROD0189,WH001,25-07-2025 16:56,Sale,61,
INV0006444,PROD0165,WH001,25-07-2025 19:26,Purchase,47,SUP018
INV0006445,PROD0068,WH004,25-07-2025 20:17,Purchase,20,SUP040
INV0006446,PROD0054,WH003,25-07-2025 20:48,Sale,67,
INV0006447,PROD0124,WH003,26-07-2025 04:33,Sale,59,
INV0006448,PROD0147,WH004,26-07-2025 12:47,Purchase,96,SUP022
INV0006449,PROD0099,WH004,26-07-2025 19:00,Purchase,94,SUP033
INV0006450,PROD0105,WH004,27-07-2025 03:07,Purchase,43,SUP004
INV0006451,PROD0111,WH001,27-07-2025 10:29,Purchase,48,SUP005
INV0006452,PROD0122,WH004,27-07-2025 10:36,Adjustment,75,
INV0006453,PROD0126,WH003,27-07-2025 22:43,Sale,42,
INV0006454,PROD0067,WH001,28-07-2025 01:35,Purchase,60,SUP034
INV0006455,PROD0018,WH001,28-07-2025 10:46,Adjustment,12,
INV0006456,PROD0129,WH003,28-07-2025 12:51,Adjustment,39,
INV0006457,PROD0041,WH002,28-07-2025 13:47,Return,74,
INV0006458,PROD0126,WH002,28-07-2025 20:05,Sale,97,
INV0006459,PROD0151,WH001,29-07-2025 04:16,Sale,70,
INV0006460,PROD0153,WH002,29-07-2025 06:19,Sale,10,
INV0006461,PROD0151,WH002,29-07-2025 07:34,Purchase,66,SUP009
INV0006462,PROD0102,WH002,29-07-2025 18:15,Sale,19,
INV0006463,PROD0112,WH004,30-07-2025 02:13,Sale,96,
INV0006464,PROD0153,WH001,30-07-2025 05:22,Sale,45,
INV0006465,PROD0190,WH003,30-07-2025 10:36,Purchase,40,SUP035
INV0006466,PROD0196,WH003,30-07-2025 12:22,Purchase,70,SUP001
INV0006467,PROD0009,WH001,30-07-2025 14:45,Sale,57,
INV0006468,PROD0065,WH001,30-07-2025 17:16,Sale,37,
INV0006469,PROD0181,WH004,30-07-2025 17:28,Sale,91,
INV0006470,PROD0129,WH003,30-07-2025 19:13,Purchase,64,SUP020
INV0006471,PROD0087,WH002,31-07-2025 11:52,Sale,74,
INV0006472,PROD0122,WH002,31-07-2025 13:34,Purchase,50,SUP005
INV0006473,PROD0183,WH002,31-07-2025 13:47,Purchase,65,SUP012
INV0006474,PROD0155,WH004,31-07-2025 16:49,Purchase,99,SUP028
INV0006475,PROD0094,WH001,31-07-2025 18:22,Purchase,66,SUP004
INV0006476,PROD0145,WH001,01-08-2025 01:23,Purchase,38,SUP034
INV0006477,PROD0155,WH002,01-08-2025 04:42,Purchase,28,SUP017
INV0006478,PROD0140,WH001,01-08-2025 05:25,Return,89,
INV0006479,PROD0197,WH002,01-08-2025 11:20,Purchase,10,SUP029
INV0006480,PROD0088,WH003,01-08-2025 11:44,Sale,75,
INV0006481,PROD0175,WH004,01-08-2025 16:31,Sale,5,
INV0006482,PROD0036,WH001,01-08-2025 18:54,Purchase,10,SUP026
INV0006483,PROD0018,WH003,02-08-2025 09:33,Sale,67,
INV0006484,PROD0035,WH001,02-08-2025 12:50,Sale,39,
INV0006485,PROD0157,WH004,02-08-2025 13:19,Purchase,49,SUP001
INV0006486,PROD0041,WH003,02-08-2025 15:17,Purchase,75,SUP030
INV0006487,PROD0093,WH001,02-08-2025 16:49,Purchase,89,SUP015
INV0006488,PROD0074,WH003,02-08-2025 19:35,Sale,67,
INV0006489,PROD0058,WH001,02-08-2025 23:19,Purchase,3,SUP023
INV0006490,PROD0038,WH002,02-08-2025 23:33,Sale,29,
INV0006491,PROD0143,WH003,03-08-2025 03:21,Purchase,64,SUP010
INV0006492,PROD0138,WH004,03-08-2025 08:16,Sale,49,
INV0006493,PROD0087,WH003,03-08-2025 12:49,Purchase,18,SUP026
INV0006494,PROD0137,WH004,03-08-2025 13:03,Sale,90,
INV0006495,PROD0118,WH003,03-08-2025 15:18,Sale,45,
INV0006496,PROD0028,WH001,03-08-2025 15:20,Sale,82,
INV0006497,PROD0157,WH003,03-08-2025 15:37,Sale,85,
INV0006498,PROD0073,WH001,03-08-2025 17:06,Purchase,31,SUP012
INV0006499,PROD0165,WH001,03-08-2025 23:10,Sale,40,
INV0006500,PROD0007,WH004,04-08-2025 01:25,Sale,70,
INV0006501,PROD0094,WH003,04-08-2025 08:53,Purchase,52,SUP030
INV0006502,PROD0189,WH001,04-08-2025 12:22,Adjustment,77,
INV0006503,PROD0089,WH004,04-08-2025 20:22,Sale,78,
INV0006504,PROD0165,WH004,04-08-2025 21:18,Return,21,
INV0006505,PROD0083,WH003,04-08-2025 22:20,Sale,2,
INV0006506,PROD0140,WH002,04-08-2025 22:28,Sale,54,
INV0006507,PROD0136,WH004,05-08-2025 02:28,Purchase,1,SUP011
INV0006508,PROD0050,WH004,05-08-2025 03:09,Purchase,82,SUP002
INV0006509,PROD0190,WH002,05-08-2025 07:39,Purchase,78,SUP017
INV0006510,PROD0060,WH002,05-08-2025 07:59,Sale,75,
INV0006511,PROD0054,WH001,05-08-2025 08:22,Purchase,41,SUP031
INV0006512,PROD0036,WH002,05-08-2025 10:48,Purchase,31,SUP009
INV0006513,PROD0058,WH004,05-08-2025 12:31,Return,85,
INV0006514,PROD0198,WH003,05-08-2025 14:36,Adjustment,87,
INV0006515,PROD0130,WH004,05-08-2025 17:54,Sale,82,
INV0006516,PROD0123,WH001,05-08-2025 18:06,Purchase,44,SUP008
INV0006517,PROD0090,WH003,05-08-2025 19:25,Purchase,76,SUP022
INV0006518,PROD0048,WH002,05-08-2025 22:06,Sale,2,
INV0006519,PROD0010,WH001,06-08-2025 00:06,Sale,98,
INV0006520,PROD0150,WH003,06-08-2025 05:24,Sale,4,
INV0006521,PROD0015,WH001,06-08-2025 07:22,Return,53,
INV0006522,PROD0037,WH004,06-08-2025 11:30,Sale,100,
INV0006523,PROD0121,WH001,06-08-2025 19:42,Adjustment,16,
INV0006524,PROD0098,WH003,06-08-2025 21:11,Sale,82,
INV0006525,PROD0076,WH001,06-08-2025 21:32,Sale,38,
INV0006526,PROD0133,WH002,06-08-2025 23:29,Sale,34,
INV0006527,PROD0125,WH004,07-08-2025 00:13,Purchase,89,SUP032
INV0006528,PROD0060,WH004,07-08-2025 18:33,Return,92,
INV0006529,PROD0151,WH002,07-08-2025 19:05,Purchase,67,SUP027
INV0006530,PROD0195,WH001,08-08-2025 04:01,Purchase,21,SUP034
INV0006531,PROD0069,WH002,08-08-2025 05:01,Return,61,
INV0006532,PROD0160,WH003,08-08-2025 10:54,Purchase,53,SUP023
INV0006533,PROD0117,WH002,08-08-2025 12:12,Adjustment,6,
INV0006534,PROD0107,WH004,08-08-2025 20:59,Return,60,
INV0006535,PROD0085,WH002,09-08-2025 04:48,Sale,71,
INV0006536,PROD0128,WH002,09-08-2025 06:03,Return,34,
INV0006537,PROD0185,WH003,09-08-2025 11:59,Sale,68,
INV0006538,PROD0034,WH002,09-08-2025 17:11,Sale,2,
INV0006539,PROD0194,WH002,10-08-2025 01:09,Sale,79,
INV0006540,PROD0042,WH002,10-08-2025 02:19,Sale,89,
INV0006541,PROD0136,WH004,10-08-2025 03:51,Purchase,76,SUP017
INV0006542,PROD0119,WH002,10-08-2025 04:25,Sale,92,
INV0006543,PROD0077,WH001,10-08-2025 15:42,Purchase,42,SUP003
INV0006544,PROD0144,WH001,10-08-2025 20:56,Return,99,
INV0006545,PROD0190,WH004,11-08-2025 00:29,Sale,12,
INV0006546,PROD0165,WH002,11-08-2025 02:53,Purchase,52,SUP024
INV0006547,PROD0068,WH002,11-08-2025 05:40,Adjustment,26,
INV0006548,PROD0081,WH002,11-08-2025 12:12,Adjustment,1,
INV0006549,PROD0106,WH004,11-08-2025 13:02,Sale,29,
INV0006550,PROD0043,WH002,11-08-2025 13:09,Purchase,10,SUP027
INV0006551,PROD0189,WH003,12-08-2025 01:34,Return,96,
INV0006552,PROD0002,WH002,12-08-2025 03:26,Return,33,
INV0006553,PROD0122,WH004,12-08-2025 05:29,Purchase,35,SUP003
INV0006554,PROD0054,WH003,12-08-2025 07:04,Sale,94,
INV0006555,PROD0081,WH004,12-08-2025 14:48,Adjustment,13,
INV0006556,PROD0033,WH002,12-08-2025 14:52,Return,42,
INV0006557,PROD0007,WH002,12-08-2025 16:41,Adjustment,97,
INV0006558,PROD0119,WH002,13-08-2025 04:29,Sale,100,
INV0006559,PROD0159,WH002,13-08-2025 06:51,Purchase,75,SUP008
INV0006560,PROD0022,WH002,13-08-2025 08:02,Sale,32,
INV0006561,PROD0018,WH001,13-08-2025 08:10,Sale,36,
INV0006562,PROD0046,WH002,13-08-2025 08:15,Sale,5,
INV0006563,PROD0019,WH002,13-08-2025 10:17,Sale,1,
INV0006564,PROD0087,WH003,13-08-2025 20:38,Return,3,
INV0006565,PROD0046,WH002,13-08-2025 21:43,Sale,1,
INV0006566,PROD0100,WH001,14-08-2025 01:48,Purchase,67,SUP024
INV0006567,PROD0127,WH002,14-08-2025 01:55,Purchase,46,SUP019
INV0006568,PROD0063,WH003,14-08-2025 04:34,Sale,33,
INV0006569,PROD0179,WH001,14-08-2025 11:57,Return,87,
INV0006570,PROD0102,WH002,14-08-2025 12:57,Adjustment,7,
INV0006571,PROD0002,WH001,14-08-2025 13:16,Return,66,
INV0006572,PROD0087,WH003,14-08-2025 14:47,Purchase,24,SUP040
INV0006573,PROD0136,WH004,14-08-2025 16:14,Sale,5,
INV0006574,PROD0091,WH004,14-08-2025 16:57,Sale,51,
INV0006575,PROD0105,WH004,14-08-2025 17:16,Purchase,16,SUP026
INV0006576,PROD0149,WH001,14-08-2025 18:33,Purchase,44,SUP005
INV0006577,PROD0125,WH004,14-08-2025 18:58,Sale,73,
INV0006578,PROD0029,WH004,14-08-2025 20:18,Adjustment,60,
INV0006579,PROD0139,WH001,14-08-2025 20:43,Purchase,45,SUP005
INV0006580,PROD0026,WH002,14-08-2025 20:50,Sale,22,
INV0006581,PROD0132,WH004,14-08-2025 21:31,Sale,72,
INV0006582,PROD0138,WH003,14-08-2025 23:43,Purchase,37,SUP020
INV0006583,PROD0167,WH002,15-08-2025 00:26,Purchase,91,SUP032
INV0006584,PROD0197,WH003,15-08-2025 03:37,Sale,79,
INV0006585,PROD0022,WH001,15-08-2025 03:39,Purchase,74,SUP022
INV0006586,PROD0196,WH002,15-08-2025 05:14,Sale,61,
INV0006587,PROD0045,WH001,15-08-2025 08:26,Purchase,66,SUP022
INV0006588,PROD0004,WH004,15-08-2025 11:34,Purchase,51,SUP006
INV0006589,PROD0169,WH001,15-08-2025 12:29,Sale,85,
INV0006590,PROD0181,WH001,16-08-2025 03:34,Sale,81,
INV0006591,PROD0015,WH002,16-08-2025 04:00,Purchase,45,SUP034
INV0006592,PROD0092,WH002,16-08-2025 05:28,Sale,53,
INV0006593,PROD0197,WH004,16-08-2025 06:35,Sale,65,
INV0006594,PROD0143,WH003,16-08-2025 07:00,Sale,53,
INV0006595,PROD0091,WH003,16-08-2025 12:50,Sale,82,
INV0006596,PROD0156,WH003,16-08-2025 13:55,Sale,70,
INV0006597,PROD0071,WH003,16-08-2025 19:39,Adjustment,87,
INV0006598,PROD0058,WH001,17-08-2025 01:17,Purchase,60,SUP007
INV0006599,PROD0089,WH002,17-08-2025 03:03,Sale,38,
INV0006600,PROD0173,WH003,17-08-2025 04:08,Purchase,14,SUP028
INV0006601,PROD0058,WH003,17-08-2025 15:35,Purchase,34,SUP011
INV0006602,PROD0119,WH002,17-08-2025 17:29,Sale,85,
INV0006603,PROD0166,WH002,17-08-2025 21:49,Adjustment,22,
INV0006604,PROD0006,WH001,17-08-2025 22:26,Purchase,15,SUP037
INV0006605,PROD0124,WH004,17-08-2025 22:32,Sale,87,
INV0006606,PROD0178,WH002,18-08-2025 03:05,Sale,73,
INV0006607,PROD0058,WH002,18-08-2025 05:03,Sale,58,
INV0006608,PROD0032,WH002,18-08-2025 05:33,Return,85,
INV0006609,PROD0156,WH001,18-08-2025 08:46,Purchase,58,SUP020
INV0006610,PROD0068,WH002,18-08-2025 15:20,Sale,26,
INV0006611,PROD0142,WH002,18-08-2025 17:38,Purchase,25,SUP029
INV0006612,PROD0099,WH003,18-08-2025 19:07,Sale,39,
INV0006613,PROD0118,WH003,18-08-2025 20:30,Sale,36,
INV0006614,PROD0074,WH001,18-08-2025 20:34,Sale,24,
INV0006615,PROD0089,WH003,18-08-2025 22:03,Purchase,8,SUP040
INV0006616,PROD0010,WH001,19-08-2025 03:05,Purchase,2,SUP004
INV0006617,PROD0170,WH003,19-08-2025 07:48,Purchase,32,SUP004
INV0006618,PROD0068,WH002,19-08-2025 08:16,Purchase,71,SUP011
INV0006619,PROD0042,WH002,19-08-2025 09:04,Sale,98,
INV0006620,PROD0009,WH002,19-08-2025 17:59,Sale,17,
INV0006621,PROD0182,WH002,19-08-2025 18:50,Purchase,62,SUP017
INV0006622,PROD0145,WH002,19-08-2025 21:04,Sale,80,
INV0006623,PROD0120,WH002,20-08-2025 00:40,Sale,68,
INV0006624,PROD0108,WH004,20-08-2025 02:19,Purchase,67,SUP011
INV0006625,PROD0189,WH004,20-08-2025 12:06,Purchase,62,SUP001
INV0006626,PROD0144,WH002,20-08-2025 14:51,Sale,86,
INV0006627,PROD0188,WH002,20-08-2025 19:01,Adjustment,66,
INV0006628,PROD0101,WH003,20-08-2025 19:21,Purchase,100,SUP031
INV0006629,PROD0017,WH001,20-08-2025 20:18,Sale,91,
INV0006630,PROD0052,WH001,20-08-2025 22:08,Purchase,83,SUP029
INV0006631,PROD0067,WH002,21-08-2025 02:04,Purchase,93,SUP024
INV0006632,PROD0181,WH001,21-08-2025 03:42,Purchase,32,SUP037
INV0006633,PROD0132,WH001,21-08-2025 06:55,Purchase,5,SUP025
INV0006634,PROD0037,WH003,21-08-2025 09:22,Sale,25,
INV0006635,PROD0026,WH003,21-08-2025 12:20,Sale,27,
INV0006636,PROD0091,WH003,21-08-2025 13:54,Sale,72,
INV0006637,PROD0110,WH002,21-08-2025 14:59,Purchase,18,SUP024
INV0006638,PROD0085,WH002,21-08-2025 19:53,Sale,89,
INV0006639,PROD0069,WH002,21-08-2025 20:40,Purchase,91,SUP014
INV0006640,PROD0124,WH004,21-08-2025 21:26,Purchase,41,SUP020
INV0006641,PROD0200,WH002,22-08-2025 07:16,Purchase,80,SUP038
INV0006642,PROD0183,WH004,22-08-2025 11:36,Sale,44,
INV0006643,PROD0041,WH001,22-08-2025 12:04,Sale,93,
INV0006644,PROD0154,WH003,22-08-2025 13:20,Purchase,38,SUP003
INV0006645,PROD0023,WH001,22-08-2025 15:51,Purchase,4,SUP039
INV0006646,PROD0016,WH004,22-08-2025 19:55,Sale,4,
INV0006647,PROD0092,WH002,22-08-2025 20:11,Return,61,
INV0006648,PROD0056,WH002,22-08-2025 23:27,Purchase,60,SUP035
INV0006649,PROD0049,WH003,23-08-2025 08:22,Sale,5,
INV0006650,PROD0125,WH002,23-08-2025 13:03,Purchase,78,SUP023
INV0006651,PROD0162,WH001,23-08-2025 21:15,Purchase,18,SUP035
INV0006652,PROD0109,WH003,24-08-2025 00:04,Purchase,91,SUP011
INV0006653,PROD0004,WH001,24-08-2025 02:49,Sale,82,
INV0006654,PROD0200,WH004,24-08-2025 03:32,Purchase,70,SUP024
INV0006655,PROD0131,WH001,24-08-2025 03:42,Sale,63,
INV0006656,PROD0087,WH004,24-08-2025 03:58,Return,62,
INV0006657,PROD0082,WH003,24-08-2025 05:36,Purchase,54,SUP010
INV0006658,PROD0158,WH001,24-08-2025 10:10,Sale,12,
INV0006659,PROD0187,WH002,24-08-2025 17:55,Purchase,3,SUP014
INV0006660,PROD0014,WH001,24-08-2025 20:20,Sale,81,
INV0006661,PROD0183,WH002,24-08-2025 23:21,Sale,29,
INV0006662,PROD0088,WH004,25-08-2025 08:41,Purchase,98,SUP022
INV0006663,PROD0161,WH002,25-08-2025 10:41,Sale,36,
INV0006664,PROD0009,WH003,25-08-2025 11:02,Sale,52,
INV0006665,PROD0086,WH003,25-08-2025 12:44,Return,43,
INV0006666,PROD0115,WH004,25-08-2025 13:19,Purchase,50,SUP002
INV0006667,PROD0086,WH002,25-08-2025 15:10,Purchase,13,SUP031
INV0006668,PROD0013,WH001,25-08-2025 15:26,Purchase,10,SUP005
INV0006669,PROD0005,WH001,25-08-2025 17:49,Sale,25,
INV0006670,PROD0175,WH003,25-08-2025 23:58,Sale,33,
INV0006671,PROD0186,WH004,26-08-2025 00:29,Sale,68,
INV0006672,PROD0141,WH003,26-08-2025 01:36,Purchase,90,SUP027
INV0006673,PROD0196,WH004,26-08-2025 06:38,Purchase,63,SUP033
INV0006674,PROD0182,WH003,26-08-2025 07:03,Return,77,
INV0006675,PROD0043,WH003,26-08-2025 07:59,Sale,36,
INV0006676,PROD0113,WH001,26-08-2025 08:12,Return,61,
INV0006677,PROD0095,WH001,26-08-2025 10:15,Sale,36,
INV0006678,PROD0185,WH004,26-08-2025 10:51,Sale,9,
INV0006679,PROD0116,WH004,26-08-2025 17:19,Return,83,
INV0006680,PROD0026,WH004,26-08-2025 21:02,Sale,93,
INV0006681,PROD0108,WH002,26-08-2025 22:48,Sale,28,
INV0006682,PROD0102,WH001,27-08-2025 00:40,Purchase,47,SUP036
INV0006683,PROD0096,WH003,27-08-2025 18:03,Purchase,7,SUP006
INV0006684,PROD0072,WH001,27-08-2025 18:19,Sale,17,
INV0006685,PROD0122,WH003,27-08-2025 18:59,Purchase,33,SUP035
INV0006686,PROD0079,WH002,27-08-2025 20:46,Purchase,56,SUP009
INV0006687,PROD0158,WH003,27-08-2025 21:20,Purchase,16,SUP023
INV0006688,PROD0067,WH001,28-08-2025 04:39,Sale,80,
INV0006689,PROD0083,WH002,28-08-2025 07:12,Sale,29,
INV0006690,PROD0024,WH002,28-08-2025 11:59,Purchase,85,SUP037
INV0006691,PROD0015,WH001,28-08-2025 12:56,Adjustment,32,
INV0006692,PROD0081,WH003,29-08-2025 06:09,Sale,54,
INV0006693,PROD0056,WH002,29-08-2025 12:57,Purchase,20,SUP004
INV0006694,PROD0145,WH002,29-08-2025 13:43,Purchase,99,SUP018
INV0006695,PROD0024,WH001,29-08-2025 18:30,Return,30,
INV0006696,PROD0047,WH001,29-08-2025 19:12,Purchase,6,SUP038
INV0006697,PROD0121,WH003,29-08-2025 21:34,Purchase,64,SUP032
INV0006698,PROD0007,WH003,30-08-2025 00:05,Purchase,39,SUP014
INV0006699,PROD0102,WH001,30-08-2025 02:36,Purchase,57,SUP012
INV0006700,PROD0131,WH002,30-08-2025 05:47,Sale,82,
INV0006701,PROD0030,WH003,30-08-2025 17:49,Sale,7,
INV0006702,PROD0036,WH001,30-08-2025 20:21,Purchase,84,SUP022
INV0006703,PROD0068,WH004,30-08-2025 22:13,Purchase,30,SUP037
INV0006704,PROD0012,WH004,30-08-2025 23:46,Adjustment,26,
INV0006705,PROD0183,WH003,31-08-2025 08:19,Sale,46,
INV0006706,PROD0133,WH002,31-08-2025 12:08,Sale,45,
INV0006707,PROD0175,WH004,31-08-2025 15:57,Purchase,3,SUP033
INV0006708,PROD0072,WH003,31-08-2025 16:50,Adjustment,84,
INV0006709,PROD0118,WH002,31-08-2025 17:58,Sale,97,
INV0006710,PROD0089,WH004,01-09-2025 00:43,Purchase,41,SUP038
INV0006711,PROD0004,WH002,01-09-2025 10:16,Adjustment,24,
INV0006712,PROD0081,WH002,01-09-2025 11:13,Sale,21,
INV0006713,PROD0158,WH003,01-09-2025 12:02,Purchase,65,SUP031
INV0006714,PROD0023,WH004,01-09-2025 14:51,Purchase,39,SUP001
INV0006715,PROD0011,WH003,01-09-2025 16:23,Sale,12,
INV0006716,PROD0006,WH004,01-09-2025 21:18,Sale,95,
INV0006717,PROD0184,WH002,02-09-2025 01:01,Sale,39,
INV0006718,PROD0097,WH002,02-09-2025 06:47,Sale,92,
INV0006719,PROD0117,WH001,02-09-2025 13:45,Adjustment,3,
INV0006720,PROD0128,WH004,02-09-2025 13:48,Purchase,63,SUP018
INV0006721,PROD0051,WH003,02-09-2025 14:21,Purchase,14,SUP039
INV0006722,PROD0114,WH002,02-09-2025 16:40,Sale,12,
INV0006723,PROD0020,WH001,02-09-2025 17:41,Purchase,13,SUP020
INV0006724,PROD0047,WH003,02-09-2025 17:54,Purchase,40,SUP030
INV0006725,PROD0148,WH002,03-09-2025 02:15,Return,63,
INV0006726,PROD0163,WH002,03-09-2025 08:16,Purchase,79,SUP033
INV0006727,PROD0027,WH001,03-09-2025 09:22,Purchase,3,SUP013
INV0006728,PROD0052,WH003,03-09-2025 12:49,Purchase,62,SUP032
INV0006729,PROD0094,WH002,03-09-2025 12:53,Sale,33,
INV0006730,PROD0126,WH004,03-09-2025 15:20,Purchase,2,SUP007
INV0006731,PROD0005,WH002,04-09-2025 04:21,Sale,19,
INV0006732,PROD0127,WH001,04-09-2025 08:33,Purchase,95,SUP019
INV0006733,PROD0183,WH003,04-09-2025 09:07,Purchase,68,SUP013
INV0006734,PROD0174,WH003,04-09-2025 14:32,Return,75,
INV0006735,PROD0155,WH003,04-09-2025 21:53,Sale,4,
INV0006736,PROD0123,WH001,05-09-2025 02:20,Sale,100,
INV0006737,PROD0032,WH004,05-09-2025 02:30,Return,63,
INV0006738,PROD0119,WH003,05-09-2025 04:48,Purchase,63,SUP034
INV0006739,PROD0128,WH004,05-09-2025 06:33,Sale,59,
INV0006740,PROD0046,WH001,05-09-2025 20:24,Sale,62,
INV0006741,PROD0096,WH001,06-09-2025 03:47,Sale,12,
INV0006742,PROD0103,WH001,06-09-2025 06:16,Purchase,88,SUP017
INV0006743,PROD0018,WH004,06-09-2025 08:47,Purchase,70,SUP030
INV0006744,PROD0035,WH003,06-09-2025 15:21,Sale,16,
INV0006745,PROD0094,WH002,06-09-2025 19:24,Purchase,22,SUP008
INV0006746,PROD0172,WH001,06-09-2025 19:48,Purchase,61,SUP016
INV0006747,PROD0075,WH001,06-09-2025 21:16,Purchase,10,SUP029
INV0006748,PROD0169,WH001,06-09-2025 23:18,Sale,87,
INV0006749,PROD0047,WH003,07-09-2025 02:36,Return,7,
INV0006750,PROD0040,WH002,07-09-2025 06:35,Sale,79,
INV0006751,PROD0188,WH002,07-09-2025 06:44,Sale,98,
INV0006752,PROD0093,WH004,07-09-2025 16:19,Purchase,38,SUP001
INV0006753,PROD0046,WH002,07-09-2025 21:36,Purchase,29,SUP024
INV0006754,PROD0146,WH002,08-09-2025 01:01,Purchase,97,SUP016
INV0006755,PROD0134,WH003,08-09-2025 04:39,Sale,86,
INV0006756,PROD0021,WH003,08-09-2025 06:52,Sale,16,
INV0006757,PROD0195,WH003,08-09-2025 07:55,Purchase,53,SUP021
INV0006758,PROD0024,WH003,08-09-2025 17:35,Sale,41,
INV0006759,PROD0005,WH002,08-09-2025 19:43,Sale,86,
INV0006760,PROD0170,WH002,08-09-2025 20:11,Sale,76,
INV0006761,PROD0028,WH002,08-09-2025 20:31,Adjustment,81,
INV0006762,PROD0096,WH001,08-09-2025 23:44,Purchase,43,SUP002
INV0006763,PROD0141,WH004,09-09-2025 02:19,Sale,27,
INV0006764,PROD0147,WH003,09-09-2025 03:47,Purchase,47,SUP006
INV0006765,PROD0110,WH003,09-09-2025 04:01,Purchase,49,SUP004
INV0006766,PROD0035,WH004,09-09-2025 04:35,Purchase,85,SUP016
INV0006767,PROD0163,WH003,10-09-2025 00:21,Purchase,23,SUP037
INV0006768,PROD0134,WH001,10-09-2025 11:29,Purchase,70,SUP011
INV0006769,PROD0096,WH004,10-09-2025 11:43,Return,37,
INV0006770,PROD0123,WH001,10-09-2025 13:00,Sale,94,
INV0006771,PROD0184,WH004,10-09-2025 18:09,Sale,98,
INV0006772,PROD0138,WH001,11-09-2025 01:04,Sale,8,
INV0006773,PROD0043,WH001,11-09-2025 01:36,Return,40,
INV0006774,PROD0170,WH004,11-09-2025 03:19,Purchase,78,SUP010
INV0006775,PROD0098,WH002,11-09-2025 04:14,Purchase,13,SUP014
INV0006776,PROD0187,WH003,11-09-2025 06:55,Sale,25,
INV0006777,PROD0172,WH004,11-09-2025 07:17,Sale,53,
INV0006778,PROD0196,WH002,11-09-2025 08:30,Purchase,52,SUP010
INV0006779,PROD0028,WH001,11-09-2025 08:51,Sale,72,
INV0006780,PROD0191,WH002,11-09-2025 18:48,Sale,92,
INV0006781,PROD0116,WH001,11-09-2025 21:49,Adjustment,34,
INV0006782,PROD0164,WH002,12-09-2025 03:10,Sale,37,
INV0006783,PROD0082,WH002,12-09-2025 07:29,Adjustment,47,
INV0006784,PROD0136,WH003,12-09-2025 10:29,Purchase,87,SUP007
INV0006785,PROD0118,WH004,12-09-2025 14:14,Purchase,82,SUP008
INV0006786,PROD0051,WH004,12-09-2025 16:01,Sale,11,
INV0006787,PROD0031,WH002,12-09-2025 18:38,Sale,31,
INV0006788,PROD0161,WH002,12-09-2025 18:53,Sale,90,
INV0006789,PROD0116,WH001,12-09-2025 21:43,Purchase,87,SUP004
INV0006790,PROD0156,WH003,13-09-2025 00:58,Purchase,72,SUP009
INV0006791,PROD0118,WH001,13-09-2025 03:31,Sale,78,
INV0006792,PROD0038,WH004,13-09-2025 04:27,Purchase,28,SUP034
INV0006793,PROD0118,WH003,13-09-2025 05:46,Purchase,76,SUP030
INV0006794,PROD0001,WH004,13-09-2025 06:43,Sale,62,
INV0006795,PROD0036,WH002,13-09-2025 08:55,Sale,88,
INV0006796,PROD0116,WH004,13-09-2025 12:08,Sale,11,
INV0006797,PROD0079,WH003,13-09-2025 14:29,Sale,62,
INV0006798,PROD0157,WH002,13-09-2025 17:16,Purchase,63,SUP023
INV0006799,PROD0091,WH004,14-09-2025 02:13,Sale,45,
INV0006800,PROD0136,WH003,14-09-2025 02:25,Adjustment,34,
INV0006801,PROD0132,WH001,14-09-2025 08:19,Purchase,87,SUP036
INV0006802,PROD0012,WH001,14-09-2025 13:10,Purchase,99,SUP026
INV0006803,PROD0190,WH002,14-09-2025 14:42,Sale,60,
INV0006804,PROD0084,WH002,14-09-2025 16:07,Sale,74,
INV0006805,PROD0017,WH003,14-09-2025 17:41,Sale,31,
INV0006806,PROD0134,WH004,14-09-2025 18:56,Sale,16,
INV0006807,PROD0190,WH003,14-09-2025 19:13,Sale,23,
INV0006808,PROD0172,WH002,14-09-2025 19:57,Sale,20,
INV0006809,PROD0172,WH002,15-09-2025 07:47,Sale,37,
INV0006810,PROD0040,WH001,15-09-2025 09:11,Sale,89,
INV0006811,PROD0078,WH002,15-09-2025 11:06,Purchase,76,SUP007
INV0006812,PROD0105,WH004,15-09-2025 16:26,Sale,46,
INV0006813,PROD0112,WH001,15-09-2025 18:27,Sale,22,
INV0006814,PROD0020,WH001,15-09-2025 20:50,Adjustment,96,
INV0006815,PROD0053,WH001,15-09-2025 22:55,Purchase,67,SUP002
INV0006816,PROD0040,WH003,16-09-2025 09:38,Purchase,95,SUP032
INV0006817,PROD0100,WH004,16-09-2025 11:00,Purchase,43,SUP033
INV0006818,PROD0050,WH003,16-09-2025 11:01,Purchase,57,SUP015
INV0006819,PROD0164,WH003,16-09-2025 15:39,Return,17,
INV0006820,PROD0101,WH003,16-09-2025 16:55,Sale,21,
INV0006821,PROD0002,WH002,17-09-2025 00:30,Sale,65,
INV0006822,PROD0160,WH004,17-09-2025 02:33,Sale,62,
INV0006823,PROD0179,WH002,17-09-2025 03:07,Purchase,98,SUP023
INV0006824,PROD0061,WH004,17-09-2025 06:44,Purchase,99,SUP008
INV0006825,PROD0107,WH004,17-09-2025 09:19,Purchase,4,SUP032
INV0006826,PROD0044,WH002,17-09-2025 11:01,Adjustment,88,
INV0006827,PROD0123,WH002,17-09-2025 12:03,Purchase,64,SUP028
INV0006828,PROD0103,WH003,17-09-2025 21:46,Purchase,24,SUP017
INV0006829,PROD0096,WH002,18-09-2025 06:59,Adjustment,16,
INV0006830,PROD0037,WH004,18-09-2025 07:14,Sale,90,
INV0006831,PROD0049,WH001,18-09-2025 07:30,Sale,4,
INV0006832,PROD0028,WH003,19-09-2025 04:51,Purchase,53,SUP029
INV0006833,PROD0076,WH004,19-09-2025 05:20,Purchase,20,SUP028
INV0006834,PROD0001,WH002,19-09-2025 07:23,Purchase,97,SUP001
INV0006835,PROD0101,WH004,19-09-2025 11:16,Return,15,
INV0006836,PROD0072,WH004,19-09-2025 14:10,Adjustment,68,
INV0006837,PROD0086,WH004,19-09-2025 17:05,Sale,28,
INV0006838,PROD0157,WH001,19-09-2025 17:44,Return,30,
INV0006839,PROD0117,WH001,19-09-2025 19:05,Sale,63,
INV0006840,PROD0192,WH003,19-09-2025 21:05,Purchase,29,SUP020
INV0006841,PROD0007,WH003,20-09-2025 00:37,Sale,90,
INV0006842,PROD0010,WH003,20-09-2025 02:24,Return,50,
INV0006843,PROD0143,WH003,20-09-2025 09:37,Return,8,
INV0006844,PROD0166,WH001,20-09-2025 10:36,Purchase,52,SUP020
INV0006845,PROD0110,WH002,20-09-2025 13:53,Adjustment,24,
INV0006846,PROD0074,WH002,20-09-2025 14:22,Sale,92,
INV0006847,PROD0183,WH004,20-09-2025 21:32,Sale,3,
INV0006848,PROD0055,WH004,20-09-2025 21:54,Sale,13,
INV0006849,PROD0099,WH004,20-09-2025 22:31,Purchase,50,SUP025
INV0006850,PROD0196,WH004,20-09-2025 23:09,Sale,28,
INV0006851,PROD0008,WH001,20-09-2025 23:49,Sale,37,
INV0006852,PROD0161,WH004,21-09-2025 03:43,Adjustment,22,
INV0006853,PROD0163,WH001,21-09-2025 04:03,Adjustment,92,
INV0006854,PROD0100,WH001,21-09-2025 06:27,Purchase,1,SUP038
INV0006855,PROD0189,WH001,21-09-2025 10:58,Purchase,13,SUP003
INV0006856,PROD0035,WH001,21-09-2025 13:42,Purchase,96,SUP009
INV0006857,PROD0123,WH004,21-09-2025 15:20,Purchase,50,SUP031
INV0006858,PROD0175,WH002,21-09-2025 19:38,Sale,94,
INV0006859,PROD0077,WH004,21-09-2025 20:04,Sale,84,
INV0006860,PROD0053,WH003,21-09-2025 21:14,Purchase,31,SUP003
INV0006861,PROD0110,WH003,22-09-2025 00:06,Purchase,73,SUP032
INV0006862,PROD0111,WH001,22-09-2025 02:58,Sale,15,
INV0006863,PROD0174,WH001,22-09-2025 10:38,Sale,62,
INV0006864,PROD0070,WH001,22-09-2025 14:21,Sale,35,
INV0006865,PROD0017,WH003,22-09-2025 15:26,Purchase,69,SUP005
INV0006866,PROD0167,WH004,22-09-2025 19:40,Sale,15,
INV0006867,PROD0012,WH002,22-09-2025 21:30,Adjustment,84,
INV0006868,PROD0037,WH003,22-09-2025 21:53,Adjustment,27,
INV0006869,PROD0167,WH004,23-09-2025 06:38,Adjustment,47,
INV0006870,PROD0147,WH001,23-09-2025 07:01,Return,85,
INV0006871,PROD0034,WH004,23-09-2025 07:02,Sale,48,
INV0006872,PROD0024,WH003,23-09-2025 08:08,Return,54,
INV0006873,PROD0141,WH001,23-09-2025 08:26,Adjustment,12,
INV0006874,PROD0126,WH002,23-09-2025 10:35,Sale,72,
INV0006875,PROD0183,WH002,23-09-2025 14:05,Purchase,97,SUP023
INV0006876,PROD0098,WH004,23-09-2025 16:22,Purchase,74,SUP037
INV0006877,PROD0049,WH001,23-09-2025 21:05,Sale,92,
INV0006878,PROD0011,WH004,23-09-2025 21:19,Sale,99,
INV0006879,PROD0188,WH003,24-09-2025 01:29,Sale,67,
INV0006880,PROD0021,WH001,24-09-2025 07:17,Purchase,87,SUP028
INV0006881,PROD0162,WH001,24-09-2025 10:59,Purchase,52,SUP015
INV0006882,PROD0125,WH001,24-09-2025 11:22,Adjustment,36,
INV0006883,PROD0137,WH003,24-09-2025 13:47,Purchase,58,SUP007
INV0006884,PROD0124,WH004,24-09-2025 14:39,Return,86,
INV0006885,PROD0107,WH002,24-09-2025 15:06,Sale,18,
INV0006886,PROD0135,WH002,24-09-2025 16:34,Purchase,63,SUP020
INV0006887,PROD0045,WH003,25-09-2025 13:06,Sale,70,
INV0006888,PROD0191,WH001,25-09-2025 18:44,Sale,72,
INV0006889,PROD0117,WH004,26-09-2025 01:16,Sale,73,
INV0006890,PROD0041,WH002,26-09-2025 02:47,Adjustment,66,
INV0006891,PROD0010,WH002,26-09-2025 04:32,Adjustment,62,
INV0006892,PROD0148,WH001,26-09-2025 04:36,Sale,93,
INV0006893,PROD0083,WH004,26-09-2025 06:39,Sale,1,
INV0006894,PROD0159,WH003,26-09-2025 07:05,Purchase,46,SUP004
INV0006895,PROD0129,WH004,26-09-2025 10:32,Sale,8,
INV0006896,PROD0190,WH004,26-09-2025 12:56,Sale,89,
INV0006897,PROD0178,WH001,26-09-2025 16:07,Purchase,15,SUP035
INV0006898,PROD0150,WH003,26-09-2025 18:40,Sale,78,
INV0006899,PROD0039,WH001,26-09-2025 19:12,Sale,72,
INV0006900,PROD0139,WH003,27-09-2025 00:29,Sale,33,
INV0006901,PROD0009,WH001,27-09-2025 01:35,Sale,43,
INV0006902,PROD0038,WH001,27-09-2025 04:30,Sale,21,
INV0006903,PROD0001,WH003,27-09-2025 06:42,Purchase,82,SUP005
INV0006904,PROD0178,WH001,27-09-2025 14:33,Purchase,71,SUP004
INV0006905,PROD0164,WH003,27-09-2025 16:23,Sale,97,
INV0006906,PROD0070,WH001,27-09-2025 16:46,Sale,61,
INV0006907,PROD0073,WH003,27-09-2025 19:54,Adjustment,52,
INV0006908,PROD0063,WH004,27-09-2025 20:23,Adjustment,93,
INV0006909,PROD0024,WH003,27-09-2025 21:00,Adjustment,32,
INV0006910,PROD0061,WH001,27-09-2025 22:45,Sale,89,
INV0006911,PROD0161,WH002,27-09-2025 23:56,Adjustment,58,
INV0006912,PROD0022,WH001,28-09-2025 05:59,Purchase,79,SUP010
INV0006913,PROD0020,WH002,28-09-2025 10:49,Sale,33,
INV0006914,PROD0048,WH002,28-09-2025 11:47,Adjustment,49,
INV0006915,PROD0112,WH001,28-09-2025 18:38,Purchase,40,SUP028
INV0006916,PROD0181,WH002,28-09-2025 19:41,Sale,77,
INV0006917,PROD0130,WH004,28-09-2025 20:50,Sale,7,
INV0006918,PROD0064,WH003,28-09-2025 22:11,Purchase,95,SUP008
INV0006919,PROD0181,WH001,28-09-2025 22:46,Purchase,34,SUP014
INV0006920,PROD0098,WH001,28-09-2025 22:48,Purchase,41,SUP026
INV0006921,PROD0087,WH002,29-09-2025 02:20,Sale,98,
INV0006922,PROD0192,WH001,29-09-2025 03:53,Sale,11,
INV0006923,PROD0136,WH003,29-09-2025 05:50,Adjustment,75,
INV0006924,PROD0113,WH002,29-09-2025 06:07,Sale,10,
INV0006925,PROD0003,WH004,29-09-2025 06:30,Sale,94,
INV0006926,PROD0048,WH004,29-09-2025 06:39,Sale,29,
INV0006927,PROD0104,WH003,29-09-2025 18:21,Purchase,32,SUP019
INV0006928,PROD0120,WH004,29-09-2025 21:16,Sale,77,
INV0006929,PROD0089,WH003,30-09-2025 00:49,Purchase,23,SUP004
INV0006930,PROD0091,WH003,30-09-2025 02:17,Return,10,
INV0006931,PROD0060,WH004,30-09-2025 04:15,Sale,8,
INV0006932,PROD0002,WH004,30-09-2025 07:38,Sale,92,
INV0006933,PROD0184,WH002,30-09-2025 11:34,Adjustment,56,
INV0006934,PROD0024,WH003,30-09-2025 14:24,Purchase,96,SUP037
INV0006935,PROD0132,WH004,30-09-2025 16:42,Purchase,82,SUP002
INV0006936,PROD0132,WH001,30-09-2025 18:22,Purchase,37,SUP037
INV0006937,PROD0114,WH004,30-09-2025 19:30,Sale,98,
INV0006938,PROD0138,WH003,30-09-2025 20:09,Purchase,81,SUP002
INV0006939,PROD0027,WH001,30-09-2025 21:35,Purchase,21,SUP039
INV0006940,PROD0074,WH003,30-09-2025 21:41,Sale,16,
INV0006941,PROD0137,WH003,01-10-2025 00:45,Sale,8,
INV0006942,PROD0117,WH003,01-10-2025 02:30,Purchase,6,SUP020
INV0006943,PROD0092,WH004,01-10-2025 04:07,Sale,45,
INV0006944,PROD0049,WH002,01-10-2025 07:08,Sale,43,
INV0006945,PROD0141,WH002,01-10-2025 11:44,Sale,40,
INV0006946,PROD0003,WH001,01-10-2025 19:01,Sale,7,
INV0006947,PROD0148,WH002,01-10-2025 22:44,Sale,62,
INV0006948,PROD0162,WH003,02-10-2025 05:08,Purchase,6,SUP006
INV0006949,PROD0165,WH002,02-10-2025 11:22,Sale,58,
INV0006950,PROD0108,WH001,02-10-2025 19:14,Sale,12,
INV0006951,PROD0090,WH004,03-10-2025 08:45,Purchase,58,SUP026
INV0006952,PROD0036,WH002,03-10-2025 09:51,Purchase,30,SUP035
INV0006953,PROD0176,WH003,03-10-2025 10:44,Sale,97,
INV0006954,PROD0144,WH004,03-10-2025 22:13,Sale,15,
INV0006955,PROD0074,WH002,03-10-2025 22:27,Adjustment,81,
INV0006956,PROD0074,WH001,03-10-2025 22:39,Sale,59,
INV0006957,PROD0133,WH003,04-10-2025 03:20,Purchase,50,SUP040
INV0006958,PROD0042,WH001,04-10-2025 04:58,Purchase,84,SUP035
INV0006959,PROD0072,WH003,04-10-2025 05:32,Purchase,20,SUP026
INV0006960,PROD0123,WH004,04-10-2025 05:39,Sale,86,
INV0006961,PROD0179,WH002,04-10-2025 11:46,Purchase,84,SUP040
INV0006962,PROD0179,WH002,04-10-2025 12:53,Purchase,88,SUP038
INV0006963,PROD0085,WH001,04-10-2025 13:17,Sale,6,
INV0006964,PROD0108,WH002,04-10-2025 19:36,Sale,55,
INV0006965,PROD0042,WH001,05-10-2025 01:10,Purchase,37,SUP033
INV0006966,PROD0034,WH003,05-10-2025 04:37,Purchase,25,SUP018
INV0006967,PROD0197,WH002,05-10-2025 06:05,Sale,33,
INV0006968,PROD0007,WH003,05-10-2025 19:41,Purchase,57,SUP001
INV0006969,PROD0061,WH003,06-10-2025 01:12,Purchase,4,SUP010
INV0006970,PROD0126,WH001,06-10-2025 02:43,Purchase,64,SUP002
INV0006971,PROD0182,WH004,06-10-2025 12:15,Sale,35,
INV0006972,PROD0150,WH002,06-10-2025 13:18,Sale,73,
INV0006973,PROD0168,WH004,06-10-2025 13:54,Sale,21,
INV0006974,PROD0005,WH004,06-10-2025 13:59,Sale,72,
INV0006975,PROD0108,WH002,06-10-2025 16:19,Sale,64,
INV0006976,PROD0078,WH004,07-10-2025 03:25,Sale,20,
INV0006977,PROD0057,WH003,07-10-2025 04:35,Purchase,30,SUP035
INV0006978,PROD0113,WH003,07-10-2025 09:09,Purchase,26,SUP032
INV0006979,PROD0014,WH002,07-10-2025 09:20,Sale,93,
INV0006980,PROD0058,WH001,07-10-2025 16:48,Purchase,66,SUP030
INV0006981,PROD0051,WH001,07-10-2025 16:53,Purchase,74,SUP013
INV0006982,PROD0070,WH001,08-10-2025 05:35,Purchase,9,SUP010
INV0006983,PROD0178,WH001,08-10-2025 13:22,Purchase,13,SUP031
INV0006984,PROD0126,WH003,08-10-2025 17:34,Adjustment,100,
INV0006985,PROD0057,WH004,08-10-2025 19:16,Sale,78,
INV0006986,PROD0172,WH001,08-10-2025 23:28,Purchase,80,SUP005
INV0006987,PROD0047,WH001,09-10-2025 04:00,Sale,93,
INV0006988,PROD0192,WH002,09-10-2025 05:23,Purchase,85,SUP010
INV0006989,PROD0012,WH001,09-10-2025 08:13,Return,5,
INV0006990,PROD0181,WH004,09-10-2025 13:07,Adjustment,31,
INV0006991,PROD0104,WH002,09-10-2025 13:15,Sale,41,
INV0006992,PROD0048,WH004,09-10-2025 13:28,Purchase,16,SUP033
INV0006993,PROD0109,WH002,09-10-2025 21:00,Adjustment,90,
INV0006994,PROD0159,WH002,09-10-2025 21:04,Purchase,94,SUP007
INV0006995,PROD0138,WH001,10-10-2025 01:10,Purchase,16,SUP004
INV0006996,PROD0198,WH002,10-10-2025 04:31,Sale,77,
INV0006997,PROD0174,WH002,10-10-2025 05:32,Sale,82,
INV0006998,PROD0054,WH001,10-10-2025 07:17,Purchase,3,SUP015
INV0006999,PROD0022,WH004,10-10-2025 13:48,Sale,13,
INV0007000,PROD0140,WH001,10-10-2025 14:30,Adjustment,95,
INV0007001,PROD0075,WH002,10-10-2025 18:44,Return,26,
INV0007002,PROD0114,WH001,10-10-2025 19:47,Purchase,81,SUP014
INV0007003,PROD0124,WH003,11-10-2025 00:06,Purchase,66,SUP040
INV0007004,PROD0018,WH003,11-10-2025 02:20,Adjustment,54,
INV0007005,PROD0039,WH004,11-10-2025 04:22,Sale,3,
INV0007006,PROD0169,WH001,11-10-2025 08:31,Return,58,
INV0007007,PROD0055,WH003,11-10-2025 08:51,Purchase,79,SUP006
INV0007008,PROD0076,WH004,11-10-2025 13:14,Purchase,28,SUP016
INV0007009,PROD0160,WH003,11-10-2025 13:31,Purchase,68,SUP005
INV0007010,PROD0046,WH004,11-10-2025 16:18,Purchase,41,SUP026
INV0007011,PROD0007,WH004,11-10-2025 18:56,Return,95,
INV0007012,PROD0099,WH001,12-10-2025 01:28,Purchase,51,SUP034
INV0007013,PROD0179,WH001,12-10-2025 04:20,Sale,1,
INV0007014,PROD0108,WH001,12-10-2025 06:37,Sale,16,
INV0007015,PROD0157,WH004,12-10-2025 06:47,Sale,20,
INV0007016,PROD0111,WH001,12-10-2025 09:38,Sale,36,
INV0007017,PROD0065,WH001,12-10-2025 12:09,Sale,42,
INV0007018,PROD0175,WH003,12-10-2025 14:23,Purchase,51,SUP010
INV0007019,PROD0070,WH001,12-10-2025 20:04,Sale,72,
INV0007020,PROD0051,WH003,12-10-2025 22:34,Purchase,74,SUP035
INV0007021,PROD0049,WH002,13-10-2025 05:31,Purchase,49,SUP005
INV0007022,PROD0051,WH004,13-10-2025 06:35,Sale,55,
INV0007023,PROD0002,WH004,13-10-2025 11:35,Purchase,11,SUP034
INV0007024,PROD0174,WH003,13-10-2025 16:35,Purchase,80,SUP040
INV0007025,PROD0142,WH002,13-10-2025 22:30,Sale,6,
INV0007026,PROD0014,WH001,14-10-2025 02:58,Sale,98,
INV0007027,PROD0160,WH001,14-10-2025 08:56,Sale,35,
INV0007028,PROD0159,WH001,14-10-2025 09:57,Sale,46,
INV0007029,PROD0037,WH001,14-10-2025 22:30,Sale,16,
INV0007030,PROD0055,WH002,15-10-2025 01:17,Sale,32,
INV0007031,PROD0080,WH002,15-10-2025 06:19,Sale,18,
INV0007032,PROD0124,WH001,15-10-2025 09:17,Sale,34,
INV0007033,PROD0091,WH004,15-10-2025 09:24,Sale,30,
INV0007034,PROD0052,WH004,15-10-2025 11:21,Adjustment,73,
INV0007035,PROD0018,WH003,15-10-2025 17:11,Sale,59,
INV0007036,PROD0189,WH004,15-10-2025 23:08,Sale,76,
INV0007037,PROD0058,WH003,16-10-2025 03:31,Purchase,79,SUP017
INV0007038,PROD0158,WH002,16-10-2025 03:39,Purchase,87,SUP040
INV0007039,PROD0058,WH001,16-10-2025 15:38,Purchase,21,SUP007
INV0007040,PROD0195,WH003,16-10-2025 16:08,Sale,36,
INV0007041,PROD0172,WH004,16-10-2025 19:41,Purchase,44,SUP005
INV0007042,PROD0045,WH004,16-10-2025 20:56,Purchase,44,SUP024
INV0007043,PROD0022,WH001,16-10-2025 23:22,Purchase,73,SUP034
INV0007044,PROD0148,WH001,17-10-2025 12:55,Adjustment,4,
INV0007045,PROD0048,WH001,17-10-2025 13:23,Purchase,86,SUP006
INV0007046,PROD0120,WH001,17-10-2025 15:27,Sale,57,
INV0007047,PROD0091,WH002,17-10-2025 15:32,Adjustment,21,
INV0007048,PROD0099,WH003,17-10-2025 17:53,Purchase,34,SUP004
INV0007049,PROD0028,WH002,17-10-2025 21:06,Purchase,85,SUP026
INV0007050,PROD0017,WH003,17-10-2025 21:09,Sale,60,
INV0007051,PROD0041,WH004,17-10-2025 23:07,Sale,44,
INV0007052,PROD0117,WH001,17-10-2025 23:51,Return,90,
INV0007053,PROD0191,WH003,18-10-2025 02:47,Sale,65,
INV0007054,PROD0053,WH003,18-10-2025 04:00,Purchase,16,SUP026
INV0007055,PROD0174,WH002,18-10-2025 04:15,Purchase,47,SUP006
INV0007056,PROD0116,WH003,18-10-2025 14:04,Sale,99,
INV0007057,PROD0026,WH003,19-10-2025 00:15,Purchase,75,SUP018
INV0007058,PROD0125,WH002,19-10-2025 01:12,Purchase,66,SUP032
INV0007059,PROD0055,WH003,19-10-2025 11:24,Sale,73,
INV0007060,PROD0102,WH002,19-10-2025 15:12,Sale,45,
INV0007061,PROD0175,WH001,19-10-2025 15:22,Purchase,52,SUP020
INV0007062,PROD0169,WH004,19-10-2025 22:41,Sale,8,
INV0007063,PROD0071,WH002,20-10-2025 00:14,Adjustment,96,
INV0007064,PROD0057,WH003,20-10-2025 01:49,Sale,17,
INV0007065,PROD0089,WH001,20-10-2025 07:20,Sale,91,
INV0007066,PROD0123,WH003,20-10-2025 11:14,Sale,91,
INV0007067,PROD0037,WH004,20-10-2025 18:35,Sale,34,
INV0007068,PROD0180,WH002,21-10-2025 00:13,Sale,98,
INV0007069,PROD0110,WH004,21-10-2025 08:46,Purchase,12,SUP022
INV0007070,PROD0046,WH002,21-10-2025 10:44,Sale,10,
INV0007071,PROD0030,WH004,21-10-2025 13:29,Sale,15,
INV0007072,PROD0124,WH001,21-10-2025 19:30,Return,90,
INV0007073,PROD0105,WH003,21-10-2025 21:55,Sale,26,
INV0007074,PROD0047,WH004,21-10-2025 23:20,Purchase,100,SUP022
INV0007075,PROD0184,WH002,21-10-2025 23:56,Sale,66,
INV0007076,PROD0120,WH003,22-10-2025 01:13,Sale,28,
INV0007077,PROD0096,WH003,22-10-2025 02:47,Sale,19,
INV0007078,PROD0058,WH002,22-10-2025 05:26,Purchase,75,SUP017
INV0007079,PROD0165,WH004,22-10-2025 08:30,Purchase,57,SUP039
INV0007080,PROD0174,WH001,22-10-2025 10:54,Sale,15,
INV0007081,PROD0115,WH003,22-10-2025 13:37,Purchase,75,SUP025
INV0007082,PROD0190,WH001,22-10-2025 14:53,Sale,88,
INV0007083,PROD0074,WH004,22-10-2025 15:12,Return,21,
INV0007084,PROD0012,WH002,22-10-2025 18:23,Purchase,53,SUP016
INV0007085,PROD0189,WH001,23-10-2025 02:17,Sale,31,
INV0007086,PROD0140,WH001,23-10-2025 08:07,Sale,24,
INV0007087,PROD0200,WH003,23-10-2025 08:32,Purchase,5,SUP007
INV0007088,PROD0149,WH003,23-10-2025 09:34,Purchase,99,SUP002
INV0007089,PROD0066,WH004,23-10-2025 19:32,Sale,12,
INV0007090,PROD0138,WH004,23-10-2025 23:21,Adjustment,36,
INV0007091,PROD0198,WH003,24-10-2025 02:33,Sale,38,
INV0007092,PROD0090,WH001,24-10-2025 06:09,Return,80,
INV0007093,PROD0197,WH002,24-10-2025 06:30,Adjustment,28,
INV0007094,PROD0074,WH003,24-10-2025 14:47,Sale,92,
INV0007095,PROD0064,WH002,24-10-2025 17:27,Purchase,22,SUP036
INV0007096,PROD0078,WH002,25-10-2025 00:26,Purchase,80,SUP037
INV0007097,PROD0092,WH001,25-10-2025 03:20,Sale,33,
INV0007098,PROD0187,WH003,25-10-2025 05:19,Sale,14,
INV0007099,PROD0009,WH004,25-10-2025 06:41,Purchase,11,SUP001
INV0007100,PROD0031,WH004,25-10-2025 12:11,Sale,64,
INV0007101,PROD0004,WH003,25-10-2025 17:00,Purchase,73,SUP032
INV0007102,PROD0113,WH001,25-10-2025 21:19,Sale,64,
INV0007103,PROD0032,WH004,26-10-2025 08:13,Purchase,60,SUP038
INV0007104,PROD0194,WH002,26-10-2025 12:38,Sale,53,
INV0007105,PROD0054,WH001,26-10-2025 14:30,Sale,27,
INV0007106,PROD0076,WH001,26-10-2025 16:29,Sale,78,
INV0007107,PROD0179,WH001,26-10-2025 18:58,Purchase,14,SUP028
INV0007108,PROD0133,WH001,26-10-2025 19:43,Sale,16,
INV0007109,PROD0066,WH003,26-10-2025 20:21,Purchase,5,SUP008
INV0007110,PROD0188,WH003,27-10-2025 03:17,Sale,65,
INV0007111,PROD0144,WH001,27-10-2025 05:55,Purchase,68,SUP022
INV0007112,PROD0005,WH003,27-10-2025 06:22,Return,84,
INV0007113,PROD0190,WH003,27-10-2025 08:44,Purchase,22,SUP018
INV0007114,PROD0006,WH004,27-10-2025 08:46,Purchase,57,SUP005
INV0007115,PROD0106,WH002,27-10-2025 08:49,Sale,44,
INV0007116,PROD0021,WH001,27-10-2025 12:03,Purchase,98,SUP002
INV0007117,PROD0168,WH001,27-10-2025 15:01,Sale,60,
INV0007118,PROD0165,WH002,27-10-2025 17:37,Adjustment,66,
INV0007119,PROD0084,WH002,27-10-2025 19:31,Sale,36,
INV0007120,PROD0067,WH002,27-10-2025 22:34,Sale,74,
INV0007121,PROD0052,WH004,27-10-2025 23:45,Purchase,4,SUP010
INV0007122,PROD0186,WH003,27-10-2025 23:54,Sale,88,
INV0007123,PROD0155,WH003,28-10-2025 04:40,Return,53,
INV0007124,PROD0023,WH004,28-10-2025 06:28,Purchase,59,SUP011
INV0007125,PROD0129,WH003,28-10-2025 12:15,Sale,94,
INV0007126,PROD0187,WH001,28-10-2025 17:41,Return,17,
INV0007127,PROD0133,WH004,28-10-2025 23:38,Sale,13,
INV0007128,PROD0066,WH003,29-10-2025 05:16,Purchase,64,SUP017
INV0007129,PROD0067,WH004,29-10-2025 08:43,Purchase,38,SUP022
INV0007130,PROD0176,WH003,29-10-2025 09:48,Return,58,
INV0007131,PROD0100,WH003,29-10-2025 11:00,Sale,32,
INV0007132,PROD0057,WH001,29-10-2025 17:46,Sale,41,
INV0007133,PROD0078,WH002,30-10-2025 00:28,Purchase,25,SUP022
INV0007134,PROD0054,WH001,30-10-2025 02:18,Sale,64,
INV0007135,PROD0181,WH001,30-10-2025 03:18,Sale,64,
INV0007136,PROD0015,WH003,30-10-2025 05:56,Sale,68,
INV0007137,PROD0187,WH004,30-10-2025 05:59,Purchase,38,SUP014
INV0007138,PROD0110,WH001,30-10-2025 12:13,Sale,45,
INV0007139,PROD0023,WH001,30-10-2025 13:07,Adjustment,32,
INV0007140,PROD0115,WH004,30-10-2025 17:31,Purchase,61,SUP002
INV0007141,PROD0142,WH001,30-10-2025 18:10,Sale,18,
INV0007142,PROD0169,WH003,30-10-2025 22:56,Purchase,8,SUP017
INV0007143,PROD0053,WH004,31-10-2025 00:57,Sale,37,
INV0007144,PROD0118,WH004,31-10-2025 02:45,Purchase,66,SUP006
INV0007145,PROD0144,WH003,31-10-2025 05:31,Sale,100,
INV0007146,PROD0159,WH004,31-10-2025 09:43,Adjustment,23,
INV0007147,PROD0052,WH003,31-10-2025 13:09,Sale,87,
INV0007148,PROD0018,WH004,31-10-2025 17:15,Purchase,23,SUP010
INV0007149,PROD0090,WH003,31-10-2025 22:35,Sale,10,
INV0007150,PROD0056,WH002,31-10-2025 23:52,Purchase,18,SUP034
INV0007151,PROD0083,WH002,01-11-2025 01:16,Sale,64,
INV0007152,PROD0164,WH003,01-11-2025 05:46,Purchase,39,SUP008
INV0007153,PROD0164,WH004,01-11-2025 10:26,Return,49,
INV0007154,PROD0045,WH002,01-11-2025 23:37,Return,28,
INV0007155,PROD0071,WH002,02-11-2025 00:05,Sale,68,
INV0007156,PROD0047,WH001,02-11-2025 00:53,Purchase,55,SUP008
INV0007157,PROD0183,WH003,02-11-2025 02:04,Purchase,95,SUP010
INV0007158,PROD0184,WH001,02-11-2025 05:30,Purchase,50,SUP015
INV0007159,PROD0021,WH002,02-11-2025 05:59,Purchase,10,SUP027
INV0007160,PROD0115,WH001,02-11-2025 06:49,Sale,81,
INV0007161,PROD0047,WH004,02-11-2025 18:25,Purchase,56,SUP019
INV0007162,PROD0185,WH002,02-11-2025 18:26,Sale,26,
INV0007163,PROD0048,WH002,02-11-2025 23:09,Sale,7,
INV0007164,PROD0061,WH002,03-11-2025 01:16,Sale,30,
INV0007165,PROD0052,WH001,03-11-2025 07:08,Sale,38,
INV0007166,PROD0094,WH003,03-11-2025 08:53,Purchase,18,SUP001
INV0007167,PROD0120,WH004,03-11-2025 11:17,Sale,46,
INV0007168,PROD0091,WH002,03-11-2025 16:03,Sale,59,
INV0007169,PROD0078,WH002,03-11-2025 18:31,Sale,9,
INV0007170,PROD0179,WH003,03-11-2025 20:03,Sale,1,
INV0007171,PROD0092,WH003,03-11-2025 21:44,Purchase,25,SUP002
INV0007172,PROD0163,WH003,03-11-2025 22:02,Purchase,87,SUP037
INV0007173,PROD0198,WH002,03-11-2025 22:13,Sale,58,
INV0007174,PROD0181,WH001,04-11-2025 05:12,Purchase,49,SUP040
INV0007175,PROD0166,WH001,04-11-2025 13:32,Purchase,23,SUP005
INV0007176,PROD0029,WH001,04-11-2025 13:55,Sale,59,
INV0007177,PROD0087,WH001,04-11-2025 20:07,Sale,72,
INV0007178,PROD0073,WH004,04-11-2025 22:36,Purchase,26,SUP029
INV0007179,PROD0150,WH002,04-11-2025 22:56,Sale,67,
INV0007180,PROD0023,WH004,05-11-2025 05:49,Adjustment,13,
INV0007181,PROD0026,WH004,05-11-2025 09:08,Adjustment,50,
INV0007182,PROD0115,WH004,05-11-2025 11:11,Sale,70,
INV0007183,PROD0065,WH004,05-11-2025 18:02,Adjustment,56,
INV0007184,PROD0163,WH002,05-11-2025 21:17,Return,98,
INV0007185,PROD0187,WH001,06-11-2025 00:02,Purchase,33,SUP006
INV0007186,PROD0001,WH004,06-11-2025 05:57,Purchase,5,SUP032
INV0007187,PROD0196,WH003,06-11-2025 07:18,Purchase,55,SUP032
INV0007188,PROD0122,WH002,06-11-2025 07:55,Purchase,98,SUP018
INV0007189,PROD0173,WH004,06-11-2025 12:58,Sale,33,
INV0007190,PROD0159,WH002,06-11-2025 13:08,Sale,81,
INV0007191,PROD0129,WH002,06-11-2025 16:35,Purchase,91,SUP020
INV0007192,PROD0121,WH002,06-11-2025 18:10,Sale,19,
INV0007193,PROD0163,WH004,06-11-2025 22:54,Purchase,9,SUP036
INV0007194,PROD0013,WH002,07-11-2025 07:09,Purchase,32,SUP009
INV0007195,PROD0029,WH002,07-11-2025 09:37,Purchase,21,SUP011
INV0007196,PROD0065,WH003,07-11-2025 11:59,Purchase,99,SUP016
INV0007197,PROD0081,WH002,07-11-2025 13:27,Sale,26,
INV0007198,PROD0132,WH001,07-11-2025 20:36,Purchase,90,SUP013
INV0007199,PROD0120,WH004,07-11-2025 21:28,Adjustment,79,
INV0007200,PROD0179,WH003,08-11-2025 03:07,Return,93,
INV0007201,PROD0119,WH001,08-11-2025 11:23,Purchase,46,SUP002
INV0007202,PROD0085,WH001,08-11-2025 15:20,Sale,67,
INV0007203,PROD0055,WH002,08-11-2025 20:13,Sale,56,
INV0007204,PROD0175,WH002,09-11-2025 03:22,Sale,50,
INV0007205,PROD0127,WH001,09-11-2025 03:30,Purchase,30,SUP022
INV0007206,PROD0099,WH004,09-11-2025 03:35,Sale,22,
INV0007207,PROD0057,WH002,09-11-2025 09:06,Return,27,
INV0007208,PROD0108,WH001,09-11-2025 09:53,Purchase,29,SUP003
INV0007209,PROD0151,WH003,09-11-2025 13:27,Adjustment,65,
INV0007210,PROD0023,WH002,09-11-2025 15:27,Sale,8,
INV0007211,PROD0096,WH003,10-11-2025 11:56,Purchase,69,SUP007
INV0007212,PROD0164,WH001,10-11-2025 17:22,Sale,70,
INV0007213,PROD0109,WH001,10-11-2025 17:33,Purchase,52,SUP014
INV0007214,PROD0010,WH001,10-11-2025 19:13,Sale,89,
INV0007215,PROD0189,WH004,10-11-2025 19:16,Purchase,71,SUP026
INV0007216,PROD0052,WH004,11-11-2025 04:22,Sale,62,
INV0007217,PROD0196,WH004,11-11-2025 09:06,Purchase,78,SUP009
INV0007218,PROD0041,WH001,11-11-2025 17:45,Adjustment,55,
INV0007219,PROD0162,WH004,11-11-2025 18:47,Purchase,11,SUP040
INV0007220,PROD0064,WH001,12-11-2025 00:51,Sale,69,
INV0007221,PROD0087,WH003,12-11-2025 03:20,Purchase,24,SUP038
INV0007222,PROD0070,WH002,12-11-2025 06:52,Sale,7,
INV0007223,PROD0091,WH003,12-11-2025 15:27,Purchase,63,SUP031
INV0007224,PROD0159,WH002,12-11-2025 15:59,Sale,30,
INV0007225,PROD0104,WH004,12-11-2025 17:58,Purchase,88,SUP028
INV0007226,PROD0014,WH003,12-11-2025 23:24,Adjustment,40,
INV0007227,PROD0154,WH001,12-11-2025 23:38,Sale,82,
INV0007228,PROD0023,WH002,13-11-2025 03:11,Return,84,
INV0007229,PROD0147,WH003,13-11-2025 11:45,Purchase,59,SUP029
INV0007230,PROD0167,WH003,13-11-2025 13:09,Purchase,27,SUP019
INV0007231,PROD0056,WH003,13-11-2025 13:30,Sale,45,
INV0007232,PROD0060,WH002,14-11-2025 01:20,Sale,10,
INV0007233,PROD0091,WH003,14-11-2025 03:58,Sale,4,
INV0007234,PROD0146,WH004,14-11-2025 07:40,Purchase,5,SUP035
INV0007235,PROD0136,WH001,14-11-2025 10:35,Sale,93,
INV0007236,PROD0126,WH004,14-11-2025 21:14,Sale,14,
INV0007237,PROD0015,WH002,14-11-2025 23:43,Adjustment,75,
INV0007238,PROD0184,WH001,15-11-2025 00:58,Sale,95,
INV0007239,PROD0022,WH004,15-11-2025 03:55,Purchase,29,SUP037
INV0007240,PROD0131,WH001,15-11-2025 04:07,Purchase,21,SUP027
INV0007241,PROD0165,WH001,15-11-2025 08:13,Sale,51,
INV0007242,PROD0146,WH003,15-11-2025 08:46,Sale,60,
INV0007243,PROD0186,WH004,15-11-2025 09:30,Return,24,
INV0007244,PROD0024,WH002,15-11-2025 11:32,Purchase,45,SUP020
INV0007245,PROD0036,WH003,15-11-2025 23:25,Sale,92,
INV0007246,PROD0039,WH004,16-11-2025 02:49,Adjustment,47,
INV0007247,PROD0184,WH002,16-11-2025 03:22,Purchase,45,SUP024
INV0007248,PROD0194,WH004,16-11-2025 04:41,Purchase,29,SUP012
INV0007249,PROD0172,WH003,16-11-2025 11:48,Purchase,86,SUP004
INV0007250,PROD0134,WH004,16-11-2025 12:31,Purchase,95,SUP038
INV0007251,PROD0030,WH004,17-11-2025 03:32,Purchase,62,SUP002
INV0007252,PROD0085,WH001,17-11-2025 05:07,Sale,23,
INV0007253,PROD0030,WH001,17-11-2025 05:45,Sale,53,
INV0007254,PROD0021,WH001,17-11-2025 06:16,Purchase,15,SUP017
INV0007255,PROD0099,WH003,17-11-2025 11:43,Purchase,91,SUP011
INV0007256,PROD0153,WH003,17-11-2025 11:43,Sale,93,
INV0007257,PROD0158,WH004,17-11-2025 13:03,Sale,14,
INV0007258,PROD0126,WH003,17-11-2025 20:17,Purchase,50,SUP040
INV0007259,PROD0099,WH002,18-11-2025 01:42,Purchase,7,SUP018
INV0007260,PROD0196,WH003,18-11-2025 02:52,Purchase,51,SUP009
INV0007261,PROD0165,WH004,18-11-2025 11:21,Purchase,67,SUP024
INV0007262,PROD0155,WH001,18-11-2025 17:43,Sale,74,
INV0007263,PROD0027,WH001,18-11-2025 20:14,Purchase,92,SUP007
INV0007264,PROD0013,WH001,18-11-2025 22:59,Purchase,99,SUP014
INV0007265,PROD0050,WH003,19-11-2025 02:13,Purchase,14,SUP027
INV0007266,PROD0179,WH002,19-11-2025 05:56,Sale,72,
INV0007267,PROD0146,WH001,19-11-2025 07:58,Sale,25,
INV0007268,PROD0052,WH004,19-11-2025 08:30,Sale,77,
INV0007269,PROD0102,WH003,19-11-2025 09:53,Sale,40,
INV0007270,PROD0002,WH001,19-11-2025 23:25,Sale,61,
INV0007271,PROD0082,WH001,19-11-2025 23:43,Adjustment,94,
INV0007272,PROD0111,WH003,20-11-2025 00:00,Purchase,93,SUP018
INV0007273,PROD0168,WH004,20-11-2025 04:50,Sale,86,
INV0007274,PROD0136,WH002,20-11-2025 10:41,Sale,47,
INV0007275,PROD0028,WH004,20-11-2025 14:24,Sale,98,
INV0007276,PROD0012,WH001,20-11-2025 17:15,Adjustment,1,
INV0007277,PROD0082,WH004,20-11-2025 20:03,Sale,78,
INV0007278,PROD0189,WH003,20-11-2025 20:23,Sale,22,
INV0007279,PROD0181,WH004,21-11-2025 03:20,Purchase,35,SUP028
INV0007280,PROD0001,WH003,21-11-2025 05:09,Return,94,
INV0007281,PROD0183,WH003,21-11-2025 05:12,Purchase,6,SUP017
INV0007282,PROD0005,WH001,21-11-2025 05:12,Sale,21,
INV0007283,PROD0074,WH002,21-11-2025 11:44,Purchase,62,SUP040
INV0007284,PROD0003,WH004,21-11-2025 13:33,Sale,100,
INV0007285,PROD0086,WH004,21-11-2025 15:49,Sale,90,
INV0007286,PROD0147,WH003,21-11-2025 19:34,Sale,56,
INV0007287,PROD0016,WH002,22-11-2025 01:49,Sale,45,
INV0007288,PROD0198,WH002,22-11-2025 04:05,Sale,40,
INV0007289,PROD0043,WH004,22-11-2025 06:31,Sale,40,
INV0007290,PROD0166,WH004,22-11-2025 06:49,Sale,79,
INV0007291,PROD0004,WH004,22-11-2025 07:57,Sale,80,
INV0007292,PROD0041,WH003,22-11-2025 08:10,Sale,30,
INV0007293,PROD0107,WH003,22-11-2025 12:22,Sale,40,
INV0007294,PROD0016,WH004,22-11-2025 16:00,Sale,83,
INV0007295,PROD0198,WH003,22-11-2025 17:06,Sale,74,
INV0007296,PROD0163,WH004,22-11-2025 18:32,Purchase,53,SUP001
INV0007297,PROD0030,WH001,22-11-2025 19:45,Purchase,21,SUP005
INV0007298,PROD0062,WH001,22-11-2025 21:31,Sale,24,
INV0007299,PROD0191,WH003,23-11-2025 00:17,Sale,64,
INV0007300,PROD0151,WH003,23-11-2025 04:07,Purchase,70,SUP027
INV0007301,PROD0082,WH001,23-11-2025 12:20,Purchase,57,SUP015
INV0007302,PROD0058,WH002,23-11-2025 16:19,Sale,56,
INV0007303,PROD0011,WH004,23-11-2025 16:25,Adjustment,44,
INV0007304,PROD0194,WH004,23-11-2025 17:32,Sale,76,
INV0007305,PROD0033,WH001,24-11-2025 00:42,Purchase,33,SUP011
INV0007306,PROD0015,WH001,24-11-2025 07:52,Sale,65,
INV0007307,PROD0091,WH004,24-11-2025 11:57,Return,62,
INV0007308,PROD0097,WH003,24-11-2025 13:20,Purchase,24,SUP032
INV0007309,PROD0041,WH004,24-11-2025 16:42,Purchase,95,SUP031
INV0007310,PROD0047,WH001,24-11-2025 18:02,Return,75,
INV0007311,PROD0134,WH003,24-11-2025 20:11,Sale,31,
INV0007312,PROD0107,WH002,25-11-2025 07:38,Sale,29,
INV0007313,PROD0048,WH003,25-11-2025 09:50,Purchase,6,SUP001
INV0007314,PROD0080,WH004,25-11-2025 11:14,Sale,47,
INV0007315,PROD0155,WH002,25-11-2025 11:27,Sale,88,
INV0007316,PROD0199,WH004,25-11-2025 12:02,Purchase,27,SUP038
INV0007317,PROD0042,WH004,25-11-2025 16:25,Sale,2,
INV0007318,PROD0039,WH001,25-11-2025 16:49,Adjustment,46,
INV0007319,PROD0118,WH002,25-11-2025 17:15,Adjustment,7,
INV0007320,PROD0078,WH004,25-11-2025 18:19,Purchase,80,SUP024
INV0007321,PROD0105,WH004,25-11-2025 21:44,Purchase,15,SUP039
INV0007322,PROD0100,WH003,26-11-2025 05:44,Sale,40,
INV0007323,PROD0161,WH001,26-11-2025 06:33,Sale,75,
INV0007324,PROD0009,WH001,26-11-2025 12:06,Adjustment,26,
INV0007325,PROD0122,WH004,26-11-2025 17:57,Sale,7,
INV0007326,PROD0198,WH004,26-11-2025 19:00,Sale,79,
INV0007327,PROD0104,WH004,27-11-2025 01:22,Sale,50,
INV0007328,PROD0034,WH003,27-11-2025 04:36,Sale,8,
INV0007329,PROD0182,WH004,27-11-2025 12:02,Purchase,14,SUP018
INV0007330,PROD0032,WH001,27-11-2025 12:42,Sale,90,
INV0007331,PROD0177,WH002,27-11-2025 13:21,Sale,56,
INV0007332,PROD0121,WH002,27-11-2025 14:42,Purchase,26,SUP026
INV0007333,PROD0177,WH003,27-11-2025 18:11,Purchase,49,SUP003
INV0007334,PROD0017,WH004,27-11-2025 21:27,Purchase,99,SUP005
INV0007335,PROD0048,WH003,27-11-2025 21:58,Purchase,32,SUP037
INV0007336,PROD0166,WH002,27-11-2025 22:38,Purchase,22,SUP003
INV0007337,PROD0144,WH002,27-11-2025 23:58,Sale,58,
INV0007338,PROD0128,WH001,28-11-2025 03:28,Sale,83,
INV0007339,PROD0129,WH002,28-11-2025 06:15,Return,31,
INV0007340,PROD0193,WH001,28-11-2025 12:46,Purchase,9,SUP005
INV0007341,PROD0170,WH002,28-11-2025 14:01,Adjustment,85,
INV0007342,PROD0047,WH004,28-11-2025 16:07,Sale,83,
INV0007343,PROD0127,WH001,29-11-2025 01:13,Sale,93,
INV0007344,PROD0132,WH001,29-11-2025 03:21,Purchase,36,SUP018
INV0007345,PROD0039,WH001,29-11-2025 12:16,Purchase,52,SUP018
INV0007346,PROD0055,WH002,29-11-2025 13:48,Purchase,48,SUP014
INV0007347,PROD0058,WH003,29-11-2025 16:28,Purchase,13,SUP009
INV0007348,PROD0145,WH004,29-11-2025 21:22,Purchase,63,SUP020
INV0007349,PROD0097,WH003,29-11-2025 22:19,Purchase,33,SUP022
INV0007350,PROD0101,WH002,30-11-2025 07:02,Return,90,
INV0007351,PROD0111,WH002,30-11-2025 07:19,Return,83,
INV0007352,PROD0027,WH002,30-11-2025 07:30,Purchase,23,SUP037
INV0007353,PROD0086,WH004,30-11-2025 09:33,Sale,21,
INV0007354,PROD0074,WH002,30-11-2025 10:46,Purchase,13,SUP018
INV0007355,PROD0173,WH001,30-11-2025 12:58,Adjustment,13,
INV0007356,PROD0017,WH004,30-11-2025 13:57,Sale,46,
INV0007357,PROD0171,WH003,01-12-2025 11:03,Return,97,
INV0007358,PROD0186,WH002,01-12-2025 15:40,Sale,53,
INV0007359,PROD0150,WH004,01-12-2025 15:45,Sale,56,
INV0007360,PROD0191,WH002,01-12-2025 18:06,Purchase,41,SUP034
INV0007361,PROD0090,WH003,01-12-2025 21:33,Purchase,47,SUP026
INV0007362,PROD0035,WH002,02-12-2025 00:06,Sale,50,
INV0007363,PROD0153,WH002,02-12-2025 05:00,Sale,93,
INV0007364,PROD0025,WH004,02-12-2025 07:31,Return,7,
INV0007365,PROD0172,WH004,02-12-2025 11:07,Sale,54,
INV0007366,PROD0115,WH003,02-12-2025 14:43,Purchase,58,SUP002
INV0007367,PROD0122,WH003,02-12-2025 17:51,Sale,50,
INV0007368,PROD0107,WH002,03-12-2025 02:04,Purchase,43,SUP002
INV0007369,PROD0122,WH002,03-12-2025 02:35,Sale,31,
INV0007370,PROD0175,WH003,03-12-2025 03:48,Purchase,45,SUP021
INV0007371,PROD0047,WH003,03-12-2025 05:05,Sale,68,
INV0007372,PROD0097,WH004,03-12-2025 07:30,Purchase,32,SUP012
INV0007373,PROD0072,WH002,03-12-2025 13:13,Sale,72,
INV0007374,PROD0035,WH001,03-12-2025 14:49,Sale,82,
INV0007375,PROD0138,WH002,03-12-2025 16:07,Purchase,14,SUP003
INV0007376,PROD0098,WH002,03-12-2025 20:43,Purchase,66,SUP005
INV0007377,PROD0181,WH002,03-12-2025 22:25,Purchase,79,SUP028
INV0007378,PROD0045,WH004,03-12-2025 22:29,Adjustment,77,
INV0007379,PROD0138,WH002,04-12-2025 00:57,Return,45,
INV0007380,PROD0151,WH001,04-12-2025 04:11,Sale,29,
INV0007381,PROD0069,WH001,04-12-2025 04:17,Sale,42,
INV0007382,PROD0131,WH001,04-12-2025 07:27,Purchase,78,SUP002
INV0007383,PROD0158,WH002,04-12-2025 09:21,Purchase,91,SUP012
INV0007384,PROD0053,WH001,04-12-2025 10:29,Sale,54,
INV0007385,PROD0097,WH003,04-12-2025 13:39,Return,16,
INV0007386,PROD0081,WH004,04-12-2025 15:34,Purchase,9,SUP035
INV0007387,PROD0072,WH002,05-12-2025 07:24,Sale,49,
INV0007388,PROD0096,WH002,05-12-2025 10:24,Purchase,53,SUP002
INV0007389,PROD0071,WH003,05-12-2025 13:15,Purchase,46,SUP021
INV0007390,PROD0199,WH003,05-12-2025 17:00,Sale,76,
INV0007391,PROD0160,WH003,05-12-2025 19:11,Sale,61,
INV0007392,PROD0070,WH004,06-12-2025 00:25,Sale,53,
INV0007393,PROD0172,WH004,06-12-2025 01:09,Purchase,23,SUP036
INV0007394,PROD0080,WH002,06-12-2025 08:21,Sale,68,
INV0007395,PROD0066,WH002,06-12-2025 13:29,Sale,25,
INV0007396,PROD0125,WH001,06-12-2025 18:25,Purchase,96,SUP014
INV0007397,PROD0042,WH003,06-12-2025 21:25,Purchase,6,SUP020
INV0007398,PROD0028,WH002,07-12-2025 08:58,Purchase,18,SUP035
INV0007399,PROD0108,WH003,07-12-2025 09:51,Sale,81,
INV0007400,PROD0043,WH002,07-12-2025 10:31,Purchase,99,SUP032
INV0007401,PROD0169,WH003,07-12-2025 11:05,Sale,10,
INV0007402,PROD0073,WH002,07-12-2025 13:20,Purchase,16,SUP016
INV0007403,PROD0022,WH003,07-12-2025 15:11,Adjustment,62,
INV0007404,PROD0102,WH003,07-12-2025 20:16,Return,99,
INV0007405,PROD0098,WH004,07-12-2025 22:30,Sale,3,
INV0007406,PROD0040,WH001,08-12-2025 03:52,Return,40,
INV0007407,PROD0001,WH003,08-12-2025 08:11,Adjustment,60,
INV0007408,PROD0037,WH002,08-12-2025 12:23,Sale,63,
INV0007409,PROD0119,WH003,08-12-2025 20:22,Purchase,23,SUP013
INV0007410,PROD0095,WH003,08-12-2025 21:30,Return,2,
INV0007411,PROD0052,WH002,09-12-2025 00:00,Purchase,67,SUP034
INV0007412,PROD0103,WH002,09-12-2025 01:38,Purchase,99,SUP015
INV0007413,PROD0075,WH004,09-12-2025 03:20,Sale,77,
INV0007414,PROD0072,WH003,09-12-2025 08:07,Purchase,91,SUP031
INV0007415,PROD0065,WH003,09-12-2025 10:52,Purchase,98,SUP040
INV0007416,PROD0095,WH004,09-12-2025 12:54,Sale,68,
INV0007417,PROD0099,WH004,09-12-2025 15:26,Purchase,75,SUP023
INV0007418,PROD0030,WH001,09-12-2025 19:31,Return,18,
INV0007419,PROD0137,WH001,10-12-2025 02:47,Return,95,
INV0007420,PROD0068,WH003,10-12-2025 06:13,Sale,61,
INV0007421,PROD0020,WH002,10-12-2025 07:14,Purchase,94,SUP005
INV0007422,PROD0041,WH004,10-12-2025 07:31,Purchase,98,SUP024
INV0007423,PROD0131,WH003,10-12-2025 08:53,Sale,29,
INV0007424,PROD0112,WH001,10-12-2025 09:25,Purchase,78,SUP022
INV0007425,PROD0056,WH004,10-12-2025 10:36,Purchase,40,SUP008
INV0007426,PROD0105,WH001,10-12-2025 15:55,Purchase,8,SUP006
INV0007427,PROD0151,WH004,10-12-2025 22:34,Sale,42,
INV0007428,PROD0133,WH004,11-12-2025 02:40,Return,47,
INV0007429,PROD0022,WH003,11-12-2025 03:04,Return,35,
INV0007430,PROD0138,WH001,11-12-2025 06:46,Purchase,42,SUP014
INV0007431,PROD0160,WH003,11-12-2025 10:08,Purchase,74,SUP011
INV0007432,PROD0047,WH002,11-12-2025 18:48,Sale,72,
INV0007433,PROD0139,WH002,12-12-2025 02:43,Purchase,39,SUP006
INV0007434,PROD0100,WH003,12-12-2025 05:15,Sale,71,
INV0007435,PROD0020,WH001,12-12-2025 08:11,Sale,93,
INV0007436,PROD0179,WH003,12-12-2025 20:33,Sale,90,
INV0007437,PROD0178,WH002,13-12-2025 03:03,Sale,56,
INV0007438,PROD0166,WH003,13-12-2025 05:45,Sale,86,
INV0007439,PROD0016,WH004,13-12-2025 21:34,Purchase,31,SUP027
INV0007440,PROD0180,WH002,14-12-2025 04:41,Sale,16,
INV0007441,PROD0028,WH002,14-12-2025 10:05,Sale,85,
INV0007442,PROD0090,WH004,14-12-2025 12:12,Return,73,
INV0007443,PROD0038,WH003,14-12-2025 15:42,Sale,69,
INV0007444,PROD0105,WH004,14-12-2025 20:17,Purchase,76,SUP006
INV0007445,PROD0039,WH004,14-12-2025 20:47,Sale,32,
INV0007446,PROD0091,WH001,14-12-2025 21:25,Sale,28,
INV0007447,PROD0184,WH001,15-12-2025 01:36,Sale,90,
INV0007448,PROD0129,WH001,15-12-2025 07:12,Purchase,78,SUP032
INV0007449,PROD0082,WH001,15-12-2025 07:36,Sale,45,
INV0007450,PROD0059,WH004,15-12-2025 09:43,Purchase,42,SUP038
INV0007451,PROD0033,WH003,15-12-2025 14:51,Adjustment,11,
INV0007452,PROD0185,WH001,16-12-2025 05:04,Purchase,6,SUP038
INV0007453,PROD0110,WH002,16-12-2025 14:52,Purchase,82,SUP022
INV0007454,PROD0189,WH001,16-12-2025 17:10,Sale,35,
INV0007455,PROD0149,WH003,16-12-2025 17:39,Sale,71,
INV0007456,PROD0021,WH004,17-12-2025 00:06,Sale,90,
INV0007457,PROD0196,WH002,17-12-2025 00:47,Purchase,4,SUP025
INV0007458,PROD0151,WH003,17-12-2025 03:52,Sale,28,
INV0007459,PROD0120,WH003,17-12-2025 06:50,Sale,14,
INV0007460,PROD0114,WH003,17-12-2025 07:27,Sale,53,
INV0007461,PROD0024,WH004,17-12-2025 08:50,Sale,90,
INV0007462,PROD0117,WH002,17-12-2025 09:13,Purchase,21,SUP009
INV0007463,PROD0026,WH002,17-12-2025 10:51,Sale,5,
INV0007464,PROD0140,WH002,17-12-2025 12:54,Sale,67,
INV0007465,PROD0186,WH003,17-12-2025 16:08,Purchase,56,SUP040
INV0007466,PROD0093,WH002,17-12-2025 21:55,Adjustment,74,
INV0007467,PROD0154,WH004,17-12-2025 22:58,Purchase,6,SUP028
INV0007468,PROD0107,WH003,18-12-2025 03:14,Purchase,22,SUP039
INV0007469,PROD0030,WH002,18-12-2025 05:15,Purchase,84,SUP013
INV0007470,PROD0094,WH002,18-12-2025 10:53,Purchase,32,SUP005
INV0007471,PROD0159,WH001,18-12-2025 13:11,Return,16,
INV0007472,PROD0193,WH003,18-12-2025 23:07,Sale,95,
INV0007473,PROD0020,WH003,19-12-2025 01:19,Purchase,60,SUP026
INV0007474,PROD0122,WH001,19-12-2025 14:36,Adjustment,99,
INV0007475,PROD0075,WH003,19-12-2025 16:07,Sale,99,
INV0007476,PROD0036,WH003,19-12-2025 18:54,Sale,16,
INV0007477,PROD0005,WH002,19-12-2025 21:12,Purchase,67,SUP010
INV0007478,PROD0093,WH004,19-12-2025 23:46,Return,71,
INV0007479,PROD0195,WH003,20-12-2025 02:08,Sale,41,
INV0007480,PROD0198,WH001,20-12-2025 05:56,Purchase,86,SUP036
INV0007481,PROD0068,WH004,20-12-2025 08:19,Sale,37,
INV0007482,PROD0183,WH001,20-12-2025 14:59,Purchase,5,SUP023
INV0007483,PROD0025,WH001,20-12-2025 15:14,Purchase,96,SUP013
INV0007484,PROD0144,WH003,20-12-2025 19:43,Purchase,55,SUP012
INV0007485,PROD0163,WH001,20-12-2025 19:54,Sale,59,
INV0007486,PROD0095,WH001,20-12-2025 23:17,Sale,75,
INV0007487,PROD0084,WH003,21-12-2025 02:03,Sale,100,
INV0007488,PROD0063,WH004,21-12-2025 10:38,Sale,65,
INV0007489,PROD0125,WH002,21-12-2025 15:17,Purchase,7,SUP034
INV0007490,PROD0137,WH002,21-12-2025 16:15,Purchase,39,SUP022
INV0007491,PROD0173,WH001,21-12-2025 18:29,Sale,82,
INV0007492,PROD0100,WH004,21-12-2025 20:46,Adjustment,76,
INV0007493,PROD0053,WH001,22-12-2025 07:26,Sale,19,
INV0007494,PROD0142,WH003,22-12-2025 11:50,Purchase,18,SUP019
INV0007495,PROD0108,WH001,22-12-2025 15:41,Purchase,35,SUP026
INV0007496,PROD0136,WH003,22-12-2025 16:34,Purchase,85,SUP017
INV0007497,PROD0034,WH001,22-12-2025 20:33,Purchase,65,SUP024
INV0007498,PROD0086,WH001,22-12-2025 22:57,Sale,67,
INV0007499,PROD0171,WH003,23-12-2025 02:54,Purchase,81,SUP039
INV0007500,PROD0007,WH002,23-12-2025 02:58,Purchase,32,SUP008
INV0007501,PROD0065,WH004,23-12-2025 13:31,Sale,57,
INV0007502,PROD0106,WH003,23-12-2025 17:21,Purchase,51,SUP003
INV0007503,PROD0098,WH004,23-12-2025 18:33,Purchase,11,SUP008
INV0007504,PROD0114,WH001,23-12-2025 20:27,Adjustment,33,
INV0007505,PROD0145,WH002,23-12-2025 22:47,Sale,1,
INV0007506,PROD0123,WH002,24-12-2025 11:42,Return,32,
INV0007507,PROD0181,WH003,24-12-2025 12:22,Purchase,88,SUP005
INV0007508,PROD0126,WH001,24-12-2025 13:50,Adjustment,8,
INV0007509,PROD0070,WH003,24-12-2025 19:03,Sale,28,
INV0007510,PROD0126,WH004,24-12-2025 22:17,Purchase,51,SUP026
INV0007511,PROD0017,WH001,25-12-2025 02:46,Purchase,68,SUP017
INV0007512,PROD0166,WH002,25-12-2025 07:31,Purchase,10,SUP005
INV0007513,PROD0105,WH002,25-12-2025 08:36,Purchase,78,SUP011
INV0007514,PROD0116,WH004,25-12-2025 11:35,Purchase,50,SUP005
INV0007515,PROD0003,WH002,25-12-2025 14:46,Purchase,71,SUP037
INV0007516,PROD0010,WH004,25-12-2025 15:39,Purchase,58,SUP018
INV0007517,PROD0079,WH002,25-12-2025 16:06,Purchase,11,SUP036
INV0007518,PROD0020,WH004,25-12-2025 17:36,Purchase,34,SUP005
INV0007519,PROD0082,WH004,25-12-2025 18:36,Adjustment,78,
INV0007520,PROD0178,WH002,25-12-2025 19:57,Purchase,50,SUP027
INV0007521,PROD0094,WH002,25-12-2025 20:25,Sale,90,
INV0007522,PROD0146,WH004,25-12-2025 21:17,Sale,70,
INV0007523,PROD0082,WH003,25-12-2025 23:06,Sale,80,
INV0007524,PROD0087,WH003,26-12-2025 02:45,Sale,53,
INV0007525,PROD0148,WH002,26-12-2025 05:46,Sale,52,
INV0007526,PROD0181,WH003,26-12-2025 07:13,Adjustment,56,
INV0007527,PROD0048,WH002,26-12-2025 16:37,Adjustment,20,
INV0007528,PROD0200,WH004,26-12-2025 17:44,Sale,59,
INV0007529,PROD0104,WH003,27-12-2025 00:48,Return,63,
INV0007530,PROD0049,WH003,27-12-2025 01:33,Sale,1,
INV0007531,PROD0065,WH004,27-12-2025 03:33,Sale,71,
INV0007532,PROD0024,WH002,27-12-2025 07:24,Purchase,39,SUP040
INV0007533,PROD0125,WH001,27-12-2025 20:53,Sale,28,
INV0007534,PROD0021,WH003,28-12-2025 04:31,Purchase,65,SUP029
INV0007535,PROD0085,WH003,28-12-2025 08:49,Sale,65,
INV0007536,PROD0006,WH002,28-12-2025 11:20,Purchase,18,SUP010
INV0007537,PROD0042,WH003,28-12-2025 12:30,Sale,88,
INV0007538,PROD0095,WH002,28-12-2025 16:58,Purchase,79,SUP036
INV0007539,PROD0119,WH001,28-12-2025 21:09,Purchase,39,SUP038
INV0007540,PROD0140,WH004,28-12-2025 23:20,Return,7,
INV0007541,PROD0050,WH004,30-12-2025 00:39,Sale,54,
INV0007542,PROD0066,WH004,30-12-2025 08:43,Purchase,99,SUP004
INV0007543,PROD0080,WH003,30-12-2025 09:06,Sale,72,
INV0007544,PROD0086,WH004,30-12-2025 14:03,Purchase,33,SUP021
INV0007545,PROD0084,WH003,31-12-2025 00:51,Purchase,75,SUP040
INV0007546,PROD0027,WH004,31-12-2025 01:58,Purchase,81,SUP003
INV0007547,PROD0180,WH001,31-12-2025 08:48,Adjustment,65,
INV0007548,PROD0061,WH002,31-12-2025 16:33,Sale,22,
INV0007549,PROD0148,WH002,31-12-2025 16:36,Return,53,
INV0007550,PROD0127,WH001,31-12-2025 19:39,Sale,25,
INV0007551,PROD0126,WH003,31-12-2025 20:35,Sale,71,
INV0007552,PROD0198,WH002,01-01-2026 01:38,Purchase,3,SUP006
INV0007553,PROD0023,WH002,01-01-2026 05:00,Sale,85,
INV0007554,PROD0069,WH002,01-01-2026 05:16,Sale,49,
INV0007555,PROD0062,WH003,01-01-2026 08:36,Sale,90,
INV0007556,PROD0199,WH001,01-01-2026 14:15,Return,96,
INV0007557,PROD0010,WH001,01-01-2026 23:58,Sale,43,
INV0007558,PROD0061,WH004,02-01-2026 04:58,Adjustment,90,
INV0007559,PROD0108,WH003,02-01-2026 09:00,Return,72,
INV0007560,PROD0002,WH004,02-01-2026 13:00,Purchase,48,SUP016
INV0007561,PROD0024,WH001,02-01-2026 19:35,Purchase,41,SUP002
INV0007562,PROD0179,WH001,02-01-2026 20:53,Purchase,89,SUP031
INV0007563,PROD0006,WH002,02-01-2026 21:41,Purchase,87,SUP008
INV0007564,PROD0037,WH003,03-01-2026 12:58,Return,87,
INV0007565,PROD0072,WH004,03-01-2026 14:04,Sale,84,
INV0007566,PROD0075,WH001,03-01-2026 15:38,Purchase,95,SUP026
INV0007567,PROD0149,WH002,03-01-2026 19:29,Sale,76,
INV0007568,PROD0062,WH001,03-01-2026 21:16,Sale,31,
INV0007569,PROD0086,WH004,04-01-2026 07:38,Purchase,49,SUP037
INV0007570,PROD0103,WH003,04-01-2026 09:03,Purchase,3,SUP019
INV0007571,PROD0018,WH004,04-01-2026 10:30,Sale,54,
INV0007572,PROD0072,WH003,04-01-2026 16:27,Purchase,23,SUP040
INV0007573,PROD0108,WH004,05-01-2026 00:58,Purchase,81,SUP038
INV0007574,PROD0057,WH004,05-01-2026 02:09,Sale,89,
INV0007575,PROD0090,WH004,05-01-2026 15:31,Return,5,
INV0007576,PROD0109,WH001,05-01-2026 18:06,Purchase,56,SUP035
INV0007577,PROD0193,WH004,05-01-2026 22:08,Adjustment,57,
INV0007578,PROD0117,WH002,05-01-2026 23:04,Sale,70,
INV0007579,PROD0028,WH002,05-01-2026 23:26,Return,25,
INV0007580,PROD0148,WH001,06-01-2026 04:40,Sale,2,
INV0007581,PROD0137,WH004,06-01-2026 09:48,Sale,61,
INV0007582,PROD0068,WH004,06-01-2026 10:39,Purchase,24,SUP002
INV0007583,PROD0145,WH002,06-01-2026 19:12,Purchase,48,SUP011
INV0007584,PROD0025,WH004,06-01-2026 19:53,Purchase,76,SUP029
INV0007585,PROD0170,WH004,06-01-2026 20:34,Purchase,64,SUP020
INV0007586,PROD0032,WH003,07-01-2026 02:14,Sale,90,
INV0007587,PROD0170,WH002,07-01-2026 06:35,Sale,10,
INV0007588,PROD0064,WH003,07-01-2026 06:43,Sale,2,
INV0007589,PROD0081,WH001,07-01-2026 11:21,Adjustment,93,
INV0007590,PROD0054,WH002,07-01-2026 11:50,Purchase,87,SUP014
INV0007591,PROD0150,WH004,07-01-2026 16:04,Purchase,59,SUP008
INV0007592,PROD0128,WH002,07-01-2026 17:25,Purchase,87,SUP032
INV0007593,PROD0079,WH003,07-01-2026 22:12,Sale,30,
INV0007594,PROD0154,WH001,08-01-2026 02:49,Purchase,96,SUP011
INV0007595,PROD0179,WH003,08-01-2026 05:46,Purchase,80,SUP009
INV0007596,PROD0084,WH002,08-01-2026 08:31,Sale,40,
INV0007597,PROD0141,WH004,08-01-2026 12:36,Purchase,69,SUP014
INV0007598,PROD0181,WH003,08-01-2026 14:49,Adjustment,25,
INV0007599,PROD0009,WH004,08-01-2026 15:36,Adjustment,45,
INV0007600,PROD0058,WH001,08-01-2026 17:39,Sale,47,
INV0007601,PROD0038,WH004,09-01-2026 04:50,Sale,28,
INV0007602,PROD0119,WH002,09-01-2026 09:07,Sale,29,
INV0007603,PROD0181,WH003,09-01-2026 12:01,Purchase,32,SUP027
INV0007604,PROD0195,WH001,09-01-2026 13:25,Sale,67,
INV0007605,PROD0113,WH001,09-01-2026 13:33,Purchase,6,SUP011
INV0007606,PROD0186,WH004,09-01-2026 17:16,Sale,49,
INV0007607,PROD0156,WH003,10-01-2026 05:16,Purchase,39,SUP009
INV0007608,PROD0154,WH003,10-01-2026 10:36,Sale,85,
INV0007609,PROD0171,WH003,10-01-2026 11:05,Sale,52,
INV0007610,PROD0165,WH003,10-01-2026 14:41,Purchase,65,SUP009
INV0007611,PROD0010,WH003,10-01-2026 16:53,Purchase,85,SUP010
INV0007612,PROD0118,WH004,10-01-2026 20:48,Purchase,88,SUP002
INV0007613,PROD0022,WH003,11-01-2026 04:47,Adjustment,65,
INV0007614,PROD0028,WH004,11-01-2026 08:32,Purchase,63,SUP028
INV0007615,PROD0188,WH004,11-01-2026 09:55,Sale,22,
INV0007616,PROD0136,WH001,11-01-2026 23:58,Purchase,12,SUP037
INV0007617,PROD0122,WH002,12-01-2026 06:27,Sale,97,
INV0007618,PROD0190,WH003,12-01-2026 07:29,Sale,35,
INV0007619,PROD0144,WH002,12-01-2026 17:52,Adjustment,23,
INV0007620,PROD0101,WH003,12-01-2026 21:23,Sale,46,
INV0007621,PROD0079,WH001,13-01-2026 04:45,Sale,62,
INV0007622,PROD0062,WH002,13-01-2026 10:17,Purchase,19,SUP016
INV0007623,PROD0049,WH004,13-01-2026 12:59,Sale,33,
INV0007624,PROD0074,WH003,13-01-2026 14:12,Adjustment,75,
INV0007625,PROD0020,WH002,13-01-2026 14:17,Purchase,13,SUP016
INV0007626,PROD0003,WH004,13-01-2026 14:30,Sale,46,
INV0007627,PROD0043,WH003,13-01-2026 20:11,Sale,83,
INV0007628,PROD0092,WH004,13-01-2026 21:32,Sale,28,
INV0007629,PROD0021,WH003,14-01-2026 02:25,Sale,59,
INV0007630,PROD0066,WH003,14-01-2026 05:34,Sale,84,
INV0007631,PROD0186,WH004,14-01-2026 16:58,Sale,53,
INV0007632,PROD0115,WH001,14-01-2026 20:21,Purchase,35,SUP020
INV0007633,PROD0175,WH003,15-01-2026 01:58,Adjustment,31,
INV0007634,PROD0037,WH002,15-01-2026 04:23,Purchase,82,SUP034
INV0007635,PROD0151,WH004,15-01-2026 06:40,Purchase,78,SUP003
INV0007636,PROD0024,WH002,15-01-2026 10:28,Sale,83,
INV0007637,PROD0005,WH003,15-01-2026 12:53,Sale,86,
INV0007638,PROD0001,WH001,15-01-2026 18:16,Purchase,43,SUP027
INV0007639,PROD0105,WH003,16-01-2026 00:41,Sale,84,
INV0007640,PROD0001,WH002,16-01-2026 08:05,Sale,9,
INV0007641,PROD0048,WH001,16-01-2026 09:34,Sale,8,
INV0007642,PROD0139,WH001,16-01-2026 12:11,Sale,50,
INV0007643,PROD0016,WH002,16-01-2026 12:36,Purchase,20,SUP031
INV0007644,PROD0177,WH004,16-01-2026 18:53,Return,98,
INV0007645,PROD0005,WH002,16-01-2026 18:59,Adjustment,13,
INV0007646,PROD0166,WH004,16-01-2026 19:08,Sale,27,
INV0007647,PROD0144,WH003,17-01-2026 04:56,Sale,31,
INV0007648,PROD0170,WH003,17-01-2026 10:56,Sale,31,
INV0007649,PROD0076,WH002,17-01-2026 12:58,Return,12,
INV0007650,PROD0012,WH004,17-01-2026 17:17,Purchase,94,SUP012
INV0007651,PROD0118,WH002,18-01-2026 05:28,Sale,18,
INV0007652,PROD0191,WH003,18-01-2026 07:25,Sale,73,
INV0007653,PROD0155,WH004,18-01-2026 08:47,Purchase,71,SUP024
INV0007654,PROD0131,WH003,18-01-2026 15:12,Sale,22,
INV0007655,PROD0090,WH002,19-01-2026 05:53,Return,67,
INV0007656,PROD0048,WH002,19-01-2026 06:21,Purchase,8,SUP014
INV0007657,PROD0026,WH004,19-01-2026 06:34,Purchase,29,SUP020
INV0007658,PROD0011,WH003,19-01-2026 07:41,Sale,92,
INV0007659,PROD0189,WH004,19-01-2026 21:23,Purchase,83,SUP011
INV0007660,PROD0188,WH004,20-01-2026 01:09,Purchase,42,SUP019
INV0007661,PROD0130,WH002,20-01-2026 03:14,Adjustment,67,
INV0007662,PROD0087,WH001,20-01-2026 06:01,Sale,16,
INV0007663,PROD0040,WH002,20-01-2026 06:09,Purchase,44,SUP013
INV0007664,PROD0193,WH001,20-01-2026 07:18,Sale,4,
INV0007665,PROD0137,WH003,20-01-2026 09:15,Purchase,3,SUP024
INV0007666,PROD0013,WH003,20-01-2026 12:12,Purchase,96,SUP002
INV0007667,PROD0086,WH002,20-01-2026 18:33,Sale,66,
INV0007668,PROD0070,WH004,20-01-2026 20:53,Purchase,15,SUP032
INV0007669,PROD0159,WH001,21-01-2026 02:21,Adjustment,79,
INV0007670,PROD0147,WH001,21-01-2026 02:26,Purchase,50,SUP026
INV0007671,PROD0145,WH003,21-01-2026 08:05,Purchase,23,SUP009
INV0007672,PROD0157,WH001,21-01-2026 11:27,Sale,95,
INV0007673,PROD0053,WH003,21-01-2026 12:48,Return,12,
INV0007674,PROD0086,WH001,21-01-2026 14:57,Purchase,73,SUP010
INV0007675,PROD0149,WH002,21-01-2026 15:43,Sale,32,
INV0007676,PROD0051,WH003,21-01-2026 19:36,Sale,90,
INV0007677,PROD0111,WH001,21-01-2026 19:45,Return,71,
INV0007678,PROD0163,WH002,21-01-2026 20:29,Purchase,70,SUP005
INV0007679,PROD0135,WH002,22-01-2026 00:01,Adjustment,97,
INV0007680,PROD0068,WH004,22-01-2026 01:01,Purchase,18,SUP040
INV0007681,PROD0080,WH004,22-01-2026 09:39,Sale,40,
INV0007682,PROD0128,WH001,22-01-2026 13:32,Purchase,43,SUP026
INV0007683,PROD0021,WH004,22-01-2026 17:06,Sale,84,
INV0007684,PROD0159,WH004,22-01-2026 20:58,Purchase,65,SUP004
INV0007685,PROD0008,WH004,22-01-2026 21:24,Purchase,77,SUP018
INV0007686,PROD0159,WH003,22-01-2026 22:59,Purchase,41,SUP033
INV0007687,PROD0159,WH002,22-01-2026 23:45,Sale,89,
INV0007688,PROD0129,WH001,23-01-2026 01:15,Sale,9,
INV0007689,PROD0057,WH001,23-01-2026 04:29,Adjustment,67,
INV0007690,PROD0082,WH004,23-01-2026 06:11,Purchase,93,SUP010
INV0007691,PROD0118,WH004,23-01-2026 14:15,Purchase,95,SUP015
INV0007692,PROD0189,WH003,23-01-2026 14:43,Purchase,9,SUP004
INV0007693,PROD0169,WH004,23-01-2026 19:09,Adjustment,92,
INV0007694,PROD0012,WH003,23-01-2026 21:39,Sale,76,
INV0007695,PROD0191,WH001,23-01-2026 22:00,Sale,4,
INV0007696,PROD0139,WH003,24-01-2026 00:04,Adjustment,91,
INV0007697,PROD0194,WH002,24-01-2026 01:14,Sale,52,
INV0007698,PROD0073,WH003,24-01-2026 02:11,Purchase,41,SUP039
INV0007699,PROD0162,WH003,24-01-2026 05:58,Purchase,33,SUP039
INV0007700,PROD0024,WH004,24-01-2026 06:45,Purchase,6,SUP019
INV0007701,PROD0105,WH003,24-01-2026 07:28,Sale,85,
INV0007702,PROD0086,WH004,24-01-2026 14:54,Purchase,100,SUP034
INV0007703,PROD0054,WH003,24-01-2026 14:58,Return,41,
INV0007704,PROD0066,WH001,24-01-2026 19:59,Sale,98,
INV0007705,PROD0004,WH004,24-01-2026 21:50,Return,92,
INV0007706,PROD0133,WH001,25-01-2026 00:34,Sale,43,
INV0007707,PROD0046,WH001,25-01-2026 00:42,Sale,91,
INV0007708,PROD0004,WH004,25-01-2026 07:23,Sale,79,
INV0007709,PROD0048,WH004,25-01-2026 08:09,Sale,37,
INV0007710,PROD0157,WH001,25-01-2026 08:18,Sale,14,
INV0007711,PROD0106,WH002,25-01-2026 08:36,Sale,58,
INV0007712,PROD0045,WH001,25-01-2026 12:31,Return,51,
INV0007713,PROD0126,WH003,25-01-2026 13:48,Sale,3,
INV0007714,PROD0041,WH002,25-01-2026 17:58,Sale,27,
INV0007715,PROD0197,WH003,25-01-2026 19:17,Return,36,
INV0007716,PROD0022,WH002,26-01-2026 05:52,Purchase,89,SUP033
INV0007717,PROD0079,WH003,26-01-2026 07:03,Purchase,66,SUP024
INV0007718,PROD0107,WH002,26-01-2026 11:13,Sale,15,
INV0007719,PROD0188,WH002,26-01-2026 11:56,Purchase,22,SUP013
INV0007720,PROD0017,WH002,26-01-2026 18:11,Sale,99,
INV0007721,PROD0162,WH001,26-01-2026 18:15,Sale,16,
INV0007722,PROD0051,WH002,27-01-2026 03:36,Purchase,91,SUP027
INV0007723,PROD0142,WH004,27-01-2026 12:33,Sale,96,
INV0007724,PROD0025,WH002,27-01-2026 16:50,Purchase,69,SUP002
INV0007725,PROD0035,WH001,27-01-2026 19:56,Purchase,59,SUP014
INV0007726,PROD0200,WH003,27-01-2026 21:44,Purchase,95,SUP015
INV0007727,PROD0124,WH001,27-01-2026 21:54,Purchase,57,SUP004
INV0007728,PROD0006,WH003,27-01-2026 22:10,Return,54,
INV0007729,PROD0119,WH001,28-01-2026 02:03,Sale,83,
INV0007730,PROD0144,WH001,28-01-2026 03:13,Purchase,21,SUP038
INV0007731,PROD0159,WH003,28-01-2026 11:37,Adjustment,56,
INV0007732,PROD0052,WH004,28-01-2026 19:12,Sale,84,
INV0007733,PROD0116,WH003,28-01-2026 19:51,Sale,65,
INV0007734,PROD0032,WH001,29-01-2026 00:24,Sale,33,
INV0007735,PROD0193,WH003,29-01-2026 04:34,Return,31,
INV0007736,PROD0045,WH001,29-01-2026 05:04,Sale,61,
INV0007737,PROD0040,WH001,29-01-2026 09:46,Sale,38,
INV0007738,PROD0138,WH001,29-01-2026 15:22,Purchase,36,SUP021
INV0007739,PROD0034,WH004,29-01-2026 23:56,Purchase,28,SUP023
INV0007740,PROD0028,WH004,30-01-2026 03:57,Purchase,10,SUP011
INV0007741,PROD0146,WH001,30-01-2026 04:41,Sale,60,
INV0007742,PROD0030,WH002,30-01-2026 12:35,Return,30,
INV0007743,PROD0200,WH004,30-01-2026 14:31,Purchase,60,SUP033
INV0007744,PROD0163,WH002,30-01-2026 16:18,Adjustment,93,
INV0007745,PROD0048,WH002,30-01-2026 17:32,Purchase,17,SUP040
INV0007746,PROD0015,WH002,30-01-2026 18:21,Sale,85,
INV0007747,PROD0011,WH003,30-01-2026 21:41,Purchase,77,SUP026
INV0007748,PROD0112,WH001,30-01-2026 23:58,Sale,24,
INV0007749,PROD0132,WH003,31-01-2026 00:48,Sale,20,
INV0007750,PROD0074,WH002,31-01-2026 04:56,Return,40,
INV0007751,PROD0150,WH003,31-01-2026 07:11,Purchase,69,SUP008
INV0007752,PROD0118,WH003,31-01-2026 10:52,Sale,60,
INV0007753,PROD0103,WH004,31-01-2026 13:37,Adjustment,7,
INV0007754,PROD0002,WH003,31-01-2026 14:03,Sale,15,
INV0007755,PROD0046,WH004,31-01-2026 20:50,Purchase,92,SUP027
INV0007756,PROD0053,WH001,31-01-2026 22:27,Sale,23,
INV0007757,PROD0100,WH003,01-02-2026 00:23,Purchase,7,SUP039
INV0007758,PROD0042,WH002,01-02-2026 07:40,Purchase,27,SUP011
INV0007759,PROD0062,WH001,01-02-2026 09:16,Sale,7,
INV0007760,PROD0033,WH003,01-02-2026 16:07,Purchase,55,SUP024
INV0007761,PROD0044,WH003,01-02-2026 18:56,Purchase,9,SUP010
INV0007762,PROD0172,WH004,01-02-2026 19:43,Return,1,
INV0007763,PROD0101,WH004,02-02-2026 00:09,Purchase,46,SUP026
INV0007764,PROD0189,WH002,02-02-2026 02:51,Sale,66,
INV0007765,PROD0010,WH004,02-02-2026 03:05,Sale,56,
INV0007766,PROD0092,WH002,02-02-2026 12:00,Sale,22,
INV0007767,PROD0144,WH003,02-02-2026 13:27,Sale,16,
INV0007768,PROD0166,WH001,02-02-2026 19:21,Sale,54,
INV0007769,PROD0154,WH002,02-02-2026 20:23,Purchase,76,SUP029
INV0007770,PROD0087,WH003,02-02-2026 22:54,Sale,47,
INV0007771,PROD0198,WH002,02-02-2026 22:58,Purchase,13,SUP022
INV0007772,PROD0050,WH002,02-02-2026 23:14,Purchase,41,SUP007
INV0007773,PROD0176,WH002,02-02-2026 23:22,Purchase,94,SUP002
INV0007774,PROD0200,WH003,03-02-2026 01:00,Purchase,96,SUP032
INV0007775,PROD0059,WH003,03-02-2026 04:03,Sale,44,
INV0007776,PROD0164,WH001,03-02-2026 10:52,Return,96,
INV0007777,PROD0061,WH003,03-02-2026 11:10,Purchase,55,SUP036
INV0007778,PROD0175,WH004,03-02-2026 14:22,Sale,74,
INV0007779,PROD0089,WH003,03-02-2026 16:33,Sale,77,
INV0007780,PROD0073,WH001,03-02-2026 19:37,Purchase,52,SUP034
INV0007781,PROD0145,WH004,03-02-2026 21:33,Sale,84,
INV0007782,PROD0046,WH002,03-02-2026 21:53,Return,97,
INV0007783,PROD0009,WH002,04-02-2026 02:34,Purchase,80,SUP020
INV0007784,PROD0182,WH001,04-02-2026 03:59,Sale,47,
INV0007785,PROD0193,WH003,04-02-2026 07:34,Sale,34,
INV0007786,PROD0010,WH004,04-02-2026 08:49,Sale,19,
INV0007787,PROD0141,WH004,04-02-2026 10:22,Sale,75,
INV0007788,PROD0023,WH002,04-02-2026 10:43,Purchase,68,SUP003
INV0007789,PROD0171,WH003,04-02-2026 11:04,Purchase,9,SUP038
INV0007790,PROD0047,WH002,04-02-2026 17:19,Purchase,68,SUP038
INV0007791,PROD0139,WH002,04-02-2026 17:23,Purchase,63,SUP006
INV0007792,PROD0035,WH001,04-02-2026 18:30,Purchase,60,SUP010
INV0007793,PROD0185,WH002,05-02-2026 07:10,Purchase,36,SUP006
INV0007794,PROD0053,WH002,05-02-2026 11:49,Purchase,78,SUP031
INV0007795,PROD0164,WH002,05-02-2026 19:19,Purchase,2,SUP002
INV0007796,PROD0169,WH001,06-02-2026 02:28,Purchase,22,SUP010
INV0007797,PROD0088,WH001,06-02-2026 11:38,Purchase,80,SUP009
INV0007798,PROD0028,WH001,06-02-2026 13:27,Sale,77,
INV0007799,PROD0142,WH003,06-02-2026 17:50,Purchase,88,SUP033
INV0007800,PROD0013,WH001,06-02-2026 23:43,Return,100,
INV0007801,PROD0189,WH001,07-02-2026 03:17,Purchase,13,SUP023
INV0007802,PROD0075,WH004,07-02-2026 07:24,Sale,19,
INV0007803,PROD0190,WH002,07-02-2026 19:23,Purchase,17,SUP017
INV0007804,PROD0005,WH001,07-02-2026 20:09,Adjustment,52,
INV0007805,PROD0181,WH003,07-02-2026 20:14,Sale,13,
INV0007806,PROD0030,WH003,07-02-2026 22:23,Return,96,
INV0007807,PROD0151,WH001,08-02-2026 01:08,Purchase,100,SUP035
INV0007808,PROD0077,WH002,08-02-2026 06:32,Sale,86,
INV0007809,PROD0127,WH004,08-02-2026 07:56,Purchase,6,SUP033
INV0007810,PROD0043,WH002,08-02-2026 14:06,Purchase,47,SUP014
INV0007811,PROD0110,WH003,08-02-2026 15:16,Adjustment,70,
INV0007812,PROD0118,WH004,08-02-2026 19:46,Purchase,34,SUP026
INV0007813,PROD0039,WH003,08-02-2026 20:13,Sale,4,
INV0007814,PROD0141,WH001,08-02-2026 20:16,Sale,34,
INV0007815,PROD0092,WH003,09-02-2026 04:31,Purchase,65,SUP027
INV0007816,PROD0082,WH003,09-02-2026 05:47,Purchase,38,SUP035
INV0007817,PROD0027,WH004,09-02-2026 07:18,Return,97,
INV0007818,PROD0014,WH004,09-02-2026 11:50,Sale,81,
INV0007819,PROD0031,WH003,09-02-2026 17:07,Adjustment,18,
INV0007820,PROD0122,WH002,09-02-2026 18:09,Sale,88,
INV0007821,PROD0032,WH004,09-02-2026 20:00,Purchase,69,SUP006
INV0007822,PROD0017,WH002,09-02-2026 21:27,Sale,32,
INV0007823,PROD0095,WH002,09-02-2026 21:41,Purchase,71,SUP020
INV0007824,PROD0159,WH003,09-02-2026 22:37,Adjustment,96,
INV0007825,PROD0018,WH002,10-02-2026 00:41,Purchase,33,SUP038
INV0007826,PROD0115,WH002,10-02-2026 03:06,Sale,29,
INV0007827,PROD0172,WH003,10-02-2026 05:01,Adjustment,89,
INV0007828,PROD0185,WH002,10-02-2026 05:49,Purchase,58,SUP001
INV0007829,PROD0182,WH002,10-02-2026 06:44,Sale,70,
INV0007830,PROD0182,WH002,10-02-2026 06:59,Sale,100,
INV0007831,PROD0136,WH002,10-02-2026 11:47,Sale,22,
INV0007832,PROD0152,WH003,10-02-2026 17:45,Purchase,78,SUP025
INV0007833,PROD0104,WH001,10-02-2026 18:00,Return,15,
INV0007834,PROD0143,WH004,10-02-2026 23:12,Purchase,23,SUP013
INV0007835,PROD0191,WH002,11-02-2026 00:01,Sale,85,
INV0007836,PROD0036,WH004,11-02-2026 03:26,Sale,37,
INV0007837,PROD0065,WH002,11-02-2026 04:49,Purchase,4,SUP018
INV0007838,PROD0106,WH003,11-02-2026 06:01,Sale,35,
INV0007839,PROD0121,WH004,11-02-2026 06:42,Sale,87,
INV0007840,PROD0170,WH004,11-02-2026 08:54,Sale,44,
INV0007841,PROD0160,WH003,11-02-2026 10:42,Sale,10,
INV0007842,PROD0053,WH002,11-02-2026 12:13,Adjustment,70,
INV0007843,PROD0148,WH002,11-02-2026 15:43,Sale,88,
INV0007844,PROD0006,WH003,11-02-2026 17:44,Purchase,62,SUP029
INV0007845,PROD0169,WH003,11-02-2026 19:36,Purchase,26,SUP032
INV0007846,PROD0070,WH003,12-02-2026 02:53,Adjustment,43,
INV0007847,PROD0047,WH001,12-02-2026 06:02,Purchase,81,SUP036
INV0007848,PROD0080,WH003,12-02-2026 11:16,Purchase,18,SUP011
INV0007849,PROD0161,WH002,13-02-2026 04:02,Purchase,100,SUP034
INV0007850,PROD0192,WH003,13-02-2026 13:58,Sale,28,
INV0007851,PROD0008,WH002,13-02-2026 21:08,Purchase,29,SUP024
INV0007852,PROD0160,WH003,13-02-2026 23:06,Sale,90,
INV0007853,PROD0111,WH001,14-02-2026 00:46,Sale,85,
INV0007854,PROD0040,WH003,14-02-2026 10:01,Adjustment,34,
INV0007855,PROD0002,WH004,14-02-2026 15:53,Sale,79,
INV0007856,PROD0077,WH001,14-02-2026 16:45,Adjustment,1,
INV0007857,PROD0070,WH002,14-02-2026 16:55,Purchase,79,SUP034
INV0007858,PROD0163,WH004,14-02-2026 17:57,Return,89,
INV0007859,PROD0116,WH002,14-02-2026 20:20,Purchase,33,SUP011
INV0007860,PROD0153,WH003,14-02-2026 20:42,Purchase,26,SUP021
INV0007861,PROD0143,WH003,14-02-2026 21:10,Adjustment,83,
INV0007862,PROD0055,WH003,15-02-2026 00:42,Sale,65,
INV0007863,PROD0100,WH003,15-02-2026 08:47,Purchase,95,SUP039
INV0007864,PROD0151,WH001,15-02-2026 10:18,Sale,3,
INV0007865,PROD0190,WH004,15-02-2026 12:34,Sale,2,
INV0007866,PROD0087,WH003,15-02-2026 16:38,Sale,4,
INV0007867,PROD0103,WH003,15-02-2026 21:55,Return,81,
INV0007868,PROD0063,WH001,15-02-2026 21:59,Sale,10,
INV0007869,PROD0015,WH004,15-02-2026 22:27,Return,9,
INV0007870,PROD0063,WH004,15-02-2026 23:42,Adjustment,28,
INV0007871,PROD0037,WH003,15-02-2026 23:48,Sale,21,
INV0007872,PROD0129,WH001,16-02-2026 08:40,Sale,69,
INV0007873,PROD0170,WH004,16-02-2026 11:26,Purchase,39,SUP020
INV0007874,PROD0116,WH002,16-02-2026 17:04,Sale,26,
INV0007875,PROD0190,WH002,16-02-2026 19:21,Adjustment,99,
INV0007876,PROD0075,WH002,17-02-2026 06:28,Sale,69,
INV0007877,PROD0134,WH001,17-02-2026 08:36,Sale,73,
INV0007878,PROD0030,WH001,17-02-2026 13:01,Sale,69,
INV0007879,PROD0149,WH002,17-02-2026 16:57,Purchase,100,SUP002
INV0007880,PROD0069,WH003,17-02-2026 17:10,Purchase,87,SUP004
INV0007881,PROD0124,WH003,18-02-2026 03:33,Adjustment,40,
INV0007882,PROD0035,WH002,18-02-2026 04:07,Purchase,42,SUP038
INV0007883,PROD0128,WH002,18-02-2026 09:31,Sale,73,
INV0007884,PROD0143,WH004,18-02-2026 11:30,Purchase,54,SUP004
INV0007885,PROD0183,WH001,18-02-2026 12:38,Purchase,67,SUP033
INV0007886,PROD0029,WH001,18-02-2026 15:52,Purchase,69,SUP014
INV0007887,PROD0088,WH002,18-02-2026 18:30,Sale,1,
INV0007888,PROD0103,WH002,19-02-2026 02:23,Purchase,40,SUP031
INV0007889,PROD0134,WH002,19-02-2026 07:35,Purchase,10,SUP027
INV0007890,PROD0026,WH001,19-02-2026 08:59,Sale,67,
INV0007891,PROD0135,WH003,19-02-2026 14:50,Adjustment,2,
INV0007892,PROD0027,WH003,20-02-2026 04:34,Sale,90,
INV0007893,PROD0080,WH002,20-02-2026 05:08,Sale,47,
INV0007894,PROD0048,WH004,20-02-2026 09:44,Sale,46,
INV0007895,PROD0090,WH001,20-02-2026 12:20,Sale,58,
INV0007896,PROD0092,WH002,20-02-2026 19:15,Purchase,45,SUP015
INV0007897,PROD0065,WH002,20-02-2026 20:06,Purchase,5,SUP009
INV0007898,PROD0161,WH002,21-02-2026 01:39,Sale,81,
INV0007899,PROD0191,WH001,21-02-2026 06:24,Return,25,
INV0007900,PROD0197,WH004,21-02-2026 16:15,Return,63,
INV0007901,PROD0027,WH003,21-02-2026 21:51,Purchase,79,SUP002
INV0007902,PROD0117,WH004,21-02-2026 21:55,Adjustment,11,
INV0007903,PROD0051,WH002,22-02-2026 06:10,Purchase,13,SUP010
INV0007904,PROD0187,WH003,22-02-2026 06:57,Purchase,2,SUP007
INV0007905,PROD0155,WH003,22-02-2026 07:37,Sale,69,
INV0007906,PROD0171,WH003,22-02-2026 10:19,Sale,98,
INV0007907,PROD0069,WH002,22-02-2026 12:06,Purchase,46,SUP003
INV0007908,PROD0029,WH003,22-02-2026 15:34,Sale,77,
INV0007909,PROD0139,WH003,22-02-2026 15:52,Purchase,9,SUP004
INV0007910,PROD0119,WH001,23-02-2026 05:15,Return,27,
INV0007911,PROD0146,WH001,23-02-2026 08:26,Sale,74,
INV0007912,PROD0077,WH004,23-02-2026 09:33,Adjustment,94,
INV0007913,PROD0111,WH003,23-02-2026 11:22,Sale,85,
INV0007914,PROD0014,WH003,23-02-2026 14:24,Return,12,
INV0007915,PROD0082,WH001,23-02-2026 16:00,Adjustment,54,
INV0007916,PROD0132,WH004,23-02-2026 20:59,Sale,74,
INV0007917,PROD0141,WH004,23-02-2026 23:20,Purchase,55,SUP019
INV0007918,PROD0081,WH002,24-02-2026 01:49,Purchase,28,SUP034
INV0007919,PROD0003,WH004,24-02-2026 07:51,Purchase,6,SUP038
INV0007920,PROD0085,WH003,24-02-2026 16:38,Purchase,64,SUP020
INV0007921,PROD0142,WH003,24-02-2026 20:03,Adjustment,96,
INV0007922,PROD0023,WH001,24-02-2026 22:47,Sale,10,
INV0007923,PROD0116,WH001,24-02-2026 23:07,Sale,88,
INV0007924,PROD0190,WH002,25-02-2026 02:03,Purchase,81,SUP016
INV0007925,PROD0169,WH002,25-02-2026 04:46,Return,100,
INV0007926,PROD0040,WH003,25-02-2026 10:00,Purchase,34,SUP040
INV0007927,PROD0149,WH001,25-02-2026 14:23,Sale,74,
INV0007928,PROD0059,WH001,25-02-2026 15:30,Return,24,
INV0007929,PROD0113,WH001,25-02-2026 19:06,Purchase,63,SUP004
INV0007930,PROD0135,WH003,25-02-2026 20:22,Return,11,
INV0007931,PROD0157,WH003,25-02-2026 23:50,Sale,88,
INV0007932,PROD0077,WH004,26-02-2026 03:15,Sale,49,
INV0007933,PROD0034,WH003,26-02-2026 03:31,Purchase,94,SUP022
INV0007934,PROD0176,WH001,26-02-2026 03:50,Sale,85,
INV0007935,PROD0080,WH003,26-02-2026 04:40,Adjustment,92,
INV0007936,PROD0087,WH001,26-02-2026 05:22,Purchase,71,SUP008
INV0007937,PROD0107,WH001,26-02-2026 05:41,Purchase,4,SUP020
INV0007938,PROD0026,WH001,26-02-2026 08:53,Purchase,98,SUP010
INV0007939,PROD0155,WH001,26-02-2026 11:28,Adjustment,78,
INV0007940,PROD0184,WH004,26-02-2026 13:41,Sale,30,
INV0007941,PROD0040,WH002,26-02-2026 13:54,Sale,38,
INV0007942,PROD0137,WH002,26-02-2026 17:42,Purchase,79,SUP026
INV0007943,PROD0142,WH002,26-02-2026 20:38,Purchase,82,SUP036
INV0007944,PROD0073,WH001,27-02-2026 06:05,Sale,15,
INV0007945,PROD0056,WH001,27-02-2026 10:07,Purchase,7,SUP024
INV0007946,PROD0091,WH004,27-02-2026 10:26,Sale,68,
INV0007947,PROD0040,WH004,27-02-2026 16:19,Purchase,53,SUP018
INV0007948,PROD0086,WH004,28-02-2026 02:44,Sale,63,
INV0007949,PROD0080,WH001,28-02-2026 03:10,Purchase,99,SUP020
INV0007950,PROD0090,WH003,28-02-2026 04:31,Adjustment,66,
INV0007951,PROD0040,WH002,28-02-2026 05:44,Adjustment,61,
INV0007952,PROD0191,WH004,28-02-2026 11:16,Purchase,11,SUP035
INV0007953,PROD0088,WH004,28-02-2026 21:08,Sale,6,
INV0007954,PROD0108,WH002,01-03-2026 02:52,Purchase,95,SUP035
INV0007955,PROD0109,WH004,01-03-2026 08:15,Sale,96,
INV0007956,PROD0080,WH002,01-03-2026 08:20,Sale,85,
INV0007957,PROD0075,WH002,01-03-2026 11:35,Sale,29,
INV0007958,PROD0039,WH003,01-03-2026 14:09,Sale,85,
INV0007959,PROD0189,WH003,01-03-2026 20:20,Purchase,93,SUP038
INV0007960,PROD0154,WH004,01-03-2026 21:59,Sale,4,
INV0007961,PROD0135,WH004,01-03-2026 22:31,Adjustment,23,
INV0007962,PROD0126,WH004,02-03-2026 11:44,Purchase,21,SUP032
INV0007963,PROD0081,WH001,02-03-2026 12:08,Purchase,50,SUP037
INV0007964,PROD0132,WH004,02-03-2026 13:26,Purchase,77,SUP002
INV0007965,PROD0190,WH003,02-03-2026 13:39,Sale,13,
INV0007966,PROD0022,WH004,03-03-2026 05:13,Adjustment,34,
INV0007967,PROD0064,WH004,03-03-2026 06:05,Purchase,89,SUP036
INV0007968,PROD0034,WH002,03-03-2026 11:15,Purchase,19,SUP039
INV0007969,PROD0128,WH004,03-03-2026 13:05,Return,67,
INV0007970,PROD0061,WH001,03-03-2026 13:05,Sale,40,
INV0007971,PROD0095,WH004,04-03-2026 00:28,Purchase,11,SUP006
INV0007972,PROD0013,WH004,04-03-2026 01:30,Sale,31,
INV0007973,PROD0175,WH003,04-03-2026 01:48,Purchase,85,SUP027
INV0007974,PROD0190,WH003,04-03-2026 03:52,Sale,54,
INV0007975,PROD0088,WH003,04-03-2026 08:32,Purchase,100,SUP030
INV0007976,PROD0115,WH004,04-03-2026 13:26,Sale,48,
INV0007977,PROD0008,WH001,04-03-2026 19:57,Sale,96,
INV0007978,PROD0161,WH002,04-03-2026 21:19,Sale,3,
INV0007979,PROD0062,WH004,04-03-2026 21:46,Sale,5,
INV0007980,PROD0078,WH004,05-03-2026 03:38,Adjustment,94,
INV0007981,PROD0064,WH004,06-03-2026 02:02,Sale,80,
INV0007982,PROD0107,WH002,06-03-2026 14:56,Purchase,100,SUP036
INV0007983,PROD0079,WH002,06-03-2026 15:38,Purchase,93,SUP006
INV0007984,PROD0151,WH003,06-03-2026 17:07,Purchase,66,SUP011
INV0007985,PROD0147,WH004,06-03-2026 19:48,Sale,100,
INV0007986,PROD0063,WH003,06-03-2026 22:25,Purchase,1,SUP009
INV0007987,PROD0142,WH001,07-03-2026 09:20,Purchase,95,SUP027
INV0007988,PROD0162,WH001,07-03-2026 18:10,Adjustment,62,
INV0007989,PROD0022,WH004,08-03-2026 02:21,Sale,88,
INV0007990,PROD0034,WH001,08-03-2026 02:26,Sale,61,
INV0007991,PROD0012,WH003,08-03-2026 06:14,Sale,91,
INV0007992,PROD0191,WH003,08-03-2026 07:14,Sale,63,
INV0007993,PROD0038,WH001,08-03-2026 11:55,Sale,22,
INV0007994,PROD0175,WH002,08-03-2026 15:37,Adjustment,55,
INV0007995,PROD0090,WH002,08-03-2026 17:26,Sale,96,
INV0007996,PROD0064,WH001,08-03-2026 18:27,Sale,66,
INV0007997,PROD0116,WH003,09-03-2026 03:28,Purchase,77,SUP038
INV0007998,PROD0197,WH002,09-03-2026 03:45,Purchase,61,SUP017
INV0007999,PROD0092,WH003,09-03-2026 10:19,Sale,31,
INV0008000,PROD0013,WH003,09-03-2026 12:13,Purchase,41,SUP026
INV0008001,PROD0163,WH002,09-03-2026 13:05,Adjustment,46,
INV0008002,PROD0148,WH002,09-03-2026 14:26,Sale,75,
INV0008003,PROD0102,WH001,09-03-2026 15:14,Purchase,32,SUP040
INV0008004,PROD0061,WH001,09-03-2026 20:03,Purchase,46,SUP010
INV0008005,PROD0148,WH001,10-03-2026 01:02,Purchase,70,SUP014
INV0008006,PROD0182,WH001,10-03-2026 02:01,Sale,11,
INV0008007,PROD0198,WH004,10-03-2026 09:41,Sale,13,
INV0008008,PROD0052,WH001,10-03-2026 09:59,Sale,10,
INV0008009,PROD0132,WH002,10-03-2026 13:26,Sale,31,
INV0008010,PROD0103,WH003,10-03-2026 16:18,Sale,63,
INV0008011,PROD0124,WH002,10-03-2026 16:30,Purchase,73,SUP036
INV0008012,PROD0022,WH004,10-03-2026 19:32,Purchase,49,SUP016
INV0008013,PROD0153,WH001,11-03-2026 04:07,Purchase,79,SUP026
INV0008014,PROD0115,WH004,11-03-2026 13:24,Sale,12,
INV0008015,PROD0101,WH002,11-03-2026 18:15,Sale,50,
INV0008016,PROD0068,WH003,12-03-2026 10:22,Purchase,86,SUP023
INV0008017,PROD0184,WH004,12-03-2026 11:54,Sale,62,
INV0008018,PROD0166,WH001,12-03-2026 14:35,Purchase,4,SUP018
INV0008019,PROD0127,WH003,12-03-2026 15:01,Purchase,75,SUP036
INV0008020,PROD0130,WH002,12-03-2026 18:30,Sale,79,
INV0008021,PROD0181,WH003,12-03-2026 23:34,Sale,48,
INV0008022,PROD0147,WH003,13-03-2026 04:48,Sale,67,
INV0008023,PROD0098,WH004,13-03-2026 09:36,Sale,63,
INV0008024,PROD0079,WH002,13-03-2026 12:42,Sale,28,
INV0008025,PROD0047,WH004,13-03-2026 15:44,Sale,13,
INV0008026,PROD0142,WH004,14-03-2026 01:43,Sale,68,
INV0008027,PROD0169,WH004,14-03-2026 02:13,Sale,96,
INV0008028,PROD0044,WH002,14-03-2026 04:42,Sale,34,
INV0008029,PROD0037,WH004,14-03-2026 11:41,Purchase,22,SUP009
INV0008030,PROD0099,WH001,14-03-2026 15:21,Sale,6,
INV0008031,PROD0193,WH003,14-03-2026 22:23,Purchase,46,SUP010
INV0008032,PROD0109,WH001,15-03-2026 04:08,Purchase,6,SUP028
INV0008033,PROD0184,WH004,15-03-2026 07:34,Adjustment,91,
INV0008034,PROD0065,WH002,15-03-2026 14:03,Sale,78,
INV0008035,PROD0077,WH004,15-03-2026 14:35,Sale,39,
INV0008036,PROD0088,WH003,15-03-2026 16:18,Sale,44,
INV0008037,PROD0173,WH004,15-03-2026 17:10,Sale,22,
INV0008038,PROD0176,WH001,15-03-2026 18:58,Purchase,74,SUP001
INV0008039,PROD0182,WH004,16-03-2026 01:40,Sale,85,
INV0008040,PROD0097,WH001,16-03-2026 03:26,Sale,81,
INV0008041,PROD0076,WH003,16-03-2026 21:00,Sale,12,
INV0008042,PROD0155,WH001,16-03-2026 21:31,Purchase,49,SUP036
INV0008043,PROD0178,WH001,17-03-2026 00:49,Sale,82,
INV0008044,PROD0106,WH002,17-03-2026 02:14,Purchase,26,SUP023
INV0008045,PROD0134,WH004,17-03-2026 04:31,Sale,14,
INV0008046,PROD0004,WH002,17-03-2026 06:29,Sale,64,
INV0008047,PROD0064,WH003,17-03-2026 10:25,Sale,3,
INV0008048,PROD0160,WH002,17-03-2026 16:25,Sale,29,
INV0008049,PROD0093,WH004,17-03-2026 16:48,Adjustment,21,
INV0008050,PROD0195,WH002,17-03-2026 19:05,Adjustment,46,
INV0008051,PROD0184,WH002,18-03-2026 01:09,Purchase,33,SUP036
INV0008052,PROD0179,WH002,18-03-2026 03:47,Return,74,
INV0008053,PROD0128,WH003,18-03-2026 09:26,Sale,41,
INV0008054,PROD0166,WH003,18-03-2026 17:27,Sale,43,
INV0008055,PROD0130,WH004,18-03-2026 17:27,Sale,81,
INV0008056,PROD0083,WH001,18-03-2026 20:08,Sale,20,
INV0008057,PROD0146,WH001,19-03-2026 05:17,Sale,88,
INV0008058,PROD0090,WH002,19-03-2026 05:51,Sale,67,
INV0008059,PROD0150,WH002,19-03-2026 06:25,Sale,36,
INV0008060,PROD0093,WH003,19-03-2026 08:08,Sale,34,
INV0008061,PROD0068,WH004,19-03-2026 12:01,Purchase,17,SUP039
INV0008062,PROD0085,WH004,19-03-2026 16:04,Sale,6,
INV0008063,PROD0170,WH002,19-03-2026 18:12,Sale,40,
INV0008064,PROD0088,WH003,20-03-2026 01:12,Purchase,46,SUP006
INV0008065,PROD0118,WH003,20-03-2026 09:20,Sale,78,
INV0008066,PROD0159,WH003,21-03-2026 00:18,Adjustment,58,
INV0008067,PROD0195,WH003,21-03-2026 01:27,Sale,96,
INV0008068,PROD0161,WH004,21-03-2026 02:30,Purchase,3,SUP017
INV0008069,PROD0111,WH002,21-03-2026 02:31,Purchase,30,SUP038
INV0008070,PROD0061,WH003,21-03-2026 12:26,Purchase,74,SUP005
INV0008071,PROD0039,WH002,22-03-2026 01:34,Purchase,4,SUP028
INV0008072,PROD0119,WH002,22-03-2026 10:25,Purchase,16,SUP010
INV0008073,PROD0014,WH004,22-03-2026 15:16,Purchase,88,SUP037
INV0008074,PROD0164,WH001,22-03-2026 20:24,Sale,90,
INV0008075,PROD0138,WH003,22-03-2026 20:39,Return,34,
INV0008076,PROD0120,WH001,22-03-2026 23:27,Sale,17,
INV0008077,PROD0113,WH004,23-03-2026 09:36,Sale,65,
INV0008078,PROD0167,WH001,23-03-2026 10:41,Sale,36,
INV0008079,PROD0174,WH004,23-03-2026 10:42,Adjustment,15,
INV0008080,PROD0182,WH004,23-03-2026 10:44,Purchase,45,SUP034
INV0008081,PROD0171,WH001,23-03-2026 18:46,Adjustment,46,
INV0008082,PROD0147,WH004,23-03-2026 21:04,Sale,46,
INV0008083,PROD0076,WH004,24-03-2026 00:19,Sale,43,
INV0008084,PROD0168,WH002,24-03-2026 01:10,Return,72,
INV0008085,PROD0199,WH001,24-03-2026 04:26,Adjustment,61,
INV0008086,PROD0159,WH001,24-03-2026 05:53,Adjustment,88,
INV0008087,PROD0170,WH004,24-03-2026 07:18,Sale,62,
INV0008088,PROD0128,WH004,24-03-2026 11:52,Return,90,
INV0008089,PROD0015,WH003,24-03-2026 13:47,Sale,46,
INV0008090,PROD0179,WH004,24-03-2026 13:58,Purchase,38,SUP027
INV0008091,PROD0068,WH002,24-03-2026 14:56,Purchase,98,SUP039
INV0008092,PROD0117,WH001,25-03-2026 00:04,Sale,1,
INV0008093,PROD0131,WH003,25-03-2026 01:12,Sale,97,
INV0008094,PROD0166,WH002,25-03-2026 01:19,Return,35,
INV0008095,PROD0009,WH004,25-03-2026 04:15,Purchase,21,SUP006
INV0008096,PROD0013,WH004,25-03-2026 08:35,Purchase,79,SUP029
INV0008097,PROD0058,WH004,25-03-2026 16:37,Sale,45,
INV0008098,PROD0096,WH003,25-03-2026 19:06,Purchase,92,SUP013
INV0008099,PROD0111,WH001,25-03-2026 19:53,Sale,46,
INV0008100,PROD0029,WH002,25-03-2026 23:41,Sale,99,
INV0008101,PROD0192,WH003,26-03-2026 00:00,Purchase,42,SUP013
INV0008102,PROD0162,WH004,26-03-2026 03:55,Purchase,19,SUP018
INV0008103,PROD0174,WH001,26-03-2026 07:26,Sale,4,
INV0008104,PROD0073,WH001,26-03-2026 08:43,Purchase,37,SUP038
INV0008105,PROD0008,WH001,26-03-2026 08:58,Purchase,61,SUP008
INV0008106,PROD0144,WH002,26-03-2026 09:50,Purchase,66,SUP029
INV0008107,PROD0159,WH001,26-03-2026 10:51,Adjustment,28,
INV0008108,PROD0003,WH004,26-03-2026 15:31,Sale,53,
INV0008109,PROD0030,WH004,26-03-2026 15:43,Purchase,2,SUP001
INV0008110,PROD0087,WH003,26-03-2026 18:01,Sale,68,
INV0008111,PROD0185,WH001,26-03-2026 22:39,Sale,68,
INV0008112,PROD0023,WH001,26-03-2026 23:11,Return,3,
INV0008113,PROD0134,WH003,26-03-2026 23:27,Adjustment,87,
INV0008114,PROD0183,WH004,27-03-2026 00:37,Sale,75,
INV0008115,PROD0029,WH004,27-03-2026 03:38,Sale,4,
INV0008116,PROD0196,WH002,27-03-2026 03:57,Sale,8,
INV0008117,PROD0197,WH003,27-03-2026 05:05,Purchase,83,SUP030
INV0008118,PROD0095,WH001,27-03-2026 10:00,Sale,85,
INV0008119,PROD0022,WH002,27-03-2026 11:15,Purchase,62,SUP007
INV0008120,PROD0158,WH003,27-03-2026 11:22,Sale,32,
INV0008121,PROD0040,WH004,27-03-2026 15:58,Sale,34,
INV0008122,PROD0069,WH001,27-03-2026 17:06,Purchase,49,SUP040
INV0008123,PROD0016,WH004,28-03-2026 00:38,Sale,59,
INV0008124,PROD0068,WH003,28-03-2026 00:44,Return,70,
INV0008125,PROD0075,WH003,28-03-2026 03:29,Sale,52,
INV0008126,PROD0083,WH004,28-03-2026 04:37,Return,45,
INV0008127,PROD0035,WH004,28-03-2026 07:06,Return,65,
INV0008128,PROD0029,WH001,28-03-2026 11:57,Purchase,90,SUP004
INV0008129,PROD0199,WH001,28-03-2026 17:48,Sale,52,
INV0008130,PROD0170,WH004,28-03-2026 18:42,Adjustment,50,
INV0008131,PROD0107,WH001,28-03-2026 23:38,Purchase,44,SUP007
INV0008132,PROD0073,WH003,29-03-2026 00:43,Sale,91,
INV0008133,PROD0156,WH002,29-03-2026 05:16,Purchase,3,SUP024
INV0008134,PROD0155,WH002,29-03-2026 08:55,Sale,11,
INV0008135,PROD0060,WH002,29-03-2026 17:02,Purchase,36,SUP027
INV0008136,PROD0071,WH002,29-03-2026 17:40,Purchase,43,SUP032
INV0008137,PROD0053,WH001,29-03-2026 20:37,Return,33,
INV0008138,PROD0020,WH003,29-03-2026 22:44,Purchase,41,SUP031
INV0008139,PROD0099,WH003,29-03-2026 22:58,Purchase,21,SUP001
INV0008140,PROD0176,WH001,30-03-2026 00:01,Adjustment,91,
INV0008141,PROD0156,WH001,30-03-2026 09:48,Purchase,29,SUP022
INV0008142,PROD0102,WH002,30-03-2026 10:38,Sale,17,
INV0008143,PROD0126,WH003,30-03-2026 12:29,Adjustment,97,
INV0008144,PROD0181,WH001,30-03-2026 19:22,Return,98,
INV0008145,PROD0096,WH001,30-03-2026 20:35,Return,22,
INV0008146,PROD0159,WH003,30-03-2026 23:16,Adjustment,27,
INV0008147,PROD0029,WH002,30-03-2026 23:31,Purchase,10,SUP014
INV0008148,PROD0129,WH001,31-03-2026 03:56,Adjustment,34,
INV0008149,PROD0100,WH002,31-03-2026 06:39,Sale,87,
INV0008150,PROD0016,WH004,31-03-2026 08:44,Purchase,22,SUP011
INV0008151,PROD0129,WH001,31-03-2026 15:51,Return,52,
INV0008152,PROD0051,WH003,31-03-2026 17:35,Purchase,69,SUP021
INV0008153,PROD0013,WH004,31-03-2026 18:10,Purchase,93,SUP011
INV0008154,PROD0070,WH003,31-03-2026 20:51,Purchase,19,SUP019
INV0008155,PROD0126,WH001,31-03-2026 23:03,Purchase,4,SUP032
INV0008156,PROD0027,WH004,01-04-2026 05:45,Sale,63,
INV0008157,PROD0193,WH001,01-04-2026 05:48,Purchase,55,SUP018
INV0008158,PROD0033,WH004,01-04-2026 06:55,Sale,8,
INV0008159,PROD0042,WH002,01-04-2026 13:16,Return,31,
INV0008160,PROD0018,WH004,01-04-2026 23:13,Purchase,41,SUP035
INV0008161,PROD0047,WH004,02-04-2026 01:50,Sale,36,
INV0008162,PROD0035,WH002,02-04-2026 10:21,Adjustment,80,
INV0008163,PROD0089,WH003,03-04-2026 11:27,Purchase,75,SUP020
INV0008164,PROD0190,WH001,03-04-2026 12:17,Purchase,55,SUP008
INV0008165,PROD0144,WH002,03-04-2026 16:44,Purchase,75,SUP023
INV0008166,PROD0194,WH004,03-04-2026 18:39,Purchase,54,SUP032
INV0008167,PROD0097,WH002,03-04-2026 18:52,Purchase,48,SUP024
INV0008168,PROD0008,WH002,03-04-2026 19:37,Return,62,
INV0008169,PROD0030,WH004,03-04-2026 20:31,Purchase,4,SUP029
INV0008170,PROD0061,WH003,03-04-2026 21:57,Purchase,1,SUP023
INV0008171,PROD0146,WH002,03-04-2026 22:33,Purchase,94,SUP036
INV0008172,PROD0036,WH001,04-04-2026 03:08,Purchase,63,SUP001
INV0008173,PROD0107,WH001,04-04-2026 10:53,Purchase,1,SUP035
INV0008174,PROD0192,WH002,04-04-2026 11:20,Purchase,93,SUP002
INV0008175,PROD0154,WH001,04-04-2026 12:29,Sale,53,
INV0008176,PROD0113,WH002,04-04-2026 13:41,Sale,42,
INV0008177,PROD0053,WH004,04-04-2026 14:09,Purchase,21,SUP016
INV0008178,PROD0068,WH003,04-04-2026 22:33,Adjustment,71,
INV0008179,PROD0197,WH001,05-04-2026 07:29,Adjustment,50,
INV0008180,PROD0087,WH003,05-04-2026 08:44,Sale,96,
INV0008181,PROD0033,WH003,05-04-2026 11:40,Purchase,8,SUP039
INV0008182,PROD0076,WH004,05-04-2026 15:44,Adjustment,75,
INV0008183,PROD0194,WH003,05-04-2026 21:06,Purchase,3,SUP013
INV0008184,PROD0074,WH004,05-04-2026 23:39,Sale,62,
INV0008185,PROD0018,WH001,06-04-2026 11:05,Sale,85,
INV0008186,PROD0154,WH002,07-04-2026 04:22,Sale,59,
INV0008187,PROD0053,WH001,07-04-2026 05:46,Sale,22,
INV0008188,PROD0117,WH003,07-04-2026 07:31,Sale,54,
INV0008189,PROD0029,WH004,07-04-2026 07:42,Adjustment,26,
INV0008190,PROD0092,WH003,07-04-2026 10:51,Sale,51,
INV0008191,PROD0165,WH004,07-04-2026 14:40,Sale,2,
INV0008192,PROD0020,WH001,07-04-2026 20:04,Purchase,94,SUP040
INV0008193,PROD0140,WH004,07-04-2026 23:16,Sale,82,
INV0008194,PROD0008,WH003,08-04-2026 10:44,Purchase,3,SUP016
INV0008195,PROD0102,WH003,08-04-2026 11:57,Purchase,57,SUP025
INV0008196,PROD0182,WH002,08-04-2026 14:33,Sale,53,
INV0008197,PROD0188,WH001,08-04-2026 15:05,Sale,81,
INV0008198,PROD0063,WH004,08-04-2026 15:06,Purchase,35,SUP039
INV0008199,PROD0036,WH003,08-04-2026 20:19,Purchase,45,SUP038
INV0008200,PROD0056,WH004,09-04-2026 02:20,Purchase,35,SUP020
INV0008201,PROD0073,WH004,09-04-2026 02:33,Sale,65,
INV0008202,PROD0072,WH004,09-04-2026 12:02,Purchase,37,SUP037
INV0008203,PROD0002,WH003,09-04-2026 13:44,Sale,53,
INV0008204,PROD0096,WH002,09-04-2026 17:53,Sale,7,
INV0008205,PROD0085,WH002,09-04-2026 20:32,Purchase,78,SUP015
INV0008206,PROD0028,WH001,10-04-2026 01:15,Sale,14,
INV0008207,PROD0011,WH003,10-04-2026 03:07,Sale,35,
INV0008208,PROD0020,WH002,10-04-2026 05:50,Purchase,68,SUP013
INV0008209,PROD0043,WH001,10-04-2026 07:00,Sale,12,
INV0008210,PROD0082,WH003,10-04-2026 10:25,Sale,65,
INV0008211,PROD0040,WH002,10-04-2026 11:57,Return,24,
INV0008212,PROD0187,WH001,10-04-2026 14:22,Purchase,97,SUP035
INV0008213,PROD0114,WH002,10-04-2026 15:32,Purchase,56,SUP038
INV0008214,PROD0153,WH002,10-04-2026 18:40,Adjustment,56,
INV0008215,PROD0058,WH004,10-04-2026 23:17,Adjustment,28,
INV0008216,PROD0064,WH002,11-04-2026 02:42,Purchase,86,SUP032
INV0008217,PROD0017,WH003,11-04-2026 03:08,Purchase,17,SUP026
INV0008218,PROD0081,WH004,11-04-2026 10:08,Sale,67,
INV0008219,PROD0135,WH002,11-04-2026 11:51,Purchase,89,SUP028
INV0008220,PROD0038,WH004,11-04-2026 15:37,Sale,52,
INV0008221,PROD0034,WH004,11-04-2026 19:04,Purchase,33,SUP037
INV0008222,PROD0030,WH001,12-04-2026 00:54,Sale,80,
INV0008223,PROD0046,WH001,12-04-2026 02:19,Purchase,4,SUP021
INV0008224,PROD0002,WH003,12-04-2026 04:00,Sale,20,
INV0008225,PROD0112,WH004,12-04-2026 11:02,Sale,58,
INV0008226,PROD0042,WH001,12-04-2026 12:29,Adjustment,29,
INV0008227,PROD0196,WH001,12-04-2026 14:21,Purchase,75,SUP033
INV0008228,PROD0164,WH003,12-04-2026 19:40,Purchase,12,SUP002
INV0008229,PROD0165,WH002,12-04-2026 20:14,Adjustment,18,
INV0008230,PROD0097,WH001,12-04-2026 22:07,Sale,77,
INV0008231,PROD0164,WH001,12-04-2026 22:40,Adjustment,50,
INV0008232,PROD0105,WH004,12-04-2026 23:17,Return,79,
INV0008233,PROD0131,WH002,13-04-2026 00:40,Sale,11,
INV0008234,PROD0183,WH002,13-04-2026 08:29,Purchase,50,SUP029
INV0008235,PROD0060,WH002,13-04-2026 09:09,Purchase,20,SUP030
INV0008236,PROD0111,WH003,14-04-2026 09:13,Sale,83,
INV0008237,PROD0118,WH002,14-04-2026 14:39,Sale,26,
INV0008238,PROD0188,WH001,14-04-2026 18:53,Purchase,70,SUP028
INV0008239,PROD0160,WH001,14-04-2026 19:59,Sale,80,
INV0008240,PROD0033,WH004,14-04-2026 21:01,Purchase,70,SUP040
INV0008241,PROD0036,WH001,15-04-2026 00:50,Purchase,19,SUP007
INV0008242,PROD0021,WH004,15-04-2026 03:52,Purchase,16,SUP036
INV0008243,PROD0192,WH002,15-04-2026 06:21,Purchase,10,SUP036
INV0008244,PROD0126,WH003,15-04-2026 10:01,Purchase,84,SUP025
INV0008245,PROD0163,WH002,15-04-2026 11:21,Sale,38,
INV0008246,PROD0119,WH002,15-04-2026 12:02,Adjustment,20,
INV0008247,PROD0115,WH002,15-04-2026 13:29,Adjustment,99,
INV0008248,PROD0018,WH003,15-04-2026 18:48,Sale,25,
INV0008249,PROD0098,WH001,15-04-2026 23:19,Return,54,
INV0008250,PROD0146,WH004,15-04-2026 23:19,Purchase,69,SUP030
INV0008251,PROD0150,WH003,15-04-2026 23:41,Sale,53,
INV0008252,PROD0071,WH002,16-04-2026 02:26,Sale,51,
INV0008253,PROD0192,WH002,16-04-2026 04:59,Sale,80,
INV0008254,PROD0036,WH003,16-04-2026 07:49,Purchase,8,SUP021
INV0008255,PROD0051,WH001,16-04-2026 08:55,Purchase,48,SUP021
INV0008256,PROD0139,WH004,16-04-2026 13:28,Purchase,94,SUP030
INV0008257,PROD0019,WH001,16-04-2026 22:58,Sale,73,
INV0008258,PROD0104,WH004,17-04-2026 00:03,Adjustment,48,
INV0008259,PROD0128,WH001,17-04-2026 03:21,Purchase,7,SUP005
INV0008260,PROD0051,WH004,17-04-2026 04:38,Sale,41,
INV0008261,PROD0070,WH001,17-04-2026 07:21,Return,28,
INV0008262,PROD0086,WH004,17-04-2026 07:48,Purchase,25,SUP036
INV0008263,PROD0058,WH001,17-04-2026 16:05,Sale,43,
INV0008264,PROD0162,WH003,17-04-2026 20:47,Purchase,23,SUP003
INV0008265,PROD0088,WH001,18-04-2026 03:29,Purchase,34,SUP033
INV0008266,PROD0037,WH001,18-04-2026 06:05,Sale,49,
INV0008267,PROD0124,WH002,18-04-2026 11:15,Purchase,4,SUP032
INV0008268,PROD0115,WH004,18-04-2026 12:07,Return,13,
INV0008269,PROD0039,WH003,18-04-2026 12:14,Adjustment,50,
INV0008270,PROD0010,WH001,18-04-2026 13:00,Purchase,24,SUP008
INV0008271,PROD0094,WH002,18-04-2026 23:19,Purchase,27,SUP032
INV0008272,PROD0190,WH001,19-04-2026 05:38,Purchase,32,SUP001
INV0008273,PROD0094,WH004,19-04-2026 07:14,Sale,45,
INV0008274,PROD0066,WH004,19-04-2026 14:12,Purchase,7,SUP024
INV0008275,PROD0045,WH004,19-04-2026 14:44,Sale,87,
INV0008276,PROD0153,WH001,19-04-2026 15:42,Sale,26,
INV0008277,PROD0001,WH001,19-04-2026 16:02,Purchase,12,SUP006
INV0008278,PROD0107,WH001,19-04-2026 16:54,Sale,77,
INV0008279,PROD0042,WH004,19-04-2026 20:05,Purchase,51,SUP022
INV0008280,PROD0010,WH003,20-04-2026 01:33,Sale,43,
INV0008281,PROD0006,WH003,20-04-2026 02:55,Return,38,
INV0008282,PROD0094,WH003,20-04-2026 05:14,Purchase,13,SUP017
INV0008283,PROD0008,WH003,20-04-2026 05:36,Sale,31,
INV0008284,PROD0198,WH004,20-04-2026 07:22,Adjustment,79,
INV0008285,PROD0115,WH004,20-04-2026 09:25,Purchase,40,SUP037
INV0008286,PROD0093,WH002,20-04-2026 16:05,Sale,67,
INV0008287,PROD0199,WH002,20-04-2026 17:53,Purchase,12,SUP021
INV0008288,PROD0156,WH004,20-04-2026 20:21,Sale,31,
INV0008289,PROD0066,WH002,20-04-2026 23:15,Sale,57,
INV0008290,PROD0164,WH004,21-04-2026 10:09,Return,1,
INV0008291,PROD0167,WH004,21-04-2026 14:17,Adjustment,45,
INV0008292,PROD0001,WH004,21-04-2026 16:25,Sale,36,
INV0008293,PROD0080,WH004,21-04-2026 23:18,Return,90,
INV0008294,PROD0173,WH003,21-04-2026 23:53,Purchase,41,SUP001
INV0008295,PROD0132,WH002,22-04-2026 01:44,Sale,6,
INV0008296,PROD0185,WH001,22-04-2026 01:46,Sale,87,
INV0008297,PROD0096,WH001,22-04-2026 01:52,Purchase,71,SUP035
INV0008298,PROD0028,WH002,22-04-2026 04:01,Purchase,50,SUP020
INV0008299,PROD0197,WH003,22-04-2026 05:29,Purchase,4,SUP031
INV0008300,PROD0075,WH004,22-04-2026 08:11,Sale,25,
INV0008301,PROD0127,WH004,22-04-2026 14:47,Sale,47,
INV0008302,PROD0095,WH001,22-04-2026 22:14,Adjustment,9,
INV0008303,PROD0113,WH004,22-04-2026 22:49,Purchase,36,SUP027
INV0008304,PROD0191,WH004,23-04-2026 01:41,Sale,33,
INV0008305,PROD0070,WH002,23-04-2026 01:58,Purchase,22,SUP010
INV0008306,PROD0200,WH001,23-04-2026 02:45,Return,23,
INV0008307,PROD0163,WH001,23-04-2026 03:51,Sale,99,
INV0008308,PROD0011,WH001,23-04-2026 04:25,Purchase,81,SUP034
INV0008309,PROD0200,WH003,23-04-2026 05:40,Purchase,53,SUP003
INV0008310,PROD0125,WH004,23-04-2026 06:39,Purchase,93,SUP038
INV0008311,PROD0055,WH002,23-04-2026 13:14,Purchase,92,SUP010
INV0008312,PROD0119,WH001,23-04-2026 15:12,Sale,14,
INV0008313,PROD0027,WH002,23-04-2026 21:15,Purchase,56,SUP032
INV0008314,PROD0179,WH001,24-04-2026 09:44,Sale,67,
INV0008315,PROD0195,WH003,24-04-2026 10:53,Purchase,97,SUP004
INV0008316,PROD0197,WH001,24-04-2026 11:21,Sale,87,
INV0008317,PROD0142,WH002,24-04-2026 16:59,Purchase,96,SUP027
INV0008318,PROD0179,WH003,24-04-2026 19:01,Purchase,54,SUP029
INV0008319,PROD0012,WH004,24-04-2026 22:04,Sale,7,
INV0008320,PROD0194,WH001,25-04-2026 07:04,Adjustment,19,
INV0008321,PROD0041,WH002,25-04-2026 18:27,Purchase,28,SUP040
INV0008322,PROD0193,WH002,25-04-2026 18:44,Sale,97,
INV0008323,PROD0152,WH001,25-04-2026 21:04,Sale,91,
INV0008324,PROD0138,WH001,25-04-2026 21:32,Purchase,23,SUP016
INV0008325,PROD0183,WH002,26-04-2026 05:55,Purchase,33,SUP032
INV0008326,PROD0028,WH004,26-04-2026 09:54,Sale,21,
INV0008327,PROD0013,WH002,26-04-2026 09:54,Purchase,49,SUP032
INV0008328,PROD0029,WH002,26-04-2026 10:42,Sale,94,
INV0008329,PROD0024,WH002,26-04-2026 18:02,Sale,22,
INV0008330,PROD0007,WH004,27-04-2026 02:24,Sale,95,
INV0008331,PROD0027,WH001,27-04-2026 04:54,Sale,84,
INV0008332,PROD0114,WH004,27-04-2026 08:14,Purchase,92,SUP017
INV0008333,PROD0187,WH001,27-04-2026 18:35,Sale,34,
INV0008334,PROD0003,WH004,27-04-2026 21:49,Purchase,39,SUP010
INV0008335,PROD0187,WH004,27-04-2026 22:31,Purchase,59,SUP018
INV0008336,PROD0034,WH001,28-04-2026 04:02,Purchase,50,SUP040
INV0008337,PROD0125,WH004,28-04-2026 08:36,Purchase,49,SUP026
INV0008338,PROD0090,WH001,28-04-2026 15:46,Adjustment,70,
INV0008339,PROD0083,WH002,28-04-2026 16:11,Sale,65,
INV0008340,PROD0072,WH002,29-04-2026 03:24,Sale,55,
INV0008341,PROD0112,WH002,29-04-2026 03:37,Purchase,66,SUP031
INV0008342,PROD0064,WH003,29-04-2026 09:05,Return,37,
INV0008343,PROD0130,WH003,29-04-2026 13:13,Purchase,20,SUP036
INV0008344,PROD0138,WH004,29-04-2026 20:46,Purchase,68,SUP023
INV0008345,PROD0170,WH003,29-04-2026 23:38,Return,25,
INV0008346,PROD0110,WH002,30-04-2026 04:28,Sale,90,
INV0008347,PROD0135,WH003,30-04-2026 05:12,Sale,32,
INV0008348,PROD0022,WH002,30-04-2026 09:08,Adjustment,9,
INV0008349,PROD0137,WH004,30-04-2026 10:59,Sale,80,
INV0008350,PROD0104,WH003,30-04-2026 15:54,Purchase,75,SUP020
INV0008351,PROD0195,WH002,30-04-2026 18:07,Purchase,42,SUP007
INV0008352,PROD0142,WH003,30-04-2026 22:25,Purchase,83,SUP018
INV0008353,PROD0034,WH003,01-05-2026 00:13,Return,63,
INV0008354,PROD0147,WH002,01-05-2026 00:44,Purchase,58,SUP004
INV0008355,PROD0151,WH003,01-05-2026 06:10,Purchase,37,SUP006
INV0008356,PROD0119,WH002,01-05-2026 11:03,Sale,92,
INV0008357,PROD0189,WH002,01-05-2026 12:00,Adjustment,1,
INV0008358,PROD0107,WH004,01-05-2026 12:15,Sale,35,
INV0008359,PROD0037,WH001,01-05-2026 13:52,Purchase,55,SUP003
INV0008360,PROD0006,WH002,01-05-2026 22:32,Purchase,71,SUP038
INV0008361,PROD0075,WH001,01-05-2026 23:33,Sale,37,
INV0008362,PROD0048,WH001,02-05-2026 03:08,Sale,32,
INV0008363,PROD0075,WH002,02-05-2026 03:33,Purchase,84,SUP024
INV0008364,PROD0093,WH001,02-05-2026 04:00,Adjustment,88,
INV0008365,PROD0172,WH001,02-05-2026 04:12,Sale,84,
INV0008366,PROD0070,WH004,02-05-2026 04:36,Sale,44,
INV0008367,PROD0120,WH004,02-05-2026 09:39,Sale,66,
INV0008368,PROD0143,WH002,02-05-2026 11:32,Purchase,98,SUP035
INV0008369,PROD0126,WH002,02-05-2026 22:01,Sale,11,
INV0008370,PROD0145,WH003,02-05-2026 22:36,Sale,38,
INV0008371,PROD0121,WH001,03-05-2026 01:40,Purchase,66,SUP035
INV0008372,PROD0151,WH002,03-05-2026 06:39,Purchase,5,SUP015
INV0008373,PROD0088,WH004,03-05-2026 14:23,Return,45,
INV0008374,PROD0067,WH001,03-05-2026 14:34,Adjustment,90,
INV0008375,PROD0037,WH004,04-05-2026 01:15,Purchase,96,SUP033
INV0008376,PROD0003,WH004,04-05-2026 01:25,Purchase,24,SUP019
INV0008377,PROD0010,WH002,04-05-2026 12:13,Sale,52,
INV0008378,PROD0010,WH003,04-05-2026 14:19,Sale,42,
INV0008379,PROD0056,WH003,04-05-2026 15:20,Sale,27,
INV0008380,PROD0082,WH001,04-05-2026 20:25,Purchase,86,SUP038
INV0008381,PROD0197,WH003,04-05-2026 22:19,Adjustment,61,
INV0008382,PROD0095,WH004,04-05-2026 22:31,Purchase,7,SUP027
INV0008383,PROD0164,WH002,05-05-2026 01:26,Sale,55,
INV0008384,PROD0114,WH004,05-05-2026 07:15,Sale,1,
INV0008385,PROD0042,WH003,05-05-2026 18:17,Purchase,37,SUP003
INV0008386,PROD0094,WH001,05-05-2026 22:44,Sale,6,
INV0008387,PROD0057,WH004,05-05-2026 22:47,Adjustment,70,
INV0008388,PROD0133,WH002,06-05-2026 06:41,Sale,94,
INV0008389,PROD0105,WH002,06-05-2026 06:54,Sale,50,
INV0008390,PROD0021,WH001,06-05-2026 11:19,Sale,7,
INV0008391,PROD0133,WH002,06-05-2026 21:38,Purchase,46,SUP039
INV0008392,PROD0111,WH002,07-05-2026 05:08,Purchase,45,SUP030
INV0008393,PROD0015,WH003,07-05-2026 11:56,Return,97,
INV0008394,PROD0141,WH003,07-05-2026 16:04,Sale,61,
INV0008395,PROD0014,WH004,07-05-2026 20:15,Sale,54,
INV0008396,PROD0083,WH002,07-05-2026 22:26,Sale,36,
INV0008397,PROD0129,WH004,07-05-2026 22:30,Sale,50,
INV0008398,PROD0129,WH003,08-05-2026 04:26,Return,88,
INV0008399,PROD0122,WH003,08-05-2026 05:48,Purchase,82,SUP011
INV0008400,PROD0133,WH003,08-05-2026 08:47,Purchase,83,SUP013
INV0008401,PROD0110,WH003,08-05-2026 09:29,Purchase,75,SUP025
INV0008402,PROD0081,WH001,08-05-2026 10:33,Adjustment,64,
INV0008403,PROD0064,WH003,08-05-2026 11:04,Purchase,14,SUP035
INV0008404,PROD0151,WH002,08-05-2026 11:16,Adjustment,92,
INV0008405,PROD0098,WH001,08-05-2026 22:22,Purchase,51,SUP034
INV0008406,PROD0134,WH002,09-05-2026 00:18,Purchase,1,SUP033
INV0008407,PROD0133,WH004,09-05-2026 03:36,Sale,33,
INV0008408,PROD0129,WH001,09-05-2026 04:33,Sale,86,
INV0008409,PROD0047,WH001,09-05-2026 09:43,Sale,65,
INV0008410,PROD0121,WH002,09-05-2026 12:15,Sale,59,
INV0008411,PROD0007,WH001,09-05-2026 17:41,Sale,38,
INV0008412,PROD0131,WH001,09-05-2026 19:13,Sale,82,
INV0008413,PROD0099,WH001,10-05-2026 01:43,Sale,64,
INV0008414,PROD0088,WH004,10-05-2026 05:53,Sale,19,
INV0008415,PROD0141,WH003,10-05-2026 09:31,Sale,49,
INV0008416,PROD0149,WH001,10-05-2026 10:23,Sale,80,
INV0008417,PROD0040,WH002,10-05-2026 14:21,Purchase,49,SUP029
INV0008418,PROD0104,WH003,10-05-2026 15:21,Purchase,87,SUP040
INV0008419,PROD0073,WH002,10-05-2026 22:36,Purchase,96,SUP019
INV0008420,PROD0108,WH002,11-05-2026 00:31,Return,21,
INV0008421,PROD0065,WH001,11-05-2026 01:38,Sale,91,
INV0008422,PROD0097,WH002,11-05-2026 16:39,Purchase,86,SUP014
INV0008423,PROD0166,WH004,11-05-2026 21:23,Sale,99,
INV0008424,PROD0046,WH001,12-05-2026 05:49,Purchase,72,SUP013
INV0008425,PROD0196,WH004,12-05-2026 09:24,Purchase,65,SUP011
INV0008426,PROD0179,WH001,12-05-2026 11:13,Purchase,51,SUP010
INV0008427,PROD0101,WH002,12-05-2026 12:24,Sale,72,
INV0008428,PROD0160,WH003,12-05-2026 12:46,Purchase,86,SUP023
INV0008429,PROD0080,WH004,13-05-2026 00:34,Sale,20,
INV0008430,PROD0185,WH003,13-05-2026 05:05,Return,38,
INV0008431,PROD0126,WH002,13-05-2026 08:04,Sale,7,
INV0008432,PROD0121,WH003,13-05-2026 12:20,Return,52,
INV0008433,PROD0196,WH003,13-05-2026 18:24,Purchase,24,SUP006
INV0008434,PROD0146,WH001,13-05-2026 19:45,Sale,31,
INV0008435,PROD0150,WH001,13-05-2026 19:56,Return,35,
INV0008436,PROD0193,WH002,13-05-2026 21:21,Sale,6,
INV0008437,PROD0015,WH004,13-05-2026 21:37,Sale,9,
INV0008438,PROD0050,WH004,14-05-2026 00:57,Sale,75,
INV0008439,PROD0085,WH002,14-05-2026 01:20,Purchase,44,SUP015
INV0008440,PROD0002,WH002,14-05-2026 05:08,Adjustment,31,
INV0008441,PROD0040,WH003,14-05-2026 16:40,Purchase,42,SUP008
INV0008442,PROD0116,WH001,14-05-2026 17:26,Sale,12,
INV0008443,PROD0032,WH003,14-05-2026 23:05,Purchase,62,SUP026
INV0008444,PROD0172,WH003,15-05-2026 07:34,Sale,93,
INV0008445,PROD0137,WH004,15-05-2026 14:47,Sale,88,
INV0008446,PROD0086,WH004,15-05-2026 15:30,Sale,21,
INV0008447,PROD0149,WH002,15-05-2026 15:57,Sale,91,
INV0008448,PROD0047,WH004,15-05-2026 20:45,Purchase,24,SUP040
INV0008449,PROD0098,WH003,16-05-2026 00:52,Purchase,65,SUP021
INV0008450,PROD0151,WH002,16-05-2026 03:23,Sale,26,
INV0008451,PROD0091,WH003,16-05-2026 05:29,Purchase,91,SUP015
INV0008452,PROD0113,WH001,16-05-2026 11:30,Sale,66,
INV0008453,PROD0073,WH001,16-05-2026 16:20,Purchase,23,SUP024
INV0008454,PROD0188,WH002,17-05-2026 02:16,Sale,34,
INV0008455,PROD0190,WH001,17-05-2026 03:11,Purchase,55,SUP039
INV0008456,PROD0077,WH004,17-05-2026 03:55,Purchase,2,SUP031
INV0008457,PROD0057,WH003,17-05-2026 11:39,Sale,90,
INV0008458,PROD0061,WH004,17-05-2026 12:28,Sale,56,
INV0008459,PROD0043,WH001,17-05-2026 13:14,Sale,94,
INV0008460,PROD0106,WH001,17-05-2026 13:29,Purchase,70,SUP040
INV0008461,PROD0189,WH003,17-05-2026 17:22,Purchase,100,SUP021
INV0008462,PROD0197,WH002,18-05-2026 01:00,Purchase,53,SUP023
INV0008463,PROD0113,WH004,18-05-2026 04:25,Adjustment,81,
INV0008464,PROD0119,WH001,18-05-2026 07:34,Purchase,68,SUP020
INV0008465,PROD0027,WH002,18-05-2026 09:40,Purchase,7,SUP037
INV0008466,PROD0079,WH002,18-05-2026 11:41,Sale,58,
INV0008467,PROD0160,WH004,18-05-2026 12:36,Sale,79,
INV0008468,PROD0102,WH004,18-05-2026 13:16,Sale,94,
INV0008469,PROD0124,WH003,19-05-2026 04:47,Sale,12,
INV0008470,PROD0127,WH001,19-05-2026 12:53,Sale,63,
INV0008471,PROD0161,WH003,19-05-2026 12:54,Purchase,82,SUP019
INV0008472,PROD0102,WH001,19-05-2026 13:46,Sale,38,
INV0008473,PROD0121,WH002,19-05-2026 14:08,Purchase,17,SUP004
INV0008474,PROD0018,WH002,19-05-2026 20:34,Sale,95,
INV0008475,PROD0173,WH004,20-05-2026 20:55,Sale,74,
INV0008476,PROD0105,WH001,20-05-2026 23:22,Sale,36,
INV0008477,PROD0148,WH003,21-05-2026 02:15,Adjustment,86,
INV0008478,PROD0119,WH002,21-05-2026 04:12,Sale,8,
INV0008479,PROD0137,WH003,21-05-2026 07:10,Sale,14,
INV0008480,PROD0090,WH002,21-05-2026 12:39,Purchase,25,SUP018
INV0008481,PROD0172,WH004,21-05-2026 17:33,Purchase,3,SUP034
INV0008482,PROD0008,WH001,22-05-2026 01:24,Sale,74,
INV0008483,PROD0056,WH001,22-05-2026 03:48,Adjustment,77,
INV0008484,PROD0042,WH003,22-05-2026 04:52,Purchase,43,SUP006
INV0008485,PROD0016,WH001,22-05-2026 09:41,Adjustment,58,
INV0008486,PROD0092,WH004,22-05-2026 12:20,Sale,89,
INV0008487,PROD0009,WH001,22-05-2026 13:52,Sale,35,
INV0008488,PROD0073,WH002,22-05-2026 14:33,Sale,47,
INV0008489,PROD0038,WH004,22-05-2026 21:14,Adjustment,39,
INV0008490,PROD0099,WH002,22-05-2026 22:02,Purchase,5,SUP002
INV0008491,PROD0093,WH004,23-05-2026 00:07,Adjustment,10,
INV0008492,PROD0134,WH003,23-05-2026 03:38,Purchase,39,SUP038
INV0008493,PROD0002,WH002,23-05-2026 05:17,Sale,76,
INV0008494,PROD0034,WH004,23-05-2026 13:34,Sale,85,
INV0008495,PROD0134,WH003,23-05-2026 15:54,Sale,90,
INV0008496,PROD0030,WH003,23-05-2026 17:21,Sale,29,
INV0008497,PROD0191,WH004,23-05-2026 19:08,Adjustment,18,
INV0008498,PROD0183,WH001,24-05-2026 01:47,Sale,64,
INV0008499,PROD0085,WH002,24-05-2026 03:13,Adjustment,56,
INV0008500,PROD0148,WH002,24-05-2026 05:39,Purchase,9,SUP039
INV0008501,PROD0110,WH002,24-05-2026 15:03,Sale,77,
INV0008502,PROD0109,WH002,25-05-2026 02:14,Purchase,70,SUP006
INV0008503,PROD0192,WH004,25-05-2026 09:33,Purchase,32,SUP027
INV0008504,PROD0183,WH001,25-05-2026 10:36,Adjustment,15,
INV0008505,PROD0025,WH001,25-05-2026 11:05,Sale,95,
INV0008506,PROD0064,WH003,25-05-2026 14:48,Return,60,
INV0008507,PROD0080,WH003,25-05-2026 16:00,Purchase,30,SUP028
INV0008508,PROD0072,WH004,26-05-2026 06:20,Sale,68,
INV0008509,PROD0198,WH003,26-05-2026 07:21,Adjustment,98,
INV0008510,PROD0159,WH004,26-05-2026 07:39,Purchase,71,SUP026
INV0008511,PROD0029,WH002,26-05-2026 07:53,Sale,11,
INV0008512,PROD0123,WH004,26-05-2026 15:12,Purchase,41,SUP023
INV0008513,PROD0177,WH002,26-05-2026 18:04,Sale,6,
INV0008514,PROD0048,WH001,26-05-2026 22:11,Purchase,42,SUP035
INV0008515,PROD0082,WH004,26-05-2026 23:51,Sale,49,
INV0008516,PROD0124,WH001,27-05-2026 02:43,Purchase,96,SUP008
INV0008517,PROD0104,WH003,27-05-2026 06:08,Sale,3,
INV0008518,PROD0151,WH004,27-05-2026 18:13,Sale,98,
INV0008519,PROD0165,WH004,27-05-2026 22:01,Sale,80,
INV0008520,PROD0051,WH002,27-05-2026 23:49,Purchase,31,SUP030
INV0008521,PROD0197,WH002,28-05-2026 02:48,Sale,73,
INV0008522,PROD0077,WH001,28-05-2026 06:02,Purchase,80,SUP017
INV0008523,PROD0006,WH002,28-05-2026 17:10,Sale,1,
INV0008524,PROD0019,WH003,28-05-2026 19:30,Purchase,90,SUP020
INV0008525,PROD0070,WH002,28-05-2026 21:55,Purchase,9,SUP016
INV0008526,PROD0080,WH004,28-05-2026 23:23,Sale,56,
INV0008527,PROD0059,WH003,29-05-2026 02:13,Adjustment,46,
INV0008528,PROD0083,WH003,29-05-2026 02:45,Adjustment,43,
INV0008529,PROD0093,WH001,29-05-2026 05:09,Purchase,98,SUP037
INV0008530,PROD0044,WH004,29-05-2026 06:29,Sale,7,
INV0008531,PROD0032,WH004,29-05-2026 06:38,Return,83,
INV0008532,PROD0009,WH003,29-05-2026 07:37,Sale,83,
INV0008533,PROD0064,WH004,29-05-2026 08:21,Sale,36,
INV0008534,PROD0125,WH003,29-05-2026 19:50,Purchase,16,SUP024
INV0008535,PROD0124,WH004,29-05-2026 22:50,Adjustment,32,
INV0008536,PROD0004,WH002,30-05-2026 00:44,Sale,74,
INV0008537,PROD0161,WH001,30-05-2026 03:33,Sale,73,
INV0008538,PROD0160,WH003,30-05-2026 14:45,Sale,61,
INV0008539,PROD0193,WH003,31-05-2026 05:47,Return,31,
INV0008540,PROD0080,WH004,31-05-2026 06:41,Purchase,93,SUP028
INV0008541,PROD0052,WH004,31-05-2026 11:42,Purchase,71,SUP009
INV0008542,PROD0091,WH001,01-06-2026 00:57,Sale,7,
INV0008543,PROD0195,WH002,01-06-2026 01:35,Adjustment,5,
INV0008544,PROD0101,WH003,01-06-2026 04:34,Adjustment,71,
INV0008545,PROD0061,WH002,01-06-2026 06:21,Purchase,83,SUP003
INV0008546,PROD0051,WH001,01-06-2026 06:27,Purchase,70,SUP029
INV0008547,PROD0186,WH001,01-06-2026 06:58,Sale,19,
INV0008548,PROD0066,WH003,01-06-2026 07:56,Sale,85,
INV0008549,PROD0150,WH004,01-06-2026 10:46,Sale,37,
INV0008550,PROD0097,WH003,01-06-2026 17:29,Sale,71,
INV0008551,PROD0083,WH003,01-06-2026 17:57,Purchase,72,SUP038
INV0008552,PROD0034,WH003,02-06-2026 03:18,Sale,27,
INV0008553,PROD0195,WH004,02-06-2026 05:42,Sale,22,
INV0008554,PROD0062,WH002,02-06-2026 11:28,Sale,74,
INV0008555,PROD0006,WH001,02-06-2026 11:59,Sale,100,
INV0008556,PROD0139,WH003,02-06-2026 14:07,Sale,61,
INV0008557,PROD0157,WH004,02-06-2026 14:47,Sale,35,
INV0008558,PROD0188,WH004,02-06-2026 21:39,Sale,37,
INV0008559,PROD0135,WH001,03-06-2026 00:26,Purchase,57,SUP001
INV0008560,PROD0033,WH001,03-06-2026 05:47,Sale,79,
INV0008561,PROD0019,WH001,03-06-2026 07:10,Sale,86,
INV0008562,PROD0015,WH004,03-06-2026 08:01,Sale,81,
INV0008563,PROD0057,WH004,03-06-2026 10:46,Sale,98,
INV0008564,PROD0140,WH003,03-06-2026 12:07,Purchase,49,SUP037
INV0008565,PROD0090,WH001,03-06-2026 13:49,Sale,91,
INV0008566,PROD0047,WH003,03-06-2026 14:46,Return,68,
INV0008567,PROD0049,WH003,03-06-2026 16:08,Purchase,92,SUP039
INV0008568,PROD0127,WH004,03-06-2026 16:15,Purchase,5,SUP023
INV0008569,PROD0187,WH002,03-06-2026 16:39,Return,73,
INV0008570,PROD0062,WH001,03-06-2026 21:51,Purchase,97,SUP029
INV0008571,PROD0031,WH004,04-06-2026 03:03,Purchase,11,SUP040
INV0008572,PROD0040,WH002,04-06-2026 18:36,Sale,96,
INV0008573,PROD0112,WH003,04-06-2026 18:49,Purchase,25,SUP002
INV0008574,PROD0167,WH004,04-06-2026 18:51,Purchase,48,SUP015
INV0008575,PROD0110,WH003,05-06-2026 03:26,Sale,68,
INV0008576,PROD0194,WH002,05-06-2026 07:56,Adjustment,9,
INV0008577,PROD0107,WH004,05-06-2026 20:27,Purchase,66,SUP016
INV0008578,PROD0065,WH003,05-06-2026 21:18,Purchase,72,SUP032
INV0008579,PROD0028,WH002,05-06-2026 22:06,Purchase,64,SUP014
INV0008580,PROD0013,WH002,05-06-2026 23:44,Adjustment,27,
INV0008581,PROD0099,WH004,06-06-2026 01:41,Purchase,13,SUP012
INV0008582,PROD0101,WH004,06-06-2026 11:25,Adjustment,66,
INV0008583,PROD0185,WH001,06-06-2026 13:52,Sale,26,
INV0008584,PROD0007,WH001,06-06-2026 15:43,Sale,15,
INV0008585,PROD0042,WH001,06-06-2026 17:18,Sale,63,
INV0008586,PROD0042,WH001,07-06-2026 00:37,Sale,30,
INV0008587,PROD0015,WH003,07-06-2026 00:57,Purchase,47,SUP016
INV0008588,PROD0021,WH003,08-06-2026 02:08,Return,87,
INV0008589,PROD0190,WH002,08-06-2026 04:02,Purchase,64,SUP002
INV0008590,PROD0006,WH003,08-06-2026 04:34,Return,26,
INV0008591,PROD0185,WH002,08-06-2026 09:39,Adjustment,25,
INV0008592,PROD0144,WH002,08-06-2026 16:59,Sale,95,
INV0008593,PROD0112,WH004,08-06-2026 20:18,Purchase,54,SUP006
INV0008594,PROD0029,WH003,08-06-2026 21:11,Purchase,41,SUP005
INV0008595,PROD0178,WH004,08-06-2026 23:01,Return,3,
INV0008596,PROD0164,WH002,08-06-2026 23:13,Purchase,40,SUP016
INV0008597,PROD0195,WH004,09-06-2026 02:02,Sale,5,
INV0008598,PROD0054,WH003,09-06-2026 05:54,Sale,31,
INV0008599,PROD0035,WH001,09-06-2026 21:18,Purchase,31,SUP008
INV0008600,PROD0099,WH003,09-06-2026 22:38,Sale,20,
INV0008601,PROD0044,WH004,10-06-2026 03:41,Sale,2,
INV0008602,PROD0023,WH004,10-06-2026 06:55,Sale,91,
INV0008603,PROD0107,WH003,10-06-2026 07:48,Sale,41,
INV0008604,PROD0015,WH001,10-06-2026 12:07,Purchase,52,SUP024
INV0008605,PROD0141,WH004,10-06-2026 18:18,Purchase,32,SUP023
INV0008606,PROD0033,WH003,10-06-2026 18:59,Sale,44,
INV0008607,PROD0163,WH003,10-06-2026 19:14,Purchase,50,SUP017
INV0008608,PROD0149,WH004,10-06-2026 21:57,Sale,16,
INV0008609,PROD0099,WH004,10-06-2026 23:18,Purchase,10,SUP014
INV0008610,PROD0154,WH001,11-06-2026 05:06,Purchase,34,SUP039
INV0008611,PROD0005,WH004,11-06-2026 09:20,Sale,46,
INV0008612,PROD0198,WH004,11-06-2026 09:48,Purchase,97,SUP032
INV0008613,PROD0015,WH004,11-06-2026 19:36,Sale,17,
INV0008614,PROD0152,WH003,12-06-2026 02:03,Purchase,18,SUP015
INV0008615,PROD0168,WH003,12-06-2026 02:43,Adjustment,44,
INV0008616,PROD0118,WH001,12-06-2026 05:00,Purchase,91,SUP017
INV0008617,PROD0113,WH002,12-06-2026 09:04,Purchase,20,SUP004
INV0008618,PROD0062,WH001,12-06-2026 19:59,Sale,53,
INV0008619,PROD0011,WH002,12-06-2026 22:23,Adjustment,67,
INV0008620,PROD0127,WH003,12-06-2026 23:57,Purchase,98,SUP013
INV0008621,PROD0140,WH002,13-06-2026 00:39,Purchase,20,SUP012
INV0008622,PROD0086,WH001,13-06-2026 19:38,Sale,41,
INV0008623,PROD0127,WH003,13-06-2026 20:23,Sale,4,
INV0008624,PROD0068,WH002,13-06-2026 21:23,Purchase,38,SUP027
INV0008625,PROD0086,WH002,14-06-2026 00:43,Purchase,99,SUP004
INV0008626,PROD0064,WH002,14-06-2026 03:14,Return,62,
INV0008627,PROD0172,WH001,14-06-2026 05:42,Purchase,70,SUP013
INV0008628,PROD0145,WH003,14-06-2026 06:12,Sale,62,
INV0008629,PROD0059,WH001,14-06-2026 10:29,Sale,78,
INV0008630,PROD0115,WH004,14-06-2026 14:37,Purchase,17,SUP037
INV0008631,PROD0152,WH004,14-06-2026 16:55,Sale,6,
INV0008632,PROD0019,WH001,14-06-2026 18:57,Sale,65,
INV0008633,PROD0067,WH004,14-06-2026 23:53,Sale,66,
INV0008634,PROD0100,WH003,15-06-2026 05:01,Purchase,46,SUP017
INV0008635,PROD0112,WH001,15-06-2026 07:34,Return,54,
INV0008636,PROD0045,WH001,15-06-2026 08:47,Return,7,
INV0008637,PROD0200,WH002,15-06-2026 11:26,Purchase,92,SUP009
INV0008638,PROD0040,WH001,15-06-2026 12:06,Purchase,20,SUP013
INV0008639,PROD0123,WH003,15-06-2026 12:35,Sale,70,
INV0008640,PROD0049,WH001,15-06-2026 16:39,Return,37,
INV0008641,PROD0113,WH004,15-06-2026 19:26,Adjustment,21,
INV0008642,PROD0158,WH003,16-06-2026 02:41,Purchase,7,SUP001
INV0008643,PROD0115,WH003,16-06-2026 04:42,Sale,17,
INV0008644,PROD0079,WH001,16-06-2026 05:32,Purchase,71,SUP015
INV0008645,PROD0140,WH004,16-06-2026 10:14,Purchase,23,SUP039
INV0008646,PROD0127,WH003,16-06-2026 11:49,Purchase,61,SUP014
INV0008647,PROD0161,WH003,16-06-2026 13:00,Purchase,61,SUP021
INV0008648,PROD0116,WH004,16-06-2026 18:27,Purchase,17,SUP032
INV0008649,PROD0159,WH002,16-06-2026 20:17,Sale,45,
INV0008650,PROD0117,WH002,17-06-2026 00:31,Sale,50,
INV0008651,PROD0153,WH004,17-06-2026 01:56,Adjustment,96,
INV0008652,PROD0020,WH004,17-06-2026 03:02,Sale,86,
INV0008653,PROD0068,WH002,17-06-2026 04:37,Purchase,76,SUP009
INV0008654,PROD0025,WH003,17-06-2026 12:17,Sale,34,
INV0008655,PROD0049,WH001,17-06-2026 13:34,Purchase,12,SUP037
INV0008656,PROD0059,WH001,17-06-2026 15:33,Purchase,30,SUP031
INV0008657,PROD0081,WH002,17-06-2026 15:39,Adjustment,96,
INV0008658,PROD0075,WH001,17-06-2026 16:05,Purchase,39,SUP027
INV0008659,PROD0104,WH002,17-06-2026 17:59,Sale,76,
INV0008660,PROD0126,WH002,17-06-2026 19:46,Return,12,
INV0008661,PROD0163,WH002,17-06-2026 22:16,Sale,3,
INV0008662,PROD0135,WH004,18-06-2026 00:04,Sale,46,
INV0008663,PROD0105,WH002,18-06-2026 03:38,Purchase,91,SUP036
INV0008664,PROD0010,WH002,18-06-2026 06:40,Purchase,83,SUP023
INV0008665,PROD0074,WH004,18-06-2026 16:31,Return,66,
INV0008666,PROD0103,WH002,18-06-2026 23:21,Sale,20,
INV0008667,PROD0108,WH004,19-06-2026 01:53,Adjustment,37,
INV0008668,PROD0178,WH003,19-06-2026 03:47,Sale,23,
INV0008669,PROD0015,WH004,19-06-2026 11:46,Sale,6,
INV0008670,PROD0185,WH004,19-06-2026 11:57,Purchase,13,SUP039
INV0008671,PROD0108,WH003,19-06-2026 15:13,Return,81,
INV0008672,PROD0080,WH003,20-06-2026 06:02,Purchase,5,SUP001
INV0008673,PROD0104,WH003,20-06-2026 06:12,Sale,22,
INV0008674,PROD0153,WH004,20-06-2026 06:26,Sale,38,
INV0008675,PROD0119,WH001,20-06-2026 09:19,Return,48,
INV0008676,PROD0091,WH001,20-06-2026 13:18,Return,90,
INV0008677,PROD0173,WH002,20-06-2026 13:21,Purchase,96,SUP014
INV0008678,PROD0041,WH002,20-06-2026 20:10,Purchase,99,SUP023
INV0008679,PROD0114,WH003,20-06-2026 20:11,Sale,77,
INV0008680,PROD0129,WH002,21-06-2026 06:39,Return,10,
INV0008681,PROD0113,WH004,21-06-2026 06:53,Purchase,56,SUP013
INV0008682,PROD0099,WH001,21-06-2026 13:32,Sale,77,
INV0008683,PROD0136,WH001,21-06-2026 23:18,Purchase,38,SUP036
INV0008684,PROD0140,WH004,21-06-2026 23:43,Sale,87,
INV0008685,PROD0195,WH003,22-06-2026 07:28,Sale,67,
INV0008686,PROD0173,WH004,22-06-2026 08:45,Sale,62,
INV0008687,PROD0146,WH002,22-06-2026 09:24,Purchase,61,SUP014
INV0008688,PROD0005,WH004,22-06-2026 09:44,Sale,29,
INV0008689,PROD0040,WH001,22-06-2026 18:07,Purchase,25,SUP031
INV0008690,PROD0195,WH002,23-06-2026 01:23,Sale,10,
INV0008691,PROD0087,WH004,23-06-2026 01:43,Return,81,
INV0008692,PROD0005,WH001,23-06-2026 07:10,Sale,84,
INV0008693,PROD0027,WH004,23-06-2026 18:12,Return,12,
INV0008694,PROD0009,WH004,23-06-2026 21:28,Sale,19,
INV0008695,PROD0007,WH001,24-06-2026 22:01,Sale,22,
INV0008696,PROD0183,WH003,25-06-2026 04:41,Purchase,62,SUP017
INV0008697,PROD0164,WH001,25-06-2026 10:59,Sale,15,
INV0008698,PROD0017,WH001,25-06-2026 12:35,Sale,5,
INV0008699,PROD0072,WH003,25-06-2026 18:57,Sale,61,
INV0008700,PROD0188,WH002,25-06-2026 19:11,Purchase,4,SUP004
INV0008701,PROD0054,WH002,25-06-2026 21:59,Purchase,4,SUP022
INV0008702,PROD0160,WH004,25-06-2026 22:15,Sale,6,
INV0008703,PROD0097,WH003,25-06-2026 22:39,Adjustment,96,
INV0008704,PROD0116,WH002,26-06-2026 00:24,Sale,97,
INV0008705,PROD0041,WH004,26-06-2026 03:35,Sale,63,
INV0008706,PROD0058,WH004,26-06-2026 04:13,Purchase,44,SUP032
INV0008707,PROD0010,WH002,26-06-2026 04:29,Purchase,91,SUP014
INV0008708,PROD0021,WH003,26-06-2026 07:51,Adjustment,9,
INV0008709,PROD0134,WH004,26-06-2026 13:26,Purchase,13,SUP012
INV0008710,PROD0197,WH002,27-06-2026 00:12,Sale,49,
INV0008711,PROD0044,WH001,27-06-2026 00:36,Sale,22,
INV0008712,PROD0156,WH001,27-06-2026 01:51,Sale,48,
INV0008713,PROD0006,WH001,27-06-2026 01:52,Purchase,76,SUP006
INV0008714,PROD0086,WH001,27-06-2026 02:54,Purchase,2,SUP038
INV0008715,PROD0148,WH003,27-06-2026 04:29,Adjustment,85,
INV0008716,PROD0069,WH004,27-06-2026 09:21,Sale,89,
INV0008717,PROD0190,WH003,27-06-2026 10:34,Adjustment,27,
INV0008718,PROD0015,WH004,27-06-2026 11:50,Purchase,89,SUP001
INV0008719,PROD0024,WH003,27-06-2026 23:58,Purchase,73,SUP030
INV0008720,PROD0099,WH004,28-06-2026 02:06,Sale,30,
INV0008721,PROD0094,WH003,28-06-2026 02:20,Purchase,85,SUP019
INV0008722,PROD0008,WH002,28-06-2026 11:06,Sale,100,
INV0008723,PROD0042,WH004,28-06-2026 11:24,Purchase,31,SUP035
INV0008724,PROD0141,WH004,28-06-2026 11:43,Purchase,74,SUP025
INV0008725,PROD0009,WH002,28-06-2026 13:17,Purchase,35,SUP027
INV0008726,PROD0094,WH002,28-06-2026 15:57,Sale,58,
INV0008727,PROD0079,WH001,29-06-2026 01:40,Purchase,41,SUP015
INV0008728,PROD0008,WH002,29-06-2026 06:08,Sale,3,
INV0008729,PROD0161,WH003,29-06-2026 07:54,Purchase,77,SUP010
INV0008730,PROD0026,WH002,29-06-2026 08:25,Purchase,1,SUP021
INV0008731,PROD0062,WH003,29-06-2026 09:57,Return,36,
INV0008732,PROD0057,WH004,29-06-2026 10:05,Return,65,
INV0008733,PROD0020,WH003,29-06-2026 16:30,Purchase,11,SUP019
INV0008734,PROD0135,WH002,29-06-2026 16:56,Adjustment,28,
INV0008735,PROD0121,WH001,29-06-2026 19:08,Sale,57,
INV0008736,PROD0048,WH003,29-06-2026 21:28,Purchase,31,SUP038
INV0008737,PROD0169,WH004,29-06-2026 22:08,Purchase,6,SUP013
INV0008738,PROD0018,WH004,29-06-2026 23:22,Sale,58,
INV0008739,PROD0070,WH001,30-06-2026 02:55,Purchase,56,SUP007
INV0008740,PROD0013,WH002,30-06-2026 07:44,Sale,1,
INV0008741,PROD0090,WH001,30-06-2026 12:49,Purchase,30,SUP024
INV0008742,PROD0033,WH003,30-06-2026 15:23,Return,55,
INV0008743,PROD0034,WH001,30-06-2026 21:57,Sale,69,
INV0008744,PROD0198,WH001,01-07-2026 04:53,Adjustment,25,
INV0008745,PROD0199,WH003,01-07-2026 07:36,Sale,19,
INV0008746,PROD0013,WH003,01-07-2026 11:04,Purchase,30,SUP025
INV0008747,PROD0194,WH004,01-07-2026 12:04,Sale,75,
INV0008748,PROD0068,WH001,01-07-2026 18:51,Sale,28,
INV0008749,PROD0161,WH003,01-07-2026 22:40,Purchase,93,SUP021
INV0008750,PROD0021,WH003,02-07-2026 09:53,Sale,7,
INV0008751,PROD0015,WH001,02-07-2026 16:13,Sale,75,
INV0008752,PROD0107,WH003,02-07-2026 16:46,Return,96,
INV0008753,PROD0061,WH001,02-07-2026 23:05,Sale,31,
INV0008754,PROD0070,WH004,03-07-2026 00:00,Sale,30,
INV0008755,PROD0040,WH002,03-07-2026 01:22,Purchase,55,SUP012
INV0008756,PROD0070,WH004,03-07-2026 01:40,Sale,67,
INV0008757,PROD0024,WH002,03-07-2026 01:46,Sale,84,
INV0008758,PROD0072,WH004,03-07-2026 05:45,Purchase,90,SUP030
INV0008759,PROD0085,WH002,03-07-2026 06:50,Purchase,79,SUP013
INV0008760,PROD0032,WH001,03-07-2026 17:11,Purchase,37,SUP031
INV0008761,PROD0084,WH004,03-07-2026 17:17,Sale,6,
INV0008762,PROD0143,WH003,03-07-2026 18:55,Sale,51,
INV0008763,PROD0192,WH004,03-07-2026 19:47,Purchase,7,SUP002
INV0008764,PROD0034,WH002,03-07-2026 23:12,Purchase,77,SUP018
INV0008765,PROD0146,WH004,04-07-2026 02:34,Purchase,12,SUP003
INV0008766,PROD0125,WH002,04-07-2026 05:25,Purchase,10,SUP037
INV0008767,PROD0016,WH002,04-07-2026 08:49,Sale,46,
INV0008768,PROD0036,WH001,04-07-2026 09:49,Sale,60,
INV0008769,PROD0011,WH001,04-07-2026 13:50,Return,19,
INV0008770,PROD0054,WH003,04-07-2026 15:57,Sale,59,
INV0008771,PROD0190,WH004,04-07-2026 18:37,Sale,71,
INV0008772,PROD0075,WH003,04-07-2026 23:36,Purchase,15,SUP031
INV0008773,PROD0161,WH003,05-07-2026 06:04,Sale,90,
INV0008774,PROD0118,WH003,05-07-2026 06:08,Sale,19,
INV0008775,PROD0008,WH002,05-07-2026 06:52,Sale,3,
INV0008776,PROD0031,WH004,05-07-2026 11:08,Purchase,93,SUP013
INV0008777,PROD0172,WH004,05-07-2026 12:08,Sale,75,
INV0008778,PROD0107,WH004,05-07-2026 13:05,Sale,75,
INV0008779,PROD0099,WH001,05-07-2026 17:20,Adjustment,4,
INV0008780,PROD0083,WH001,05-07-2026 18:48,Return,49,
INV0008781,PROD0149,WH002,06-07-2026 00:24,Purchase,8,SUP023
INV0008782,PROD0041,WH004,06-07-2026 04:14,Sale,79,
INV0008783,PROD0117,WH002,06-07-2026 12:07,Purchase,44,SUP001
INV0008784,PROD0109,WH004,06-07-2026 14:05,Sale,88,
INV0008785,PROD0137,WH002,06-07-2026 18:34,Return,100,
INV0008786,PROD0199,WH003,06-07-2026 23:10,Sale,31,
INV0008787,PROD0066,WH001,07-07-2026 01:09,Purchase,30,SUP006
INV0008788,PROD0187,WH002,07-07-2026 06:23,Sale,98,
INV0008789,PROD0104,WH001,07-07-2026 07:45,Purchase,52,SUP037
INV0008790,PROD0045,WH001,07-07-2026 13:03,Purchase,72,SUP032
INV0008791,PROD0040,WH003,07-07-2026 14:05,Purchase,98,SUP019
INV0008792,PROD0162,WH001,07-07-2026 18:43,Purchase,42,SUP015
INV0008793,PROD0080,WH004,08-07-2026 00:14,Return,63,
INV0008794,PROD0123,WH004,08-07-2026 05:26,Purchase,78,SUP027
INV0008795,PROD0019,WH004,08-07-2026 12:17,Purchase,37,SUP015
INV0008796,PROD0161,WH003,08-07-2026 14:30,Purchase,67,SUP035
INV0008797,PROD0133,WH002,09-07-2026 11:34,Sale,33,
INV0008798,PROD0039,WH001,09-07-2026 15:20,Purchase,78,SUP038
INV0008799,PROD0012,WH004,09-07-2026 19:33,Purchase,29,SUP001
INV0008800,PROD0107,WH003,09-07-2026 20:27,Return,49,
INV0008801,PROD0060,WH001,09-07-2026 20:41,Sale,9,
INV0008802,PROD0117,WH001,10-07-2026 02:11,Purchase,87,SUP029
INV0008803,PROD0021,WH003,10-07-2026 10:05,Purchase,11,SUP027
INV0008804,PROD0146,WH003,10-07-2026 10:10,Purchase,4,SUP019
INV0008805,PROD0134,WH002,10-07-2026 10:46,Sale,74,
INV0008806,PROD0193,WH001,10-07-2026 20:39,Purchase,19,SUP030
INV0008807,PROD0094,WH003,10-07-2026 20:56,Purchase,56,SUP039
INV0008808,PROD0092,WH001,10-07-2026 23:12,Return,100,
INV0008809,PROD0073,WH001,11-07-2026 09:00,Sale,13,
INV0008810,PROD0124,WH004,11-07-2026 18:13,Purchase,23,SUP017
INV0008811,PROD0095,WH004,11-07-2026 18:43,Sale,41,
INV0008812,PROD0161,WH003,11-07-2026 18:43,Sale,81,
INV0008813,PROD0033,WH003,11-07-2026 20:19,Sale,24,
INV0008814,PROD0028,WH003,11-07-2026 23:25,Sale,98,
INV0008815,PROD0179,WH003,12-07-2026 05:08,Sale,42,
INV0008816,PROD0195,WH004,12-07-2026 06:50,Sale,72,
INV0008817,PROD0070,WH001,12-07-2026 17:05,Sale,63,
INV0008818,PROD0131,WH002,12-07-2026 23:45,Return,47,
INV0008819,PROD0135,WH002,13-07-2026 03:15,Sale,13,
INV0008820,PROD0107,WH002,13-07-2026 13:16,Sale,42,
INV0008821,PROD0190,WH001,13-07-2026 13:24,Sale,72,
INV0008822,PROD0182,WH004,13-07-2026 16:23,Purchase,18,SUP036
INV0008823,PROD0025,WH002,13-07-2026 18:08,Sale,4,
INV0008824,PROD0093,WH003,13-07-2026 18:43,Purchase,53,SUP039
INV0008825,PROD0136,WH002,13-07-2026 19:47,Sale,2,
INV0008826,PROD0169,WH001,13-07-2026 23:12,Sale,33,
INV0008827,PROD0002,WH004,14-07-2026 01:14,Sale,85,
INV0008828,PROD0087,WH002,14-07-2026 02:16,Sale,23,
INV0008829,PROD0190,WH001,14-07-2026 02:42,Purchase,72,SUP024
INV0008830,PROD0095,WH003,14-07-2026 07:19,Sale,10,
INV0008831,PROD0068,WH001,14-07-2026 12:51,Sale,9,
INV0008832,PROD0016,WH004,14-07-2026 22:13,Sale,38,
INV0008833,PROD0059,WH004,15-07-2026 05:14,Purchase,7,SUP005
INV0008834,PROD0121,WH003,15-07-2026 05:21,Purchase,71,SUP037
INV0008835,PROD0062,WH003,15-07-2026 09:58,Purchase,83,SUP038
INV0008836,PROD0040,WH004,15-07-2026 11:55,Sale,14,
INV0008837,PROD0198,WH003,15-07-2026 14:31,Purchase,9,SUP038
INV0008838,PROD0009,WH001,15-07-2026 22:38,Sale,58,
INV0008839,PROD0060,WH001,16-07-2026 00:19,Purchase,75,SUP038
INV0008840,PROD0114,WH003,16-07-2026 04:22,Sale,16,
INV0008841,PROD0183,WH003,16-07-2026 06:35,Sale,63,
INV0008842,PROD0147,WH002,16-07-2026 10:35,Purchase,30,SUP029
INV0008843,PROD0180,WH003,16-07-2026 12:00,Sale,85,
INV0008844,PROD0089,WH002,16-07-2026 23:13,Sale,67,
INV0008845,PROD0172,WH002,17-07-2026 01:32,Purchase,46,SUP030
INV0008846,PROD0064,WH001,17-07-2026 02:30,Sale,53,
INV0008847,PROD0032,WH004,17-07-2026 03:02,Sale,58,
INV0008848,PROD0180,WH003,17-07-2026 05:50,Sale,36,
INV0008849,PROD0132,WH002,17-07-2026 07:57,Return,14,
INV0008850,PROD0014,WH003,17-07-2026 08:36,Sale,70,
INV0008851,PROD0076,WH003,17-07-2026 11:58,Sale,89,
INV0008852,PROD0038,WH002,17-07-2026 13:50,Purchase,56,SUP031
INV0008853,PROD0095,WH001,17-07-2026 16:11,Sale,37,
INV0008854,PROD0134,WH003,17-07-2026 19:36,Adjustment,90,
INV0008855,PROD0031,WH002,17-07-2026 20:01,Adjustment,23,
INV0008856,PROD0183,WH002,18-07-2026 03:25,Sale,42,
INV0008857,PROD0196,WH002,18-07-2026 08:19,Purchase,3,SUP018
INV0008858,PROD0133,WH001,18-07-2026 18:31,Purchase,65,SUP011
INV0008859,PROD0054,WH003,18-07-2026 22:48,Adjustment,46,
INV0008860,PROD0045,WH004,18-07-2026 23:27,Sale,81,
INV0008861,PROD0172,WH004,19-07-2026 01:38,Sale,1,
INV0008862,PROD0088,WH001,19-07-2026 05:53,Sale,67,
INV0008863,PROD0013,WH004,19-07-2026 13:41,Purchase,62,SUP003
INV0008864,PROD0082,WH002,19-07-2026 17:08,Sale,49,
INV0008865,PROD0159,WH001,19-07-2026 19:14,Sale,74,
INV0008866,PROD0128,WH002,19-07-2026 22:18,Purchase,7,SUP033
INV0008867,PROD0160,WH003,19-07-2026 22:30,Sale,12,
INV0008868,PROD0134,WH003,20-07-2026 00:04,Purchase,87,SUP004
INV0008869,PROD0053,WH003,20-07-2026 03:20,Return,47,
INV0008870,PROD0113,WH002,20-07-2026 03:21,Sale,7,
INV0008871,PROD0114,WH003,20-07-2026 07:09,Return,47,
INV0008872,PROD0197,WH003,20-07-2026 13:34,Purchase,48,SUP030
INV0008873,PROD0060,WH001,20-07-2026 14:25,Purchase,14,SUP027
INV0008874,PROD0066,WH002,20-07-2026 22:46,Return,22,
INV0008875,PROD0043,WH003,21-07-2026 05:31,Sale,51,
INV0008876,PROD0077,WH003,21-07-2026 08:40,Sale,76,
INV0008877,PROD0124,WH003,21-07-2026 10:29,Sale,66,
INV0008878,PROD0087,WH004,21-07-2026 20:11,Sale,68,
INV0008879,PROD0146,WH004,22-07-2026 01:35,Sale,71,
INV0008880,PROD0013,WH002,22-07-2026 04:26,Purchase,22,SUP028
INV0008881,PROD0143,WH003,22-07-2026 05:13,Purchase,13,SUP033
INV0008882,PROD0181,WH004,22-07-2026 18:26,Purchase,73,SUP013
INV0008883,PROD0168,WH003,22-07-2026 19:42,Sale,73,
INV0008884,PROD0092,WH001,22-07-2026 21:19,Sale,35,
INV0008885,PROD0144,WH002,23-07-2026 08:00,Sale,67,
INV0008886,PROD0156,WH003,23-07-2026 19:51,Sale,28,
INV0008887,PROD0077,WH001,23-07-2026 23:26,Sale,16,
INV0008888,PROD0076,WH004,23-07-2026 23:34,Sale,13,
INV0008889,PROD0196,WH004,24-07-2026 08:33,Purchase,20,SUP033
INV0008890,PROD0165,WH003,24-07-2026 11:53,Sale,33,
INV0008891,PROD0192,WH003,24-07-2026 12:48,Sale,33,
INV0008892,PROD0174,WH003,24-07-2026 16:13,Sale,97,
INV0008893,PROD0091,WH002,24-07-2026 16:35,Sale,74,
INV0008894,PROD0080,WH003,24-07-2026 22:01,Purchase,17,SUP030
INV0008895,PROD0195,WH004,24-07-2026 23:05,Purchase,33,SUP005
INV0008896,PROD0100,WH002,25-07-2026 01:59,Sale,91,
INV0008897,PROD0197,WH002,25-07-2026 02:49,Purchase,76,SUP016
INV0008898,PROD0125,WH002,25-07-2026 07:04,Purchase,96,SUP004
INV0008899,PROD0149,WH003,25-07-2026 09:18,Adjustment,68,
INV0008900,PROD0143,WH004,25-07-2026 10:43,Adjustment,54,
INV0008901,PROD0162,WH001,25-07-2026 11:29,Sale,74,
INV0008902,PROD0030,WH004,25-07-2026 17:56,Purchase,63,SUP040
INV0008903,PROD0023,WH002,26-07-2026 10:40,Sale,8,
INV0008904,PROD0059,WH002,26-07-2026 11:21,Sale,41,
INV0008905,PROD0055,WH002,26-07-2026 12:48,Purchase,45,SUP037
INV0008906,PROD0099,WH001,26-07-2026 18:19,Sale,56,
INV0008907,PROD0025,WH004,26-07-2026 19:08,Purchase,18,SUP019
INV0008908,PROD0108,WH002,26-07-2026 19:51,Sale,79,
INV0008909,PROD0031,WH002,27-07-2026 04:25,Purchase,8,SUP004
INV0008910,PROD0147,WH003,27-07-2026 13:04,Return,94,
INV0008911,PROD0156,WH002,27-07-2026 14:34,Purchase,30,SUP015
INV0008912,PROD0195,WH001,27-07-2026 16:06,Purchase,54,SUP040
INV0008913,PROD0041,WH002,27-07-2026 17:03,Purchase,65,SUP039
INV0008914,PROD0017,WH003,27-07-2026 19:52,Purchase,39,SUP010
INV0008915,PROD0076,WH004,28-07-2026 01:47,Purchase,73,SUP036
INV0008916,PROD0146,WH002,28-07-2026 05:25,Sale,5,
INV0008917,PROD0088,WH001,28-07-2026 17:29,Purchase,91,SUP021
INV0008918,PROD0042,WH002,28-07-2026 18:44,Sale,38,
INV0008919,PROD0014,WH002,29-07-2026 00:12,Sale,72,
INV0008920,PROD0033,WH004,29-07-2026 03:42,Return,1,
INV0008921,PROD0173,WH002,29-07-2026 08:06,Sale,9,
INV0008922,PROD0165,WH002,29-07-2026 22:42,Sale,34,
INV0008923,PROD0170,WH002,29-07-2026 23:12,Purchase,71,SUP006
INV0008924,PROD0103,WH004,30-07-2026 05:33,Sale,90,
INV0008925,PROD0004,WH003,30-07-2026 08:37,Adjustment,9,
INV0008926,PROD0136,WH003,30-07-2026 14:13,Sale,96,
INV0008927,PROD0119,WH004,30-07-2026 23:14,Sale,83,
INV0008928,PROD0127,WH001,30-07-2026 23:44,Sale,88,
INV0008929,PROD0120,WH001,31-07-2026 00:27,Purchase,4,SUP028
INV0008930,PROD0050,WH001,31-07-2026 04:25,Return,21,
INV0008931,PROD0126,WH003,31-07-2026 07:20,Return,56,
INV0008932,PROD0191,WH001,31-07-2026 18:26,Sale,46,
INV0008933,PROD0052,WH001,31-07-2026 23:11,Adjustment,82,
INV0008934,PROD0051,WH002,31-07-2026 23:15,Sale,100,
INV0008935,PROD0034,WH001,31-07-2026 23:35,Sale,37,
INV0008936,PROD0128,WH004,01-08-2026 01:45,Sale,66,
INV0008937,PROD0018,WH001,01-08-2026 05:09,Sale,42,
INV0008938,PROD0121,WH001,01-08-2026 07:33,Purchase,96,SUP030
INV0008939,PROD0145,WH004,01-08-2026 21:35,Sale,66,
INV0008940,PROD0060,WH004,02-08-2026 02:00,Sale,49,
INV0008941,PROD0099,WH004,02-08-2026 06:22,Sale,33,
INV0008942,PROD0050,WH002,02-08-2026 08:52,Purchase,6,SUP015
INV0008943,PROD0123,WH002,02-08-2026 10:14,Sale,95,
INV0008944,PROD0037,WH004,02-08-2026 15:55,Sale,61,
INV0008945,PROD0112,WH003,02-08-2026 21:53,Sale,20,
INV0008946,PROD0114,WH001,03-08-2026 06:41,Purchase,32,SUP003
INV0008947,PROD0132,WH001,03-08-2026 09:13,Sale,4,
INV0008948,PROD0181,WH004,03-08-2026 18:47,Adjustment,59,
INV0008949,PROD0142,WH004,04-08-2026 05:20,Purchase,95,SUP038
INV0008950,PROD0055,WH001,04-08-2026 14:46,Return,64,
INV0008951,PROD0043,WH004,04-08-2026 17:32,Purchase,47,SUP017
INV0008952,PROD0087,WH003,04-08-2026 19:59,Purchase,39,SUP003
INV0008953,PROD0138,WH004,04-08-2026 21:51,Sale,81,
INV0008954,PROD0079,WH004,04-08-2026 22:01,Return,81,
INV0008955,PROD0056,WH003,05-08-2026 02:40,Return,68,
INV0008956,PROD0140,WH001,05-08-2026 04:34,Purchase,32,SUP014
INV0008957,PROD0006,WH002,05-08-2026 05:10,Purchase,79,SUP039
INV0008958,PROD0168,WH004,05-08-2026 16:15,Return,25,
INV0008959,PROD0164,WH002,05-08-2026 21:02,Purchase,36,SUP038
INV0008960,PROD0018,WH002,06-08-2026 02:46,Purchase,32,SUP017
INV0008961,PROD0151,WH002,06-08-2026 08:41,Return,95,
INV0008962,PROD0110,WH003,06-08-2026 20:52,Purchase,93,SUP014
INV0008963,PROD0151,WH001,07-08-2026 00:03,Sale,27,
INV0008964,PROD0153,WH002,07-08-2026 02:00,Adjustment,100,
INV0008965,PROD0076,WH001,07-08-2026 02:02,Sale,63,
INV0008966,PROD0164,WH004,07-08-2026 08:17,Sale,84,
INV0008967,PROD0155,WH003,07-08-2026 09:22,Sale,53,
INV0008968,PROD0140,WH002,07-08-2026 21:38,Purchase,35,SUP019
INV0008969,PROD0058,WH002,08-08-2026 08:07,Return,7,
INV0008970,PROD0045,WH003,08-08-2026 08:44,Sale,80,
INV0008971,PROD0060,WH003,08-08-2026 10:36,Sale,82,
INV0008972,PROD0064,WH004,08-08-2026 11:38,Adjustment,45,
INV0008973,PROD0074,WH004,08-08-2026 16:08,Sale,10,
INV0008974,PROD0154,WH001,09-08-2026 05:13,Purchase,59,SUP030
INV0008975,PROD0145,WH002,09-08-2026 07:50,Return,77,
INV0008976,PROD0068,WH001,09-08-2026 11:47,Purchase,52,SUP039
INV0008977,PROD0050,WH004,09-08-2026 13:24,Purchase,45,SUP023
INV0008978,PROD0147,WH004,09-08-2026 15:57,Purchase,88,SUP003
INV0008979,PROD0015,WH004,09-08-2026 20:16,Adjustment,69,
INV0008980,PROD0114,WH003,09-08-2026 20:30,Sale,93,
INV0008981,PROD0052,WH001,09-08-2026 23:09,Sale,39,
INV0008982,PROD0119,WH003,09-08-2026 23:25,Purchase,51,SUP026
INV0008983,PROD0092,WH004,10-08-2026 00:48,Purchase,67,SUP039
INV0008984,PROD0015,WH003,10-08-2026 03:41,Purchase,16,SUP028
INV0008985,PROD0064,WH004,10-08-2026 06:47,Purchase,64,SUP032
INV0008986,PROD0101,WH003,10-08-2026 11:02,Sale,8,
INV0008987,PROD0144,WH002,10-08-2026 11:21,Purchase,40,SUP020
INV0008988,PROD0185,WH002,10-08-2026 13:31,Return,35,
INV0008989,PROD0016,WH002,10-08-2026 13:40,Sale,86,
INV0008990,PROD0140,WH002,10-08-2026 20:30,Sale,68,
INV0008991,PROD0132,WH001,10-08-2026 22:02,Sale,95,
INV0008992,PROD0002,WH002,10-08-2026 23:34,Sale,5,
INV0008993,PROD0063,WH002,10-08-2026 23:50,Purchase,95,SUP008
INV0008994,PROD0028,WH003,11-08-2026 02:41,Sale,3,
INV0008995,PROD0037,WH004,11-08-2026 10:42,Sale,81,
INV0008996,PROD0067,WH003,11-08-2026 16:02,Purchase,9,SUP023
INV0008997,PROD0047,WH004,11-08-2026 18:59,Adjustment,18,
INV0008998,PROD0122,WH004,11-08-2026 19:13,Sale,4,
INV0008999,PROD0040,WH003,12-08-2026 03:38,Sale,97,
INV0009000,PROD0030,WH001,12-08-2026 05:39,Sale,16,
INV0009001,PROD0173,WH001,12-08-2026 09:45,Purchase,58,SUP018
INV0009002,PROD0105,WH001,12-08-2026 12:32,Return,36,
INV0009003,PROD0060,WH001,12-08-2026 14:56,Sale,22,
INV0009004,PROD0165,WH002,12-08-2026 19:14,Purchase,4,SUP008
INV0009005,PROD0163,WH003,13-08-2026 02:29,Sale,60,
INV0009006,PROD0002,WH003,13-08-2026 03:12,Return,29,
INV0009007,PROD0059,WH001,13-08-2026 04:07,Sale,61,
INV0009008,PROD0108,WH002,13-08-2026 05:46,Sale,70,
INV0009009,PROD0001,WH003,13-08-2026 08:01,Sale,44,
INV0009010,PROD0136,WH002,13-08-2026 08:45,Purchase,44,SUP018
INV0009011,PROD0002,WH001,13-08-2026 09:25,Return,12,
INV0009012,PROD0197,WH001,13-08-2026 14:49,Return,37,
INV0009013,PROD0074,WH004,13-08-2026 15:02,Purchase,67,SUP030
INV0009014,PROD0107,WH001,13-08-2026 19:30,Adjustment,76,
INV0009015,PROD0171,WH001,14-08-2026 02:05,Adjustment,17,
INV0009016,PROD0111,WH004,14-08-2026 03:53,Sale,34,
INV0009017,PROD0119,WH002,14-08-2026 05:56,Return,27,
INV0009018,PROD0192,WH004,14-08-2026 14:01,Purchase,59,SUP001
INV0009019,PROD0136,WH001,14-08-2026 14:45,Sale,79,
INV0009020,PROD0082,WH001,14-08-2026 16:57,Sale,88,
INV0009021,PROD0083,WH002,14-08-2026 23:09,Sale,67,
INV0009022,PROD0130,WH004,15-08-2026 05:32,Adjustment,3,
INV0009023,PROD0056,WH002,15-08-2026 09:59,Sale,16,
INV0009024,PROD0001,WH003,15-08-2026 12:37,Return,6,
INV0009025,PROD0129,WH003,16-08-2026 01:23,Purchase,57,SUP027
INV0009026,PROD0133,WH001,16-08-2026 02:37,Sale,12,
INV0009027,PROD0116,WH004,16-08-2026 02:48,Purchase,27,SUP038
INV0009028,PROD0063,WH001,16-08-2026 03:09,Purchase,26,SUP016
INV0009029,PROD0007,WH004,16-08-2026 10:08,Return,73,
INV0009030,PROD0039,WH001,16-08-2026 14:45,Sale,59,
INV0009031,PROD0111,WH003,16-08-2026 20:09,Purchase,35,SUP036
INV0009032,PROD0007,WH004,17-08-2026 02:57,Sale,39,
INV0009033,PROD0127,WH004,17-08-2026 07:09,Sale,20,
INV0009034,PROD0038,WH003,17-08-2026 07:25,Return,9,
INV0009035,PROD0074,WH001,17-08-2026 15:05,Purchase,34,SUP030
INV0009036,PROD0198,WH001,17-08-2026 19:24,Purchase,37,SUP033
INV0009037,PROD0069,WH004,18-08-2026 01:50,Sale,88,
INV0009038,PROD0081,WH002,18-08-2026 08:10,Sale,34,
INV0009039,PROD0158,WH001,18-08-2026 17:00,Sale,5,
INV0009040,PROD0014,WH002,18-08-2026 18:48,Purchase,51,SUP032
INV0009041,PROD0075,WH003,18-08-2026 19:54,Sale,74,
INV0009042,PROD0097,WH001,18-08-2026 21:07,Purchase,35,SUP004
INV0009043,PROD0058,WH004,19-08-2026 03:59,Sale,94,
INV0009044,PROD0197,WH004,19-08-2026 05:17,Return,16,
INV0009045,PROD0157,WH003,19-08-2026 09:37,Purchase,26,SUP039
INV0009046,PROD0012,WH003,19-08-2026 12:14,Purchase,98,SUP013
INV0009047,PROD0197,WH001,19-08-2026 12:52,Sale,17,
INV0009048,PROD0041,WH002,19-08-2026 16:13,Purchase,20,SUP024
INV0009049,PROD0037,WH001,19-08-2026 16:37,Sale,94,
INV0009050,PROD0150,WH003,19-08-2026 19:29,Sale,71,
INV0009051,PROD0076,WH004,19-08-2026 19:54,Return,41,
INV0009052,PROD0008,WH004,19-08-2026 20:40,Purchase,24,SUP033
INV0009053,PROD0001,WH004,20-08-2026 01:51,Adjustment,21,
INV0009054,PROD0141,WH002,20-08-2026 02:00,Sale,14,
INV0009055,PROD0098,WH003,20-08-2026 04:45,Return,32,
INV0009056,PROD0095,WH002,20-08-2026 05:24,Sale,14,
INV0009057,PROD0057,WH002,20-08-2026 06:49,Purchase,52,SUP009
INV0009058,PROD0043,WH004,20-08-2026 08:09,Return,100,
INV0009059,PROD0166,WH002,20-08-2026 15:27,Sale,42,
INV0009060,PROD0087,WH003,20-08-2026 16:15,Sale,86,
INV0009061,PROD0184,WH001,20-08-2026 17:26,Sale,54,
INV0009062,PROD0117,WH003,20-08-2026 19:59,Purchase,88,SUP021
INV0009063,PROD0024,WH002,21-08-2026 00:53,Purchase,39,SUP009
INV0009064,PROD0086,WH001,21-08-2026 01:19,Adjustment,67,
INV0009065,PROD0173,WH002,21-08-2026 01:57,Sale,54,
INV0009066,PROD0015,WH004,21-08-2026 05:43,Sale,77,
INV0009067,PROD0043,WH001,21-08-2026 05:51,Purchase,91,SUP037
INV0009068,PROD0101,WH002,21-08-2026 06:38,Return,20,
INV0009069,PROD0062,WH003,21-08-2026 07:43,Adjustment,82,
INV0009070,PROD0123,WH001,21-08-2026 08:05,Purchase,21,SUP021
INV0009071,PROD0178,WH001,21-08-2026 13:43,Sale,60,
INV0009072,PROD0142,WH002,21-08-2026 17:26,Adjustment,54,
INV0009073,PROD0074,WH001,21-08-2026 19:17,Adjustment,43,
INV0009074,PROD0164,WH002,21-08-2026 19:48,Sale,84,
INV0009075,PROD0004,WH002,22-08-2026 01:17,Sale,85,
INV0009076,PROD0151,WH001,22-08-2026 05:46,Purchase,19,SUP003
INV0009077,PROD0011,WH003,22-08-2026 08:27,Sale,36,
INV0009078,PROD0037,WH003,22-08-2026 10:53,Return,95,
INV0009079,PROD0068,WH001,22-08-2026 20:39,Purchase,89,SUP015
INV0009080,PROD0028,WH002,22-08-2026 22:18,Purchase,20,SUP040
INV0009081,PROD0177,WH003,23-08-2026 03:15,Sale,19,
INV0009082,PROD0128,WH002,23-08-2026 07:36,Adjustment,87,
INV0009083,PROD0018,WH001,23-08-2026 14:19,Purchase,28,SUP013
INV0009084,PROD0143,WH004,23-08-2026 21:08,Purchase,94,SUP016
INV0009085,PROD0040,WH002,23-08-2026 23:36,Sale,61,
INV0009086,PROD0149,WH003,24-08-2026 02:46,Adjustment,39,
INV0009087,PROD0194,WH004,24-08-2026 04:16,Purchase,70,SUP024
INV0009088,PROD0013,WH001,24-08-2026 06:15,Purchase,73,SUP008
INV0009089,PROD0083,WH001,24-08-2026 07:06,Adjustment,92,
INV0009090,PROD0127,WH002,24-08-2026 07:11,Sale,30,
INV0009091,PROD0175,WH003,24-08-2026 08:37,Sale,43,
INV0009092,PROD0132,WH001,24-08-2026 10:10,Purchase,67,SUP005
INV0009093,PROD0077,WH001,24-08-2026 10:32,Sale,42,
INV0009094,PROD0010,WH004,24-08-2026 11:53,Sale,71,
INV0009095,PROD0104,WH003,24-08-2026 15:06,Purchase,7,SUP012
INV0009096,PROD0089,WH001,24-08-2026 17:39,Purchase,98,SUP027
INV0009097,PROD0190,WH001,24-08-2026 18:12,Purchase,68,SUP012
INV0009098,PROD0101,WH003,24-08-2026 19:15,Purchase,73,SUP006
INV0009099,PROD0192,WH001,24-08-2026 20:14,Purchase,79,SUP007
INV0009100,PROD0113,WH001,25-08-2026 08:08,Return,28,
INV0009101,PROD0034,WH003,25-08-2026 12:17,Purchase,1,SUP025
INV0009102,PROD0017,WH001,25-08-2026 14:25,Adjustment,61,
INV0009103,PROD0136,WH004,25-08-2026 16:17,Return,65,
INV0009104,PROD0038,WH003,25-08-2026 16:40,Sale,2,
INV0009105,PROD0085,WH001,25-08-2026 16:41,Purchase,30,SUP016
INV0009106,PROD0139,WH004,25-08-2026 16:46,Adjustment,73,
INV0009107,PROD0030,WH003,25-08-2026 20:42,Sale,75,
INV0009108,PROD0023,WH002,25-08-2026 23:42,Purchase,90,SUP007
INV0009109,PROD0006,WH002,26-08-2026 01:56,Purchase,8,SUP028
INV0009110,PROD0064,WH004,26-08-2026 03:37,Return,73,
INV0009111,PROD0102,WH003,26-08-2026 04:21,Sale,50,
INV0009112,PROD0081,WH002,26-08-2026 05:22,Purchase,22,SUP033
INV0009113,PROD0019,WH004,26-08-2026 09:29,Purchase,88,SUP033
INV0009114,PROD0113,WH001,26-08-2026 10:01,Sale,60,
INV0009115,PROD0188,WH002,26-08-2026 13:15,Return,99,
INV0009116,PROD0046,WH002,26-08-2026 15:27,Sale,50,
INV0009117,PROD0050,WH004,26-08-2026 16:46,Purchase,73,SUP034
INV0009118,PROD0010,WH001,26-08-2026 22:02,Purchase,6,SUP010
INV0009119,PROD0088,WH004,27-08-2026 04:57,Sale,9,
INV0009120,PROD0032,WH003,27-08-2026 05:59,Purchase,41,SUP040
INV0009121,PROD0146,WH004,27-08-2026 06:40,Purchase,55,SUP028
INV0009122,PROD0115,WH002,27-08-2026 09:20,Purchase,16,SUP020
INV0009123,PROD0102,WH001,28-08-2026 01:24,Sale,53,
INV0009124,PROD0018,WH001,28-08-2026 03:51,Sale,84,
INV0009125,PROD0076,WH003,28-08-2026 04:13,Adjustment,49,
INV0009126,PROD0112,WH001,28-08-2026 08:21,Purchase,12,SUP033
INV0009127,PROD0126,WH002,28-08-2026 11:03,Adjustment,47,
INV0009128,PROD0195,WH002,28-08-2026 11:42,Sale,52,
INV0009129,PROD0040,WH001,28-08-2026 15:22,Adjustment,3,
INV0009130,PROD0180,WH002,28-08-2026 16:19,Purchase,64,SUP027
INV0009131,PROD0099,WH002,28-08-2026 16:41,Purchase,69,SUP038
INV0009132,PROD0088,WH001,28-08-2026 17:17,Purchase,67,SUP021
INV0009133,PROD0193,WH002,28-08-2026 18:42,Purchase,61,SUP040
INV0009134,PROD0057,WH003,29-08-2026 00:30,Purchase,78,SUP029
INV0009135,PROD0157,WH003,29-08-2026 08:11,Sale,55,
INV0009136,PROD0112,WH002,29-08-2026 13:23,Sale,22,
INV0009137,PROD0067,WH002,29-08-2026 13:57,Sale,72,
INV0009138,PROD0051,WH004,29-08-2026 14:24,Purchase,33,SUP020
INV0009139,PROD0183,WH001,30-08-2026 00:03,Sale,56,
INV0009140,PROD0157,WH002,30-08-2026 04:29,Purchase,70,SUP032
INV0009141,PROD0175,WH002,30-08-2026 10:44,Sale,43,
INV0009142,PROD0154,WH001,30-08-2026 15:15,Purchase,3,SUP001
INV0009143,PROD0055,WH004,30-08-2026 21:00,Purchase,34,SUP015
INV0009144,PROD0179,WH004,30-08-2026 22:00,Sale,14,
INV0009145,PROD0187,WH004,30-08-2026 22:27,Purchase,40,SUP013
INV0009146,PROD0155,WH001,30-08-2026 23:35,Purchase,24,SUP039
INV0009147,PROD0098,WH001,31-08-2026 00:03,Adjustment,52,
INV0009148,PROD0104,WH004,31-08-2026 05:41,Sale,66,
INV0009149,PROD0187,WH001,31-08-2026 08:44,Sale,38,
INV0009150,PROD0068,WH004,31-08-2026 19:00,Sale,53,
INV0009151,PROD0110,WH001,31-08-2026 20:54,Purchase,45,SUP035
INV0009152,PROD0182,WH003,31-08-2026 23:37,Sale,71,
INV0009153,PROD0020,WH002,01-09-2026 02:24,Sale,64,
INV0009154,PROD0115,WH004,01-09-2026 03:59,Sale,89,
INV0009155,PROD0028,WH001,01-09-2026 04:58,Adjustment,56,
INV0009156,PROD0171,WH001,01-09-2026 05:56,Purchase,63,SUP014
INV0009157,PROD0100,WH004,01-09-2026 07:40,Sale,44,
INV0009158,PROD0112,WH002,01-09-2026 11:15,Sale,6,
INV0009159,PROD0005,WH004,01-09-2026 11:22,Sale,88,
INV0009160,PROD0007,WH002,01-09-2026 14:34,Purchase,51,SUP004
INV0009161,PROD0154,WH002,01-09-2026 22:21,Adjustment,35,
INV0009162,PROD0193,WH003,01-09-2026 23:32,Sale,62,
INV0009163,PROD0062,WH002,02-09-2026 08:33,Sale,27,
INV0009164,PROD0121,WH003,02-09-2026 10:27,Adjustment,77,
INV0009165,PROD0007,WH003,02-09-2026 16:11,Purchase,35,SUP004
INV0009166,PROD0023,WH002,02-09-2026 17:03,Sale,96,
INV0009167,PROD0130,WH001,02-09-2026 18:41,Sale,63,
INV0009168,PROD0049,WH001,03-09-2026 00:09,Sale,52,
INV0009169,PROD0122,WH003,03-09-2026 06:56,Sale,1,
INV0009170,PROD0144,WH004,03-09-2026 09:42,Purchase,79,SUP023
INV0009171,PROD0026,WH003,03-09-2026 10:08,Adjustment,37,
INV0009172,PROD0136,WH001,03-09-2026 11:43,Sale,7,
INV0009173,PROD0037,WH001,03-09-2026 16:02,Sale,5,
INV0009174,PROD0087,WH002,03-09-2026 17:05,Sale,41,
INV0009175,PROD0149,WH002,03-09-2026 19:11,Purchase,79,SUP036
INV0009176,PROD0094,WH001,03-09-2026 20:30,Sale,42,
INV0009177,PROD0031,WH002,03-09-2026 21:15,Sale,37,
INV0009178,PROD0149,WH002,03-09-2026 22:23,Purchase,35,SUP020
INV0009179,PROD0002,WH004,04-09-2026 01:53,Purchase,17,SUP040
INV0009180,PROD0197,WH004,04-09-2026 02:30,Sale,49,
INV0009181,PROD0200,WH001,04-09-2026 04:16,Sale,50,
INV0009182,PROD0173,WH003,04-09-2026 04:34,Sale,31,
INV0009183,PROD0059,WH001,04-09-2026 14:28,Purchase,37,SUP007
INV0009184,PROD0009,WH004,04-09-2026 18:29,Purchase,76,SUP018
INV0009185,PROD0179,WH001,04-09-2026 18:50,Sale,93,
INV0009186,PROD0141,WH004,05-09-2026 03:14,Purchase,84,SUP025
INV0009187,PROD0083,WH001,05-09-2026 06:08,Sale,67,
INV0009188,PROD0047,WH004,05-09-2026 10:39,Sale,11,
INV0009189,PROD0193,WH003,05-09-2026 12:23,Sale,48,
INV0009190,PROD0080,WH003,05-09-2026 12:36,Sale,71,
INV0009191,PROD0086,WH001,05-09-2026 17:53,Sale,97,
INV0009192,PROD0159,WH003,05-09-2026 19:05,Sale,70,
INV0009193,PROD0150,WH001,06-09-2026 05:03,Purchase,74,SUP006
INV0009194,PROD0080,WH003,06-09-2026 10:50,Purchase,88,SUP021
INV0009195,PROD0194,WH004,06-09-2026 18:50,Purchase,20,SUP020
INV0009196,PROD0094,WH004,06-09-2026 18:54,Sale,98,
INV0009197,PROD0057,WH001,07-09-2026 00:39,Purchase,47,SUP033
INV0009198,PROD0040,WH001,07-09-2026 02:56,Sale,92,
INV0009199,PROD0006,WH002,07-09-2026 04:57,Sale,51,
INV0009200,PROD0016,WH003,07-09-2026 06:47,Sale,85,
INV0009201,PROD0090,WH002,07-09-2026 07:29,Sale,92,
INV0009202,PROD0196,WH003,07-09-2026 13:08,Sale,40,
INV0009203,PROD0153,WH004,07-09-2026 22:52,Purchase,56,SUP005
INV0009204,PROD0037,WH003,07-09-2026 23:38,Sale,35,
INV0009205,PROD0113,WH004,08-09-2026 00:06,Sale,69,
INV0009206,PROD0080,WH004,08-09-2026 04:22,Sale,52,
INV0009207,PROD0168,WH004,08-09-2026 04:53,Purchase,17,SUP024
INV0009208,PROD0051,WH001,08-09-2026 08:00,Adjustment,55,
INV0009209,PROD0054,WH003,08-09-2026 09:13,Adjustment,41,
INV0009210,PROD0138,WH004,08-09-2026 09:23,Sale,88,
INV0009211,PROD0014,WH003,08-09-2026 14:39,Purchase,19,SUP033
INV0009212,PROD0057,WH004,08-09-2026 18:14,Return,50,
INV0009213,PROD0045,WH002,08-09-2026 19:19,Purchase,45,SUP027
INV0009214,PROD0086,WH004,09-09-2026 00:29,Sale,49,
INV0009215,PROD0046,WH004,09-09-2026 00:48,Sale,88,
INV0009216,PROD0167,WH002,09-09-2026 04:39,Sale,72,
INV0009217,PROD0068,WH004,09-09-2026 08:02,Purchase,86,SUP032
INV0009218,PROD0072,WH002,09-09-2026 08:13,Purchase,68,SUP018
INV0009219,PROD0063,WH004,09-09-2026 15:09,Sale,16,
INV0009220,PROD0085,WH003,09-09-2026 15:41,Sale,11,
INV0009221,PROD0047,WH004,09-09-2026 20:01,Purchase,42,SUP026
INV0009222,PROD0147,WH004,10-09-2026 04:15,Sale,94,
INV0009223,PROD0025,WH003,10-09-2026 05:29,Purchase,96,SUP034
INV0009224,PROD0018,WH001,10-09-2026 07:21,Sale,15,
INV0009225,PROD0105,WH003,10-09-2026 08:58,Purchase,13,SUP035
INV0009226,PROD0098,WH003,10-09-2026 11:16,Sale,45,
INV0009227,PROD0143,WH003,10-09-2026 22:14,Sale,16,
INV0009228,PROD0020,WH003,10-09-2026 23:06,Sale,5,
INV0009229,PROD0182,WH002,11-09-2026 05:38,Sale,10,
INV0009230,PROD0117,WH004,11-09-2026 06:12,Purchase,41,SUP023
INV0009231,PROD0056,WH003,11-09-2026 13:34,Sale,53,
INV0009232,PROD0153,WH003,11-09-2026 16:51,Return,37,
INV0009233,PROD0133,WH002,11-09-2026 17:30,Purchase,100,SUP016
INV0009234,PROD0182,WH002,11-09-2026 19:20,Sale,80,
INV0009235,PROD0106,WH004,12-09-2026 04:47,Purchase,89,SUP028
INV0009236,PROD0139,WH003,12-09-2026 05:35,Return,75,
INV0009237,PROD0177,WH002,12-09-2026 06:56,Purchase,23,SUP026
INV0009238,PROD0166,WH002,12-09-2026 22:05,Adjustment,93,
INV0009239,PROD0140,WH003,12-09-2026 22:31,Purchase,81,SUP019
INV0009240,PROD0076,WH002,12-09-2026 23:13,Return,98,
INV0009241,PROD0037,WH001,13-09-2026 04:21,Sale,3,
INV0009242,PROD0007,WH001,13-09-2026 06:26,Purchase,68,SUP036
INV0009243,PROD0054,WH003,13-09-2026 10:38,Sale,61,
INV0009244,PROD0095,WH001,13-09-2026 15:53,Purchase,2,SUP018
INV0009245,PROD0125,WH004,13-09-2026 17:58,Purchase,88,SUP006
INV0009246,PROD0039,WH002,13-09-2026 18:27,Sale,15,
INV0009247,PROD0151,WH004,14-09-2026 09:06,Sale,36,
INV0009248,PROD0174,WH004,14-09-2026 14:07,Purchase,12,SUP005
INV0009249,PROD0016,WH004,14-09-2026 14:51,Return,39,
INV0009250,PROD0172,WH003,14-09-2026 18:08,Sale,43,
INV0009251,PROD0130,WH003,14-09-2026 20:32,Sale,66,
INV0009252,PROD0015,WH003,14-09-2026 22:12,Sale,72,
INV0009253,PROD0035,WH003,15-09-2026 05:28,Sale,88,
INV0009254,PROD0150,WH004,15-09-2026 15:30,Purchase,21,SUP016
INV0009255,PROD0189,WH002,15-09-2026 18:18,Sale,55,
INV0009256,PROD0149,WH001,15-09-2026 19:11,Sale,62,
INV0009257,PROD0193,WH004,15-09-2026 23:03,Return,94,
INV0009258,PROD0073,WH004,16-09-2026 05:36,Purchase,53,SUP022
INV0009259,PROD0172,WH003,16-09-2026 16:20,Sale,59,
INV0009260,PROD0173,WH001,16-09-2026 21:04,Purchase,8,SUP003
INV0009261,PROD0173,WH002,16-09-2026 21:11,Purchase,35,SUP035
INV0009262,PROD0003,WH002,16-09-2026 23:23,Purchase,23,SUP012
INV0009263,PROD0193,WH004,16-09-2026 23:26,Adjustment,85,
INV0009264,PROD0105,WH002,17-09-2026 17:09,Sale,9,
INV0009265,PROD0058,WH003,17-09-2026 17:12,Purchase,82,SUP030
INV0009266,PROD0151,WH004,17-09-2026 19:01,Return,95,
INV0009267,PROD0105,WH003,18-09-2026 01:58,Purchase,65,SUP004
INV0009268,PROD0076,WH003,18-09-2026 02:35,Purchase,18,SUP021
INV0009269,PROD0027,WH001,18-09-2026 05:38,Purchase,14,SUP024
INV0009270,PROD0161,WH002,18-09-2026 06:31,Sale,40,
INV0009271,PROD0092,WH001,18-09-2026 12:26,Purchase,1,SUP023
INV0009272,PROD0123,WH001,18-09-2026 12:38,Adjustment,89,
INV0009273,PROD0021,WH003,18-09-2026 15:08,Purchase,6,SUP038
INV0009274,PROD0055,WH003,18-09-2026 17:03,Purchase,77,SUP017
INV0009275,PROD0139,WH001,18-09-2026 17:20,Purchase,26,SUP033
INV0009276,PROD0059,WH002,18-09-2026 20:41,Sale,31,
INV0009277,PROD0016,WH003,18-09-2026 20:51,Purchase,24,SUP010
INV0009278,PROD0058,WH001,19-09-2026 05:00,Sale,36,
INV0009279,PROD0172,WH003,19-09-2026 16:37,Sale,62,
INV0009280,PROD0192,WH002,20-09-2026 05:48,Adjustment,95,
INV0009281,PROD0171,WH002,20-09-2026 08:11,Purchase,44,SUP016
INV0009282,PROD0075,WH002,20-09-2026 11:58,Sale,53,
INV0009283,PROD0194,WH002,20-09-2026 15:15,Adjustment,3,
INV0009284,PROD0168,WH004,21-09-2026 01:34,Sale,36,
INV0009285,PROD0006,WH004,21-09-2026 04:46,Purchase,87,SUP037
INV0009286,PROD0072,WH004,21-09-2026 06:19,Purchase,2,SUP022
INV0009287,PROD0164,WH003,21-09-2026 13:16,Sale,60,
INV0009288,PROD0037,WH002,21-09-2026 16:58,Purchase,20,SUP003
INV0009289,PROD0059,WH002,21-09-2026 17:03,Sale,40,
INV0009290,PROD0194,WH003,21-09-2026 18:47,Adjustment,49,
INV0009291,PROD0040,WH003,22-09-2026 00:01,Sale,39,
INV0009292,PROD0148,WH004,22-09-2026 02:25,Purchase,51,SUP010
INV0009293,PROD0151,WH002,22-09-2026 09:56,Sale,11,
INV0009294,PROD0054,WH003,22-09-2026 15:13,Sale,47,
INV0009295,PROD0025,WH001,22-09-2026 16:22,Sale,52,
INV0009296,PROD0021,WH002,22-09-2026 18:41,Purchase,36,SUP034
INV0009297,PROD0176,WH002,22-09-2026 22:58,Sale,100,
INV0009298,PROD0048,WH003,23-09-2026 03:52,Sale,79,
INV0009299,PROD0176,WH001,23-09-2026 05:27,Sale,53,
INV0009300,PROD0101,WH001,23-09-2026 11:35,Adjustment,11,
INV0009301,PROD0112,WH001,23-09-2026 14:18,Adjustment,2,
INV0009302,PROD0133,WH003,23-09-2026 21:17,Sale,59,
INV0009303,PROD0085,WH002,24-09-2026 06:51,Adjustment,62,
INV0009304,PROD0191,WH001,24-09-2026 08:50,Adjustment,5,
INV0009305,PROD0178,WH004,24-09-2026 15:12,Purchase,1,SUP022
INV0009306,PROD0133,WH003,24-09-2026 15:59,Purchase,87,SUP008
INV0009307,PROD0143,WH003,24-09-2026 17:32,Purchase,92,SUP028
INV0009308,PROD0144,WH003,24-09-2026 17:40,Purchase,3,SUP026
INV0009309,PROD0007,WH002,25-09-2026 05:24,Purchase,52,SUP035
INV0009310,PROD0055,WH001,25-09-2026 08:24,Purchase,56,SUP007
INV0009311,PROD0083,WH001,25-09-2026 12:28,Purchase,70,SUP001
INV0009312,PROD0028,WH004,25-09-2026 15:36,Purchase,34,SUP031
INV0009313,PROD0086,WH002,25-09-2026 22:56,Sale,88,
INV0009314,PROD0131,WH004,26-09-2026 00:35,Return,68,
INV0009315,PROD0172,WH002,26-09-2026 03:32,Purchase,79,SUP009
INV0009316,PROD0150,WH002,26-09-2026 04:37,Sale,50,
INV0009317,PROD0177,WH004,26-09-2026 06:12,Sale,55,
INV0009318,PROD0135,WH003,26-09-2026 15:05,Sale,94,
INV0009319,PROD0109,WH003,26-09-2026 15:07,Purchase,41,SUP016
INV0009320,PROD0121,WH003,26-09-2026 16:39,Return,41,
INV0009321,PROD0023,WH004,26-09-2026 18:57,Sale,93,
INV0009322,PROD0162,WH002,26-09-2026 20:13,Sale,36,
INV0009323,PROD0122,WH002,27-09-2026 01:40,Purchase,3,SUP031
INV0009324,PROD0145,WH004,27-09-2026 01:49,Adjustment,59,
INV0009325,PROD0093,WH001,27-09-2026 07:20,Sale,41,
INV0009326,PROD0159,WH001,27-09-2026 16:28,Adjustment,3,
INV0009327,PROD0085,WH004,27-09-2026 16:51,Sale,50,
INV0009328,PROD0171,WH004,27-09-2026 17:41,Purchase,55,SUP025
INV0009329,PROD0197,WH003,27-09-2026 19:11,Sale,88,
INV0009330,PROD0035,WH001,27-09-2026 22:52,Purchase,35,SUP008
INV0009331,PROD0200,WH003,28-09-2026 07:28,Purchase,17,SUP002
INV0009332,PROD0159,WH004,28-09-2026 19:24,Purchase,41,SUP039
INV0009333,PROD0082,WH001,28-09-2026 21:59,Purchase,70,SUP024
INV0009334,PROD0108,WH001,28-09-2026 23:21,Purchase,53,SUP005
INV0009335,PROD0187,WH002,28-09-2026 23:56,Purchase,67,SUP003
INV0009336,PROD0103,WH002,29-09-2026 04:43,Sale,10,
INV0009337,PROD0049,WH001,29-09-2026 07:11,Return,96,
INV0009338,PROD0124,WH001,29-09-2026 07:33,Purchase,31,SUP001
INV0009339,PROD0039,WH002,29-09-2026 08:21,Purchase,87,SUP010
INV0009340,PROD0078,WH002,29-09-2026 09:59,Sale,58,
INV0009341,PROD0132,WH003,29-09-2026 13:52,Sale,49,
INV0009342,PROD0118,WH004,29-09-2026 14:32,Return,98,
INV0009343,PROD0101,WH004,29-09-2026 16:54,Purchase,10,SUP018
INV0009344,PROD0029,WH004,29-09-2026 23:12,Return,100,
INV0009345,PROD0150,WH004,30-09-2026 02:44,Purchase,85,SUP026
INV0009346,PROD0050,WH003,30-09-2026 04:18,Purchase,35,SUP005
INV0009347,PROD0022,WH002,30-09-2026 18:01,Sale,25,
INV0009348,PROD0056,WH001,30-09-2026 18:25,Adjustment,37,
INV0009349,PROD0097,WH002,01-10-2026 00:46,Purchase,76,SUP037
INV0009350,PROD0013,WH003,01-10-2026 04:30,Sale,11,
INV0009351,PROD0137,WH004,01-10-2026 06:44,Return,57,
INV0009352,PROD0139,WH001,01-10-2026 07:32,Adjustment,10,
INV0009353,PROD0101,WH002,01-10-2026 08:30,Sale,5,
INV0009354,PROD0094,WH002,01-10-2026 08:51,Purchase,48,SUP038
INV0009355,PROD0058,WH002,01-10-2026 13:38,Sale,1,
INV0009356,PROD0095,WH003,01-10-2026 17:16,Sale,72,
INV0009357,PROD0101,WH001,01-10-2026 18:35,Adjustment,13,
INV0009358,PROD0119,WH001,01-10-2026 18:43,Purchase,87,SUP022
INV0009359,PROD0118,WH001,01-10-2026 19:23,Sale,28,
INV0009360,PROD0051,WH001,01-10-2026 23:47,Sale,88,
INV0009361,PROD0111,WH001,02-10-2026 00:51,Sale,28,
INV0009362,PROD0077,WH004,02-10-2026 01:49,Purchase,43,SUP032
INV0009363,PROD0114,WH001,02-10-2026 02:11,Purchase,23,SUP036
INV0009364,PROD0134,WH002,02-10-2026 02:46,Purchase,73,SUP038
INV0009365,PROD0089,WH003,02-10-2026 03:28,Sale,87,
INV0009366,PROD0069,WH004,02-10-2026 05:46,Sale,97,
INV0009367,PROD0067,WH003,02-10-2026 10:39,Purchase,54,SUP027
INV0009368,PROD0175,WH001,02-10-2026 15:25,Sale,19,
INV0009369,PROD0015,WH001,02-10-2026 19:54,Sale,12,
INV0009370,PROD0165,WH001,02-10-2026 22:04,Purchase,23,SUP038
INV0009371,PROD0010,WH001,02-10-2026 23:54,Purchase,11,SUP040
INV0009372,PROD0128,WH001,03-10-2026 05:53,Sale,39,
INV0009373,PROD0107,WH002,03-10-2026 08:55,Purchase,60,SUP039
INV0009374,PROD0144,WH004,03-10-2026 14:18,Sale,76,
INV0009375,PROD0172,WH003,03-10-2026 15:38,Purchase,68,SUP025
INV0009376,PROD0166,WH004,03-10-2026 15:47,Purchase,34,SUP033
INV0009377,PROD0158,WH003,03-10-2026 16:16,Purchase,72,SUP037
INV0009378,PROD0119,WH001,03-10-2026 16:37,Sale,4,
INV0009379,PROD0108,WH002,03-10-2026 18:20,Purchase,66,SUP034
INV0009380,PROD0139,WH002,03-10-2026 19:57,Sale,93,
INV0009381,PROD0128,WH003,03-10-2026 19:58,Sale,64,
INV0009382,PROD0105,WH004,04-10-2026 01:36,Adjustment,84,
INV0009383,PROD0196,WH003,04-10-2026 02:09,Sale,79,
INV0009384,PROD0062,WH004,04-10-2026 02:10,Purchase,11,SUP021
INV0009385,PROD0194,WH001,04-10-2026 06:46,Sale,8,
INV0009386,PROD0145,WH002,04-10-2026 10:44,Purchase,75,SUP002
INV0009387,PROD0199,WH004,04-10-2026 11:30,Purchase,66,SUP009
INV0009388,PROD0050,WH001,04-10-2026 19:13,Sale,4,
INV0009389,PROD0004,WH004,04-10-2026 23:44,Purchase,19,SUP040
INV0009390,PROD0076,WH002,05-10-2026 00:09,Sale,22,
INV0009391,PROD0128,WH002,05-10-2026 07:26,Purchase,20,SUP005
INV0009392,PROD0189,WH001,05-10-2026 14:19,Purchase,2,SUP036
INV0009393,PROD0150,WH003,05-10-2026 20:31,Sale,78,
INV0009394,PROD0049,WH001,05-10-2026 22:36,Sale,38,
INV0009395,PROD0021,WH002,06-10-2026 02:55,Purchase,100,SUP038
INV0009396,PROD0112,WH003,06-10-2026 11:07,Purchase,32,SUP039
INV0009397,PROD0073,WH004,06-10-2026 12:20,Purchase,32,SUP040
INV0009398,PROD0074,WH003,06-10-2026 16:23,Sale,63,
INV0009399,PROD0034,WH001,06-10-2026 22:23,Sale,52,
INV0009400,PROD0112,WH003,07-10-2026 00:48,Purchase,16,SUP021
INV0009401,PROD0077,WH001,07-10-2026 03:14,Purchase,71,SUP037
INV0009402,PROD0031,WH004,07-10-2026 04:40,Sale,36,
INV0009403,PROD0089,WH003,07-10-2026 12:55,Purchase,95,SUP020
INV0009404,PROD0020,WH003,07-10-2026 16:20,Sale,1,
INV0009405,PROD0036,WH001,07-10-2026 19:45,Sale,65,
INV0009406,PROD0125,WH004,08-10-2026 00:24,Adjustment,11,
INV0009407,PROD0100,WH004,08-10-2026 04:51,Sale,71,
INV0009408,PROD0020,WH003,08-10-2026 06:54,Purchase,5,SUP009
INV0009409,PROD0038,WH004,08-10-2026 14:43,Purchase,29,SUP011
INV0009410,PROD0009,WH003,08-10-2026 16:14,Sale,75,
INV0009411,PROD0185,WH004,09-10-2026 01:20,Sale,38,
INV0009412,PROD0087,WH001,09-10-2026 08:45,Purchase,31,SUP015
INV0009413,PROD0034,WH001,09-10-2026 11:19,Sale,90,
INV0009414,PROD0069,WH002,09-10-2026 12:30,Adjustment,18,
INV0009415,PROD0103,WH001,09-10-2026 15:59,Sale,5,
INV0009416,PROD0011,WH003,10-10-2026 06:29,Adjustment,21,
INV0009417,PROD0069,WH004,10-10-2026 13:39,Purchase,56,SUP009
INV0009418,PROD0093,WH003,10-10-2026 18:25,Sale,52,
INV0009419,PROD0085,WH002,11-10-2026 03:39,Purchase,14,SUP019
INV0009420,PROD0198,WH003,11-10-2026 13:15,Sale,24,
INV0009421,PROD0078,WH003,11-10-2026 13:21,Purchase,5,SUP015
INV0009422,PROD0037,WH001,11-10-2026 13:33,Adjustment,66,
INV0009423,PROD0196,WH003,11-10-2026 17:19,Purchase,15,SUP001
INV0009424,PROD0195,WH001,11-10-2026 23:32,Sale,89,
INV0009425,PROD0133,WH004,12-10-2026 05:44,Sale,47,
INV0009426,PROD0164,WH001,12-10-2026 08:15,Sale,54,
INV0009427,PROD0010,WH004,12-10-2026 11:02,Adjustment,62,
INV0009428,PROD0120,WH001,12-10-2026 12:38,Purchase,91,SUP028
INV0009429,PROD0168,WH003,13-10-2026 02:32,Purchase,17,SUP010
INV0009430,PROD0001,WH001,13-10-2026 05:17,Sale,44,
INV0009431,PROD0110,WH003,13-10-2026 08:27,Sale,52,
INV0009432,PROD0032,WH001,13-10-2026 09:01,Sale,92,
INV0009433,PROD0024,WH004,14-10-2026 00:00,Sale,98,
INV0009434,PROD0132,WH004,14-10-2026 04:45,Sale,37,
INV0009435,PROD0095,WH002,14-10-2026 11:18,Sale,54,
INV0009436,PROD0086,WH001,14-10-2026 21:57,Purchase,10,SUP031
INV0009437,PROD0027,WH003,14-10-2026 23:25,Purchase,7,SUP016
INV0009438,PROD0066,WH001,15-10-2026 03:57,Purchase,96,SUP006
INV0009439,PROD0112,WH004,15-10-2026 04:01,Adjustment,25,
INV0009440,PROD0084,WH001,15-10-2026 04:59,Adjustment,36,
INV0009441,PROD0075,WH004,15-10-2026 05:46,Sale,4,
INV0009442,PROD0193,WH003,15-10-2026 05:48,Sale,54,
INV0009443,PROD0014,WH004,15-10-2026 13:01,Purchase,59,SUP007
INV0009444,PROD0084,WH004,15-10-2026 13:51,Sale,30,
INV0009445,PROD0131,WH003,15-10-2026 16:40,Sale,88,
INV0009446,PROD0117,WH001,15-10-2026 18:26,Sale,39,
INV0009447,PROD0047,WH002,15-10-2026 19:33,Purchase,78,SUP038
INV0009448,PROD0114,WH003,15-10-2026 20:19,Sale,33,
INV0009449,PROD0154,WH004,15-10-2026 20:51,Purchase,5,SUP021
INV0009450,PROD0103,WH003,15-10-2026 22:29,Purchase,85,SUP006
INV0009451,PROD0181,WH002,15-10-2026 23:44,Sale,78,
INV0009452,PROD0137,WH002,16-10-2026 07:13,Purchase,81,SUP033
INV0009453,PROD0049,WH002,16-10-2026 12:30,Purchase,51,SUP024
INV0009454,PROD0130,WH003,16-10-2026 16:06,Purchase,26,SUP009
INV0009455,PROD0062,WH001,16-10-2026 18:25,Sale,86,
INV0009456,PROD0051,WH004,16-10-2026 23:58,Purchase,69,SUP023
INV0009457,PROD0010,WH003,17-10-2026 00:52,Adjustment,40,
INV0009458,PROD0151,WH001,17-10-2026 04:53,Adjustment,71,
INV0009459,PROD0097,WH003,17-10-2026 06:56,Purchase,41,SUP003
INV0009460,PROD0165,WH002,17-10-2026 08:46,Sale,69,
INV0009461,PROD0169,WH003,17-10-2026 09:59,Sale,99,
INV0009462,PROD0055,WH002,17-10-2026 14:19,Purchase,7,SUP029
INV0009463,PROD0023,WH003,17-10-2026 17:18,Sale,35,
INV0009464,PROD0146,WH001,17-10-2026 17:45,Sale,29,
INV0009465,PROD0034,WH004,17-10-2026 20:20,Purchase,20,SUP032
INV0009466,PROD0137,WH004,17-10-2026 20:44,Purchase,90,SUP019
INV0009467,PROD0149,WH002,17-10-2026 20:46,Purchase,98,SUP033
INV0009468,PROD0141,WH004,17-10-2026 21:23,Sale,14,
INV0009469,PROD0128,WH004,18-10-2026 04:38,Sale,91,
INV0009470,PROD0045,WH002,18-10-2026 05:09,Purchase,75,SUP031
INV0009471,PROD0040,WH003,18-10-2026 06:14,Sale,12,
INV0009472,PROD0132,WH001,18-10-2026 09:57,Sale,99,
INV0009473,PROD0035,WH004,18-10-2026 11:00,Sale,22,
INV0009474,PROD0095,WH003,18-10-2026 11:17,Purchase,31,SUP028
INV0009475,PROD0015,WH001,18-10-2026 13:59,Sale,86,
INV0009476,PROD0051,WH004,18-10-2026 20:26,Sale,54,
INV0009477,PROD0004,WH001,19-10-2026 00:03,Sale,22,
INV0009478,PROD0059,WH003,19-10-2026 01:57,Purchase,35,SUP001
INV0009479,PROD0085,WH001,19-10-2026 09:39,Purchase,32,SUP034
INV0009480,PROD0020,WH001,19-10-2026 13:58,Purchase,25,SUP021
INV0009481,PROD0022,WH001,19-10-2026 14:07,Return,35,
INV0009482,PROD0151,WH001,19-10-2026 16:07,Sale,71,
INV0009483,PROD0059,WH003,19-10-2026 18:25,Adjustment,34,
INV0009484,PROD0089,WH004,19-10-2026 18:41,Purchase,75,SUP028
INV0009485,PROD0175,WH004,19-10-2026 22:12,Return,24,
INV0009486,PROD0011,WH004,20-10-2026 00:59,Sale,48,
INV0009487,PROD0010,WH003,20-10-2026 02:05,Adjustment,18,
INV0009488,PROD0073,WH002,20-10-2026 09:24,Purchase,72,SUP038
INV0009489,PROD0160,WH004,20-10-2026 10:13,Adjustment,37,
INV0009490,PROD0194,WH001,20-10-2026 11:56,Sale,2,
INV0009491,PROD0077,WH003,20-10-2026 17:10,Sale,51,
INV0009492,PROD0060,WH001,20-10-2026 21:41,Purchase,34,SUP014
INV0009493,PROD0083,WH003,21-10-2026 03:16,Purchase,3,SUP040
INV0009494,PROD0108,WH002,21-10-2026 06:06,Adjustment,41,
INV0009495,PROD0195,WH001,21-10-2026 08:50,Sale,5,
INV0009496,PROD0046,WH004,21-10-2026 14:11,Return,41,
INV0009497,PROD0114,WH004,21-10-2026 15:45,Purchase,56,SUP019
INV0009498,PROD0178,WH003,21-10-2026 19:52,Sale,6,
INV0009499,PROD0008,WH002,21-10-2026 20:55,Sale,18,
INV0009500,PROD0127,WH003,22-10-2026 16:37,Purchase,6,SUP018
INV0009501,PROD0159,WH004,22-10-2026 21:10,Purchase,17,SUP020
INV0009502,PROD0070,WH004,23-10-2026 05:31,Purchase,82,SUP003
INV0009503,PROD0111,WH002,23-10-2026 08:31,Purchase,7,SUP023
INV0009504,PROD0167,WH003,23-10-2026 11:54,Sale,9,
INV0009505,PROD0156,WH002,23-10-2026 18:40,Purchase,80,SUP014
INV0009506,PROD0127,WH003,23-10-2026 20:30,Sale,18,
INV0009507,PROD0031,WH003,24-10-2026 00:40,Sale,29,
INV0009508,PROD0041,WH001,24-10-2026 04:19,Sale,55,
INV0009509,PROD0053,WH004,24-10-2026 05:15,Sale,51,
INV0009510,PROD0139,WH003,24-10-2026 10:48,Purchase,3,SUP013
INV0009511,PROD0183,WH001,24-10-2026 11:41,Return,53,
INV0009512,PROD0103,WH004,24-10-2026 13:49,Purchase,90,SUP016
INV0009513,PROD0086,WH004,24-10-2026 17:28,Sale,26,
INV0009514,PROD0194,WH003,25-10-2026 07:39,Return,32,
INV0009515,PROD0103,WH001,25-10-2026 16:53,Sale,82,
INV0009516,PROD0138,WH003,25-10-2026 18:04,Sale,39,
INV0009517,PROD0129,WH001,25-10-2026 18:08,Sale,98,
INV0009518,PROD0172,WH004,25-10-2026 19:58,Adjustment,79,
INV0009519,PROD0106,WH001,26-10-2026 01:49,Purchase,44,SUP031
INV0009520,PROD0074,WH003,26-10-2026 03:09,Adjustment,74,
INV0009521,PROD0151,WH003,26-10-2026 03:31,Adjustment,99,
INV0009522,PROD0012,WH003,26-10-2026 09:44,Purchase,67,SUP004
INV0009523,PROD0045,WH003,26-10-2026 12:13,Purchase,21,SUP040
INV0009524,PROD0023,WH002,26-10-2026 13:33,Sale,94,
INV0009525,PROD0185,WH004,26-10-2026 14:22,Return,77,
INV0009526,PROD0176,WH004,26-10-2026 17:26,Sale,67,
INV0009527,PROD0011,WH002,26-10-2026 21:19,Sale,53,
INV0009528,PROD0049,WH004,27-10-2026 03:05,Purchase,73,SUP016
INV0009529,PROD0100,WH004,27-10-2026 06:42,Sale,55,
INV0009530,PROD0194,WH002,27-10-2026 08:26,Sale,52,
INV0009531,PROD0200,WH003,27-10-2026 09:02,Purchase,91,SUP039
INV0009532,PROD0120,WH001,27-10-2026 10:23,Adjustment,43,
INV0009533,PROD0132,WH002,27-10-2026 11:12,Purchase,96,SUP005
INV0009534,PROD0066,WH002,27-10-2026 16:37,Sale,8,
INV0009535,PROD0097,WH003,27-10-2026 16:38,Return,1,
INV0009536,PROD0187,WH002,27-10-2026 19:52,Sale,25,
INV0009537,PROD0191,WH001,27-10-2026 23:56,Purchase,24,SUP023
INV0009538,PROD0109,WH002,28-10-2026 00:43,Adjustment,49,
INV0009539,PROD0016,WH004,28-10-2026 01:53,Purchase,30,SUP026
INV0009540,PROD0065,WH001,28-10-2026 07:44,Sale,24,
INV0009541,PROD0085,WH003,28-10-2026 09:40,Sale,48,
INV0009542,PROD0062,WH003,28-10-2026 11:36,Purchase,54,SUP016
INV0009543,PROD0181,WH004,28-10-2026 13:37,Purchase,60,SUP018
INV0009544,PROD0105,WH001,28-10-2026 13:56,Purchase,42,SUP023
INV0009545,PROD0137,WH002,29-10-2026 01:13,Purchase,86,SUP021
INV0009546,PROD0160,WH001,29-10-2026 12:33,Return,31,
INV0009547,PROD0074,WH001,29-10-2026 16:16,Purchase,99,SUP028
INV0009548,PROD0165,WH003,30-10-2026 05:33,Sale,76,
INV0009549,PROD0196,WH002,30-10-2026 09:10,Purchase,46,SUP039
INV0009550,PROD0069,WH003,30-10-2026 10:35,Purchase,65,SUP008
INV0009551,PROD0152,WH002,30-10-2026 13:08,Purchase,32,SUP017
INV0009552,PROD0113,WH003,30-10-2026 19:14,Adjustment,73,
INV0009553,PROD0196,WH002,30-10-2026 21:23,Purchase,77,SUP018
INV0009554,PROD0138,WH003,30-10-2026 21:52,Sale,64,
INV0009555,PROD0117,WH003,30-10-2026 22:47,Purchase,71,SUP008
INV0009556,PROD0165,WH003,30-10-2026 23:57,Purchase,18,SUP026
INV0009557,PROD0002,WH002,31-10-2026 01:40,Sale,12,
INV0009558,PROD0177,WH002,31-10-2026 05:25,Purchase,10,SUP020
INV0009559,PROD0195,WH003,31-10-2026 10:42,Return,65,
INV0009560,PROD0159,WH004,31-10-2026 11:02,Adjustment,52,
INV0009561,PROD0165,WH003,31-10-2026 12:15,Sale,84,
INV0009562,PROD0071,WH002,31-10-2026 16:59,Purchase,35,SUP009
INV0009563,PROD0111,WH001,01-11-2026 00:18,Sale,8,
INV0009564,PROD0032,WH001,01-11-2026 09:26,Return,66,
INV0009565,PROD0033,WH003,01-11-2026 18:33,Sale,55,
INV0009566,PROD0093,WH001,01-11-2026 19:33,Purchase,4,SUP012
INV0009567,PROD0177,WH002,01-11-2026 20:47,Purchase,2,SUP019
INV0009568,PROD0117,WH001,02-11-2026 03:04,Purchase,69,SUP011
INV0009569,PROD0128,WH004,02-11-2026 04:05,Sale,29,
INV0009570,PROD0193,WH001,02-11-2026 07:51,Purchase,42,SUP014
INV0009571,PROD0001,WH003,02-11-2026 16:14,Purchase,6,SUP023
INV0009572,PROD0010,WH002,02-11-2026 16:18,Sale,92,
INV0009573,PROD0099,WH004,02-11-2026 17:32,Sale,97,
INV0009574,PROD0035,WH002,02-11-2026 22:00,Sale,44,
INV0009575,PROD0197,WH002,03-11-2026 00:21,Sale,61,
INV0009576,PROD0063,WH004,03-11-2026 02:01,Sale,20,
INV0009577,PROD0118,WH003,03-11-2026 02:33,Purchase,100,SUP019
INV0009578,PROD0001,WH003,03-11-2026 07:48,Sale,97,
INV0009579,PROD0143,WH003,03-11-2026 11:50,Sale,89,
INV0009580,PROD0197,WH004,03-11-2026 13:56,Adjustment,28,
INV0009581,PROD0132,WH004,03-11-2026 20:34,Sale,41,
INV0009582,PROD0093,WH001,03-11-2026 23:48,Sale,44,
INV0009583,PROD0104,WH003,04-11-2026 02:37,Return,52,
INV0009584,PROD0088,WH004,04-11-2026 06:19,Purchase,24,SUP001
INV0009585,PROD0139,WH001,04-11-2026 07:47,Sale,72,
INV0009586,PROD0028,WH004,04-11-2026 11:12,Return,36,
INV0009587,PROD0040,WH003,04-11-2026 12:25,Adjustment,22,
INV0009588,PROD0114,WH001,04-11-2026 14:54,Sale,39,
INV0009589,PROD0068,WH003,05-11-2026 14:41,Sale,7,
INV0009590,PROD0175,WH002,05-11-2026 21:54,Purchase,12,SUP016
INV0009591,PROD0178,WH004,05-11-2026 22:35,Sale,85,
INV0009592,PROD0189,WH004,05-11-2026 22:42,Sale,41,
INV0009593,PROD0054,WH002,06-11-2026 04:47,Purchase,62,SUP037
INV0009594,PROD0061,WH004,06-11-2026 05:15,Adjustment,19,
INV0009595,PROD0084,WH002,06-11-2026 09:25,Return,93,
INV0009596,PROD0158,WH001,06-11-2026 12:32,Adjustment,47,
INV0009597,PROD0021,WH004,06-11-2026 12:53,Purchase,71,SUP004
INV0009598,PROD0142,WH002,06-11-2026 14:25,Purchase,9,SUP007
INV0009599,PROD0187,WH003,06-11-2026 19:37,Sale,29,
INV0009600,PROD0177,WH002,07-11-2026 06:07,Purchase,82,SUP016
INV0009601,PROD0054,WH002,07-11-2026 06:21,Sale,27,
INV0009602,PROD0082,WH004,07-11-2026 07:09,Sale,18,
INV0009603,PROD0117,WH003,07-11-2026 08:22,Sale,34,
INV0009604,PROD0062,WH004,07-11-2026 10:29,Sale,1,
INV0009605,PROD0080,WH001,07-11-2026 11:05,Purchase,19,SUP016
INV0009606,PROD0072,WH004,07-11-2026 11:21,Purchase,68,SUP013
INV0009607,PROD0070,WH002,07-11-2026 14:11,Adjustment,49,
INV0009608,PROD0072,WH003,07-11-2026 18:23,Sale,5,
INV0009609,PROD0034,WH002,07-11-2026 22:15,Purchase,26,SUP010
INV0009610,PROD0094,WH001,07-11-2026 23:35,Purchase,73,SUP038
INV0009611,PROD0200,WH001,08-11-2026 06:40,Purchase,87,SUP034
INV0009612,PROD0051,WH004,08-11-2026 07:19,Purchase,13,SUP034
INV0009613,PROD0058,WH004,08-11-2026 11:19,Sale,78,
INV0009614,PROD0047,WH002,08-11-2026 13:42,Sale,77,
INV0009615,PROD0080,WH004,08-11-2026 15:39,Purchase,22,SUP035
INV0009616,PROD0013,WH004,08-11-2026 23:40,Sale,64,
INV0009617,PROD0039,WH003,09-11-2026 00:41,Purchase,52,SUP011
INV0009618,PROD0058,WH003,09-11-2026 03:42,Sale,99,
INV0009619,PROD0126,WH002,09-11-2026 04:47,Purchase,90,SUP017
INV0009620,PROD0069,WH004,09-11-2026 05:10,Purchase,64,SUP006
INV0009621,PROD0018,WH003,09-11-2026 11:09,Purchase,13,SUP016
INV0009622,PROD0107,WH004,09-11-2026 12:05,Sale,74,
INV0009623,PROD0133,WH004,09-11-2026 12:49,Sale,80,
INV0009624,PROD0128,WH004,09-11-2026 13:55,Sale,60,
INV0009625,PROD0101,WH004,09-11-2026 17:06,Return,25,
INV0009626,PROD0044,WH003,09-11-2026 17:30,Purchase,82,SUP024
INV0009627,PROD0130,WH002,10-11-2026 01:10,Purchase,35,SUP038
INV0009628,PROD0169,WH002,10-11-2026 02:53,Purchase,76,SUP014
INV0009629,PROD0001,WH003,10-11-2026 04:58,Purchase,56,SUP007
INV0009630,PROD0146,WH003,10-11-2026 11:30,Sale,40,
INV0009631,PROD0135,WH001,10-11-2026 14:46,Sale,82,
INV0009632,PROD0059,WH003,10-11-2026 16:56,Purchase,35,SUP013
INV0009633,PROD0010,WH003,10-11-2026 16:57,Purchase,20,SUP004
INV0009634,PROD0105,WH002,10-11-2026 17:51,Purchase,93,SUP007
INV0009635,PROD0184,WH001,10-11-2026 18:11,Purchase,93,SUP022
INV0009636,PROD0154,WH003,10-11-2026 19:43,Sale,4,
INV0009637,PROD0159,WH004,10-11-2026 21:04,Sale,47,
INV0009638,PROD0081,WH004,10-11-2026 21:51,Purchase,67,SUP022
INV0009639,PROD0025,WH003,11-11-2026 01:37,Adjustment,33,
INV0009640,PROD0112,WH003,11-11-2026 02:26,Sale,14,
INV0009641,PROD0112,WH001,11-11-2026 04:03,Purchase,22,SUP031
INV0009642,PROD0113,WH002,11-11-2026 06:14,Purchase,91,SUP003
INV0009643,PROD0192,WH003,11-11-2026 09:12,Purchase,32,SUP020
INV0009644,PROD0154,WH001,11-11-2026 11:18,Sale,8,
INV0009645,PROD0049,WH002,11-11-2026 17:36,Purchase,32,SUP035
INV0009646,PROD0156,WH001,11-11-2026 18:22,Purchase,30,SUP010
INV0009647,PROD0015,WH004,11-11-2026 22:43,Adjustment,82,
INV0009648,PROD0077,WH001,12-11-2026 00:05,Adjustment,3,
INV0009649,PROD0085,WH003,12-11-2026 07:52,Sale,42,
INV0009650,PROD0079,WH003,12-11-2026 20:38,Return,77,
INV0009651,PROD0028,WH001,12-11-2026 21:55,Purchase,33,SUP038
INV0009652,PROD0055,WH002,13-11-2026 02:19,Sale,40,
INV0009653,PROD0156,WH004,13-11-2026 08:13,Return,16,
INV0009654,PROD0004,WH003,13-11-2026 15:18,Return,84,
INV0009655,PROD0183,WH004,13-11-2026 19:11,Sale,63,
INV0009656,PROD0166,WH001,13-11-2026 22:09,Sale,61,
INV0009657,PROD0090,WH003,13-11-2026 22:16,Purchase,39,SUP022
INV0009658,PROD0040,WH003,13-11-2026 23:05,Sale,20,
INV0009659,PROD0200,WH004,14-11-2026 03:15,Sale,83,
INV0009660,PROD0192,WH003,14-11-2026 03:52,Sale,26,
INV0009661,PROD0039,WH002,14-11-2026 06:36,Purchase,15,SUP006
INV0009662,PROD0162,WH001,14-11-2026 08:40,Sale,27,
INV0009663,PROD0184,WH002,14-11-2026 09:23,Sale,59,
INV0009664,PROD0167,WH001,14-11-2026 17:06,Sale,38,
INV0009665,PROD0065,WH004,14-11-2026 23:04,Purchase,7,SUP021
INV0009666,PROD0124,WH001,14-11-2026 23:45,Purchase,1,SUP029
INV0009667,PROD0181,WH002,15-11-2026 00:11,Return,13,
INV0009668,PROD0123,WH001,15-11-2026 01:43,Purchase,94,SUP008
INV0009669,PROD0181,WH004,15-11-2026 03:36,Sale,99,
INV0009670,PROD0038,WH002,15-11-2026 06:03,Purchase,64,SUP028
INV0009671,PROD0070,WH004,15-11-2026 08:56,Purchase,70,SUP036
INV0009672,PROD0194,WH003,15-11-2026 08:58,Sale,82,
INV0009673,PROD0005,WH003,15-11-2026 12:35,Sale,53,
INV0009674,PROD0168,WH004,15-11-2026 17:03,Purchase,68,SUP039
INV0009675,PROD0061,WH004,15-11-2026 20:05,Purchase,11,SUP018
INV0009676,PROD0030,WH004,15-11-2026 23:05,Sale,8,
INV0009677,PROD0088,WH004,16-11-2026 04:38,Sale,2,
INV0009678,PROD0082,WH004,16-11-2026 20:39,Sale,87,
INV0009679,PROD0197,WH002,17-11-2026 00:34,Sale,26,
INV0009680,PROD0073,WH001,17-11-2026 02:57,Sale,16,
INV0009681,PROD0138,WH002,17-11-2026 04:26,Purchase,49,SUP034
INV0009682,PROD0064,WH001,17-11-2026 08:07,Purchase,7,SUP029
INV0009683,PROD0127,WH004,17-11-2026 10:48,Purchase,8,SUP029
INV0009684,PROD0157,WH003,17-11-2026 11:41,Purchase,12,SUP007
INV0009685,PROD0130,WH003,17-11-2026 12:41,Adjustment,36,
INV0009686,PROD0128,WH003,17-11-2026 13:40,Purchase,21,SUP002
INV0009687,PROD0080,WH002,17-11-2026 14:34,Sale,26,
INV0009688,PROD0146,WH004,17-11-2026 19:38,Sale,100,
INV0009689,PROD0138,WH001,18-11-2026 07:04,Sale,93,
INV0009690,PROD0063,WH004,18-11-2026 07:16,Sale,17,
INV0009691,PROD0056,WH002,18-11-2026 15:43,Sale,63,
INV0009692,PROD0011,WH002,19-11-2026 00:30,Purchase,24,SUP026
INV0009693,PROD0151,WH002,19-11-2026 07:58,Purchase,56,SUP024
INV0009694,PROD0004,WH004,19-11-2026 11:40,Purchase,37,SUP011
INV0009695,PROD0131,WH002,19-11-2026 15:33,Sale,49,
INV0009696,PROD0083,WH001,19-11-2026 17:52,Purchase,33,SUP020
INV0009697,PROD0150,WH004,19-11-2026 22:08,Adjustment,16,
INV0009698,PROD0019,WH004,20-11-2026 05:54,Purchase,7,SUP025
INV0009699,PROD0031,WH004,20-11-2026 08:11,Sale,38,
INV0009700,PROD0155,WH002,20-11-2026 08:12,Adjustment,31,
INV0009701,PROD0111,WH002,20-11-2026 14:56,Adjustment,62,
INV0009702,PROD0184,WH002,21-11-2026 00:16,Sale,34,
INV0009703,PROD0039,WH004,21-11-2026 02:39,Sale,85,
INV0009704,PROD0005,WH003,21-11-2026 06:07,Sale,46,
INV0009705,PROD0063,WH003,21-11-2026 07:03,Adjustment,96,
INV0009706,PROD0039,WH004,21-11-2026 10:55,Sale,49,
INV0009707,PROD0159,WH004,21-11-2026 11:14,Purchase,67,SUP002
INV0009708,PROD0116,WH001,21-11-2026 12:13,Purchase,60,SUP038
INV0009709,PROD0084,WH002,21-11-2026 13:01,Sale,76,
INV0009710,PROD0193,WH004,21-11-2026 18:40,Purchase,82,SUP023
INV0009711,PROD0010,WH002,21-11-2026 22:56,Purchase,52,SUP006
INV0009712,PROD0159,WH002,22-11-2026 11:20,Sale,60,
INV0009713,PROD0179,WH002,22-11-2026 12:05,Purchase,20,SUP036
INV0009714,PROD0001,WH003,22-11-2026 14:26,Purchase,41,SUP024
INV0009715,PROD0022,WH003,22-11-2026 21:57,Sale,69,
INV0009716,PROD0037,WH002,23-11-2026 01:50,Purchase,96,SUP029
INV0009717,PROD0100,WH002,23-11-2026 05:05,Adjustment,73,
INV0009718,PROD0084,WH001,23-11-2026 05:45,Adjustment,65,
INV0009719,PROD0096,WH002,23-11-2026 08:32,Adjustment,24,
INV0009720,PROD0156,WH002,23-11-2026 10:24,Purchase,50,SUP027
INV0009721,PROD0080,WH003,23-11-2026 13:02,Purchase,90,SUP022
INV0009722,PROD0200,WH001,23-11-2026 15:33,Purchase,32,SUP024
INV0009723,PROD0002,WH004,23-11-2026 16:50,Adjustment,51,
INV0009724,PROD0036,WH002,23-11-2026 19:35,Return,2,
INV0009725,PROD0051,WH003,23-11-2026 22:37,Purchase,69,SUP007
INV0009726,PROD0022,WH002,23-11-2026 23:34,Purchase,43,SUP010
INV0009727,PROD0032,WH003,24-11-2026 07:22,Purchase,53,SUP040
INV0009728,PROD0021,WH004,24-11-2026 10:20,Purchase,15,SUP034
INV0009729,PROD0033,WH001,24-11-2026 11:05,Purchase,58,SUP033
INV0009730,PROD0081,WH002,24-11-2026 18:51,Purchase,55,SUP031
INV0009731,PROD0026,WH001,24-11-2026 20:15,Sale,74,
INV0009732,PROD0098,WH004,25-11-2026 00:15,Sale,94,
INV0009733,PROD0165,WH002,25-11-2026 02:48,Purchase,23,SUP039
INV0009734,PROD0099,WH002,25-11-2026 13:12,Purchase,86,SUP001
INV0009735,PROD0021,WH001,25-11-2026 14:26,Sale,79,
INV0009736,PROD0106,WH003,25-11-2026 16:38,Sale,41,
INV0009737,PROD0067,WH001,25-11-2026 16:50,Purchase,35,SUP039
INV0009738,PROD0168,WH001,25-11-2026 18:59,Purchase,79,SUP011
INV0009739,PROD0116,WH004,25-11-2026 19:38,Adjustment,56,
INV0009740,PROD0052,WH003,25-11-2026 23:39,Purchase,48,SUP005
INV0009741,PROD0009,WH001,26-11-2026 08:54,Return,61,
INV0009742,PROD0087,WH002,26-11-2026 09:20,Sale,45,
INV0009743,PROD0106,WH004,27-11-2026 04:17,Sale,94,
INV0009744,PROD0013,WH002,27-11-2026 18:00,Purchase,71,SUP024
INV0009745,PROD0093,WH003,27-11-2026 18:58,Sale,18,
INV0009746,PROD0150,WH002,28-11-2026 01:46,Sale,72,
INV0009747,PROD0172,WH001,28-11-2026 05:16,Purchase,43,SUP007
INV0009748,PROD0145,WH001,28-11-2026 17:58,Sale,34,
INV0009749,PROD0024,WH001,28-11-2026 20:36,Sale,11,
INV0009750,PROD0055,WH004,28-11-2026 22:17,Sale,38,
INV0009751,PROD0012,WH001,28-11-2026 23:19,Purchase,43,SUP015
INV0009752,PROD0111,WH001,28-11-2026 23:29,Purchase,97,SUP003
INV0009753,PROD0030,WH001,29-11-2026 02:08,Purchase,73,SUP033
INV0009754,PROD0017,WH003,29-11-2026 06:26,Purchase,66,SUP001
INV0009755,PROD0096,WH004,29-11-2026 06:31,Return,32,
INV0009756,PROD0137,WH002,29-11-2026 07:38,Purchase,47,SUP018
INV0009757,PROD0021,WH004,29-11-2026 08:56,Purchase,64,SUP002
INV0009758,PROD0039,WH002,29-11-2026 10:24,Sale,59,
INV0009759,PROD0124,WH004,29-11-2026 17:25,Adjustment,75,
INV0009760,PROD0109,WH002,30-11-2026 10:40,Purchase,66,SUP037
INV0009761,PROD0159,WH002,30-11-2026 13:38,Adjustment,55,
INV0009762,PROD0014,WH004,30-11-2026 15:29,Adjustment,40,
INV0009763,PROD0112,WH001,30-11-2026 16:22,Purchase,84,SUP012
INV0009764,PROD0096,WH001,30-11-2026 23:44,Sale,10,
INV0009765,PROD0072,WH004,01-12-2026 02:49,Sale,7,
INV0009766,PROD0131,WH004,01-12-2026 04:27,Purchase,52,SUP011
INV0009767,PROD0090,WH002,01-12-2026 09:34,Adjustment,72,
INV0009768,PROD0189,WH003,01-12-2026 13:41,Sale,80,
INV0009769,PROD0049,WH001,01-12-2026 21:16,Sale,86,
INV0009770,PROD0157,WH001,01-12-2026 23:09,Sale,81,
INV0009771,PROD0171,WH002,02-12-2026 06:15,Purchase,76,SUP012
INV0009772,PROD0188,WH004,02-12-2026 11:27,Sale,88,
INV0009773,PROD0065,WH001,02-12-2026 13:50,Return,41,
INV0009774,PROD0077,WH004,02-12-2026 17:36,Sale,37,
INV0009775,PROD0172,WH001,02-12-2026 19:49,Sale,32,
INV0009776,PROD0142,WH004,03-12-2026 00:44,Sale,32,
INV0009777,PROD0194,WH003,03-12-2026 01:38,Sale,18,
INV0009778,PROD0068,WH004,03-12-2026 01:45,Purchase,21,SUP010
INV0009779,PROD0052,WH003,03-12-2026 09:18,Purchase,42,SUP025
INV0009780,PROD0135,WH004,03-12-2026 10:40,Sale,68,
INV0009781,PROD0172,WH003,03-12-2026 12:02,Adjustment,31,
INV0009782,PROD0185,WH001,03-12-2026 12:34,Sale,56,
INV0009783,PROD0168,WH001,03-12-2026 13:19,Purchase,65,SUP030
INV0009784,PROD0195,WH004,03-12-2026 23:06,Purchase,7,SUP030
INV0009785,PROD0123,WH001,04-12-2026 03:50,Purchase,20,SUP008
INV0009786,PROD0001,WH003,04-12-2026 04:25,Return,1,
INV0009787,PROD0167,WH001,04-12-2026 06:06,Purchase,1,SUP039
INV0009788,PROD0058,WH003,04-12-2026 06:19,Sale,9,
INV0009789,PROD0086,WH002,04-12-2026 08:07,Sale,78,
INV0009790,PROD0145,WH004,04-12-2026 13:24,Sale,94,
INV0009791,PROD0121,WH003,04-12-2026 15:12,Purchase,76,SUP020
INV0009792,PROD0131,WH002,05-12-2026 03:07,Purchase,1,SUP012
INV0009793,PROD0082,WH001,05-12-2026 08:24,Purchase,25,SUP034
INV0009794,PROD0054,WH002,05-12-2026 08:44,Purchase,78,SUP026
INV0009795,PROD0200,WH001,05-12-2026 08:50,Purchase,65,SUP021
INV0009796,PROD0137,WH003,05-12-2026 13:51,Sale,37,
INV0009797,PROD0107,WH003,05-12-2026 17:39,Purchase,80,SUP033
INV0009798,PROD0063,WH002,05-12-2026 17:58,Sale,9,
INV0009799,PROD0048,WH002,05-12-2026 19:23,Return,36,
INV0009800,PROD0129,WH003,06-12-2026 00:03,Sale,54,
INV0009801,PROD0135,WH002,06-12-2026 00:19,Adjustment,54,
INV0009802,PROD0158,WH002,06-12-2026 02:43,Sale,56,
INV0009803,PROD0152,WH001,06-12-2026 04:18,Sale,28,
INV0009804,PROD0105,WH004,06-12-2026 06:21,Purchase,93,SUP010
INV0009805,PROD0173,WH002,06-12-2026 08:52,Sale,29,
INV0009806,PROD0122,WH002,06-12-2026 17:17,Sale,58,
INV0009807,PROD0003,WH002,07-12-2026 00:26,Purchase,41,SUP019
INV0009808,PROD0023,WH004,07-12-2026 07:35,Sale,58,
INV0009809,PROD0150,WH004,07-12-2026 08:01,Sale,58,
INV0009810,PROD0178,WH004,07-12-2026 10:19,Adjustment,55,
INV0009811,PROD0107,WH003,07-12-2026 11:11,Purchase,75,SUP019
INV0009812,PROD0191,WH002,07-12-2026 12:03,Sale,69,
INV0009813,PROD0146,WH001,07-12-2026 18:23,Sale,33,
INV0009814,PROD0161,WH003,07-12-2026 22:37,Sale,80,
INV0009815,PROD0106,WH003,08-12-2026 01:41,Purchase,45,SUP005
INV0009816,PROD0138,WH003,08-12-2026 12:14,Purchase,10,SUP018
INV0009817,PROD0066,WH004,08-12-2026 15:15,Purchase,97,SUP002
INV0009818,PROD0184,WH004,08-12-2026 17:37,Purchase,14,SUP017
INV0009819,PROD0008,WH001,09-12-2026 13:29,Purchase,92,SUP031
INV0009820,PROD0005,WH002,09-12-2026 18:09,Return,7,
INV0009821,PROD0065,WH003,09-12-2026 23:28,Sale,12,
INV0009822,PROD0042,WH003,09-12-2026 23:30,Sale,96,
INV0009823,PROD0132,WH002,10-12-2026 01:43,Purchase,75,SUP032
INV0009824,PROD0145,WH003,10-12-2026 02:23,Adjustment,59,
INV0009825,PROD0002,WH003,10-12-2026 05:10,Sale,62,
INV0009826,PROD0043,WH003,10-12-2026 07:36,Adjustment,98,
INV0009827,PROD0185,WH001,10-12-2026 07:57,Sale,63,
INV0009828,PROD0129,WH002,10-12-2026 14:37,Sale,16,
INV0009829,PROD0080,WH001,10-12-2026 16:12,Sale,64,
INV0009830,PROD0077,WH002,10-12-2026 19:18,Sale,74,
INV0009831,PROD0013,WH003,10-12-2026 21:09,Purchase,44,SUP035
INV0009832,PROD0087,WH002,10-12-2026 23:09,Purchase,32,SUP011
INV0009833,PROD0177,WH002,10-12-2026 23:53,Purchase,83,SUP040
INV0009834,PROD0109,WH002,11-12-2026 00:48,Sale,19,
INV0009835,PROD0037,WH003,11-12-2026 08:06,Purchase,66,SUP034
INV0009836,PROD0196,WH003,11-12-2026 08:38,Return,81,
INV0009837,PROD0012,WH003,11-12-2026 09:29,Sale,72,
INV0009838,PROD0004,WH001,11-12-2026 12:13,Sale,17,
INV0009839,PROD0016,WH004,11-12-2026 12:35,Sale,83,
INV0009840,PROD0021,WH004,11-12-2026 13:21,Return,60,
INV0009841,PROD0106,WH004,11-12-2026 18:57,Adjustment,44,
INV0009842,PROD0166,WH001,11-12-2026 19:53,Sale,19,
INV0009843,PROD0058,WH004,12-12-2026 01:28,Return,12,
INV0009844,PROD0134,WH003,12-12-2026 03:15,Sale,34,
INV0009845,PROD0169,WH003,12-12-2026 04:42,Sale,11,
INV0009846,PROD0124,WH001,12-12-2026 08:21,Purchase,9,SUP024
INV0009847,PROD0110,WH004,12-12-2026 08:47,Sale,65,
INV0009848,PROD0011,WH004,12-12-2026 09:22,Purchase,94,SUP007
INV0009849,PROD0056,WH004,12-12-2026 11:42,Sale,50,
INV0009850,PROD0181,WH003,12-12-2026 13:55,Purchase,98,SUP038
INV0009851,PROD0117,WH002,12-12-2026 18:15,Purchase,81,SUP014
INV0009852,PROD0092,WH002,12-12-2026 18:41,Sale,16,
INV0009853,PROD0189,WH001,13-12-2026 07:21,Purchase,5,SUP040
INV0009854,PROD0133,WH002,13-12-2026 09:00,Adjustment,36,
INV0009855,PROD0173,WH004,13-12-2026 09:51,Purchase,6,SUP035
INV0009856,PROD0026,WH004,13-12-2026 10:58,Purchase,13,SUP039
INV0009857,PROD0028,WH001,13-12-2026 15:35,Adjustment,77,
INV0009858,PROD0177,WH001,13-12-2026 16:05,Return,12,
INV0009859,PROD0175,WH002,13-12-2026 18:56,Purchase,100,SUP039
INV0009860,PROD0064,WH002,14-12-2026 01:02,Return,23,
INV0009861,PROD0074,WH004,14-12-2026 04:03,Return,85,
INV0009862,PROD0050,WH003,14-12-2026 05:35,Sale,8,
INV0009863,PROD0077,WH001,14-12-2026 12:13,Return,42,
INV0009864,PROD0005,WH001,14-12-2026 20:25,Sale,14,
INV0009865,PROD0101,WH001,14-12-2026 22:24,Purchase,88,SUP039
INV0009866,PROD0151,WH001,14-12-2026 23:14,Purchase,7,SUP029
INV0009867,PROD0154,WH004,15-12-2026 01:07,Purchase,4,SUP023
INV0009868,PROD0104,WH001,15-12-2026 04:54,Purchase,99,SUP001
INV0009869,PROD0085,WH002,15-12-2026 06:10,Sale,74,
INV0009870,PROD0026,WH004,15-12-2026 08:52,Purchase,82,SUP007
INV0009871,PROD0133,WH003,15-12-2026 09:20,Sale,18,
INV0009872,PROD0092,WH001,15-12-2026 09:38,Sale,55,
INV0009873,PROD0035,WH002,15-12-2026 09:52,Sale,29,
INV0009874,PROD0099,WH001,15-12-2026 16:09,Sale,3,
INV0009875,PROD0060,WH002,15-12-2026 20:36,Sale,35,
INV0009876,PROD0017,WH003,16-12-2026 00:15,Sale,59,
INV0009877,PROD0190,WH004,16-12-2026 02:59,Sale,18,
INV0009878,PROD0171,WH004,16-12-2026 03:32,Purchase,89,SUP039
INV0009879,PROD0085,WH004,16-12-2026 05:49,Sale,51,
INV0009880,PROD0182,WH003,16-12-2026 13:36,Sale,99,
INV0009881,PROD0146,WH002,16-12-2026 13:51,Adjustment,43,
INV0009882,PROD0082,WH002,16-12-2026 15:12,Purchase,33,SUP040
INV0009883,PROD0016,WH003,16-12-2026 15:18,Purchase,54,SUP001
INV0009884,PROD0198,WH001,16-12-2026 18:46,Adjustment,23,
INV0009885,PROD0007,WH003,16-12-2026 23:00,Purchase,37,SUP016
INV0009886,PROD0186,WH001,17-12-2026 02:43,Sale,15,
INV0009887,PROD0011,WH002,17-12-2026 03:15,Adjustment,10,
INV0009888,PROD0165,WH004,17-12-2026 04:13,Sale,99,
INV0009889,PROD0141,WH004,17-12-2026 07:14,Purchase,81,SUP030
INV0009890,PROD0154,WH002,17-12-2026 13:28,Purchase,76,SUP032
INV0009891,PROD0012,WH004,17-12-2026 17:15,Purchase,81,SUP009
INV0009892,PROD0183,WH002,17-12-2026 20:07,Sale,72,
INV0009893,PROD0121,WH001,17-12-2026 21:31,Adjustment,73,
INV0009894,PROD0172,WH004,18-12-2026 00:06,Purchase,17,SUP024
INV0009895,PROD0051,WH002,18-12-2026 01:41,Sale,66,
INV0009896,PROD0098,WH002,18-12-2026 16:57,Sale,49,
INV0009897,PROD0029,WH001,18-12-2026 19:29,Return,48,
INV0009898,PROD0137,WH001,18-12-2026 22:46,Return,79,
INV0009899,PROD0139,WH001,18-12-2026 23:01,Sale,75,
INV0009900,PROD0024,WH002,19-12-2026 04:13,Purchase,58,SUP036
INV0009901,PROD0109,WH003,19-12-2026 05:20,Purchase,87,SUP027
INV0009902,PROD0122,WH003,19-12-2026 05:36,Sale,1,
INV0009903,PROD0179,WH002,19-12-2026 12:43,Purchase,76,SUP039
INV0009904,PROD0022,WH001,19-12-2026 12:44,Sale,85,
INV0009905,PROD0146,WH002,19-12-2026 16:43,Purchase,26,SUP039
INV0009906,PROD0124,WH004,19-12-2026 18:09,Purchase,38,SUP004
INV0009907,PROD0065,WH002,19-12-2026 18:26,Sale,21,
INV0009908,PROD0039,WH001,19-12-2026 19:58,Sale,26,
INV0009909,PROD0026,WH003,19-12-2026 22:31,Purchase,57,SUP006
INV0009910,PROD0021,WH002,19-12-2026 23:51,Adjustment,71,
INV0009911,PROD0128,WH002,20-12-2026 00:51,Sale,40,
INV0009912,PROD0144,WH002,20-12-2026 01:05,Sale,45,
INV0009913,PROD0070,WH003,20-12-2026 01:18,Sale,35,
INV0009914,PROD0186,WH004,20-12-2026 02:09,Purchase,11,SUP011
INV0009915,PROD0034,WH004,20-12-2026 08:17,Return,94,
INV0009916,PROD0029,WH003,20-12-2026 16:20,Sale,29,
INV0009917,PROD0115,WH001,20-12-2026 17:55,Purchase,74,SUP011
INV0009918,PROD0147,WH003,20-12-2026 21:54,Purchase,83,SUP015
INV0009919,PROD0133,WH001,20-12-2026 22:31,Adjustment,51,
INV0009920,PROD0197,WH004,21-12-2026 00:16,Adjustment,46,
INV0009921,PROD0058,WH003,21-12-2026 00:52,Sale,35,
INV0009922,PROD0075,WH001,21-12-2026 02:43,Sale,77,
INV0009923,PROD0145,WH002,21-12-2026 02:53,Sale,27,
INV0009924,PROD0051,WH002,21-12-2026 03:23,Sale,16,
INV0009925,PROD0014,WH004,21-12-2026 04:26,Return,100,
INV0009926,PROD0146,WH003,21-12-2026 05:39,Sale,55,
INV0009927,PROD0146,WH001,21-12-2026 08:06,Purchase,30,SUP007
INV0009928,PROD0041,WH003,21-12-2026 08:24,Purchase,2,SUP022
INV0009929,PROD0022,WH002,21-12-2026 16:12,Sale,85,
INV0009930,PROD0018,WH004,21-12-2026 17:23,Adjustment,21,
INV0009931,PROD0139,WH001,21-12-2026 18:00,Sale,14,
INV0009932,PROD0013,WH004,21-12-2026 18:35,Sale,10,
INV0009933,PROD0088,WH001,21-12-2026 18:53,Sale,77,
INV0009934,PROD0004,WH003,21-12-2026 20:14,Sale,85,
INV0009935,PROD0031,WH001,22-12-2026 00:18,Sale,50,
INV0009936,PROD0176,WH002,22-12-2026 01:17,Adjustment,67,
INV0009937,PROD0005,WH002,22-12-2026 03:42,Sale,46,
INV0009938,PROD0181,WH003,22-12-2026 12:38,Sale,34,
INV0009939,PROD0170,WH002,22-12-2026 17:30,Sale,81,
INV0009940,PROD0132,WH004,22-12-2026 20:55,Return,99,
INV0009941,PROD0176,WH002,22-12-2026 22:05,Sale,6,
INV0009942,PROD0159,WH004,23-12-2026 01:38,Purchase,61,SUP009
INV0009943,PROD0075,WH002,23-12-2026 01:46,Purchase,1,SUP004
INV0009944,PROD0092,WH003,23-12-2026 05:24,Return,10,
INV0009945,PROD0132,WH001,23-12-2026 06:37,Sale,11,
INV0009946,PROD0164,WH002,23-12-2026 15:28,Adjustment,36,
INV0009947,PROD0174,WH003,23-12-2026 15:49,Purchase,5,SUP027
INV0009948,PROD0058,WH002,23-12-2026 18:16,Sale,22,
INV0009949,PROD0018,WH002,24-12-2026 04:12,Sale,94,
INV0009950,PROD0102,WH002,24-12-2026 04:21,Purchase,31,SUP009
INV0009951,PROD0102,WH003,24-12-2026 05:55,Purchase,12,SUP033
INV0009952,PROD0176,WH002,24-12-2026 09:10,Purchase,40,SUP007
INV0009953,PROD0085,WH004,24-12-2026 12:27,Sale,79,
INV0009954,PROD0064,WH003,24-12-2026 14:07,Return,73,
INV0009955,PROD0044,WH004,24-12-2026 16:50,Adjustment,76,
INV0009956,PROD0016,WH001,24-12-2026 17:20,Sale,19,
INV0009957,PROD0051,WH004,24-12-2026 17:49,Adjustment,1,
INV0009958,PROD0075,WH002,24-12-2026 19:46,Return,27,
INV0009959,PROD0184,WH002,25-12-2026 08:46,Purchase,28,SUP018
INV0009960,PROD0153,WH004,25-12-2026 10:09,Purchase,87,SUP027
INV0009961,PROD0139,WH001,25-12-2026 12:30,Return,81,
INV0009962,PROD0005,WH004,25-12-2026 13:25,Sale,84,
INV0009963,PROD0125,WH003,25-12-2026 16:20,Sale,66,
INV0009964,PROD0016,WH003,25-12-2026 17:50,Sale,63,
INV0009965,PROD0130,WH004,25-12-2026 20:18,Purchase,78,SUP015
INV0009966,PROD0082,WH003,25-12-2026 21:04,Sale,90,
INV0009967,PROD0083,WH004,25-12-2026 21:15,Purchase,83,SUP038
INV0009968,PROD0075,WH002,26-12-2026 01:05,Sale,29,
INV0009969,PROD0158,WH002,26-12-2026 02:55,Purchase,4,SUP017
INV0009970,PROD0007,WH001,26-12-2026 13:30,Sale,55,
INV0009971,PROD0150,WH004,26-12-2026 17:43,Purchase,68,SUP011
INV0009972,PROD0058,WH004,26-12-2026 21:39,Sale,5,
INV0009973,PROD0088,WH001,27-12-2026 00:48,Sale,4,
INV0009974,PROD0135,WH004,27-12-2026 13:46,Sale,89,
INV0009975,PROD0030,WH001,27-12-2026 16:04,Sale,93,
INV0009976,PROD0032,WH004,27-12-2026 16:45,Sale,77,
INV0009977,PROD0020,WH004,28-12-2026 10:49,Adjustment,43,
INV0009978,PROD0045,WH004,28-12-2026 12:04,Purchase,7,SUP030
INV0009979,PROD0159,WH004,28-12-2026 12:32,Purchase,32,SUP021
INV0009980,PROD0026,WH004,28-12-2026 18:45,Purchase,92,SUP021
INV0009981,PROD0141,WH003,28-12-2026 23:44,Sale,18,
INV0009982,PROD0104,WH001,29-12-2026 02:04,Sale,45,
INV0009983,PROD0090,WH002,29-12-2026 03:32,Return,68,
INV0009984,PROD0163,WH001,29-12-2026 08:05,Adjustment,94,
INV0009985,PROD0028,WH001,29-12-2026 15:12,Purchase,82,SUP023
INV0009986,PROD0009,WH002,29-12-2026 16:19,Adjustment,14,
INV0009987,PROD0155,WH001,29-12-2026 17:12,Purchase,11,SUP001
INV0009988,PROD0026,WH001,29-12-2026 17:20,Purchase,52,SUP032
INV0009989,PROD0072,WH001,29-12-2026 17:35,Sale,99,
INV0009990,PROD0141,WH004,29-12-2026 18:36,Purchase,41,SUP034
INV0009991,PROD0156,WH002,29-12-2026 20:13,Sale,9,
INV0009992,PROD0139,WH004,30-12-2026 00:38,Return,97,
INV0009993,PROD0140,WH002,30-12-2026 02:47,Sale,79,
INV0009994,PROD0076,WH003,30-12-2026 09:07,Return,48,
INV0009995,PROD0187,WH002,30-12-2026 11:37,Purchase,7,SUP028
INV0009996,PROD0046,WH003,30-12-2026 11:47,Purchase,25,SUP031
INV0009997,PROD0014,WH004,30-12-2026 11:51,Sale,21,
INV0009998,PROD0170,WH002,30-12-2026 16:31,Adjustment,12,
INV0009999,PROD0129,WH001,30-12-2026 17:39,Sale,16,
INV0010000,PROD0106,WH002,30-12-2026 22:19,Sale,32,
