Order_ID,Customer_ID,Employee_ID,Order_Date,Required_Date,Order_Status,Payment_Status,Shipping_City,Ship_Date
ORD000001,CUST0142,EMP019,01-01-2023 11:01,30-01-2023 11:01,Delivered,Paid,Jaipur,27-01-2023 11:01
ORD000002,CUST0058,EMP003,01-01-2023 14:32,17-01-2023 14:32,Delivered,Paid,Vadodara,14-01-2023 14:32
ORD000003,CUST0116,EMP026,01-01-2023 14:36,21-01-2023 14:36,Delivered,Paid,Vadodara,16-01-2023 14:36
ORD000004,CUST0198,EMP034,01-01-2023 22:30,15-01-2023 22:30,Dispatched,Paid,Gurugram,15-01-2023 22:30
ORD000005,CUST0065,EMP019,02-01-2023 04:53,13-01-2023 04:53,Cancelled,Paid,Bengaluru,
ORD000006,CUST0234,EMP014,02-01-2023 08:27,25-01-2023 08:27,Dispatched,Paid,Bengaluru,19-01-2023 08:27
ORD000007,CUST0464,EMP026,02-01-2023 10:41,16-01-2023 10:41,Dispatched,Paid,Pune,16-01-2023 10:41
ORD000008,CUST0069,EMP030,02-01-2023 10:46,23-01-2023 10:46,Delivered,Paid,Faridabad,19-01-2023 10:46
ORD000009,CUST0464,EMP026,02-01-2023 12:51,23-01-2023 12:51,Delivered,Pending,Pune,22-01-2023 12:51
ORD000010,CUST0206,EMP038,02-01-2023 23:18,29-01-2023 23:18,Dispatched,Pending,Kolkata,23-01-2023 23:18
ORD000011,CUST0297,EMP017,03-01-2023 09:08,01-02-2023 09:08,In Production,Paid,Bengaluru,
ORD000012,CUST0221,EMP030,03-01-2023 18:12,23-01-2023 18:12,Order Confirmed,Partially Paid,Surat,
ORD000013,CUST0159,EMP038,03-01-2023 19:37,11-01-2023 19:37,Delivered,Overdue,Mumbai,07-01-2023 19:37
ORD000014,CUST0055,EMP014,04-01-2023 06:19,24-01-2023 06:19,In Production,Paid,Gurugram,
ORD000015,CUST0297,EMP014,04-01-2023 11:38,01-02-2023 11:38,Quotation,Paid,Bengaluru,
ORD000016,CUST0459,EMP003,04-01-2023 12:29,22-01-2023 12:29,Quotation,Paid,Kolkata,
ORD000017,CUST0261,EMP017,04-01-2023 12:33,24-01-2023 12:33,On Hold,Paid,Surat,
ORD000018,CUST0300,EMP003,04-01-2023 14:49,29-01-2023 14:49,Delivered,Pending,Ludhiana,23-01-2023 14:49
ORD000019,CUST0322,EMP034,04-01-2023 22:51,21-01-2023 22:51,Dispatched,Pending,Gurugram,15-01-2023 22:51
ORD000020,CUST0195,EMP003,05-01-2023 06:51,21-01-2023 06:51,Cancelled,Paid,Pune,
ORD000021,CUST0061,EMP030,05-01-2023 11:15,23-01-2023 11:15,In Production,Paid,Mumbai,
ORD000022,CUST0254,EMP026,05-01-2023 16:23,01-02-2023 16:23,Delivered,Pending,Hyderabad,31-01-2023 16:23
ORD000023,CUST0435,EMP044,06-01-2023 06:42,24-01-2023 06:42,Delivered,Paid,Pune,23-01-2023 06:42
ORD000024,CUST0158,EMP017,06-01-2023 07:18,20-01-2023 07:18,Dispatched,Paid,Surat,20-01-2023 07:18
ORD000025,CUST0436,EMP017,06-01-2023 10:32,27-01-2023 10:32,Delivered,Paid,Delhi,22-01-2023 10:32
ORD000026,CUST0428,EMP014,06-01-2023 18:15,29-01-2023 18:15,On Hold,Pending,Vadodara,
ORD000027,CUST0123,EMP026,06-01-2023 20:16,03-02-2023 20:16,Order Confirmed,Partially Paid,Faridabad,
ORD000028,CUST0288,EMP014,07-01-2023 03:14,04-02-2023 03:14,Quotation,Partially Paid,Faridabad,
ORD000029,CUST0374,EMP011,07-01-2023 06:04,01-02-2023 06:04,Delivered,Partially Paid,Bengaluru,01-02-2023 06:04
ORD000030,CUST0248,EMP044,07-01-2023 08:54,01-02-2023 08:54,In Production,Paid,Pune,
ORD000031,CUST0350,EMP030,07-01-2023 10:12,24-01-2023 10:12,Delivered,Paid,Bengaluru,23-01-2023 10:12
ORD000032,CUST0456,EMP011,07-01-2023 11:08,22-01-2023 11:08,Order Confirmed,Pending,Jaipur,
ORD000033,CUST0314,EMP030,07-01-2023 11:53,27-01-2023 11:53,Delivered,Pending,Mumbai,21-01-2023 11:53
ORD000034,CUST0419,EMP017,07-01-2023 11:55,30-01-2023 11:55,Delivered,Paid,Ludhiana,26-01-2023 11:55
ORD000035,CUST0401,EMP011,07-01-2023 16:03,26-01-2023 16:03,Cancelled,Paid,Vadodara,
ORD000036,CUST0407,EMP019,07-01-2023 19:39,18-01-2023 19:39,Dispatched,Overdue,Surat,15-01-2023 19:39
ORD000037,CUST0427,EMP034,08-01-2023 06:40,15-01-2023 06:40,On Hold,Paid,Surat,
ORD000038,CUST0113,EMP003,08-01-2023 10:30,16-01-2023 10:30,Dispatched,Paid,Bengaluru,16-01-2023 10:30
ORD000039,CUST0010,EMP017,08-01-2023 14:39,25-01-2023 14:39,Delivered,Paid,Ahmedabad,20-01-2023 14:39
ORD000040,CUST0077,EMP044,08-01-2023 21:54,02-02-2023 21:54,Delivered,Paid,Kolkata,28-01-2023 21:54
ORD000041,CUST0125,EMP017,09-01-2023 04:12,03-02-2023 04:12,Dispatched,Paid,Chennai,03-02-2023 04:12
ORD000042,CUST0346,EMP003,09-01-2023 06:18,04-02-2023 06:18,Delivered,Paid,Ludhiana,30-01-2023 06:18
ORD000043,CUST0255,EMP019,09-01-2023 10:31,02-02-2023 10:31,Order Confirmed,Paid,Noida,
ORD000044,CUST0235,EMP030,09-01-2023 12:59,16-01-2023 12:59,In Production,Paid,Ahmedabad,
ORD000045,CUST0005,EMP044,09-01-2023 13:53,06-02-2023 13:53,Delivered,Paid,Surat,04-02-2023 13:53
ORD000046,CUST0342,EMP030,09-01-2023 14:02,07-02-2023 14:02,Quotation,Paid,Delhi,
ORD000047,CUST0183,EMP003,09-01-2023 19:34,05-02-2023 19:34,Delivered,Paid,Pune,01-02-2023 19:34
ORD000048,CUST0381,EMP038,09-01-2023 20:16,26-01-2023 20:16,In Production,Paid,Kolkata,
ORD000049,CUST0057,EMP034,09-01-2023 21:24,21-01-2023 21:24,In Production,Pending,Ludhiana,
ORD000050,CUST0148,EMP030,09-01-2023 23:15,06-02-2023 23:15,Delivered,Overdue,Vadodara,04-02-2023 23:15
ORD000051,CUST0028,EMP038,10-01-2023 05:36,21-01-2023 05:36,Order Confirmed,Paid,Gurugram,
ORD000052,CUST0143,EMP034,10-01-2023 15:59,04-02-2023 15:59,On Hold,Partially Paid,Jaipur,
ORD000053,CUST0462,EMP014,10-01-2023 19:19,09-02-2023 19:19,On Hold,Pending,Noida,
ORD000054,CUST0246,EMP019,11-01-2023 01:00,08-02-2023 01:00,Dispatched,Paid,Gurugram,08-02-2023 01:00
ORD000055,CUST0220,EMP026,11-01-2023 08:16,30-01-2023 08:16,In Production,Pending,Noida,
ORD000056,CUST0137,EMP019,11-01-2023 08:50,07-02-2023 08:50,Quotation,Paid,Vadodara,
ORD000057,CUST0133,EMP030,11-01-2023 17:28,06-02-2023 17:28,Delivered,Paid,Ahmedabad,01-02-2023 17:28
ORD000058,CUST0334,EMP034,11-01-2023 19:50,10-02-2023 19:50,Order Confirmed,Paid,Chennai,
ORD000059,CUST0493,EMP011,11-01-2023 21:16,26-01-2023 21:16,Cancelled,Paid,Ahmedabad,
ORD000060,CUST0374,EMP026,11-01-2023 22:12,02-02-2023 22:12,On Hold,Pending,Bengaluru,
ORD000061,CUST0369,EMP003,12-01-2023 14:10,07-02-2023 14:10,Order Confirmed,Partially Paid,Jaipur,
ORD000062,CUST0237,EMP026,12-01-2023 18:16,24-01-2023 18:16,Delivered,Paid,Bengaluru,19-01-2023 18:16
ORD000063,CUST0050,EMP019,14-01-2023 01:12,26-01-2023 01:12,Dispatched,Paid,Vadodara,22-01-2023 01:12
ORD000064,CUST0362,EMP014,14-01-2023 01:55,30-01-2023 01:55,Delivered,Overdue,Chennai,29-01-2023 01:55
ORD000065,CUST0405,EMP044,14-01-2023 11:43,29-01-2023 11:43,Order Confirmed,Pending,Vadodara,
ORD000066,CUST0256,EMP014,14-01-2023 14:58,08-02-2023 14:58,Delivered,Partially Paid,Pune,05-02-2023 14:58
ORD000067,CUST0046,EMP003,14-01-2023 15:05,12-02-2023 15:05,Order Confirmed,Paid,Mumbai,
ORD000068,CUST0357,EMP017,14-01-2023 18:37,24-01-2023 18:37,Delivered,Paid,Noida,21-01-2023 18:37
ORD000069,CUST0461,EMP034,14-01-2023 23:05,28-01-2023 23:05,Dispatched,Paid,Delhi,23-01-2023 23:05
ORD000070,CUST0113,EMP003,15-01-2023 01:09,13-02-2023 01:09,Delivered,Pending,Bengaluru,08-02-2023 01:09
ORD000071,CUST0080,EMP019,15-01-2023 17:47,05-02-2023 17:47,Cancelled,Pending,Kolkata,
ORD000072,CUST0370,EMP019,15-01-2023 17:50,26-01-2023 17:50,Delivered,Pending,Faridabad,20-01-2023 17:50
ORD000073,CUST0166,EMP038,15-01-2023 18:55,05-02-2023 18:55,Delivered,Paid,Hyderabad,01-02-2023 18:55
ORD000074,CUST0358,EMP003,15-01-2023 19:13,12-02-2023 19:13,In Production,Overdue,Delhi,
ORD000075,CUST0352,EMP003,16-01-2023 04:20,31-01-2023 04:20,Dispatched,Overdue,Ludhiana,25-01-2023 04:20
ORD000076,CUST0134,EMP026,16-01-2023 16:48,03-02-2023 16:48,In Production,Partially Paid,Ludhiana,
ORD000077,CUST0022,EMP011,17-01-2023 07:59,07-02-2023 07:59,Cancelled,Pending,Ludhiana,
ORD000078,CUST0278,EMP034,17-01-2023 15:44,13-02-2023 15:44,Order Confirmed,Paid,Ludhiana,
ORD000079,CUST0204,EMP014,17-01-2023 16:02,06-02-2023 16:02,In Production,Paid,Hyderabad,
ORD000080,CUST0428,EMP026,18-01-2023 03:55,16-02-2023 03:55,Delivered,Paid,Vadodara,11-02-2023 03:55
ORD000081,CUST0179,EMP003,18-01-2023 05:47,12-02-2023 05:47,In Production,Paid,Hyderabad,
ORD000082,CUST0125,EMP030,18-01-2023 14:11,04-02-2023 14:11,Delivered,Paid,Chennai,03-02-2023 14:11
ORD000083,CUST0431,EMP026,18-01-2023 17:25,05-02-2023 17:25,Order Confirmed,Partially Paid,Ludhiana,
ORD000084,CUST0368,EMP003,18-01-2023 20:01,10-02-2023 20:01,Quotation,Paid,Pune,
ORD000085,CUST0310,EMP014,18-01-2023 21:28,26-01-2023 21:28,Delivered,Paid,Hyderabad,22-01-2023 21:28
ORD000086,CUST0477,EMP003,19-01-2023 04:47,31-01-2023 04:47,Dispatched,Paid,Jaipur,31-01-2023 04:47
ORD000087,CUST0392,EMP003,19-01-2023 09:25,31-01-2023 09:25,Cancelled,Partially Paid,Kolkata,
ORD000088,CUST0434,EMP030,19-01-2023 12:17,14-02-2023 12:17,Dispatched,Overdue,Ludhiana,09-02-2023 12:17
ORD000089,CUST0400,EMP019,19-01-2023 18:07,14-02-2023 18:07,Order Confirmed,Paid,Mumbai,
ORD000090,CUST0201,EMP038,19-01-2023 23:17,14-02-2023 23:17,In Production,Pending,Delhi,
ORD000091,CUST0032,EMP014,20-01-2023 11:26,29-01-2023 11:26,In Production,Overdue,Jaipur,
ORD000092,CUST0304,EMP034,20-01-2023 13:46,03-02-2023 13:46,Delivered,Partially Paid,Faridabad,02-02-2023 13:46
ORD000093,CUST0383,EMP030,21-01-2023 09:36,04-02-2023 09:36,In Production,Partially Paid,Surat,
ORD000094,CUST0496,EMP030,21-01-2023 13:52,28-01-2023 13:52,Delivered,Paid,Delhi,26-01-2023 13:52
ORD000095,CUST0341,EMP038,21-01-2023 14:59,03-02-2023 14:59,Cancelled,Overdue,Mumbai,
ORD000096,CUST0285,EMP034,21-01-2023 20:20,07-02-2023 20:20,Dispatched,Paid,Jaipur,03-02-2023 20:20
ORD000097,CUST0288,EMP034,22-01-2023 01:26,19-02-2023 01:26,Delivered,Pending,Faridabad,17-02-2023 01:26
ORD000098,CUST0058,EMP034,22-01-2023 01:47,02-02-2023 01:47,Order Confirmed,Paid,Vadodara,
ORD000099,CUST0004,EMP019,22-01-2023 03:54,18-02-2023 03:54,Delivered,Paid,Ahmedabad,14-02-2023 03:54
ORD000100,CUST0023,EMP034,22-01-2023 12:17,17-02-2023 12:17,In Production,Partially Paid,Ludhiana,
ORD000101,CUST0453,EMP038,22-01-2023 19:08,01-02-2023 19:08,Delivered,Pending,Bengaluru,29-01-2023 19:08
ORD000102,CUST0396,EMP034,23-01-2023 04:15,05-02-2023 04:15,In Production,Pending,Vadodara,
ORD000103,CUST0131,EMP030,23-01-2023 10:10,09-02-2023 10:10,Quotation,Overdue,Delhi,
ORD000104,CUST0212,EMP003,23-01-2023 10:33,21-02-2023 10:33,In Production,Partially Paid,Bengaluru,
ORD000105,CUST0242,EMP019,23-01-2023 10:53,17-02-2023 10:53,Order Confirmed,Paid,Jaipur,
ORD000106,CUST0124,EMP003,23-01-2023 11:29,22-02-2023 11:29,Delivered,Overdue,Ahmedabad,18-02-2023 11:29
ORD000107,CUST0212,EMP011,23-01-2023 13:09,06-02-2023 13:09,In Production,Paid,Bengaluru,
ORD000108,CUST0174,EMP017,23-01-2023 17:56,20-02-2023 17:56,On Hold,Paid,Noida,
ORD000109,CUST0348,EMP019,24-01-2023 05:21,22-02-2023 05:21,Dispatched,Paid,Gurugram,18-02-2023 05:21
ORD000110,CUST0379,EMP026,24-01-2023 05:42,14-02-2023 05:42,Order Confirmed,Paid,Bengaluru,
ORD000111,CUST0050,EMP044,24-01-2023 08:11,03-02-2023 08:11,In Production,Partially Paid,Vadodara,
ORD000112,CUST0233,EMP034,24-01-2023 08:40,06-02-2023 08:40,Order Confirmed,Pending,Pune,
ORD000113,CUST0496,EMP019,24-01-2023 10:21,03-02-2023 10:21,Delivered,Paid,Delhi,02-02-2023 10:21
ORD000114,CUST0435,EMP017,24-01-2023 12:16,19-02-2023 12:16,Order Confirmed,Pending,Pune,
ORD000115,CUST0397,EMP034,24-01-2023 17:10,07-02-2023 17:10,Delivered,Paid,Jaipur,03-02-2023 17:10
ORD000116,CUST0368,EMP014,24-01-2023 17:38,16-02-2023 17:38,Quotation,Overdue,Pune,
ORD000117,CUST0003,EMP038,25-01-2023 01:51,07-02-2023 01:51,In Production,Paid,Gurugram,
ORD000118,CUST0488,EMP034,25-01-2023 12:21,24-02-2023 12:21,Order Confirmed,Paid,Delhi,
ORD000119,CUST0368,EMP030,25-01-2023 13:34,19-02-2023 13:34,Delivered,Partially Paid,Pune,13-02-2023 13:34
ORD000120,CUST0445,EMP014,25-01-2023 14:06,10-02-2023 14:06,Dispatched,Paid,Ahmedabad,07-02-2023 14:06
ORD000121,CUST0455,EMP030,25-01-2023 20:33,12-02-2023 20:33,Cancelled,Paid,Gurugram,
ORD000122,CUST0128,EMP038,26-01-2023 13:57,03-02-2023 13:57,In Production,Paid,Mumbai,
ORD000123,CUST0007,EMP003,26-01-2023 20:02,05-02-2023 20:02,Quotation,Paid,Gurugram,
ORD000124,CUST0330,EMP011,26-01-2023 20:34,25-02-2023 20:34,Delivered,Paid,Ahmedabad,21-02-2023 20:34
ORD000125,CUST0230,EMP026,27-01-2023 02:00,22-02-2023 02:00,Delivered,Partially Paid,Bengaluru,18-02-2023 02:00
ORD000126,CUST0011,EMP017,27-01-2023 02:25,23-02-2023 02:25,Delivered,Paid,Kolkata,23-02-2023 02:25
ORD000127,CUST0136,EMP034,27-01-2023 06:57,18-02-2023 06:57,Dispatched,Partially Paid,Pune,17-02-2023 06:57
ORD000128,CUST0496,EMP019,27-01-2023 14:49,08-02-2023 14:49,Delivered,Paid,Delhi,05-02-2023 14:49
ORD000129,CUST0182,EMP044,28-01-2023 02:48,06-02-2023 02:48,Order Confirmed,Paid,Mumbai,
ORD000130,CUST0131,EMP014,28-01-2023 05:57,21-02-2023 05:57,On Hold,Partially Paid,Delhi,
ORD000131,CUST0328,EMP017,28-01-2023 09:01,11-02-2023 09:01,Order Confirmed,Pending,Ludhiana,
ORD000132,CUST0333,EMP003,28-01-2023 12:33,04-02-2023 12:33,Delivered,Partially Paid,Pune,02-02-2023 12:33
ORD000133,CUST0167,EMP014,28-01-2023 23:57,04-02-2023 23:57,Order Confirmed,Partially Paid,Chennai,
ORD000134,CUST0425,EMP014,29-01-2023 07:59,18-02-2023 07:59,Delivered,Overdue,Pune,14-02-2023 07:59
ORD000135,CUST0291,EMP034,29-01-2023 08:34,25-02-2023 08:34,Delivered,Overdue,Pune,19-02-2023 08:34
ORD000136,CUST0081,EMP017,29-01-2023 18:57,13-02-2023 18:57,Delivered,Partially Paid,Delhi,08-02-2023 18:57
ORD000137,CUST0163,EMP014,30-01-2023 01:25,01-03-2023 01:25,Dispatched,Paid,Delhi,28-02-2023 01:25
ORD000138,CUST0424,EMP017,30-01-2023 04:05,15-02-2023 04:05,Dispatched,Paid,Pune,13-02-2023 04:05
ORD000139,CUST0045,EMP026,30-01-2023 09:51,23-02-2023 09:51,Delivered,Partially Paid,Bengaluru,22-02-2023 09:51
ORD000140,CUST0007,EMP034,30-01-2023 13:52,11-02-2023 13:52,Delivered,Paid,Gurugram,11-02-2023 13:52
ORD000141,CUST0329,EMP044,30-01-2023 13:56,20-02-2023 13:56,Delivered,Paid,Jaipur,15-02-2023 13:56
ORD000142,CUST0221,EMP003,30-01-2023 14:54,12-02-2023 14:54,Order Confirmed,Paid,Surat,
ORD000143,CUST0127,EMP038,30-01-2023 17:42,24-02-2023 17:42,Dispatched,Overdue,Pune,20-02-2023 17:42
ORD000144,CUST0237,EMP017,30-01-2023 19:56,16-02-2023 19:56,In Production,Paid,Bengaluru,
ORD000145,CUST0092,EMP038,30-01-2023 20:19,07-02-2023 20:19,Delivered,Pending,Bengaluru,06-02-2023 20:19
ORD000146,CUST0188,EMP003,31-01-2023 03:01,12-02-2023 03:01,Order Confirmed,Pending,Kolkata,
ORD000147,CUST0117,EMP030,31-01-2023 04:53,15-02-2023 04:53,In Production,Partially Paid,Delhi,
ORD000148,CUST0294,EMP044,31-01-2023 05:04,18-02-2023 05:04,Delivered,Paid,Ahmedabad,14-02-2023 05:04
ORD000149,CUST0337,EMP003,31-01-2023 08:22,13-02-2023 08:22,Delivered,Pending,Noida,10-02-2023 08:22
ORD000150,CUST0458,EMP034,31-01-2023 11:58,20-02-2023 11:58,Delivered,Partially Paid,Noida,14-02-2023 11:58
ORD000151,CUST0034,EMP011,31-01-2023 16:47,02-03-2023 16:47,Order Confirmed,Paid,Noida,
ORD000152,CUST0164,EMP044,01-02-2023 08:02,25-02-2023 08:02,Dispatched,Partially Paid,Hyderabad,21-02-2023 08:02
ORD000153,CUST0133,EMP034,01-02-2023 17:55,15-02-2023 17:55,Dispatched,Paid,Ahmedabad,14-02-2023 17:55
ORD000154,CUST0290,EMP044,01-02-2023 20:10,24-02-2023 20:10,In Production,Partially Paid,Ahmedabad,
ORD000155,CUST0267,EMP038,01-02-2023 22:35,03-03-2023 22:35,Delivered,Pending,Bengaluru,28-02-2023 22:35
ORD000156,CUST0439,EMP017,02-02-2023 12:54,14-02-2023 12:54,Order Confirmed,Paid,Surat,
ORD000157,CUST0460,EMP019,02-02-2023 15:19,14-02-2023 15:19,Dispatched,Overdue,Jaipur,13-02-2023 15:19
ORD000158,CUST0387,EMP030,02-02-2023 21:03,09-02-2023 21:03,Order Confirmed,Paid,Pune,
ORD000159,CUST0100,EMP011,03-02-2023 00:22,02-03-2023 00:22,Delivered,Pending,Pune,24-02-2023 00:22
ORD000160,CUST0021,EMP017,03-02-2023 01:37,01-03-2023 01:37,Delivered,Pending,Ahmedabad,26-02-2023 01:37
ORD000161,CUST0450,EMP003,03-02-2023 01:47,19-02-2023 01:47,Quotation,Paid,Faridabad,
ORD000162,CUST0472,EMP038,03-02-2023 05:26,02-03-2023 05:26,Dispatched,Pending,Mumbai,24-02-2023 05:26
ORD000163,CUST0126,EMP014,03-02-2023 06:55,25-02-2023 06:55,Dispatched,Pending,Gurugram,22-02-2023 06:55
ORD000164,CUST0024,EMP019,03-02-2023 23:02,05-03-2023 23:02,Delivered,Paid,Chennai,02-03-2023 23:02
ORD000165,CUST0341,EMP019,04-02-2023 00:07,05-03-2023 00:07,Quotation,Pending,Mumbai,
ORD000166,CUST0295,EMP017,04-02-2023 03:37,06-03-2023 03:37,In Production,Paid,Kolkata,
ORD000167,CUST0445,EMP034,04-02-2023 05:01,20-02-2023 05:01,Delivered,Paid,Ahmedabad,19-02-2023 05:01
ORD000168,CUST0288,EMP044,04-02-2023 08:25,26-02-2023 08:25,Delivered,Paid,Faridabad,20-02-2023 08:25
ORD000169,CUST0381,EMP026,04-02-2023 09:45,15-02-2023 09:45,Delivered,Paid,Kolkata,11-02-2023 09:45
ORD000170,CUST0394,EMP038,04-02-2023 13:57,04-03-2023 13:57,In Production,Paid,Kolkata,
ORD000171,CUST0005,EMP011,04-02-2023 14:21,18-02-2023 14:21,Cancelled,Paid,Surat,
ORD000172,CUST0075,EMP044,04-02-2023 21:36,21-02-2023 21:36,Quotation,Overdue,Delhi,
ORD000173,CUST0391,EMP011,05-02-2023 08:59,26-02-2023 08:59,Order Confirmed,Paid,Ludhiana,
ORD000174,CUST0090,EMP003,05-02-2023 10:33,02-03-2023 10:33,Dispatched,Pending,Bengaluru,28-02-2023 10:33
ORD000175,CUST0104,EMP003,05-02-2023 17:53,01-03-2023 17:53,Dispatched,Paid,Vadodara,24-02-2023 17:53
ORD000176,CUST0377,EMP014,05-02-2023 18:07,06-03-2023 18:07,Delivered,Paid,Delhi,05-03-2023 18:07
ORD000177,CUST0103,EMP038,06-02-2023 03:57,02-03-2023 03:57,Order Confirmed,Pending,Surat,
ORD000178,CUST0075,EMP017,06-02-2023 04:13,04-03-2023 04:13,Order Confirmed,Paid,Delhi,
ORD000179,CUST0007,EMP034,06-02-2023 04:15,26-02-2023 04:15,Delivered,Paid,Gurugram,26-02-2023 04:15
ORD000180,CUST0235,EMP019,07-02-2023 05:34,23-02-2023 05:34,In Production,Overdue,Ahmedabad,
ORD000181,CUST0319,EMP011,07-02-2023 06:38,07-03-2023 06:38,Delivered,Paid,Hyderabad,03-03-2023 06:38
ORD000182,CUST0366,EMP019,07-02-2023 08:00,23-02-2023 08:00,Delivered,Paid,Pune,18-02-2023 08:00
ORD000183,CUST0453,EMP014,07-02-2023 11:56,28-02-2023 11:56,Order Confirmed,Partially Paid,Bengaluru,
ORD000184,CUST0326,EMP014,07-02-2023 16:37,20-02-2023 16:37,Delivered,Paid,Delhi,16-02-2023 16:37
ORD000185,CUST0379,EMP026,07-02-2023 20:27,25-02-2023 20:27,Delivered,Partially Paid,Bengaluru,21-02-2023 20:27
ORD000186,CUST0106,EMP034,08-02-2023 02:03,23-02-2023 02:03,Delivered,Paid,Vadodara,22-02-2023 02:03
ORD000187,CUST0171,EMP026,08-02-2023 06:22,21-02-2023 06:22,Quotation,Paid,Pune,
ORD000188,CUST0152,EMP014,08-02-2023 06:57,06-03-2023 06:57,Delivered,Paid,Mumbai,05-03-2023 06:57
ORD000189,CUST0033,EMP034,08-02-2023 15:49,05-03-2023 15:49,Cancelled,Paid,Delhi,
ORD000190,CUST0485,EMP030,09-02-2023 03:32,04-03-2023 03:32,Delivered,Partially Paid,Chennai,02-03-2023 03:32
ORD000191,CUST0121,EMP014,09-02-2023 05:01,17-02-2023 05:01,In Production,Overdue,Bengaluru,
ORD000192,CUST0225,EMP038,09-02-2023 12:38,21-02-2023 12:38,Order Confirmed,Partially Paid,Noida,
ORD000193,CUST0179,EMP038,09-02-2023 14:24,21-02-2023 14:24,Delivered,Paid,Hyderabad,20-02-2023 14:24
ORD000194,CUST0023,EMP030,09-02-2023 21:05,05-03-2023 21:05,Delivered,Overdue,Ludhiana,04-03-2023 21:05
ORD000195,CUST0452,EMP014,09-02-2023 22:44,09-03-2023 22:44,Cancelled,Pending,Vadodara,
ORD000196,CUST0110,EMP017,10-02-2023 05:16,26-02-2023 05:16,Cancelled,Paid,Mumbai,
ORD000197,CUST0051,EMP019,10-02-2023 09:21,24-02-2023 09:21,In Production,Paid,Delhi,
ORD000198,CUST0172,EMP011,10-02-2023 14:47,02-03-2023 14:47,Delivered,Paid,Delhi,02-03-2023 14:47
ORD000199,CUST0072,EMP017,10-02-2023 23:34,12-03-2023 23:34,Order Confirmed,Paid,Kolkata,
ORD000200,CUST0500,EMP011,11-02-2023 02:49,26-02-2023 02:49,Order Confirmed,Paid,Surat,
ORD000201,CUST0095,EMP011,11-02-2023 04:48,24-02-2023 04:48,Quotation,Paid,Surat,
ORD000202,CUST0152,EMP034,11-02-2023 07:21,02-03-2023 07:21,Cancelled,Overdue,Mumbai,
ORD000203,CUST0136,EMP011,11-02-2023 09:09,11-03-2023 09:09,Order Confirmed,Paid,Pune,
ORD000204,CUST0014,EMP019,11-02-2023 21:58,07-03-2023 21:58,Dispatched,Paid,Jaipur,06-03-2023 21:58
ORD000205,CUST0007,EMP019,12-02-2023 00:35,03-03-2023 00:35,Dispatched,Overdue,Gurugram,28-02-2023 00:35
ORD000206,CUST0257,EMP003,12-02-2023 10:40,08-03-2023 10:40,In Production,Paid,Bengaluru,
ORD000207,CUST0117,EMP038,12-02-2023 22:19,19-02-2023 22:19,Delivered,Paid,Delhi,17-02-2023 22:19
ORD000208,CUST0042,EMP044,13-02-2023 06:18,10-03-2023 06:18,Quotation,Paid,Faridabad,
ORD000209,CUST0146,EMP030,13-02-2023 07:47,22-02-2023 07:47,In Production,Partially Paid,Ludhiana,
ORD000210,CUST0138,EMP030,13-02-2023 10:02,01-03-2023 10:02,Dispatched,Paid,Jaipur,26-02-2023 10:02
ORD000211,CUST0213,EMP014,13-02-2023 13:19,28-02-2023 13:19,Delivered,Partially Paid,Surat,22-02-2023 13:19
ORD000212,CUST0497,EMP038,13-02-2023 17:36,08-03-2023 17:36,Delivered,Pending,Vadodara,08-03-2023 17:36
ORD000213,CUST0154,EMP034,13-02-2023 18:42,25-02-2023 18:42,Delivered,Partially Paid,Jaipur,20-02-2023 18:42
ORD000214,CUST0353,EMP019,13-02-2023 21:02,25-02-2023 21:02,In Production,Pending,Hyderabad,
ORD000215,CUST0385,EMP034,14-02-2023 02:33,14-03-2023 02:33,Order Confirmed,Partially Paid,Faridabad,
ORD000216,CUST0026,EMP044,14-02-2023 02:52,04-03-2023 02:52,In Production,Partially Paid,Ludhiana,
ORD000217,CUST0251,EMP030,14-02-2023 09:33,10-03-2023 09:33,On Hold,Paid,Vadodara,
ORD000218,CUST0225,EMP011,14-02-2023 11:34,06-03-2023 11:34,Order Confirmed,Paid,Noida,
ORD000219,CUST0254,EMP017,14-02-2023 12:03,07-03-2023 12:03,Order Confirmed,Paid,Hyderabad,
ORD000220,CUST0086,EMP011,14-02-2023 18:06,09-03-2023 18:06,Cancelled,Paid,Pune,
ORD000221,CUST0233,EMP017,14-02-2023 18:34,09-03-2023 18:34,Cancelled,Paid,Pune,
ORD000222,CUST0062,EMP038,14-02-2023 23:01,14-03-2023 23:01,Order Confirmed,Partially Paid,Ludhiana,
ORD000223,CUST0473,EMP011,14-02-2023 23:56,11-03-2023 23:56,Delivered,Paid,Ludhiana,11-03-2023 23:56
ORD000224,CUST0294,EMP038,15-02-2023 09:11,01-03-2023 09:11,Dispatched,Paid,Ahmedabad,26-02-2023 09:11
ORD000225,CUST0018,EMP014,15-02-2023 11:41,26-02-2023 11:41,Dispatched,Paid,Chennai,26-02-2023 11:41
ORD000226,CUST0253,EMP019,15-02-2023 12:52,14-03-2023 12:52,Dispatched,Pending,Bengaluru,11-03-2023 12:52
ORD000227,CUST0464,EMP026,15-02-2023 14:41,02-03-2023 14:41,On Hold,Paid,Pune,
ORD000228,CUST0372,EMP011,15-02-2023 15:57,01-03-2023 15:57,Order Confirmed,Partially Paid,Pune,
ORD000229,CUST0137,EMP011,15-02-2023 19:57,24-02-2023 19:57,Delivered,Paid,Vadodara,18-02-2023 19:57
ORD000230,CUST0447,EMP017,16-02-2023 22:30,08-03-2023 22:30,Quotation,Paid,Jaipur,
ORD000231,CUST0093,EMP003,17-02-2023 04:48,08-03-2023 04:48,Delivered,Pending,Ludhiana,08-03-2023 04:48
ORD000232,CUST0124,EMP034,17-02-2023 11:11,15-03-2023 11:11,Delivered,Overdue,Ahmedabad,12-03-2023 11:11
ORD000233,CUST0078,EMP026,17-02-2023 19:48,13-03-2023 19:48,Delivered,Partially Paid,Noida,10-03-2023 19:48
ORD000234,CUST0462,EMP038,17-02-2023 23:40,13-03-2023 23:40,Cancelled,Overdue,Noida,
ORD000235,CUST0359,EMP038,18-02-2023 02:04,09-03-2023 02:04,Delivered,Paid,Surat,06-03-2023 02:04
ORD000236,CUST0259,EMP017,18-02-2023 06:23,17-03-2023 06:23,Delivered,Pending,Pune,13-03-2023 06:23
ORD000237,CUST0334,EMP038,18-02-2023 11:26,20-03-2023 11:26,Order Confirmed,Pending,Chennai,
ORD000238,CUST0130,EMP003,18-02-2023 21:15,16-03-2023 21:15,On Hold,Partially Paid,Noida,
ORD000239,CUST0036,EMP019,19-02-2023 01:41,06-03-2023 01:41,Dispatched,Pending,Delhi,04-03-2023 01:41
ORD000240,CUST0423,EMP030,19-02-2023 05:14,04-03-2023 05:14,Dispatched,Partially Paid,Chennai,27-02-2023 05:14
ORD000241,CUST0483,EMP019,19-02-2023 10:49,26-02-2023 10:49,Dispatched,Paid,Pune,25-02-2023 10:49
ORD000242,CUST0018,EMP034,19-02-2023 12:19,21-03-2023 12:19,In Production,Paid,Chennai,
ORD000243,CUST0026,EMP038,19-02-2023 17:57,15-03-2023 17:57,Delivered,Paid,Ludhiana,13-03-2023 17:57
ORD000244,CUST0280,EMP019,20-02-2023 03:50,21-03-2023 03:50,In Production,Partially Paid,Delhi,
ORD000245,CUST0022,EMP014,20-02-2023 07:06,17-03-2023 07:06,Order Confirmed,Paid,Ludhiana,
ORD000246,CUST0361,EMP026,20-02-2023 07:36,09-03-2023 07:36,Cancelled,Partially Paid,Vadodara,
ORD000247,CUST0473,EMP038,20-02-2023 07:51,02-03-2023 07:51,Cancelled,Paid,Ludhiana,
ORD000248,CUST0140,EMP044,20-02-2023 18:04,28-02-2023 18:04,Dispatched,Paid,Surat,25-02-2023 18:04
ORD000249,CUST0148,EMP038,20-02-2023 23:26,18-03-2023 23:26,On Hold,Paid,Vadodara,
ORD000250,CUST0432,EMP014,21-02-2023 05:13,07-03-2023 05:13,Dispatched,Paid,Jaipur,01-03-2023 05:13
ORD000251,CUST0179,EMP014,21-02-2023 05:34,09-03-2023 05:34,In Production,Partially Paid,Hyderabad,
ORD000252,CUST0121,EMP026,21-02-2023 16:02,20-03-2023 16:02,Cancelled,Paid,Bengaluru,
ORD000253,CUST0043,EMP019,21-02-2023 17:50,11-03-2023 17:50,Delivered,Paid,Ludhiana,08-03-2023 17:50
ORD000254,CUST0420,EMP030,22-02-2023 08:39,23-03-2023 08:39,Delivered,Paid,Mumbai,18-03-2023 08:39
ORD000255,CUST0463,EMP044,22-02-2023 14:18,14-03-2023 14:18,Dispatched,Paid,Mumbai,14-03-2023 14:18
ORD000256,CUST0040,EMP026,22-02-2023 18:26,20-03-2023 18:26,In Production,Paid,Jaipur,
ORD000257,CUST0402,EMP017,22-02-2023 21:13,04-03-2023 21:13,Order Confirmed,Paid,Delhi,
ORD000258,CUST0080,EMP038,22-02-2023 21:16,10-03-2023 21:16,On Hold,Partially Paid,Kolkata,
ORD000259,CUST0070,EMP019,23-02-2023 00:09,06-03-2023 00:09,Order Confirmed,Partially Paid,Bengaluru,
ORD000260,CUST0191,EMP030,23-02-2023 04:34,03-03-2023 04:34,Dispatched,Overdue,Gurugram,03-03-2023 04:34
ORD000261,CUST0219,EMP011,23-02-2023 14:23,25-03-2023 14:23,Order Confirmed,Paid,Chennai,
ORD000262,CUST0428,EMP026,23-02-2023 17:27,14-03-2023 17:27,Delivered,Paid,Vadodara,11-03-2023 17:27
ORD000263,CUST0350,EMP019,23-02-2023 20:46,10-03-2023 20:46,In Production,Paid,Bengaluru,
ORD000264,CUST0073,EMP011,23-02-2023 22:11,11-03-2023 22:11,Delivered,Paid,Noida,05-03-2023 22:11
ORD000265,CUST0293,EMP014,24-02-2023 05:58,08-03-2023 05:58,Dispatched,Paid,Gurugram,07-03-2023 05:58
ORD000266,CUST0438,EMP034,24-02-2023 06:06,05-03-2023 06:06,Order Confirmed,Paid,Chennai,
ORD000267,CUST0332,EMP011,24-02-2023 06:50,24-03-2023 06:50,Quotation,Paid,Hyderabad,
ORD000268,CUST0115,EMP011,24-02-2023 07:41,05-03-2023 07:41,Order Confirmed,Paid,Kolkata,
ORD000269,CUST0065,EMP003,24-02-2023 10:06,12-03-2023 10:06,Delivered,Paid,Bengaluru,11-03-2023 10:06
ORD000270,CUST0227,EMP003,24-02-2023 11:21,06-03-2023 11:21,Delivered,Partially Paid,Noida,05-03-2023 11:21
ORD000271,CUST0237,EMP019,24-02-2023 12:12,25-03-2023 12:12,In Production,Pending,Bengaluru,
ORD000272,CUST0177,EMP019,24-02-2023 19:57,07-03-2023 19:57,Delivered,Paid,Faridabad,01-03-2023 19:57
ORD000273,CUST0055,EMP030,24-02-2023 23:28,12-03-2023 23:28,Order Confirmed,Paid,Gurugram,
ORD000274,CUST0060,EMP026,25-02-2023 06:49,22-03-2023 06:49,Delivered,Paid,Vadodara,22-03-2023 06:49
ORD000275,CUST0265,EMP026,25-02-2023 13:06,17-03-2023 13:06,On Hold,Paid,Bengaluru,
ORD000276,CUST0473,EMP044,25-02-2023 15:36,13-03-2023 15:36,Delivered,Paid,Ludhiana,09-03-2023 15:36
ORD000277,CUST0299,EMP014,25-02-2023 19:25,17-03-2023 19:25,Order Confirmed,Paid,Jaipur,
ORD000278,CUST0220,EMP034,25-02-2023 21:27,14-03-2023 21:27,Dispatched,Paid,Noida,12-03-2023 21:27
ORD000279,CUST0466,EMP003,25-02-2023 22:55,10-03-2023 22:55,On Hold,Paid,Noida,
ORD000280,CUST0346,EMP038,26-02-2023 04:03,19-03-2023 04:03,Order Confirmed,Partially Paid,Ludhiana,
ORD000281,CUST0359,EMP017,26-02-2023 07:51,13-03-2023 07:51,Delivered,Pending,Surat,11-03-2023 07:51
ORD000282,CUST0288,EMP017,26-02-2023 08:36,28-03-2023 08:36,Cancelled,Paid,Faridabad,
ORD000283,CUST0382,EMP011,26-02-2023 12:50,16-03-2023 12:50,Delivered,Paid,Noida,12-03-2023 12:50
ORD000284,CUST0251,EMP026,26-02-2023 19:26,23-03-2023 19:26,Delivered,Overdue,Vadodara,20-03-2023 19:26
ORD000285,CUST0312,EMP017,26-02-2023 21:06,10-03-2023 21:06,Dispatched,Paid,Pune,10-03-2023 21:06
ORD000286,CUST0309,EMP044,27-02-2023 02:14,21-03-2023 02:14,Cancelled,Partially Paid,Surat,
ORD000287,CUST0377,EMP011,27-02-2023 07:33,19-03-2023 07:33,In Production,Paid,Delhi,
ORD000288,CUST0450,EMP019,27-02-2023 09:45,23-03-2023 09:45,Cancelled,Overdue,Faridabad,
ORD000289,CUST0148,EMP044,27-02-2023 16:56,17-03-2023 16:56,Dispatched,Paid,Vadodara,14-03-2023 16:56
ORD000290,CUST0350,EMP038,27-02-2023 17:43,23-03-2023 17:43,Delivered,Paid,Bengaluru,23-03-2023 17:43
ORD000291,CUST0016,EMP034,28-02-2023 05:35,08-03-2023 05:35,Cancelled,Overdue,Faridabad,
ORD000292,CUST0267,EMP026,28-02-2023 07:33,23-03-2023 07:33,Delivered,Partially Paid,Bengaluru,18-03-2023 07:33
ORD000293,CUST0450,EMP038,28-02-2023 07:43,25-03-2023 07:43,In Production,Paid,Faridabad,
ORD000294,CUST0323,EMP014,28-02-2023 10:41,18-03-2023 10:41,Quotation,Pending,Vadodara,
ORD000295,CUST0134,EMP038,28-02-2023 15:57,07-03-2023 15:57,Delivered,Pending,Ludhiana,01-03-2023 15:57
ORD000296,CUST0304,EMP026,01-03-2023 00:44,21-03-2023 00:44,Delivered,Paid,Faridabad,16-03-2023 00:44
ORD000297,CUST0179,EMP017,01-03-2023 03:04,26-03-2023 03:04,In Production,Paid,Hyderabad,
ORD000298,CUST0217,EMP014,01-03-2023 06:11,19-03-2023 06:11,Delivered,Paid,Gurugram,17-03-2023 06:11
ORD000299,CUST0115,EMP026,01-03-2023 12:43,10-03-2023 12:43,Cancelled,Overdue,Kolkata,
ORD000300,CUST0313,EMP003,01-03-2023 14:52,17-03-2023 14:52,Delivered,Paid,Pune,15-03-2023 14:52
ORD000301,CUST0100,EMP034,01-03-2023 16:05,31-03-2023 16:05,Delivered,Paid,Pune,27-03-2023 16:05
ORD000302,CUST0222,EMP014,01-03-2023 16:54,14-03-2023 16:54,On Hold,Paid,Vadodara,
ORD000303,CUST0470,EMP017,01-03-2023 20:39,20-03-2023 20:39,Delivered,Paid,Jaipur,15-03-2023 20:39
ORD000304,CUST0379,EMP011,02-03-2023 02:00,17-03-2023 02:00,Order Confirmed,Paid,Bengaluru,
ORD000305,CUST0208,EMP019,02-03-2023 08:43,26-03-2023 08:43,On Hold,Paid,Mumbai,
ORD000306,CUST0485,EMP017,02-03-2023 09:11,19-03-2023 09:11,Delivered,Paid,Chennai,14-03-2023 09:11
ORD000307,CUST0007,EMP011,02-03-2023 11:43,18-03-2023 11:43,Cancelled,Paid,Gurugram,
ORD000308,CUST0480,EMP038,02-03-2023 19:05,22-03-2023 19:05,Delivered,Paid,Jaipur,19-03-2023 19:05
ORD000309,CUST0177,EMP034,02-03-2023 21:43,22-03-2023 21:43,Delivered,Paid,Faridabad,17-03-2023 21:43
ORD000310,CUST0411,EMP017,03-03-2023 02:49,21-03-2023 02:49,In Production,Paid,Pune,
ORD000311,CUST0474,EMP003,03-03-2023 08:45,16-03-2023 08:45,Quotation,Partially Paid,Bengaluru,
ORD000312,CUST0301,EMP038,03-03-2023 10:00,12-03-2023 10:00,In Production,Paid,Hyderabad,
ORD000313,CUST0306,EMP030,03-03-2023 12:36,26-03-2023 12:36,Delivered,Paid,Bengaluru,24-03-2023 12:36
ORD000314,CUST0375,EMP026,03-03-2023 19:34,18-03-2023 19:34,Delivered,Paid,Surat,13-03-2023 19:34
ORD000315,CUST0120,EMP030,04-03-2023 09:02,25-03-2023 09:02,Quotation,Partially Paid,Delhi,
ORD000316,CUST0090,EMP003,04-03-2023 17:14,20-03-2023 17:14,Order Confirmed,Partially Paid,Bengaluru,
ORD000317,CUST0172,EMP019,04-03-2023 17:50,31-03-2023 17:50,Delivered,Overdue,Delhi,30-03-2023 17:50
ORD000318,CUST0240,EMP011,04-03-2023 18:50,27-03-2023 18:50,In Production,Paid,Noida,
ORD000319,CUST0372,EMP030,04-03-2023 23:39,20-03-2023 23:39,Order Confirmed,Paid,Pune,
ORD000320,CUST0129,EMP044,05-03-2023 00:51,19-03-2023 00:51,Order Confirmed,Paid,Delhi,
ORD000321,CUST0283,EMP026,05-03-2023 06:42,29-03-2023 06:42,Delivered,Paid,Mumbai,26-03-2023 06:42
ORD000322,CUST0002,EMP030,05-03-2023 19:53,12-03-2023 19:53,Delivered,Overdue,Jaipur,07-03-2023 19:53
ORD000323,CUST0016,EMP030,06-03-2023 00:47,14-03-2023 00:47,Delivered,Paid,Faridabad,13-03-2023 00:47
ORD000324,CUST0484,EMP044,06-03-2023 03:26,15-03-2023 03:26,In Production,Pending,Ludhiana,
ORD000325,CUST0426,EMP003,06-03-2023 10:50,21-03-2023 10:50,Order Confirmed,Overdue,Ahmedabad,
ORD000326,CUST0432,EMP017,06-03-2023 13:05,24-03-2023 13:05,Delivered,Pending,Jaipur,20-03-2023 13:05
ORD000327,CUST0165,EMP014,06-03-2023 15:12,20-03-2023 15:12,On Hold,Paid,Bengaluru,
ORD000328,CUST0257,EMP034,06-03-2023 15:53,17-03-2023 15:53,In Production,Pending,Bengaluru,
ORD000329,CUST0338,EMP019,06-03-2023 19:40,20-03-2023 19:40,Delivered,Paid,Gurugram,19-03-2023 19:40
ORD000330,CUST0128,EMP034,07-03-2023 14:44,25-03-2023 14:44,Delivered,Paid,Mumbai,22-03-2023 14:44
ORD000331,CUST0373,EMP019,07-03-2023 15:32,21-03-2023 15:32,Cancelled,Paid,Kolkata,
ORD000332,CUST0347,EMP044,08-03-2023 00:17,28-03-2023 00:17,Dispatched,Pending,Noida,26-03-2023 00:17
ORD000333,CUST0204,EMP034,08-03-2023 07:18,24-03-2023 07:18,Order Confirmed,Pending,Hyderabad,
ORD000334,CUST0218,EMP003,08-03-2023 13:08,06-04-2023 13:08,Order Confirmed,Paid,Bengaluru,
ORD000335,CUST0154,EMP044,08-03-2023 16:00,07-04-2023 16:00,Delivered,Pending,Jaipur,03-04-2023 16:00
ORD000336,CUST0402,EMP044,09-03-2023 01:37,31-03-2023 01:37,Delivered,Paid,Delhi,26-03-2023 01:37
ORD000337,CUST0494,EMP003,09-03-2023 05:59,29-03-2023 05:59,Dispatched,Partially Paid,Chennai,23-03-2023 05:59
ORD000338,CUST0500,EMP017,09-03-2023 06:06,16-03-2023 06:06,Quotation,Paid,Surat,
ORD000339,CUST0386,EMP044,09-03-2023 11:52,30-03-2023 11:52,Quotation,Paid,Noida,
ORD000340,CUST0175,EMP038,09-03-2023 18:41,25-03-2023 18:41,Delivered,Paid,Faridabad,23-03-2023 18:41
ORD000341,CUST0391,EMP019,09-03-2023 21:02,22-03-2023 21:02,Cancelled,Pending,Ludhiana,
ORD000342,CUST0123,EMP026,09-03-2023 23:30,04-04-2023 23:30,In Production,Overdue,Faridabad,
ORD000343,CUST0449,EMP003,10-03-2023 04:30,18-03-2023 04:30,Delivered,Paid,Ahmedabad,17-03-2023 04:30
ORD000344,CUST0134,EMP026,10-03-2023 08:02,23-03-2023 08:02,Delivered,Paid,Ludhiana,17-03-2023 08:02
ORD000345,CUST0202,EMP030,10-03-2023 09:52,04-04-2023 09:52,Delivered,Paid,Kolkata,02-04-2023 09:52
ORD000346,CUST0047,EMP017,10-03-2023 17:13,08-04-2023 17:13,Delivered,Partially Paid,Ahmedabad,04-04-2023 17:13
ORD000347,CUST0041,EMP017,10-03-2023 19:15,29-03-2023 19:15,Order Confirmed,Paid,Mumbai,
ORD000348,CUST0198,EMP038,11-03-2023 01:23,30-03-2023 01:23,Delivered,Paid,Gurugram,28-03-2023 01:23
ORD000349,CUST0276,EMP019,11-03-2023 03:37,10-04-2023 03:37,Delivered,Paid,Mumbai,05-04-2023 03:37
ORD000350,CUST0009,EMP014,11-03-2023 04:20,20-03-2023 04:20,Cancelled,Paid,Surat,
ORD000351,CUST0424,EMP017,11-03-2023 07:28,29-03-2023 07:28,Delivered,Pending,Pune,29-03-2023 07:28
ORD000352,CUST0058,EMP019,11-03-2023 20:38,23-03-2023 20:38,Order Confirmed,Paid,Vadodara,
ORD000353,CUST0500,EMP014,12-03-2023 05:43,30-03-2023 05:43,Delivered,Paid,Surat,30-03-2023 05:43
ORD000354,CUST0136,EMP026,12-03-2023 18:26,09-04-2023 18:26,Delivered,Paid,Pune,07-04-2023 18:26
ORD000355,CUST0190,EMP038,12-03-2023 19:15,02-04-2023 19:15,In Production,Paid,Chennai,
ORD000356,CUST0080,EMP034,13-03-2023 00:34,12-04-2023 00:34,On Hold,Paid,Kolkata,
ORD000357,CUST0413,EMP014,13-03-2023 01:18,01-04-2023 01:18,Order Confirmed,Paid,Ludhiana,
ORD000358,CUST0367,EMP019,13-03-2023 03:14,09-04-2023 03:14,Cancelled,Partially Paid,Delhi,
ORD000359,CUST0040,EMP026,13-03-2023 08:35,24-03-2023 08:35,Dispatched,Paid,Jaipur,22-03-2023 08:35
ORD000360,CUST0053,EMP030,13-03-2023 12:33,27-03-2023 12:33,Quotation,Paid,Kolkata,
ORD000361,CUST0305,EMP034,14-03-2023 04:56,27-03-2023 04:56,Delivered,Paid,Noida,22-03-2023 04:56
ORD000362,CUST0433,EMP019,14-03-2023 07:42,08-04-2023 07:42,Delivered,Paid,Noida,05-04-2023 07:42
ORD000363,CUST0055,EMP017,14-03-2023 14:50,02-04-2023 14:50,Delivered,Paid,Gurugram,01-04-2023 14:50
ORD000364,CUST0111,EMP030,14-03-2023 14:54,26-03-2023 14:54,Delivered,Pending,Surat,26-03-2023 14:54
ORD000365,CUST0273,EMP011,14-03-2023 20:16,25-03-2023 20:16,Order Confirmed,Paid,Vadodara,
ORD000366,CUST0055,EMP030,15-03-2023 02:19,31-03-2023 02:19,Cancelled,Pending,Gurugram,
ORD000367,CUST0153,EMP038,15-03-2023 05:46,25-03-2023 05:46,Delivered,Paid,Surat,20-03-2023 05:46
ORD000368,CUST0006,EMP034,15-03-2023 12:07,07-04-2023 12:07,In Production,Paid,Hyderabad,
ORD000369,CUST0250,EMP019,15-03-2023 14:01,11-04-2023 14:01,Delivered,Paid,Hyderabad,08-04-2023 14:01
ORD000370,CUST0358,EMP038,15-03-2023 14:10,14-04-2023 14:10,Order Confirmed,Partially Paid,Delhi,
ORD000371,CUST0206,EMP026,16-03-2023 07:41,28-03-2023 07:41,Order Confirmed,Paid,Kolkata,
ORD000372,CUST0129,EMP026,16-03-2023 13:36,02-04-2023 13:36,Delivered,Pending,Delhi,27-03-2023 13:36
ORD000373,CUST0213,EMP038,17-03-2023 07:20,05-04-2023 07:20,Delivered,Paid,Surat,03-04-2023 07:20
ORD000374,CUST0255,EMP011,17-03-2023 08:19,04-04-2023 08:19,Dispatched,Paid,Noida,03-04-2023 08:19
ORD000375,CUST0083,EMP034,17-03-2023 10:38,03-04-2023 10:38,Cancelled,Paid,Kolkata,
ORD000376,CUST0056,EMP030,17-03-2023 15:15,29-03-2023 15:15,In Production,Paid,Gurugram,
ORD000377,CUST0091,EMP026,17-03-2023 20:24,26-03-2023 20:24,On Hold,Paid,Jaipur,
ORD000378,CUST0493,EMP003,18-03-2023 01:11,03-04-2023 01:11,Quotation,Paid,Ahmedabad,
ORD000379,CUST0362,EMP034,18-03-2023 07:57,27-03-2023 07:57,Order Confirmed,Paid,Chennai,
ORD000380,CUST0063,EMP014,18-03-2023 13:18,26-03-2023 13:18,Order Confirmed,Paid,Faridabad,
ORD000381,CUST0151,EMP038,18-03-2023 13:52,06-04-2023 13:52,Quotation,Partially Paid,Ludhiana,
ORD000382,CUST0206,EMP034,18-03-2023 15:59,14-04-2023 15:59,Dispatched,Partially Paid,Kolkata,13-04-2023 15:59
ORD000383,CUST0091,EMP017,18-03-2023 20:09,06-04-2023 20:09,Delivered,Paid,Jaipur,04-04-2023 20:09
ORD000384,CUST0426,EMP019,19-03-2023 10:15,26-03-2023 10:15,Delivered,Paid,Ahmedabad,26-03-2023 10:15
ORD000385,CUST0471,EMP003,19-03-2023 14:42,15-04-2023 14:42,Delivered,Paid,Noida,15-04-2023 14:42
ORD000386,CUST0123,EMP019,19-03-2023 14:46,11-04-2023 14:46,Quotation,Paid,Faridabad,
ORD000387,CUST0009,EMP003,19-03-2023 20:50,02-04-2023 20:50,Delivered,Paid,Surat,28-03-2023 20:50
ORD000388,CUST0134,EMP044,19-03-2023 21:25,01-04-2023 21:25,In Production,Paid,Ludhiana,
ORD000389,CUST0292,EMP030,19-03-2023 23:08,16-04-2023 23:08,Delivered,Paid,Chennai,12-04-2023 23:08
ORD000390,CUST0405,EMP014,20-03-2023 10:11,07-04-2023 10:11,Delivered,Paid,Vadodara,04-04-2023 10:11
ORD000391,CUST0170,EMP038,20-03-2023 12:15,30-03-2023 12:15,Order Confirmed,Paid,Mumbai,
ORD000392,CUST0137,EMP003,20-03-2023 22:03,02-04-2023 22:03,Dispatched,Paid,Vadodara,30-03-2023 22:03
ORD000393,CUST0125,EMP026,21-03-2023 03:00,03-04-2023 03:00,Cancelled,Paid,Chennai,
ORD000394,CUST0002,EMP011,21-03-2023 06:21,06-04-2023 06:21,In Production,Paid,Jaipur,
ORD000395,CUST0008,EMP003,21-03-2023 07:01,05-04-2023 07:01,Delivered,Pending,Noida,02-04-2023 07:01
ORD000396,CUST0214,EMP014,21-03-2023 09:32,10-04-2023 09:32,Cancelled,Paid,Bengaluru,
ORD000397,CUST0309,EMP014,21-03-2023 14:07,04-04-2023 14:07,In Production,Paid,Surat,
ORD000398,CUST0007,EMP034,21-03-2023 20:17,12-04-2023 20:17,In Production,Pending,Gurugram,
ORD000399,CUST0101,EMP038,21-03-2023 22:01,08-04-2023 22:01,Dispatched,Paid,Noida,04-04-2023 22:01
ORD000400,CUST0455,EMP034,21-03-2023 23:17,19-04-2023 23:17,Delivered,Paid,Gurugram,17-04-2023 23:17
ORD000401,CUST0496,EMP034,22-03-2023 03:05,17-04-2023 03:05,Dispatched,Partially Paid,Delhi,12-04-2023 03:05
ORD000402,CUST0321,EMP026,22-03-2023 14:17,05-04-2023 14:17,Dispatched,Partially Paid,Noida,05-04-2023 14:17
ORD000403,CUST0261,EMP017,22-03-2023 20:56,30-03-2023 20:56,Order Confirmed,Overdue,Surat,
ORD000404,CUST0292,EMP014,22-03-2023 22:25,12-04-2023 22:25,On Hold,Pending,Chennai,
ORD000405,CUST0186,EMP044,22-03-2023 23:42,06-04-2023 23:42,Delivered,Partially Paid,Delhi,01-04-2023 23:42
ORD000406,CUST0101,EMP026,23-03-2023 00:13,20-04-2023 00:13,Delivered,Paid,Noida,15-04-2023 00:13
ORD000407,CUST0188,EMP026,23-03-2023 16:10,08-04-2023 16:10,On Hold,Paid,Kolkata,
ORD000408,CUST0350,EMP003,24-03-2023 04:12,06-04-2023 04:12,Delivered,Paid,Bengaluru,03-04-2023 04:12
ORD000409,CUST0332,EMP019,24-03-2023 22:53,08-04-2023 22:53,Cancelled,Paid,Hyderabad,
ORD000410,CUST0339,EMP030,25-03-2023 00:57,21-04-2023 00:57,Order Confirmed,Pending,Gurugram,
ORD000411,CUST0305,EMP019,25-03-2023 02:14,03-04-2023 02:14,Order Confirmed,Paid,Noida,
ORD000412,CUST0031,EMP030,25-03-2023 03:21,23-04-2023 03:21,Delivered,Pending,Delhi,21-04-2023 03:21
ORD000413,CUST0314,EMP038,25-03-2023 07:20,06-04-2023 07:20,Dispatched,Paid,Mumbai,31-03-2023 07:20
ORD000414,CUST0441,EMP003,25-03-2023 08:53,21-04-2023 08:53,In Production,Paid,Hyderabad,
ORD000415,CUST0325,EMP044,25-03-2023 15:28,14-04-2023 15:28,Delivered,Pending,Mumbai,09-04-2023 15:28
ORD000416,CUST0290,EMP038,25-03-2023 15:53,14-04-2023 15:53,Delivered,Paid,Ahmedabad,08-04-2023 15:53
ORD000417,CUST0112,EMP019,25-03-2023 17:54,05-04-2023 17:54,In Production,Paid,Faridabad,
ORD000418,CUST0397,EMP034,26-03-2023 00:45,19-04-2023 00:45,In Production,Paid,Jaipur,
ORD000419,CUST0226,EMP003,26-03-2023 02:20,17-04-2023 02:20,In Production,Paid,Mumbai,
ORD000420,CUST0132,EMP017,26-03-2023 03:07,13-04-2023 03:07,Order Confirmed,Paid,Surat,
ORD000421,CUST0245,EMP011,26-03-2023 05:33,12-04-2023 05:33,Order Confirmed,Partially Paid,Gurugram,
ORD000422,CUST0062,EMP030,26-03-2023 11:17,16-04-2023 11:17,Delivered,Pending,Ludhiana,16-04-2023 11:17
ORD000423,CUST0464,EMP038,27-03-2023 06:50,14-04-2023 06:50,Delivered,Partially Paid,Pune,10-04-2023 06:50
ORD000424,CUST0352,EMP030,27-03-2023 08:12,26-04-2023 08:12,Dispatched,Pending,Ludhiana,26-04-2023 08:12
ORD000425,CUST0164,EMP034,27-03-2023 08:14,03-04-2023 08:14,In Production,Pending,Hyderabad,
ORD000426,CUST0397,EMP011,27-03-2023 15:41,09-04-2023 15:41,Delivered,Paid,Jaipur,09-04-2023 15:41
ORD000427,CUST0028,EMP044,27-03-2023 20:23,23-04-2023 20:23,Order Confirmed,Pending,Gurugram,
ORD000428,CUST0194,EMP011,28-03-2023 00:23,23-04-2023 00:23,In Production,Pending,Kolkata,
ORD000429,CUST0326,EMP026,28-03-2023 02:30,12-04-2023 02:30,Order Confirmed,Paid,Delhi,
ORD000430,CUST0012,EMP030,28-03-2023 14:57,16-04-2023 14:57,Delivered,Paid,Gurugram,16-04-2023 14:57
ORD000431,CUST0355,EMP038,28-03-2023 21:31,04-04-2023 21:31,Order Confirmed,Partially Paid,Delhi,
ORD000432,CUST0410,EMP044,29-03-2023 07:43,09-04-2023 07:43,Dispatched,Overdue,Ahmedabad,04-04-2023 07:43
ORD000433,CUST0298,EMP026,29-03-2023 08:13,27-04-2023 08:13,Delivered,Overdue,Ahmedabad,22-04-2023 08:13
ORD000434,CUST0104,EMP026,29-03-2023 09:38,20-04-2023 09:38,Delivered,Paid,Vadodara,14-04-2023 09:38
ORD000435,CUST0375,EMP019,29-03-2023 14:04,05-04-2023 14:04,Delivered,Pending,Surat,01-04-2023 14:04
ORD000436,CUST0170,EMP026,30-03-2023 09:03,25-04-2023 09:03,Cancelled,Paid,Mumbai,
ORD000437,CUST0368,EMP030,30-03-2023 11:17,15-04-2023 11:17,Delivered,Pending,Pune,12-04-2023 11:17
ORD000438,CUST0315,EMP030,30-03-2023 15:10,19-04-2023 15:10,In Production,Partially Paid,Delhi,
ORD000439,CUST0047,EMP026,30-03-2023 19:28,26-04-2023 19:28,Order Confirmed,Overdue,Ahmedabad,
ORD000440,CUST0050,EMP019,30-03-2023 23:58,26-04-2023 23:58,Quotation,Overdue,Vadodara,
ORD000441,CUST0008,EMP011,31-03-2023 05:58,10-04-2023 05:58,In Production,Paid,Noida,
ORD000442,CUST0036,EMP003,31-03-2023 12:05,15-04-2023 12:05,Order Confirmed,Overdue,Delhi,
ORD000443,CUST0150,EMP019,31-03-2023 22:17,13-04-2023 22:17,In Production,Partially Paid,Kolkata,
ORD000444,CUST0013,EMP017,31-03-2023 23:18,28-04-2023 23:18,Delivered,Paid,Mumbai,27-04-2023 23:18
ORD000445,CUST0470,EMP030,01-04-2023 01:44,26-04-2023 01:44,Delivered,Paid,Jaipur,22-04-2023 01:44
ORD000446,CUST0459,EMP044,01-04-2023 05:53,23-04-2023 05:53,In Production,Partially Paid,Kolkata,
ORD000447,CUST0087,EMP034,01-04-2023 08:28,09-04-2023 08:28,Dispatched,Paid,Kolkata,03-04-2023 08:28
ORD000448,CUST0156,EMP038,01-04-2023 10:40,27-04-2023 10:40,Order Confirmed,Paid,Hyderabad,
ORD000449,CUST0372,EMP026,01-04-2023 15:02,21-04-2023 15:02,Dispatched,Paid,Pune,19-04-2023 15:02
ORD000450,CUST0331,EMP044,01-04-2023 17:21,14-04-2023 17:21,Dispatched,Paid,Bengaluru,10-04-2023 17:21
ORD000451,CUST0291,EMP044,02-04-2023 05:40,19-04-2023 05:40,In Production,Paid,Pune,
ORD000452,CUST0495,EMP011,02-04-2023 07:48,19-04-2023 07:48,Order Confirmed,Pending,Delhi,
ORD000453,CUST0315,EMP030,02-04-2023 08:29,16-04-2023 08:29,On Hold,Paid,Delhi,
ORD000454,CUST0335,EMP026,02-04-2023 15:13,30-04-2023 15:13,Delivered,Partially Paid,Jaipur,27-04-2023 15:13
ORD000455,CUST0252,EMP044,02-04-2023 21:04,01-05-2023 21:04,Delivered,Paid,Faridabad,28-04-2023 21:04
ORD000456,CUST0263,EMP026,03-04-2023 07:30,11-04-2023 07:30,Quotation,Pending,Vadodara,
ORD000457,CUST0146,EMP003,03-04-2023 07:55,02-05-2023 07:55,Order Confirmed,Paid,Ludhiana,
ORD000458,CUST0261,EMP014,03-04-2023 09:27,19-04-2023 09:27,In Production,Pending,Surat,
ORD000459,CUST0460,EMP011,03-04-2023 18:12,29-04-2023 18:12,On Hold,Partially Paid,Jaipur,
ORD000460,CUST0189,EMP014,03-04-2023 22:46,28-04-2023 22:46,Order Confirmed,Pending,Jaipur,
ORD000461,CUST0067,EMP003,04-04-2023 05:20,25-04-2023 05:20,In Production,Paid,Pune,
ORD000462,CUST0300,EMP034,04-04-2023 07:12,28-04-2023 07:12,On Hold,Paid,Ludhiana,
ORD000463,CUST0393,EMP019,04-04-2023 09:35,27-04-2023 09:35,Dispatched,Paid,Faridabad,22-04-2023 09:35
ORD000464,CUST0480,EMP030,04-04-2023 10:37,01-05-2023 10:37,In Production,Paid,Jaipur,
ORD000465,CUST0272,EMP044,04-04-2023 12:09,21-04-2023 12:09,Delivered,Paid,Bengaluru,19-04-2023 12:09
ORD000466,CUST0395,EMP030,04-04-2023 17:52,28-04-2023 17:52,Dispatched,Paid,Bengaluru,22-04-2023 17:52
ORD000467,CUST0126,EMP019,04-04-2023 18:20,04-05-2023 18:20,Cancelled,Paid,Gurugram,
ORD000468,CUST0213,EMP014,04-04-2023 19:27,03-05-2023 19:27,Order Confirmed,Paid,Surat,
ORD000469,CUST0210,EMP034,04-04-2023 22:47,14-04-2023 22:47,Delivered,Paid,Hyderabad,08-04-2023 22:47
ORD000470,CUST0167,EMP026,04-04-2023 22:58,22-04-2023 22:58,In Production,Paid,Chennai,
ORD000471,CUST0359,EMP034,05-04-2023 02:35,24-04-2023 02:35,Delivered,Partially Paid,Surat,24-04-2023 02:35
ORD000472,CUST0442,EMP003,05-04-2023 12:20,26-04-2023 12:20,Delivered,Paid,Bengaluru,23-04-2023 12:20
ORD000473,CUST0164,EMP011,05-04-2023 13:03,27-04-2023 13:03,Delivered,Paid,Hyderabad,27-04-2023 13:03
ORD000474,CUST0068,EMP011,05-04-2023 17:03,02-05-2023 17:03,Delivered,Paid,Hyderabad,30-04-2023 17:03
ORD000475,CUST0413,EMP030,05-04-2023 17:46,24-04-2023 17:46,Delivered,Partially Paid,Ludhiana,22-04-2023 17:46
ORD000476,CUST0425,EMP026,06-04-2023 00:19,29-04-2023 00:19,Order Confirmed,Pending,Pune,
ORD000477,CUST0468,EMP017,06-04-2023 05:09,04-05-2023 05:09,Quotation,Paid,Hyderabad,
ORD000478,CUST0128,EMP017,06-04-2023 05:28,15-04-2023 05:28,In Production,Paid,Mumbai,
ORD000479,CUST0360,EMP030,06-04-2023 07:18,28-04-2023 07:18,Dispatched,Partially Paid,Pune,24-04-2023 07:18
ORD000480,CUST0358,EMP044,06-04-2023 23:23,21-04-2023 23:23,In Production,Pending,Delhi,
ORD000481,CUST0396,EMP044,07-04-2023 02:48,05-05-2023 02:48,Delivered,Paid,Vadodara,03-05-2023 02:48
ORD000482,CUST0404,EMP019,07-04-2023 05:46,27-04-2023 05:46,Delivered,Paid,Faridabad,25-04-2023 05:46
ORD000483,CUST0477,EMP030,07-04-2023 06:53,28-04-2023 06:53,On Hold,Paid,Jaipur,
ORD000484,CUST0239,EMP003,07-04-2023 09:09,02-05-2023 09:09,In Production,Partially Paid,Ahmedabad,
ORD000485,CUST0038,EMP044,07-04-2023 10:14,19-04-2023 10:14,Delivered,Paid,Ludhiana,14-04-2023 10:14
ORD000486,CUST0097,EMP003,07-04-2023 19:36,27-04-2023 19:36,Delivered,Pending,Ahmedabad,22-04-2023 19:36
ORD000487,CUST0444,EMP017,07-04-2023 21:00,02-05-2023 21:00,On Hold,Partially Paid,Vadodara,
ORD000488,CUST0423,EMP034,07-04-2023 21:02,02-05-2023 21:02,Delivered,Pending,Chennai,02-05-2023 21:02
ORD000489,CUST0006,EMP044,08-04-2023 06:11,20-04-2023 06:11,In Production,Overdue,Hyderabad,
ORD000490,CUST0184,EMP011,08-04-2023 06:44,05-05-2023 06:44,Quotation,Paid,Pune,
ORD000491,CUST0123,EMP030,08-04-2023 08:39,18-04-2023 08:39,On Hold,Partially Paid,Faridabad,
ORD000492,CUST0161,EMP011,09-04-2023 01:22,22-04-2023 01:22,Delivered,Partially Paid,Kolkata,20-04-2023 01:22
ORD000493,CUST0320,EMP003,09-04-2023 06:20,06-05-2023 06:20,Delivered,Pending,Jaipur,01-05-2023 06:20
ORD000494,CUST0256,EMP019,09-04-2023 10:36,30-04-2023 10:36,Delivered,Paid,Pune,30-04-2023 10:36
ORD000495,CUST0241,EMP026,09-04-2023 12:15,29-04-2023 12:15,Delivered,Paid,Noida,26-04-2023 12:15
ORD000496,CUST0218,EMP014,09-04-2023 17:24,29-04-2023 17:24,Delivered,Overdue,Bengaluru,26-04-2023 17:24
ORD000497,CUST0321,EMP044,09-04-2023 18:05,09-05-2023 18:05,Cancelled,Paid,Noida,
ORD000498,CUST0342,EMP030,10-04-2023 04:10,22-04-2023 04:10,Cancelled,Overdue,Delhi,
ORD000499,CUST0022,EMP019,10-04-2023 08:53,24-04-2023 08:53,In Production,Paid,Ludhiana,
ORD000500,CUST0069,EMP019,10-04-2023 14:26,28-04-2023 14:26,Quotation,Paid,Faridabad,
ORD000501,CUST0171,EMP019,10-04-2023 14:36,07-05-2023 14:36,Quotation,Overdue,Pune,
ORD000502,CUST0218,EMP011,10-04-2023 18:54,30-04-2023 18:54,Dispatched,Partially Paid,Bengaluru,26-04-2023 18:54
ORD000503,CUST0499,EMP030,10-04-2023 18:57,04-05-2023 18:57,Delivered,Paid,Faridabad,30-04-2023 18:57
ORD000504,CUST0446,EMP034,10-04-2023 21:49,06-05-2023 21:49,Delivered,Paid,Kolkata,03-05-2023 21:49
ORD000505,CUST0325,EMP019,11-04-2023 02:20,09-05-2023 02:20,In Production,Paid,Mumbai,
ORD000506,CUST0019,EMP019,11-04-2023 06:28,29-04-2023 06:28,In Production,Paid,Vadodara,
ORD000507,CUST0051,EMP044,11-04-2023 08:35,28-04-2023 08:35,Dispatched,Paid,Delhi,26-04-2023 08:35
ORD000508,CUST0229,EMP030,11-04-2023 11:42,19-04-2023 11:42,Delivered,Paid,Noida,14-04-2023 11:42
ORD000509,CUST0294,EMP014,11-04-2023 15:37,19-04-2023 15:37,Delivered,Paid,Ahmedabad,17-04-2023 15:37
ORD000510,CUST0331,EMP003,11-04-2023 22:57,29-04-2023 22:57,Order Confirmed,Paid,Bengaluru,
ORD000511,CUST0071,EMP038,12-04-2023 07:46,06-05-2023 07:46,In Production,Overdue,Surat,
ORD000512,CUST0444,EMP030,12-04-2023 08:16,09-05-2023 08:16,Delivered,Pending,Vadodara,06-05-2023 08:16
ORD000513,CUST0247,EMP030,12-04-2023 08:21,28-04-2023 08:21,Delivered,Paid,Kolkata,26-04-2023 08:21
ORD000514,CUST0297,EMP014,12-04-2023 11:30,02-05-2023 11:30,Delivered,Overdue,Bengaluru,30-04-2023 11:30
ORD000515,CUST0020,EMP011,12-04-2023 15:10,08-05-2023 15:10,Cancelled,Paid,Jaipur,
ORD000516,CUST0413,EMP019,12-04-2023 16:28,26-04-2023 16:28,Order Confirmed,Paid,Ludhiana,
ORD000517,CUST0272,EMP034,12-04-2023 22:12,22-04-2023 22:12,Order Confirmed,Paid,Bengaluru,
ORD000518,CUST0112,EMP014,12-04-2023 23:08,11-05-2023 23:08,In Production,Pending,Faridabad,
ORD000519,CUST0160,EMP026,13-04-2023 08:48,03-05-2023 08:48,In Production,Paid,Hyderabad,
ORD000520,CUST0177,EMP044,13-04-2023 10:24,23-04-2023 10:24,In Production,Paid,Faridabad,
ORD000521,CUST0014,EMP014,13-04-2023 12:58,26-04-2023 12:58,Quotation,Overdue,Jaipur,
ORD000522,CUST0472,EMP014,13-04-2023 14:45,27-04-2023 14:45,Quotation,Partially Paid,Mumbai,
ORD000523,CUST0402,EMP014,13-04-2023 15:42,24-04-2023 15:42,Delivered,Partially Paid,Delhi,20-04-2023 15:42
ORD000524,CUST0443,EMP044,13-04-2023 16:04,30-04-2023 16:04,Order Confirmed,Partially Paid,Kolkata,
ORD000525,CUST0177,EMP026,13-04-2023 21:57,09-05-2023 21:57,Delivered,Partially Paid,Faridabad,05-05-2023 21:57
ORD000526,CUST0279,EMP044,13-04-2023 22:02,07-05-2023 22:02,In Production,Paid,Hyderabad,
ORD000527,CUST0230,EMP044,13-04-2023 22:07,12-05-2023 22:07,In Production,Partially Paid,Bengaluru,
ORD000528,CUST0238,EMP019,14-04-2023 01:41,11-05-2023 01:41,Order Confirmed,Paid,Delhi,
ORD000529,CUST0295,EMP003,14-04-2023 01:45,28-04-2023 01:45,Quotation,Paid,Kolkata,
ORD000530,CUST0226,EMP017,14-04-2023 03:36,22-04-2023 03:36,In Production,Overdue,Mumbai,
ORD000531,CUST0387,EMP026,14-04-2023 08:50,24-04-2023 08:50,Delivered,Paid,Pune,18-04-2023 08:50
ORD000532,CUST0030,EMP017,14-04-2023 17:08,10-05-2023 17:08,Cancelled,Paid,Mumbai,
ORD000533,CUST0097,EMP003,14-04-2023 18:54,29-04-2023 18:54,Quotation,Paid,Ahmedabad,
ORD000534,CUST0447,EMP044,14-04-2023 20:22,08-05-2023 20:22,Quotation,Pending,Jaipur,
ORD000535,CUST0442,EMP017,14-04-2023 21:45,01-05-2023 21:45,Order Confirmed,Overdue,Bengaluru,
ORD000536,CUST0410,EMP030,15-04-2023 01:00,13-05-2023 01:00,Delivered,Paid,Ahmedabad,10-05-2023 01:00
ORD000537,CUST0185,EMP044,15-04-2023 05:00,04-05-2023 05:00,Order Confirmed,Paid,Delhi,
ORD000538,CUST0229,EMP026,15-04-2023 11:37,13-05-2023 11:37,Order Confirmed,Partially Paid,Noida,
ORD000539,CUST0013,EMP030,15-04-2023 12:25,28-04-2023 12:25,Delivered,Partially Paid,Mumbai,23-04-2023 12:25
ORD000540,CUST0140,EMP003,15-04-2023 19:04,10-05-2023 19:04,Delivered,Paid,Surat,08-05-2023 19:04
ORD000541,CUST0364,EMP030,15-04-2023 21:05,04-05-2023 21:05,Delivered,Paid,Delhi,28-04-2023 21:05
ORD000542,CUST0172,EMP038,16-04-2023 18:32,27-04-2023 18:32,Order Confirmed,Paid,Delhi,
ORD000543,CUST0241,EMP044,16-04-2023 18:49,28-04-2023 18:49,In Production,Paid,Noida,
ORD000544,CUST0062,EMP003,16-04-2023 22:31,30-04-2023 22:31,Order Confirmed,Partially Paid,Ludhiana,
ORD000545,CUST0249,EMP014,17-04-2023 12:33,27-04-2023 12:33,Delivered,Paid,Jaipur,21-04-2023 12:33
ORD000546,CUST0361,EMP003,17-04-2023 15:21,16-05-2023 15:21,Delivered,Pending,Vadodara,12-05-2023 15:21
ORD000547,CUST0287,EMP044,17-04-2023 20:15,29-04-2023 20:15,Order Confirmed,Partially Paid,Delhi,
ORD000548,CUST0279,EMP014,17-04-2023 21:54,08-05-2023 21:54,Delivered,Partially Paid,Hyderabad,03-05-2023 21:54
ORD000549,CUST0458,EMP026,17-04-2023 22:32,07-05-2023 22:32,Dispatched,Partially Paid,Noida,03-05-2023 22:32
ORD000550,CUST0118,EMP019,17-04-2023 22:44,06-05-2023 22:44,Delivered,Paid,Noida,05-05-2023 22:44
ORD000551,CUST0150,EMP030,18-04-2023 06:28,10-05-2023 06:28,Quotation,Paid,Kolkata,
ORD000552,CUST0312,EMP038,18-04-2023 07:22,16-05-2023 07:22,In Production,Paid,Pune,
ORD000553,CUST0241,EMP017,18-04-2023 11:07,18-05-2023 11:07,Quotation,Pending,Noida,
ORD000554,CUST0490,EMP034,18-04-2023 14:18,15-05-2023 14:18,Delivered,Pending,Mumbai,09-05-2023 14:18
ORD000555,CUST0030,EMP014,18-04-2023 14:52,06-05-2023 14:52,Quotation,Paid,Mumbai,
ORD000556,CUST0062,EMP011,18-04-2023 18:14,12-05-2023 18:14,In Production,Pending,Ludhiana,
ORD000557,CUST0171,EMP011,18-04-2023 20:14,29-04-2023 20:14,Delivered,Paid,Pune,24-04-2023 20:14
ORD000558,CUST0230,EMP017,18-04-2023 22:29,16-05-2023 22:29,Delivered,Paid,Bengaluru,14-05-2023 22:29
ORD000559,CUST0446,EMP026,19-04-2023 02:01,30-04-2023 02:01,Delivered,Paid,Kolkata,29-04-2023 02:01
ORD000560,CUST0248,EMP034,19-04-2023 23:01,28-04-2023 23:01,Delivered,Pending,Pune,24-04-2023 23:01
ORD000561,CUST0219,EMP038,20-04-2023 01:14,16-05-2023 01:14,Delivered,Paid,Chennai,13-05-2023 01:14
ORD000562,CUST0084,EMP026,20-04-2023 04:20,15-05-2023 04:20,Delivered,Paid,Chennai,10-05-2023 04:20
ORD000563,CUST0218,EMP019,20-04-2023 09:15,30-04-2023 09:15,In Production,Partially Paid,Bengaluru,
ORD000564,CUST0266,EMP011,20-04-2023 10:26,20-05-2023 10:26,Quotation,Paid,Pune,
ORD000565,CUST0292,EMP044,20-04-2023 11:12,29-04-2023 11:12,Dispatched,Paid,Chennai,28-04-2023 11:12
ORD000566,CUST0303,EMP017,20-04-2023 11:56,28-04-2023 11:56,Quotation,Paid,Chennai,
ORD000567,CUST0215,EMP034,20-04-2023 14:42,19-05-2023 14:42,Dispatched,Paid,Vadodara,16-05-2023 14:42
ORD000568,CUST0079,EMP030,20-04-2023 15:07,02-05-2023 15:07,Dispatched,Paid,Noida,02-05-2023 15:07
ORD000569,CUST0077,EMP044,20-04-2023 16:53,02-05-2023 16:53,Order Confirmed,Paid,Kolkata,
ORD000570,CUST0078,EMP044,20-04-2023 21:56,16-05-2023 21:56,Delivered,Pending,Noida,12-05-2023 21:56
ORD000571,CUST0310,EMP034,20-04-2023 23:35,11-05-2023 23:35,Delivered,Pending,Hyderabad,09-05-2023 23:35
ORD000572,CUST0429,EMP030,21-04-2023 02:56,10-05-2023 02:56,Delivered,Overdue,Jaipur,09-05-2023 02:56
ORD000573,CUST0442,EMP011,21-04-2023 05:34,21-05-2023 05:34,Cancelled,Paid,Bengaluru,
ORD000574,CUST0156,EMP003,21-04-2023 17:29,30-04-2023 17:29,In Production,Paid,Hyderabad,
ORD000575,CUST0040,EMP026,21-04-2023 21:13,20-05-2023 21:13,In Production,Paid,Jaipur,
ORD000576,CUST0316,EMP034,22-04-2023 02:12,05-05-2023 02:12,Order Confirmed,Paid,Ludhiana,
ORD000577,CUST0020,EMP034,22-04-2023 11:43,13-05-2023 11:43,Delivered,Paid,Jaipur,10-05-2023 11:43
ORD000578,CUST0314,EMP014,22-04-2023 18:20,06-05-2023 18:20,Order Confirmed,Paid,Mumbai,
ORD000579,CUST0192,EMP026,22-04-2023 21:25,06-05-2023 21:25,Delivered,Partially Paid,Kolkata,03-05-2023 21:25
ORD000580,CUST0420,EMP038,23-04-2023 00:58,07-05-2023 00:58,In Production,Pending,Mumbai,
ORD000581,CUST0313,EMP003,23-04-2023 01:16,13-05-2023 01:16,Dispatched,Paid,Pune,11-05-2023 01:16
ORD000582,CUST0370,EMP017,23-04-2023 05:20,21-05-2023 05:20,Dispatched,Overdue,Faridabad,15-05-2023 05:20
ORD000583,CUST0203,EMP044,23-04-2023 15:25,02-05-2023 15:25,In Production,Paid,Bengaluru,
ORD000584,CUST0421,EMP011,23-04-2023 19:24,15-05-2023 19:24,Delivered,Overdue,Bengaluru,15-05-2023 19:24
ORD000585,CUST0263,EMP017,24-04-2023 00:44,21-05-2023 00:44,Delivered,Partially Paid,Vadodara,19-05-2023 00:44
ORD000586,CUST0313,EMP019,24-04-2023 05:24,18-05-2023 05:24,Delivered,Paid,Pune,17-05-2023 05:24
ORD000587,CUST0181,EMP030,24-04-2023 09:30,24-05-2023 09:30,Delivered,Paid,Chennai,18-05-2023 09:30
ORD000588,CUST0225,EMP014,24-04-2023 13:04,01-05-2023 13:04,Dispatched,Paid,Noida,30-04-2023 13:04
ORD000589,CUST0421,EMP034,25-04-2023 00:31,10-05-2023 00:31,Dispatched,Pending,Bengaluru,09-05-2023 00:31
ORD000590,CUST0197,EMP014,25-04-2023 06:11,12-05-2023 06:11,Delivered,Paid,Kolkata,08-05-2023 06:11
ORD000591,CUST0011,EMP017,25-04-2023 19:59,14-05-2023 19:59,In Production,Pending,Kolkata,
ORD000592,CUST0190,EMP026,26-04-2023 00:07,10-05-2023 00:07,Dispatched,Paid,Chennai,09-05-2023 00:07
ORD000593,CUST0196,EMP003,26-04-2023 00:19,09-05-2023 00:19,Order Confirmed,Overdue,Delhi,
ORD000594,CUST0210,EMP034,26-04-2023 01:46,23-05-2023 01:46,Delivered,Paid,Hyderabad,22-05-2023 01:46
ORD000595,CUST0036,EMP030,26-04-2023 04:33,08-05-2023 04:33,Quotation,Partially Paid,Delhi,
ORD000596,CUST0065,EMP038,26-04-2023 10:35,25-05-2023 10:35,On Hold,Pending,Bengaluru,
ORD000597,CUST0163,EMP014,26-04-2023 11:38,03-05-2023 11:38,Order Confirmed,Paid,Delhi,
ORD000598,CUST0212,EMP017,26-04-2023 19:15,13-05-2023 19:15,In Production,Paid,Bengaluru,
ORD000599,CUST0015,EMP038,27-04-2023 01:52,18-05-2023 01:52,Order Confirmed,Paid,Hyderabad,
ORD000600,CUST0195,EMP003,27-04-2023 02:56,27-05-2023 02:56,In Production,Partially Paid,Pune,
ORD000601,CUST0161,EMP019,27-04-2023 09:53,22-05-2023 09:53,In Production,Pending,Kolkata,
ORD000602,CUST0018,EMP019,27-04-2023 17:05,04-05-2023 17:05,Delivered,Paid,Chennai,03-05-2023 17:05
ORD000603,CUST0126,EMP019,27-04-2023 19:52,21-05-2023 19:52,Order Confirmed,Pending,Gurugram,
ORD000604,CUST0138,EMP019,27-04-2023 22:46,11-05-2023 22:46,In Production,Pending,Jaipur,
ORD000605,CUST0072,EMP034,28-04-2023 00:21,25-05-2023 00:21,Order Confirmed,Pending,Kolkata,
ORD000606,CUST0376,EMP011,28-04-2023 08:22,23-05-2023 08:22,In Production,Paid,Hyderabad,
ORD000607,CUST0037,EMP038,28-04-2023 14:17,09-05-2023 14:17,Cancelled,Paid,Hyderabad,
ORD000608,CUST0289,EMP038,28-04-2023 19:02,13-05-2023 19:02,In Production,Overdue,Mumbai,
ORD000609,CUST0333,EMP011,28-04-2023 22:14,24-05-2023 22:14,Delivered,Partially Paid,Pune,21-05-2023 22:14
ORD000610,CUST0404,EMP044,28-04-2023 22:43,27-05-2023 22:43,Dispatched,Partially Paid,Faridabad,22-05-2023 22:43
ORD000611,CUST0273,EMP014,28-04-2023 23:44,19-05-2023 23:44,Dispatched,Pending,Vadodara,16-05-2023 23:44
ORD000612,CUST0272,EMP003,29-04-2023 00:52,11-05-2023 00:52,Delivered,Paid,Bengaluru,05-05-2023 00:52
ORD000613,CUST0381,EMP017,29-04-2023 12:53,15-05-2023 12:53,Quotation,Partially Paid,Kolkata,
ORD000614,CUST0428,EMP034,29-04-2023 15:30,25-05-2023 15:30,Delivered,Partially Paid,Vadodara,24-05-2023 15:30
ORD000615,CUST0106,EMP038,29-04-2023 16:21,20-05-2023 16:21,Dispatched,Pending,Vadodara,15-05-2023 16:21
ORD000616,CUST0399,EMP030,29-04-2023 21:44,10-05-2023 21:44,In Production,Pending,Faridabad,
ORD000617,CUST0232,EMP038,30-04-2023 07:38,13-05-2023 07:38,Cancelled,Paid,Gurugram,
ORD000618,CUST0050,EMP014,30-04-2023 14:28,11-05-2023 14:28,In Production,Paid,Vadodara,
ORD000619,CUST0307,EMP038,01-05-2023 04:12,19-05-2023 04:12,On Hold,Pending,Mumbai,
ORD000620,CUST0489,EMP030,01-05-2023 14:19,18-05-2023 14:19,Cancelled,Partially Paid,Hyderabad,
ORD000621,CUST0071,EMP011,02-05-2023 02:05,22-05-2023 02:05,In Production,Paid,Surat,
ORD000622,CUST0008,EMP011,02-05-2023 03:31,31-05-2023 03:31,In Production,Overdue,Noida,
ORD000623,CUST0459,EMP014,02-05-2023 07:13,24-05-2023 07:13,Delivered,Paid,Kolkata,19-05-2023 07:13
ORD000624,CUST0299,EMP003,02-05-2023 10:14,23-05-2023 10:14,Order Confirmed,Paid,Jaipur,
ORD000625,CUST0110,EMP014,02-05-2023 14:27,17-05-2023 14:27,Delivered,Overdue,Mumbai,17-05-2023 14:27
ORD000626,CUST0397,EMP044,03-05-2023 00:00,25-05-2023 00:00,Order Confirmed,Partially Paid,Jaipur,
ORD000627,CUST0197,EMP014,03-05-2023 06:19,01-06-2023 06:19,Order Confirmed,Pending,Kolkata,
ORD000628,CUST0166,EMP030,03-05-2023 11:16,10-05-2023 11:16,Dispatched,Pending,Hyderabad,06-05-2023 11:16
ORD000629,CUST0145,EMP044,03-05-2023 12:43,18-05-2023 12:43,Delivered,Paid,Kolkata,12-05-2023 12:43
ORD000630,CUST0300,EMP014,04-05-2023 03:26,12-05-2023 03:26,Delivered,Paid,Ludhiana,08-05-2023 03:26
ORD000631,CUST0068,EMP030,04-05-2023 08:12,15-05-2023 08:12,Delivered,Pending,Hyderabad,14-05-2023 08:12
ORD000632,CUST0182,EMP019,04-05-2023 18:30,12-05-2023 18:30,In Production,Paid,Mumbai,
ORD000633,CUST0153,EMP014,04-05-2023 20:43,25-05-2023 20:43,Dispatched,Paid,Surat,22-05-2023 20:43
ORD000634,CUST0031,EMP044,04-05-2023 21:17,30-05-2023 21:17,Order Confirmed,Paid,Delhi,
ORD000635,CUST0382,EMP030,04-05-2023 21:26,02-06-2023 21:26,In Production,Paid,Noida,
ORD000636,CUST0005,EMP019,04-05-2023 23:27,16-05-2023 23:27,In Production,Paid,Surat,
ORD000637,CUST0480,EMP038,05-05-2023 00:42,28-05-2023 00:42,Delivered,Paid,Jaipur,22-05-2023 00:42
ORD000638,CUST0048,EMP044,05-05-2023 01:30,19-05-2023 01:30,Order Confirmed,Pending,Ahmedabad,
ORD000639,CUST0180,EMP034,05-05-2023 03:07,19-05-2023 03:07,Quotation,Paid,Jaipur,
ORD000640,CUST0050,EMP038,05-05-2023 08:28,26-05-2023 08:28,Delivered,Paid,Vadodara,24-05-2023 08:28
ORD000641,CUST0184,EMP017,05-05-2023 12:00,28-05-2023 12:00,Quotation,Paid,Pune,
ORD000642,CUST0306,EMP017,05-05-2023 21:56,26-05-2023 21:56,On Hold,Partially Paid,Bengaluru,
ORD000643,CUST0044,EMP014,06-05-2023 01:15,15-05-2023 01:15,In Production,Paid,Mumbai,
ORD000644,CUST0263,EMP030,06-05-2023 09:27,22-05-2023 09:27,Quotation,Paid,Vadodara,
ORD000645,CUST0386,EMP038,06-05-2023 10:14,19-05-2023 10:14,Delivered,Partially Paid,Noida,16-05-2023 10:14
ORD000646,CUST0228,EMP030,06-05-2023 11:29,13-05-2023 11:29,Delivered,Paid,Ludhiana,09-05-2023 11:29
ORD000647,CUST0057,EMP026,06-05-2023 13:24,13-05-2023 13:24,Delivered,Paid,Ludhiana,08-05-2023 13:24
ORD000648,CUST0346,EMP034,06-05-2023 22:51,23-05-2023 22:51,Dispatched,Pending,Ludhiana,17-05-2023 22:51
ORD000649,CUST0094,EMP011,07-05-2023 02:02,16-05-2023 02:02,In Production,Paid,Kolkata,
ORD000650,CUST0009,EMP017,07-05-2023 02:46,31-05-2023 02:46,Delivered,Paid,Surat,27-05-2023 02:46
ORD000651,CUST0219,EMP034,07-05-2023 04:48,15-05-2023 04:48,In Production,Paid,Chennai,
ORD000652,CUST0136,EMP003,07-05-2023 05:07,19-05-2023 05:07,Delivered,Partially Paid,Pune,16-05-2023 05:07
ORD000653,CUST0015,EMP044,07-05-2023 06:24,06-06-2023 06:24,In Production,Pending,Hyderabad,
ORD000654,CUST0389,EMP011,07-05-2023 11:50,31-05-2023 11:50,In Production,Partially Paid,Hyderabad,
ORD000655,CUST0300,EMP034,07-05-2023 15:34,27-05-2023 15:34,Order Confirmed,Overdue,Ludhiana,
ORD000656,CUST0455,EMP030,07-05-2023 17:29,14-05-2023 17:29,Delivered,Partially Paid,Gurugram,12-05-2023 17:29
ORD000657,CUST0241,EMP038,08-05-2023 12:23,16-05-2023 12:23,In Production,Paid,Noida,
ORD000658,CUST0220,EMP034,08-05-2023 15:42,05-06-2023 15:42,On Hold,Paid,Noida,
ORD000659,CUST0422,EMP026,08-05-2023 16:31,03-06-2023 16:31,Order Confirmed,Partially Paid,Surat,
ORD000660,CUST0041,EMP034,08-05-2023 22:18,06-06-2023 22:18,Dispatched,Partially Paid,Mumbai,02-06-2023 22:18
ORD000661,CUST0181,EMP017,08-05-2023 22:44,03-06-2023 22:44,In Production,Paid,Chennai,
ORD000662,CUST0400,EMP026,09-05-2023 02:19,16-05-2023 02:19,Delivered,Paid,Mumbai,16-05-2023 02:19
ORD000663,CUST0147,EMP044,09-05-2023 05:44,04-06-2023 05:44,Delivered,Paid,Bengaluru,01-06-2023 05:44
ORD000664,CUST0443,EMP003,09-05-2023 10:14,26-05-2023 10:14,Dispatched,Paid,Kolkata,24-05-2023 10:14
ORD000665,CUST0143,EMP017,09-05-2023 20:56,01-06-2023 20:56,In Production,Partially Paid,Jaipur,
ORD000666,CUST0207,EMP003,10-05-2023 01:11,26-05-2023 01:11,Delivered,Partially Paid,Ahmedabad,20-05-2023 01:11
ORD000667,CUST0449,EMP026,10-05-2023 02:53,03-06-2023 02:53,Order Confirmed,Pending,Ahmedabad,
ORD000668,CUST0122,EMP034,10-05-2023 07:37,06-06-2023 07:37,Delivered,Paid,Chennai,01-06-2023 07:37
ORD000669,CUST0485,EMP003,10-05-2023 10:39,09-06-2023 10:39,Delivered,Pending,Chennai,08-06-2023 10:39
ORD000670,CUST0022,EMP026,10-05-2023 17:54,29-05-2023 17:54,In Production,Paid,Ludhiana,
ORD000671,CUST0133,EMP019,11-05-2023 10:28,24-05-2023 10:28,Delivered,Paid,Ahmedabad,20-05-2023 10:28
ORD000672,CUST0296,EMP034,12-05-2023 11:31,02-06-2023 11:31,Delivered,Pending,Hyderabad,30-05-2023 11:31
ORD000673,CUST0298,EMP014,12-05-2023 14:23,30-05-2023 14:23,Order Confirmed,Overdue,Ahmedabad,
ORD000674,CUST0455,EMP011,12-05-2023 15:37,23-05-2023 15:37,In Production,Overdue,Gurugram,
ORD000675,CUST0480,EMP003,12-05-2023 20:57,05-06-2023 20:57,In Production,Paid,Jaipur,
ORD000676,CUST0339,EMP019,12-05-2023 22:10,20-05-2023 22:10,Delivered,Paid,Gurugram,15-05-2023 22:10
ORD000677,CUST0330,EMP019,13-05-2023 05:24,29-05-2023 05:24,Delivered,Partially Paid,Ahmedabad,26-05-2023 05:24
ORD000678,CUST0159,EMP044,13-05-2023 05:37,05-06-2023 05:37,Dispatched,Pending,Mumbai,01-06-2023 05:37
ORD000679,CUST0403,EMP019,14-05-2023 01:14,12-06-2023 01:14,In Production,Paid,Pune,
ORD000680,CUST0322,EMP011,14-05-2023 02:34,04-06-2023 02:34,Quotation,Paid,Gurugram,
ORD000681,CUST0013,EMP030,14-05-2023 13:24,13-06-2023 13:24,Quotation,Paid,Mumbai,
ORD000682,CUST0417,EMP003,14-05-2023 16:15,09-06-2023 16:15,Order Confirmed,Paid,Ludhiana,
ORD000683,CUST0180,EMP017,14-05-2023 17:06,26-05-2023 17:06,Order Confirmed,Paid,Jaipur,
ORD000684,CUST0238,EMP030,15-05-2023 02:21,11-06-2023 02:21,Order Confirmed,Partially Paid,Delhi,
ORD000685,CUST0244,EMP014,15-05-2023 06:12,30-05-2023 06:12,Delivered,Paid,Hyderabad,25-05-2023 06:12
ORD000686,CUST0410,EMP026,15-05-2023 14:27,06-06-2023 14:27,Delivered,Partially Paid,Ahmedabad,01-06-2023 14:27
ORD000687,CUST0134,EMP019,15-05-2023 16:42,26-05-2023 16:42,Quotation,Partially Paid,Ludhiana,
ORD000688,CUST0196,EMP044,16-05-2023 00:24,04-06-2023 00:24,Delivered,Paid,Delhi,30-05-2023 00:24
ORD000689,CUST0020,EMP014,16-05-2023 02:33,08-06-2023 02:33,Order Confirmed,Paid,Jaipur,
ORD000690,CUST0175,EMP044,16-05-2023 02:49,13-06-2023 02:49,In Production,Pending,Faridabad,
ORD000691,CUST0045,EMP030,16-05-2023 03:15,14-06-2023 03:15,On Hold,Paid,Bengaluru,
ORD000692,CUST0292,EMP034,16-05-2023 09:55,11-06-2023 09:55,Dispatched,Pending,Chennai,09-06-2023 09:55
ORD000693,CUST0447,EMP011,16-05-2023 17:57,05-06-2023 17:57,Quotation,Paid,Jaipur,
ORD000694,CUST0233,EMP003,16-05-2023 22:33,13-06-2023 22:33,In Production,Paid,Pune,
ORD000695,CUST0457,EMP034,16-05-2023 23:20,25-05-2023 23:20,Delivered,Overdue,Delhi,20-05-2023 23:20
ORD000696,CUST0489,EMP019,17-05-2023 02:21,16-06-2023 02:21,Order Confirmed,Paid,Hyderabad,
ORD000697,CUST0027,EMP017,17-05-2023 04:44,28-05-2023 04:44,On Hold,Paid,Bengaluru,
ORD000698,CUST0259,EMP038,17-05-2023 12:28,02-06-2023 12:28,Dispatched,Pending,Pune,31-05-2023 12:28
ORD000699,CUST0265,EMP017,17-05-2023 14:33,14-06-2023 14:33,Quotation,Paid,Bengaluru,
ORD000700,CUST0193,EMP019,17-05-2023 20:19,10-06-2023 20:19,Delivered,Paid,Jaipur,05-06-2023 20:19
ORD000701,CUST0416,EMP034,18-05-2023 09:14,14-06-2023 09:14,Delivered,Overdue,Jaipur,08-06-2023 09:14
ORD000702,CUST0198,EMP044,18-05-2023 13:48,10-06-2023 13:48,Dispatched,Paid,Gurugram,07-06-2023 13:48
ORD000703,CUST0028,EMP038,19-05-2023 01:13,09-06-2023 01:13,Cancelled,Paid,Gurugram,
ORD000704,CUST0274,EMP030,19-05-2023 12:55,30-05-2023 12:55,Cancelled,Pending,Mumbai,
ORD000705,CUST0101,EMP011,19-05-2023 23:34,18-06-2023 23:34,Order Confirmed,Pending,Noida,
ORD000706,CUST0178,EMP011,20-05-2023 00:59,11-06-2023 00:59,Quotation,Paid,Bengaluru,
ORD000707,CUST0251,EMP030,20-05-2023 05:11,12-06-2023 05:11,In Production,Paid,Vadodara,
ORD000708,CUST0362,EMP026,20-05-2023 09:44,06-06-2023 09:44,Delivered,Pending,Chennai,31-05-2023 09:44
ORD000709,CUST0140,EMP011,20-05-2023 10:21,18-06-2023 10:21,Delivered,Pending,Surat,17-06-2023 10:21
ORD000710,CUST0191,EMP030,20-05-2023 15:25,06-06-2023 15:25,In Production,Paid,Gurugram,
ORD000711,CUST0034,EMP044,20-05-2023 19:29,31-05-2023 19:29,Cancelled,Paid,Noida,
ORD000712,CUST0193,EMP003,20-05-2023 23:37,31-05-2023 23:37,In Production,Paid,Jaipur,
ORD000713,CUST0291,EMP038,21-05-2023 02:35,13-06-2023 02:35,Delivered,Paid,Pune,11-06-2023 02:35
ORD000714,CUST0309,EMP017,21-05-2023 03:59,14-06-2023 03:59,Delivered,Pending,Surat,08-06-2023 03:59
ORD000715,CUST0147,EMP017,21-05-2023 06:32,01-06-2023 06:32,Order Confirmed,Overdue,Bengaluru,
ORD000716,CUST0031,EMP034,21-05-2023 10:31,13-06-2023 10:31,Order Confirmed,Paid,Delhi,
ORD000717,CUST0289,EMP014,21-05-2023 17:37,20-06-2023 17:37,Order Confirmed,Overdue,Mumbai,
ORD000718,CUST0328,EMP011,21-05-2023 19:38,09-06-2023 19:38,Cancelled,Pending,Ludhiana,
ORD000719,CUST0043,EMP044,21-05-2023 23:04,20-06-2023 23:04,In Production,Partially Paid,Ludhiana,
ORD000720,CUST0253,EMP017,22-05-2023 01:45,01-06-2023 01:45,Delivered,Overdue,Bengaluru,27-05-2023 01:45
ORD000721,CUST0048,EMP011,22-05-2023 06:27,07-06-2023 06:27,Dispatched,Paid,Ahmedabad,05-06-2023 06:27
ORD000722,CUST0227,EMP030,22-05-2023 07:57,11-06-2023 07:57,Dispatched,Pending,Noida,08-06-2023 07:57
ORD000723,CUST0321,EMP014,22-05-2023 11:36,06-06-2023 11:36,Cancelled,Paid,Noida,
ORD000724,CUST0360,EMP034,22-05-2023 11:51,31-05-2023 11:51,Dispatched,Paid,Pune,31-05-2023 11:51
ORD000725,CUST0357,EMP003,22-05-2023 15:56,08-06-2023 15:56,Delivered,Paid,Noida,03-06-2023 15:56
ORD000726,CUST0380,EMP026,22-05-2023 22:19,06-06-2023 22:19,Dispatched,Paid,Faridabad,06-06-2023 22:19
ORD000727,CUST0121,EMP019,23-05-2023 05:52,03-06-2023 05:52,Order Confirmed,Partially Paid,Bengaluru,
ORD000728,CUST0424,EMP044,23-05-2023 09:57,07-06-2023 09:57,Quotation,Paid,Pune,
ORD000729,CUST0175,EMP026,24-05-2023 04:43,10-06-2023 04:43,Order Confirmed,Paid,Faridabad,
ORD000730,CUST0188,EMP044,24-05-2023 13:00,21-06-2023 13:00,Delivered,Paid,Kolkata,18-06-2023 13:00
ORD000731,CUST0394,EMP014,24-05-2023 13:48,11-06-2023 13:48,In Production,Paid,Kolkata,
ORD000732,CUST0164,EMP019,25-05-2023 04:19,10-06-2023 04:19,Dispatched,Paid,Hyderabad,07-06-2023 04:19
ORD000733,CUST0038,EMP038,25-05-2023 04:43,10-06-2023 04:43,Order Confirmed,Paid,Ludhiana,
ORD000734,CUST0358,EMP011,25-05-2023 06:18,15-06-2023 06:18,Delivered,Overdue,Delhi,11-06-2023 06:18
ORD000735,CUST0332,EMP044,25-05-2023 13:06,07-06-2023 13:06,Delivered,Pending,Hyderabad,05-06-2023 13:06
ORD000736,CUST0291,EMP034,25-05-2023 15:07,21-06-2023 15:07,Delivered,Paid,Pune,21-06-2023 15:07
ORD000737,CUST0072,EMP030,26-05-2023 06:49,12-06-2023 06:49,On Hold,Partially Paid,Kolkata,
ORD000738,CUST0316,EMP014,26-05-2023 21:36,12-06-2023 21:36,Quotation,Partially Paid,Ludhiana,
ORD000739,CUST0100,EMP038,27-05-2023 02:34,04-06-2023 02:34,Quotation,Paid,Pune,
ORD000740,CUST0278,EMP038,27-05-2023 02:39,24-06-2023 02:39,Dispatched,Paid,Ludhiana,20-06-2023 02:39
ORD000741,CUST0254,EMP014,27-05-2023 03:41,14-06-2023 03:41,In Production,Paid,Hyderabad,
ORD000742,CUST0387,EMP026,27-05-2023 04:26,06-06-2023 04:26,Delivered,Paid,Pune,31-05-2023 04:26
ORD000743,CUST0489,EMP003,27-05-2023 11:32,07-06-2023 11:32,Delivered,Pending,Hyderabad,03-06-2023 11:32
ORD000744,CUST0096,EMP017,27-05-2023 14:52,11-06-2023 14:52,Order Confirmed,Paid,Jaipur,
ORD000745,CUST0058,EMP011,27-05-2023 18:17,21-06-2023 18:17,Cancelled,Paid,Vadodara,
ORD000746,CUST0278,EMP026,28-05-2023 00:36,06-06-2023 00:36,Quotation,Paid,Ludhiana,
ORD000747,CUST0476,EMP026,28-05-2023 02:41,06-06-2023 02:41,Delivered,Partially Paid,Vadodara,06-06-2023 02:41
ORD000748,CUST0080,EMP026,28-05-2023 04:25,17-06-2023 04:25,In Production,Overdue,Kolkata,
ORD000749,CUST0244,EMP030,28-05-2023 09:19,15-06-2023 09:19,Delivered,Paid,Hyderabad,15-06-2023 09:19
ORD000750,CUST0204,EMP044,28-05-2023 16:03,26-06-2023 16:03,Order Confirmed,Paid,Hyderabad,
ORD000751,CUST0160,EMP011,28-05-2023 18:01,22-06-2023 18:01,Cancelled,Partially Paid,Hyderabad,
ORD000752,CUST0332,EMP014,29-05-2023 02:17,20-06-2023 02:17,Cancelled,Paid,Hyderabad,
ORD000753,CUST0148,EMP014,29-05-2023 04:19,13-06-2023 04:19,Dispatched,Paid,Vadodara,12-06-2023 04:19
ORD000754,CUST0247,EMP044,29-05-2023 11:30,20-06-2023 11:30,Dispatched,Partially Paid,Kolkata,18-06-2023 11:30
ORD000755,CUST0423,EMP003,29-05-2023 13:58,19-06-2023 13:58,Delivered,Paid,Chennai,19-06-2023 13:58
ORD000756,CUST0190,EMP003,29-05-2023 14:34,11-06-2023 14:34,Delivered,Paid,Chennai,05-06-2023 14:34
ORD000757,CUST0011,EMP011,29-05-2023 16:12,13-06-2023 16:12,Delivered,Paid,Kolkata,08-06-2023 16:12
ORD000758,CUST0443,EMP034,29-05-2023 19:37,27-06-2023 19:37,Delivered,Paid,Kolkata,22-06-2023 19:37
ORD000759,CUST0138,EMP026,30-05-2023 03:17,18-06-2023 03:17,Delivered,Pending,Jaipur,12-06-2023 03:17
ORD000760,CUST0387,EMP044,30-05-2023 07:02,17-06-2023 07:02,Delivered,Paid,Pune,11-06-2023 07:02
ORD000761,CUST0382,EMP014,30-05-2023 10:46,25-06-2023 10:46,Order Confirmed,Paid,Noida,
ORD000762,CUST0264,EMP017,30-05-2023 11:03,12-06-2023 11:03,Cancelled,Partially Paid,Hyderabad,
ORD000763,CUST0044,EMP026,30-05-2023 11:32,11-06-2023 11:32,Order Confirmed,Pending,Mumbai,
ORD000764,CUST0476,EMP003,30-05-2023 16:05,29-06-2023 16:05,Order Confirmed,Paid,Vadodara,
ORD000765,CUST0341,EMP044,30-05-2023 20:38,25-06-2023 20:38,On Hold,Partially Paid,Mumbai,
ORD000766,CUST0213,EMP038,31-05-2023 06:42,17-06-2023 06:42,Order Confirmed,Partially Paid,Surat,
ORD000767,CUST0427,EMP011,31-05-2023 06:59,29-06-2023 06:59,Order Confirmed,Paid,Surat,
ORD000768,CUST0395,EMP038,31-05-2023 10:57,15-06-2023 10:57,Delivered,Paid,Bengaluru,14-06-2023 10:57
ORD000769,CUST0381,EMP019,31-05-2023 12:36,23-06-2023 12:36,Delivered,Partially Paid,Kolkata,23-06-2023 12:36
ORD000770,CUST0084,EMP017,31-05-2023 20:25,07-06-2023 20:25,Quotation,Paid,Chennai,
ORD000771,CUST0317,EMP044,01-06-2023 02:59,24-06-2023 02:59,Dispatched,Paid,Faridabad,19-06-2023 02:59
ORD000772,CUST0143,EMP026,02-06-2023 00:52,13-06-2023 00:52,Quotation,Paid,Jaipur,
ORD000773,CUST0040,EMP014,02-06-2023 01:10,14-06-2023 01:10,Dispatched,Paid,Jaipur,08-06-2023 01:10
ORD000774,CUST0170,EMP038,02-06-2023 04:55,28-06-2023 04:55,In Production,Paid,Mumbai,
ORD000775,CUST0053,EMP034,02-06-2023 07:14,13-06-2023 07:14,Order Confirmed,Paid,Kolkata,
ORD000776,CUST0053,EMP011,02-06-2023 15:30,20-06-2023 15:30,Cancelled,Pending,Kolkata,
ORD000777,CUST0364,EMP030,02-06-2023 17:46,01-07-2023 17:46,Delivered,Pending,Delhi,27-06-2023 17:46
ORD000778,CUST0251,EMP030,02-06-2023 23:41,01-07-2023 23:41,Delivered,Paid,Vadodara,25-06-2023 23:41
ORD000779,CUST0199,EMP014,03-06-2023 00:06,20-06-2023 00:06,Cancelled,Paid,Ludhiana,
ORD000780,CUST0097,EMP019,03-06-2023 16:13,12-06-2023 16:13,Cancelled,Overdue,Ahmedabad,
ORD000781,CUST0386,EMP038,03-06-2023 21:03,16-06-2023 21:03,Delivered,Partially Paid,Noida,12-06-2023 21:03
ORD000782,CUST0318,EMP011,03-06-2023 22:36,24-06-2023 22:36,In Production,Partially Paid,Delhi,
ORD000783,CUST0293,EMP034,04-06-2023 01:04,19-06-2023 01:04,Delivered,Paid,Gurugram,16-06-2023 01:04
ORD000784,CUST0096,EMP038,04-06-2023 03:00,28-06-2023 03:00,Dispatched,Paid,Jaipur,28-06-2023 03:00
ORD000785,CUST0062,EMP044,04-06-2023 10:40,04-07-2023 10:40,In Production,Paid,Ludhiana,
ORD000786,CUST0062,EMP017,04-06-2023 11:44,25-06-2023 11:44,In Production,Pending,Ludhiana,
ORD000787,CUST0013,EMP014,04-06-2023 12:29,25-06-2023 12:29,In Production,Pending,Mumbai,
ORD000788,CUST0485,EMP044,04-06-2023 18:19,23-06-2023 18:19,Dispatched,Paid,Chennai,19-06-2023 18:19
ORD000789,CUST0184,EMP019,05-06-2023 01:51,16-06-2023 01:51,Delivered,Partially Paid,Pune,14-06-2023 01:51
ORD000790,CUST0330,EMP026,05-06-2023 07:34,25-06-2023 07:34,Dispatched,Pending,Ahmedabad,24-06-2023 07:34
ORD000791,CUST0492,EMP026,05-06-2023 07:51,04-07-2023 07:51,In Production,Pending,Gurugram,
ORD000792,CUST0469,EMP026,05-06-2023 10:52,28-06-2023 10:52,Order Confirmed,Paid,Ludhiana,
ORD000793,CUST0161,EMP030,05-06-2023 18:28,30-06-2023 18:28,Delivered,Paid,Kolkata,24-06-2023 18:28
ORD000794,CUST0245,EMP019,05-06-2023 19:15,02-07-2023 19:15,Dispatched,Overdue,Gurugram,28-06-2023 19:15
ORD000795,CUST0232,EMP017,05-06-2023 21:06,21-06-2023 21:06,Dispatched,Paid,Gurugram,18-06-2023 21:06
ORD000796,CUST0017,EMP019,06-06-2023 04:23,21-06-2023 04:23,Delivered,Paid,Pune,16-06-2023 04:23
ORD000797,CUST0385,EMP030,06-06-2023 08:46,06-07-2023 08:46,Delivered,Paid,Faridabad,01-07-2023 08:46
ORD000798,CUST0288,EMP038,06-06-2023 12:40,24-06-2023 12:40,Dispatched,Paid,Faridabad,21-06-2023 12:40
ORD000799,CUST0186,EMP026,06-06-2023 16:21,30-06-2023 16:21,Delivered,Paid,Delhi,24-06-2023 16:21
ORD000800,CUST0280,EMP030,06-06-2023 18:03,28-06-2023 18:03,Order Confirmed,Paid,Delhi,
ORD000801,CUST0368,EMP019,06-06-2023 18:05,15-06-2023 18:05,Cancelled,Overdue,Pune,
ORD000802,CUST0008,EMP034,06-06-2023 18:40,20-06-2023 18:40,Delivered,Paid,Noida,20-06-2023 18:40
ORD000803,CUST0324,EMP017,07-06-2023 05:25,21-06-2023 05:25,Delivered,Overdue,Ludhiana,18-06-2023 05:25
ORD000804,CUST0431,EMP019,07-06-2023 13:48,18-06-2023 13:48,Order Confirmed,Pending,Ludhiana,
ORD000805,CUST0364,EMP003,07-06-2023 22:03,02-07-2023 22:03,Delivered,Pending,Delhi,30-06-2023 22:03
ORD000806,CUST0310,EMP014,08-06-2023 00:23,08-07-2023 00:23,In Production,Paid,Hyderabad,
ORD000807,CUST0046,EMP034,08-06-2023 03:06,08-07-2023 03:06,Dispatched,Pending,Mumbai,08-07-2023 03:06
ORD000808,CUST0373,EMP003,08-06-2023 04:42,19-06-2023 04:42,Delivered,Paid,Kolkata,14-06-2023 04:42
ORD000809,CUST0376,EMP014,08-06-2023 10:03,25-06-2023 10:03,Delivered,Paid,Hyderabad,25-06-2023 10:03
ORD000810,CUST0247,EMP034,08-06-2023 12:52,20-06-2023 12:52,In Production,Overdue,Kolkata,
ORD000811,CUST0292,EMP038,08-06-2023 22:57,16-06-2023 22:57,Delivered,Paid,Chennai,12-06-2023 22:57
ORD000812,CUST0310,EMP019,09-06-2023 05:15,30-06-2023 05:15,Order Confirmed,Pending,Hyderabad,
ORD000813,CUST0061,EMP019,09-06-2023 05:21,06-07-2023 05:21,Delivered,Paid,Mumbai,01-07-2023 05:21
ORD000814,CUST0129,EMP026,09-06-2023 12:51,17-06-2023 12:51,Order Confirmed,Paid,Delhi,
ORD000815,CUST0397,EMP034,09-06-2023 20:26,01-07-2023 20:26,In Production,Partially Paid,Jaipur,
ORD000816,CUST0487,EMP019,09-06-2023 23:07,16-06-2023 23:07,Delivered,Partially Paid,Delhi,13-06-2023 23:07
ORD000817,CUST0136,EMP011,09-06-2023 23:14,06-07-2023 23:14,Quotation,Paid,Pune,
ORD000818,CUST0201,EMP019,10-06-2023 01:02,18-06-2023 01:02,Cancelled,Pending,Delhi,
ORD000819,CUST0458,EMP014,10-06-2023 01:37,27-06-2023 01:37,In Production,Paid,Noida,
ORD000820,CUST0082,EMP030,10-06-2023 02:20,19-06-2023 02:20,Delivered,Paid,Ahmedabad,18-06-2023 02:20
ORD000821,CUST0131,EMP011,10-06-2023 04:49,26-06-2023 04:49,Order Confirmed,Partially Paid,Delhi,
ORD000822,CUST0028,EMP030,10-06-2023 10:59,27-06-2023 10:59,Delivered,Paid,Gurugram,21-06-2023 10:59
ORD000823,CUST0118,EMP011,10-06-2023 17:56,29-06-2023 17:56,Cancelled,Paid,Noida,
ORD000824,CUST0319,EMP044,10-06-2023 20:01,06-07-2023 20:01,Delivered,Paid,Hyderabad,02-07-2023 20:01
ORD000825,CUST0175,EMP030,10-06-2023 20:21,10-07-2023 20:21,In Production,Paid,Faridabad,
ORD000826,CUST0492,EMP011,11-06-2023 14:44,26-06-2023 14:44,Delivered,Overdue,Gurugram,26-06-2023 14:44
ORD000827,CUST0446,EMP044,11-06-2023 16:20,10-07-2023 16:20,Delivered,Paid,Kolkata,05-07-2023 16:20
ORD000828,CUST0448,EMP026,11-06-2023 16:41,28-06-2023 16:41,Order Confirmed,Partially Paid,Bengaluru,
ORD000829,CUST0364,EMP030,11-06-2023 18:35,20-06-2023 18:35,Delivered,Partially Paid,Delhi,19-06-2023 18:35
ORD000830,CUST0352,EMP003,11-06-2023 21:54,02-07-2023 21:54,Delivered,Paid,Ludhiana,28-06-2023 21:54
ORD000831,CUST0255,EMP011,12-06-2023 06:10,06-07-2023 06:10,Delivered,Overdue,Noida,05-07-2023 06:10
ORD000832,CUST0496,EMP038,12-06-2023 14:13,26-06-2023 14:13,In Production,Paid,Delhi,
ORD000833,CUST0048,EMP019,12-06-2023 18:46,03-07-2023 18:46,In Production,Paid,Ahmedabad,
ORD000834,CUST0362,EMP030,12-06-2023 19:42,29-06-2023 19:42,On Hold,Pending,Chennai,
ORD000835,CUST0071,EMP044,13-06-2023 04:24,23-06-2023 04:24,Delivered,Partially Paid,Surat,19-06-2023 04:24
ORD000836,CUST0170,EMP019,13-06-2023 07:03,29-06-2023 07:03,Dispatched,Paid,Mumbai,24-06-2023 07:03
ORD000837,CUST0128,EMP017,13-06-2023 14:13,30-06-2023 14:13,On Hold,Pending,Mumbai,
ORD000838,CUST0301,EMP038,13-06-2023 15:57,28-06-2023 15:57,Order Confirmed,Overdue,Hyderabad,
ORD000839,CUST0394,EMP003,13-06-2023 16:47,11-07-2023 16:47,In Production,Paid,Kolkata,
ORD000840,CUST0040,EMP019,13-06-2023 22:30,29-06-2023 22:30,Delivered,Partially Paid,Jaipur,24-06-2023 22:30
ORD000841,CUST0301,EMP038,14-06-2023 13:33,06-07-2023 13:33,Delivered,Paid,Hyderabad,01-07-2023 13:33
ORD000842,CUST0111,EMP014,14-06-2023 13:34,21-06-2023 13:34,On Hold,Paid,Surat,
ORD000843,CUST0039,EMP017,15-06-2023 02:26,29-06-2023 02:26,Delivered,Paid,Gurugram,25-06-2023 02:26
ORD000844,CUST0209,EMP019,15-06-2023 07:08,13-07-2023 07:08,In Production,Paid,Ahmedabad,
ORD000845,CUST0291,EMP003,15-06-2023 10:31,13-07-2023 10:31,In Production,Partially Paid,Pune,
ORD000846,CUST0101,EMP003,15-06-2023 14:38,15-07-2023 14:38,Order Confirmed,Paid,Noida,
ORD000847,CUST0195,EMP014,15-06-2023 16:30,23-06-2023 16:30,Cancelled,Paid,Pune,
ORD000848,CUST0477,EMP038,16-06-2023 00:43,13-07-2023 00:43,Order Confirmed,Paid,Jaipur,
ORD000849,CUST0174,EMP014,16-06-2023 07:18,29-06-2023 07:18,Delivered,Paid,Noida,24-06-2023 07:18
ORD000850,CUST0498,EMP034,16-06-2023 11:57,23-06-2023 11:57,In Production,Paid,Noida,
ORD000851,CUST0418,EMP019,16-06-2023 14:16,25-06-2023 14:16,Order Confirmed,Paid,Noida,
ORD000852,CUST0186,EMP034,16-06-2023 17:01,11-07-2023 17:01,In Production,Paid,Delhi,
ORD000853,CUST0289,EMP017,16-06-2023 17:54,07-07-2023 17:54,Delivered,Paid,Mumbai,01-07-2023 17:54
ORD000854,CUST0355,EMP038,16-06-2023 19:46,06-07-2023 19:46,Quotation,Paid,Delhi,
ORD000855,CUST0233,EMP017,17-06-2023 01:18,15-07-2023 01:18,On Hold,Paid,Pune,
ORD000856,CUST0204,EMP034,17-06-2023 02:09,26-06-2023 02:09,Cancelled,Paid,Hyderabad,
ORD000857,CUST0165,EMP038,17-06-2023 14:49,25-06-2023 14:49,Order Confirmed,Partially Paid,Bengaluru,
ORD000858,CUST0070,EMP019,17-06-2023 15:48,16-07-2023 15:48,Delivered,Partially Paid,Bengaluru,10-07-2023 15:48
ORD000859,CUST0013,EMP030,18-06-2023 07:05,09-07-2023 07:05,In Production,Paid,Mumbai,
ORD000860,CUST0169,EMP011,19-06-2023 12:07,14-07-2023 12:07,Quotation,Paid,Vadodara,
ORD000861,CUST0398,EMP019,19-06-2023 14:04,08-07-2023 14:04,In Production,Paid,Jaipur,
ORD000862,CUST0117,EMP017,19-06-2023 18:29,29-06-2023 18:29,Delivered,Paid,Delhi,24-06-2023 18:29
ORD000863,CUST0090,EMP044,20-06-2023 01:28,09-07-2023 01:28,Delivered,Paid,Bengaluru,06-07-2023 01:28
ORD000864,CUST0165,EMP044,20-06-2023 05:48,20-07-2023 05:48,Order Confirmed,Overdue,Bengaluru,
ORD000865,CUST0300,EMP034,20-06-2023 07:16,29-06-2023 07:16,Delivered,Paid,Ludhiana,27-06-2023 07:16
ORD000866,CUST0108,EMP044,20-06-2023 09:17,30-06-2023 09:17,Delivered,Paid,Ludhiana,28-06-2023 09:17
ORD000867,CUST0111,EMP044,20-06-2023 12:23,05-07-2023 12:23,Delivered,Pending,Surat,01-07-2023 12:23
ORD000868,CUST0057,EMP034,20-06-2023 17:49,07-07-2023 17:49,Delivered,Overdue,Ludhiana,03-07-2023 17:49
ORD000869,CUST0167,EMP026,20-06-2023 19:52,12-07-2023 19:52,Delivered,Paid,Chennai,10-07-2023 19:52
ORD000870,CUST0109,EMP014,20-06-2023 20:36,30-06-2023 20:36,Delivered,Paid,Pune,28-06-2023 20:36
ORD000871,CUST0416,EMP038,21-06-2023 12:29,20-07-2023 12:29,Order Confirmed,Paid,Jaipur,
ORD000872,CUST0453,EMP011,21-06-2023 17:51,01-07-2023 17:51,Delivered,Pending,Bengaluru,26-06-2023 17:51
ORD000873,CUST0186,EMP011,22-06-2023 00:57,03-07-2023 00:57,In Production,Paid,Delhi,
ORD000874,CUST0043,EMP038,22-06-2023 09:40,22-07-2023 09:40,Delivered,Paid,Ludhiana,19-07-2023 09:40
ORD000875,CUST0044,EMP011,22-06-2023 11:18,08-07-2023 11:18,Delivered,Paid,Mumbai,08-07-2023 11:18
ORD000876,CUST0163,EMP011,22-06-2023 12:04,12-07-2023 12:04,In Production,Paid,Delhi,
ORD000877,CUST0232,EMP026,22-06-2023 23:43,09-07-2023 23:43,Order Confirmed,Partially Paid,Gurugram,
ORD000878,CUST0265,EMP026,23-06-2023 01:57,06-07-2023 01:57,Delivered,Paid,Bengaluru,06-07-2023 01:57
ORD000879,CUST0153,EMP003,23-06-2023 02:48,12-07-2023 02:48,Delivered,Paid,Surat,10-07-2023 02:48
ORD000880,CUST0178,EMP017,23-06-2023 09:57,18-07-2023 09:57,Delivered,Paid,Bengaluru,16-07-2023 09:57
ORD000881,CUST0142,EMP014,23-06-2023 11:43,30-06-2023 11:43,Delivered,Pending,Jaipur,25-06-2023 11:43
ORD000882,CUST0259,EMP017,23-06-2023 12:47,21-07-2023 12:47,Order Confirmed,Paid,Pune,
ORD000883,CUST0349,EMP011,23-06-2023 15:32,04-07-2023 15:32,In Production,Pending,Pune,
ORD000884,CUST0022,EMP030,23-06-2023 17:04,22-07-2023 17:04,Delivered,Paid,Ludhiana,19-07-2023 17:04
ORD000885,CUST0240,EMP019,23-06-2023 18:36,23-07-2023 18:36,Dispatched,Paid,Noida,21-07-2023 18:36
ORD000886,CUST0325,EMP044,23-06-2023 23:13,22-07-2023 23:13,Delivered,Paid,Mumbai,22-07-2023 23:13
ORD000887,CUST0337,EMP003,23-06-2023 23:36,15-07-2023 23:36,In Production,Paid,Noida,
ORD000888,CUST0282,EMP034,24-06-2023 07:50,22-07-2023 07:50,Quotation,Paid,Kolkata,
ORD000889,CUST0263,EMP044,24-06-2023 08:55,21-07-2023 08:55,Delivered,Paid,Vadodara,21-07-2023 08:55
ORD000890,CUST0341,EMP019,24-06-2023 11:24,16-07-2023 11:24,Delivered,Paid,Mumbai,10-07-2023 11:24
ORD000891,CUST0190,EMP030,25-06-2023 00:33,23-07-2023 00:33,Delivered,Paid,Chennai,17-07-2023 00:33
ORD000892,CUST0284,EMP019,25-06-2023 14:48,10-07-2023 14:48,In Production,Pending,Gurugram,
ORD000893,CUST0160,EMP026,25-06-2023 19:46,22-07-2023 19:46,Delivered,Paid,Hyderabad,22-07-2023 19:46
ORD000894,CUST0219,EMP044,25-06-2023 21:40,24-07-2023 21:40,Dispatched,Pending,Chennai,21-07-2023 21:40
ORD000895,CUST0063,EMP026,26-06-2023 01:02,18-07-2023 01:02,Delivered,Pending,Faridabad,12-07-2023 01:02
ORD000896,CUST0176,EMP026,26-06-2023 08:42,05-07-2023 08:42,Delivered,Partially Paid,Pune,01-07-2023 08:42
ORD000897,CUST0072,EMP044,26-06-2023 19:47,08-07-2023 19:47,Dispatched,Paid,Kolkata,08-07-2023 19:47
ORD000898,CUST0114,EMP019,27-06-2023 11:05,08-07-2023 11:05,Delivered,Paid,Noida,05-07-2023 11:05
ORD000899,CUST0210,EMP011,27-06-2023 16:01,16-07-2023 16:01,Delivered,Pending,Hyderabad,10-07-2023 16:01
ORD000900,CUST0251,EMP030,27-06-2023 17:35,14-07-2023 17:35,Dispatched,Paid,Vadodara,12-07-2023 17:35
ORD000901,CUST0471,EMP030,28-06-2023 02:57,24-07-2023 02:57,Delivered,Paid,Noida,21-07-2023 02:57
ORD000902,CUST0014,EMP014,28-06-2023 03:24,11-07-2023 03:24,Order Confirmed,Paid,Jaipur,
ORD000903,CUST0450,EMP034,28-06-2023 05:55,08-07-2023 05:55,Cancelled,Paid,Faridabad,
ORD000904,CUST0165,EMP003,28-06-2023 17:12,19-07-2023 17:12,In Production,Paid,Bengaluru,
ORD000905,CUST0363,EMP017,29-06-2023 02:28,09-07-2023 02:28,Order Confirmed,Paid,Vadodara,
ORD000906,CUST0339,EMP038,29-06-2023 03:33,27-07-2023 03:33,Delivered,Partially Paid,Gurugram,25-07-2023 03:33
ORD000907,CUST0486,EMP030,29-06-2023 12:53,07-07-2023 12:53,Order Confirmed,Paid,Faridabad,
ORD000908,CUST0055,EMP030,30-06-2023 14:21,18-07-2023 14:21,On Hold,Paid,Gurugram,
ORD000909,CUST0484,EMP030,30-06-2023 16:51,29-07-2023 16:51,Dispatched,Overdue,Ludhiana,28-07-2023 16:51
ORD000910,CUST0032,EMP011,30-06-2023 17:30,20-07-2023 17:30,In Production,Paid,Jaipur,
ORD000911,CUST0439,EMP044,30-06-2023 19:56,26-07-2023 19:56,Quotation,Paid,Surat,
ORD000912,CUST0327,EMP014,30-06-2023 21:07,17-07-2023 21:07,Quotation,Paid,Kolkata,
ORD000913,CUST0241,EMP034,01-07-2023 00:36,26-07-2023 00:36,Order Confirmed,Paid,Noida,
ORD000914,CUST0199,EMP044,01-07-2023 01:38,24-07-2023 01:38,Quotation,Paid,Ludhiana,
ORD000915,CUST0047,EMP014,01-07-2023 01:39,20-07-2023 01:39,In Production,Paid,Ahmedabad,
ORD000916,CUST0401,EMP030,01-07-2023 04:16,10-07-2023 04:16,In Production,Pending,Vadodara,
ORD000917,CUST0364,EMP003,01-07-2023 05:19,31-07-2023 05:19,Dispatched,Pending,Delhi,25-07-2023 05:19
ORD000918,CUST0469,EMP030,01-07-2023 05:37,09-07-2023 05:37,Order Confirmed,Paid,Ludhiana,
ORD000919,CUST0366,EMP019,01-07-2023 06:12,16-07-2023 06:12,Quotation,Pending,Pune,
ORD000920,CUST0479,EMP003,01-07-2023 14:00,23-07-2023 14:00,Quotation,Paid,Gurugram,
ORD000921,CUST0444,EMP030,01-07-2023 16:24,26-07-2023 16:24,Order Confirmed,Pending,Vadodara,
ORD000922,CUST0213,EMP044,01-07-2023 16:27,20-07-2023 16:27,In Production,Paid,Surat,
ORD000923,CUST0352,EMP003,01-07-2023 16:41,17-07-2023 16:41,Order Confirmed,Paid,Ludhiana,
ORD000924,CUST0133,EMP038,01-07-2023 18:15,17-07-2023 18:15,In Production,Paid,Ahmedabad,
ORD000925,CUST0398,EMP038,01-07-2023 19:15,31-07-2023 19:15,Cancelled,Paid,Jaipur,
ORD000926,CUST0305,EMP026,01-07-2023 22:20,16-07-2023 22:20,In Production,Pending,Noida,
ORD000927,CUST0221,EMP044,02-07-2023 07:31,29-07-2023 07:31,Order Confirmed,Paid,Surat,
ORD000928,CUST0315,EMP017,02-07-2023 07:36,10-07-2023 07:36,Delivered,Paid,Delhi,09-07-2023 07:36
ORD000929,CUST0139,EMP034,02-07-2023 23:25,24-07-2023 23:25,Dispatched,Paid,Gurugram,20-07-2023 23:25
ORD000930,CUST0312,EMP030,03-07-2023 00:24,26-07-2023 00:24,Quotation,Pending,Pune,
ORD000931,CUST0238,EMP026,03-07-2023 05:55,26-07-2023 05:55,Delivered,Paid,Delhi,24-07-2023 05:55
ORD000932,CUST0161,EMP038,03-07-2023 09:54,20-07-2023 09:54,Delivered,Paid,Kolkata,16-07-2023 09:54
ORD000933,CUST0488,EMP038,03-07-2023 10:53,26-07-2023 10:53,On Hold,Paid,Delhi,
ORD000934,CUST0032,EMP034,03-07-2023 13:21,20-07-2023 13:21,Cancelled,Paid,Jaipur,
ORD000935,CUST0379,EMP026,04-07-2023 07:13,25-07-2023 07:13,Delivered,Paid,Bengaluru,20-07-2023 07:13
ORD000936,CUST0106,EMP044,04-07-2023 07:29,01-08-2023 07:29,Delivered,Partially Paid,Vadodara,29-07-2023 07:29
ORD000937,CUST0112,EMP026,05-07-2023 05:07,28-07-2023 05:07,In Production,Overdue,Faridabad,
ORD000938,CUST0078,EMP030,05-07-2023 20:56,29-07-2023 20:56,Delivered,Partially Paid,Noida,28-07-2023 20:56
ORD000939,CUST0052,EMP011,05-07-2023 23:31,04-08-2023 23:31,Delivered,Paid,Gurugram,02-08-2023 23:31
ORD000940,CUST0062,EMP017,05-07-2023 23:36,17-07-2023 23:36,In Production,Paid,Ludhiana,
ORD000941,CUST0417,EMP044,06-07-2023 01:01,27-07-2023 01:01,Quotation,Pending,Ludhiana,
ORD000942,CUST0464,EMP019,06-07-2023 02:37,28-07-2023 02:37,Delivered,Paid,Pune,27-07-2023 02:37
ORD000943,CUST0293,EMP026,06-07-2023 08:40,29-07-2023 08:40,Dispatched,Partially Paid,Gurugram,25-07-2023 08:40
ORD000944,CUST0007,EMP038,06-07-2023 16:59,16-07-2023 16:59,Delivered,Paid,Gurugram,12-07-2023 16:59
ORD000945,CUST0433,EMP017,06-07-2023 18:12,31-07-2023 18:12,Order Confirmed,Pending,Noida,
ORD000946,CUST0301,EMP014,07-07-2023 02:48,18-07-2023 02:48,Delivered,Paid,Hyderabad,17-07-2023 02:48
ORD000947,CUST0261,EMP003,07-07-2023 03:26,23-07-2023 03:26,Quotation,Overdue,Surat,
ORD000948,CUST0474,EMP014,07-07-2023 03:29,31-07-2023 03:29,Delivered,Paid,Bengaluru,27-07-2023 03:29
ORD000949,CUST0205,EMP026,07-07-2023 06:43,20-07-2023 06:43,In Production,Partially Paid,Vadodara,
ORD000950,CUST0181,EMP034,07-07-2023 07:19,17-07-2023 07:19,In Production,Paid,Chennai,
ORD000951,CUST0390,EMP017,07-07-2023 07:32,30-07-2023 07:32,Dispatched,Paid,Ahmedabad,27-07-2023 07:32
ORD000952,CUST0264,EMP019,07-07-2023 10:16,20-07-2023 10:16,Order Confirmed,Paid,Hyderabad,
ORD000953,CUST0359,EMP014,07-07-2023 10:22,02-08-2023 10:22,Order Confirmed,Paid,Surat,
ORD000954,CUST0348,EMP038,07-07-2023 17:35,04-08-2023 17:35,Delivered,Paid,Gurugram,02-08-2023 17:35
ORD000955,CUST0420,EMP026,07-07-2023 17:44,22-07-2023 17:44,Order Confirmed,Paid,Mumbai,
ORD000956,CUST0159,EMP011,08-07-2023 03:17,01-08-2023 03:17,Delivered,Overdue,Mumbai,26-07-2023 03:17
ORD000957,CUST0037,EMP030,08-07-2023 03:29,20-07-2023 03:29,Delivered,Pending,Hyderabad,20-07-2023 03:29
ORD000958,CUST0239,EMP017,08-07-2023 03:51,06-08-2023 03:51,Quotation,Partially Paid,Ahmedabad,
ORD000959,CUST0324,EMP038,08-07-2023 09:52,20-07-2023 09:52,Delivered,Paid,Ludhiana,15-07-2023 09:52
ORD000960,CUST0409,EMP014,08-07-2023 12:56,05-08-2023 12:56,Delivered,Paid,Kolkata,02-08-2023 12:56
ORD000961,CUST0134,EMP038,08-07-2023 13:54,02-08-2023 13:54,Delivered,Paid,Ludhiana,01-08-2023 13:54
ORD000962,CUST0373,EMP030,08-07-2023 14:58,22-07-2023 14:58,Delivered,Paid,Kolkata,21-07-2023 14:58
ORD000963,CUST0417,EMP011,08-07-2023 16:57,03-08-2023 16:57,Delivered,Paid,Ludhiana,02-08-2023 16:57
ORD000964,CUST0405,EMP034,08-07-2023 21:00,30-07-2023 21:00,On Hold,Pending,Vadodara,
ORD000965,CUST0405,EMP034,09-07-2023 00:10,01-08-2023 00:10,Order Confirmed,Paid,Vadodara,
ORD000966,CUST0494,EMP019,09-07-2023 01:27,25-07-2023 01:27,Quotation,Paid,Chennai,
ORD000967,CUST0331,EMP011,09-07-2023 02:43,21-07-2023 02:43,Delivered,Paid,Bengaluru,17-07-2023 02:43
ORD000968,CUST0186,EMP019,09-07-2023 04:24,01-08-2023 04:24,In Production,Paid,Delhi,
ORD000969,CUST0219,EMP030,09-07-2023 09:40,17-07-2023 09:40,Delivered,Paid,Chennai,13-07-2023 09:40
ORD000970,CUST0374,EMP011,09-07-2023 10:41,24-07-2023 10:41,In Production,Paid,Bengaluru,
ORD000971,CUST0119,EMP017,09-07-2023 16:53,19-07-2023 16:53,In Production,Paid,Hyderabad,
ORD000972,CUST0302,EMP034,09-07-2023 20:04,16-07-2023 20:04,Delivered,Paid,Jaipur,15-07-2023 20:04
ORD000973,CUST0287,EMP026,09-07-2023 20:49,16-07-2023 20:49,Order Confirmed,Partially Paid,Delhi,
ORD000974,CUST0334,EMP044,09-07-2023 21:58,18-07-2023 21:58,Order Confirmed,Overdue,Chennai,
ORD000975,CUST0211,EMP014,10-07-2023 07:37,08-08-2023 07:37,Delivered,Paid,Noida,06-08-2023 07:37
ORD000976,CUST0370,EMP034,10-07-2023 17:48,04-08-2023 17:48,Delivered,Paid,Faridabad,29-07-2023 17:48
ORD000977,CUST0036,EMP019,11-07-2023 00:51,10-08-2023 00:51,Delivered,Paid,Delhi,06-08-2023 00:51
ORD000978,CUST0375,EMP014,11-07-2023 03:04,20-07-2023 03:04,Order Confirmed,Pending,Surat,
ORD000979,CUST0406,EMP044,11-07-2023 12:57,10-08-2023 12:57,Delivered,Paid,Faridabad,06-08-2023 12:57
ORD000980,CUST0443,EMP030,11-07-2023 13:25,01-08-2023 13:25,Delivered,Paid,Kolkata,01-08-2023 13:25
ORD000981,CUST0462,EMP026,11-07-2023 21:20,06-08-2023 21:20,Delivered,Paid,Noida,03-08-2023 21:20
ORD000982,CUST0175,EMP014,12-07-2023 05:57,08-08-2023 05:57,Quotation,Overdue,Faridabad,
ORD000983,CUST0024,EMP038,12-07-2023 10:41,25-07-2023 10:41,In Production,Paid,Chennai,
ORD000984,CUST0327,EMP003,12-07-2023 12:52,05-08-2023 12:52,Dispatched,Paid,Kolkata,03-08-2023 12:52
ORD000985,CUST0046,EMP011,12-07-2023 15:27,03-08-2023 15:27,Delivered,Paid,Mumbai,29-07-2023 15:27
ORD000986,CUST0141,EMP011,12-07-2023 17:01,28-07-2023 17:01,Order Confirmed,Paid,Ahmedabad,
ORD000987,CUST0352,EMP030,12-07-2023 18:16,30-07-2023 18:16,Delivered,Paid,Ludhiana,29-07-2023 18:16
ORD000988,CUST0298,EMP011,13-07-2023 03:24,25-07-2023 03:24,Delivered,Pending,Ahmedabad,19-07-2023 03:24
ORD000989,CUST0304,EMP034,13-07-2023 06:46,24-07-2023 06:46,In Production,Partially Paid,Faridabad,
ORD000990,CUST0376,EMP011,13-07-2023 08:10,11-08-2023 08:10,Dispatched,Overdue,Hyderabad,05-08-2023 08:10
ORD000991,CUST0083,EMP030,13-07-2023 08:22,06-08-2023 08:22,In Production,Overdue,Kolkata,
ORD000992,CUST0396,EMP034,13-07-2023 09:05,02-08-2023 09:05,Delivered,Paid,Vadodara,28-07-2023 09:05
ORD000993,CUST0294,EMP038,13-07-2023 12:25,05-08-2023 12:25,Delivered,Pending,Ahmedabad,02-08-2023 12:25
ORD000994,CUST0211,EMP014,13-07-2023 14:07,29-07-2023 14:07,Delivered,Partially Paid,Noida,25-07-2023 14:07
ORD000995,CUST0232,EMP003,13-07-2023 15:04,25-07-2023 15:04,Cancelled,Paid,Gurugram,
ORD000996,CUST0255,EMP034,13-07-2023 15:14,11-08-2023 15:14,Delivered,Partially Paid,Noida,05-08-2023 15:14
ORD000997,CUST0276,EMP019,13-07-2023 16:28,12-08-2023 16:28,In Production,Overdue,Mumbai,
ORD000998,CUST0167,EMP044,13-07-2023 20:35,25-07-2023 20:35,Delivered,Partially Paid,Chennai,19-07-2023 20:35
ORD000999,CUST0112,EMP011,14-07-2023 01:43,09-08-2023 01:43,On Hold,Partially Paid,Faridabad,
ORD001000,CUST0085,EMP026,14-07-2023 13:28,31-07-2023 13:28,Quotation,Paid,Faridabad,
ORD001001,CUST0171,EMP011,14-07-2023 16:33,06-08-2023 16:33,Delivered,Pending,Pune,01-08-2023 16:33
ORD001002,CUST0131,EMP019,14-07-2023 21:41,23-07-2023 21:41,Order Confirmed,Paid,Delhi,
ORD001003,CUST0259,EMP003,15-07-2023 04:09,02-08-2023 04:09,Delivered,Partially Paid,Pune,01-08-2023 04:09
ORD001004,CUST0457,EMP034,15-07-2023 10:01,24-07-2023 10:01,Delivered,Partially Paid,Delhi,22-07-2023 10:01
ORD001005,CUST0055,EMP030,15-07-2023 11:28,10-08-2023 11:28,Cancelled,Paid,Gurugram,
ORD001006,CUST0155,EMP003,15-07-2023 12:24,31-07-2023 12:24,Delivered,Paid,Vadodara,26-07-2023 12:24
ORD001007,CUST0025,EMP019,15-07-2023 14:33,28-07-2023 14:33,Quotation,Partially Paid,Kolkata,
ORD001008,CUST0488,EMP019,15-07-2023 17:42,07-08-2023 17:42,Dispatched,Paid,Delhi,07-08-2023 17:42
ORD001009,CUST0351,EMP030,15-07-2023 20:54,13-08-2023 20:54,Cancelled,Paid,Faridabad,
ORD001010,CUST0121,EMP019,15-07-2023 21:16,30-07-2023 21:16,Order Confirmed,Paid,Bengaluru,
ORD001011,CUST0208,EMP019,16-07-2023 05:09,09-08-2023 05:09,Order Confirmed,Paid,Mumbai,
ORD001012,CUST0362,EMP038,16-07-2023 16:21,08-08-2023 16:21,Delivered,Paid,Chennai,04-08-2023 16:21
ORD001013,CUST0479,EMP026,17-07-2023 01:34,04-08-2023 01:34,Dispatched,Paid,Gurugram,02-08-2023 01:34
ORD001014,CUST0287,EMP038,17-07-2023 04:10,12-08-2023 04:10,Quotation,Pending,Delhi,
ORD001015,CUST0136,EMP038,17-07-2023 10:09,27-07-2023 10:09,In Production,Paid,Pune,
ORD001016,CUST0349,EMP038,17-07-2023 12:16,14-08-2023 12:16,In Production,Pending,Pune,
ORD001017,CUST0343,EMP044,18-07-2023 00:12,03-08-2023 00:12,Delivered,Paid,Ahmedabad,31-07-2023 00:12
ORD001018,CUST0322,EMP030,18-07-2023 05:15,26-07-2023 05:15,Dispatched,Paid,Gurugram,20-07-2023 05:15
ORD001019,CUST0023,EMP026,18-07-2023 14:24,17-08-2023 14:24,Dispatched,Partially Paid,Ludhiana,11-08-2023 14:24
ORD001020,CUST0354,EMP026,18-07-2023 15:58,12-08-2023 15:58,Delivered,Paid,Pune,10-08-2023 15:58
ORD001021,CUST0010,EMP014,18-07-2023 20:53,13-08-2023 20:53,In Production,Overdue,Ahmedabad,
ORD001022,CUST0453,EMP038,18-07-2023 22:40,28-07-2023 22:40,Delivered,Paid,Bengaluru,24-07-2023 22:40
ORD001023,CUST0441,EMP030,19-07-2023 05:54,13-08-2023 05:54,In Production,Pending,Hyderabad,
ORD001024,CUST0282,EMP038,19-07-2023 07:38,11-08-2023 07:38,Dispatched,Paid,Kolkata,11-08-2023 07:38
ORD001025,CUST0324,EMP034,19-07-2023 10:37,16-08-2023 10:37,Delivered,Pending,Ludhiana,11-08-2023 10:37
ORD001026,CUST0034,EMP019,19-07-2023 12:17,03-08-2023 12:17,Delivered,Paid,Noida,03-08-2023 12:17
ORD001027,CUST0438,EMP014,19-07-2023 12:40,17-08-2023 12:40,Cancelled,Partially Paid,Chennai,
ORD001028,CUST0136,EMP044,19-07-2023 14:16,11-08-2023 14:16,In Production,Paid,Pune,
ORD001029,CUST0132,EMP034,19-07-2023 18:35,01-08-2023 18:35,Order Confirmed,Pending,Surat,
ORD001030,CUST0355,EMP038,19-07-2023 21:20,31-07-2023 21:20,Dispatched,Paid,Delhi,25-07-2023 21:20
ORD001031,CUST0470,EMP026,20-07-2023 05:04,17-08-2023 05:04,Delivered,Paid,Jaipur,15-08-2023 05:04
ORD001032,CUST0248,EMP026,20-07-2023 05:33,11-08-2023 05:33,Order Confirmed,Partially Paid,Pune,
ORD001033,CUST0254,EMP003,20-07-2023 14:37,29-07-2023 14:37,Delivered,Paid,Hyderabad,25-07-2023 14:37
ORD001034,CUST0275,EMP003,20-07-2023 19:58,30-07-2023 19:58,Delivered,Pending,Bengaluru,26-07-2023 19:58
ORD001035,CUST0146,EMP034,20-07-2023 20:59,15-08-2023 20:59,Dispatched,Partially Paid,Ludhiana,14-08-2023 20:59
ORD001036,CUST0299,EMP014,20-07-2023 22:43,31-07-2023 22:43,Dispatched,Paid,Jaipur,26-07-2023 22:43
ORD001037,CUST0481,EMP003,21-07-2023 08:00,02-08-2023 08:00,Quotation,Pending,Mumbai,
ORD001038,CUST0192,EMP034,21-07-2023 15:11,11-08-2023 15:11,Delivered,Paid,Kolkata,10-08-2023 15:11
ORD001039,CUST0387,EMP030,21-07-2023 21:34,17-08-2023 21:34,Delivered,Paid,Pune,11-08-2023 21:34
ORD001040,CUST0387,EMP011,22-07-2023 00:30,06-08-2023 00:30,Delivered,Paid,Pune,03-08-2023 00:30
ORD001041,CUST0426,EMP019,22-07-2023 01:38,13-08-2023 01:38,Dispatched,Paid,Ahmedabad,10-08-2023 01:38
ORD001042,CUST0362,EMP019,22-07-2023 12:18,14-08-2023 12:18,Order Confirmed,Pending,Chennai,
ORD001043,CUST0461,EMP003,22-07-2023 12:19,12-08-2023 12:19,Order Confirmed,Overdue,Delhi,
ORD001044,CUST0358,EMP030,22-07-2023 13:02,14-08-2023 13:02,Order Confirmed,Overdue,Delhi,
ORD001045,CUST0489,EMP017,22-07-2023 17:21,03-08-2023 17:21,Cancelled,Partially Paid,Hyderabad,
ORD001046,CUST0358,EMP038,22-07-2023 20:07,12-08-2023 20:07,Delivered,Paid,Delhi,11-08-2023 20:07
ORD001047,CUST0419,EMP011,22-07-2023 21:57,29-07-2023 21:57,Delivered,Paid,Ludhiana,29-07-2023 21:57
ORD001048,CUST0446,EMP038,22-07-2023 22:44,15-08-2023 22:44,Delivered,Paid,Kolkata,11-08-2023 22:44
ORD001049,CUST0492,EMP003,23-07-2023 12:29,18-08-2023 12:29,Order Confirmed,Partially Paid,Gurugram,
ORD001050,CUST0298,EMP034,23-07-2023 16:02,18-08-2023 16:02,Delivered,Paid,Ahmedabad,13-08-2023 16:02
ORD001051,CUST0356,EMP034,23-07-2023 19:40,30-07-2023 19:40,Delivered,Overdue,Chennai,25-07-2023 19:40
ORD001052,CUST0484,EMP019,24-07-2023 10:37,21-08-2023 10:37,Order Confirmed,Paid,Ludhiana,
ORD001053,CUST0191,EMP014,24-07-2023 15:53,10-08-2023 15:53,Dispatched,Paid,Gurugram,04-08-2023 15:53
ORD001054,CUST0060,EMP011,24-07-2023 17:18,01-08-2023 17:18,Delivered,Pending,Vadodara,30-07-2023 17:18
ORD001055,CUST0443,EMP017,24-07-2023 19:41,12-08-2023 19:41,Delivered,Paid,Kolkata,09-08-2023 19:41
ORD001056,CUST0316,EMP030,24-07-2023 23:57,13-08-2023 23:57,Order Confirmed,Paid,Ludhiana,
ORD001057,CUST0215,EMP034,25-07-2023 01:22,10-08-2023 01:22,Delivered,Paid,Vadodara,04-08-2023 01:22
ORD001058,CUST0359,EMP011,26-07-2023 01:25,19-08-2023 01:25,Cancelled,Overdue,Surat,
ORD001059,CUST0017,EMP003,26-07-2023 06:46,15-08-2023 06:46,Cancelled,Paid,Pune,
ORD001060,CUST0239,EMP026,26-07-2023 10:25,07-08-2023 10:25,Quotation,Paid,Ahmedabad,
ORD001061,CUST0133,EMP026,26-07-2023 11:45,16-08-2023 11:45,Order Confirmed,Paid,Ahmedabad,
ORD001062,CUST0145,EMP044,26-07-2023 13:40,08-08-2023 13:40,Delivered,Paid,Kolkata,05-08-2023 13:40
ORD001063,CUST0485,EMP034,26-07-2023 23:48,04-08-2023 23:48,In Production,Paid,Chennai,
ORD001064,CUST0276,EMP026,27-07-2023 10:35,09-08-2023 10:35,Quotation,Paid,Mumbai,
ORD001065,CUST0071,EMP026,27-07-2023 14:11,24-08-2023 14:11,Delivered,Paid,Surat,19-08-2023 14:11
ORD001066,CUST0183,EMP030,27-07-2023 14:58,16-08-2023 14:58,Quotation,Overdue,Pune,
ORD001067,CUST0122,EMP019,27-07-2023 17:26,10-08-2023 17:26,Dispatched,Partially Paid,Chennai,06-08-2023 17:26
ORD001068,CUST0455,EMP030,27-07-2023 17:35,11-08-2023 17:35,Cancelled,Partially Paid,Gurugram,
ORD001069,CUST0146,EMP011,27-07-2023 23:43,23-08-2023 23:43,Dispatched,Paid,Ludhiana,17-08-2023 23:43
ORD001070,CUST0179,EMP038,28-07-2023 02:31,19-08-2023 02:31,Cancelled,Paid,Hyderabad,
ORD001071,CUST0168,EMP038,28-07-2023 03:41,22-08-2023 03:41,In Production,Paid,Bengaluru,
ORD001072,CUST0088,EMP019,28-07-2023 08:19,18-08-2023 08:19,In Production,Paid,Jaipur,
ORD001073,CUST0391,EMP019,28-07-2023 11:19,27-08-2023 11:19,Order Confirmed,Paid,Ludhiana,
ORD001074,CUST0289,EMP019,28-07-2023 14:09,19-08-2023 14:09,In Production,Paid,Mumbai,
ORD001075,CUST0219,EMP038,28-07-2023 16:37,13-08-2023 16:37,In Production,Paid,Chennai,
ORD001076,CUST0198,EMP011,28-07-2023 21:52,10-08-2023 21:52,Delivered,Paid,Gurugram,08-08-2023 21:52
ORD001077,CUST0334,EMP017,29-07-2023 00:32,06-08-2023 00:32,Cancelled,Paid,Chennai,
ORD001078,CUST0048,EMP030,29-07-2023 00:59,23-08-2023 00:59,Quotation,Paid,Ahmedabad,
ORD001079,CUST0466,EMP030,29-07-2023 01:36,27-08-2023 01:36,Order Confirmed,Pending,Noida,
ORD001080,CUST0283,EMP014,29-07-2023 03:45,20-08-2023 03:45,Delivered,Paid,Mumbai,19-08-2023 03:45
ORD001081,CUST0114,EMP011,29-07-2023 05:11,16-08-2023 05:11,Dispatched,Pending,Noida,10-08-2023 05:11
ORD001082,CUST0269,EMP026,29-07-2023 06:42,08-08-2023 06:42,In Production,Paid,Faridabad,
ORD001083,CUST0427,EMP030,29-07-2023 06:59,20-08-2023 06:59,Order Confirmed,Overdue,Surat,
ORD001084,CUST0087,EMP034,29-07-2023 09:19,09-08-2023 09:19,Order Confirmed,Paid,Kolkata,
ORD001085,CUST0262,EMP003,29-07-2023 15:52,19-08-2023 15:52,Dispatched,Paid,Ludhiana,16-08-2023 15:52
ORD001086,CUST0299,EMP003,30-07-2023 10:26,13-08-2023 10:26,Quotation,Partially Paid,Jaipur,
ORD001087,CUST0406,EMP017,30-07-2023 10:41,26-08-2023 10:41,Delivered,Paid,Faridabad,25-08-2023 10:41
ORD001088,CUST0284,EMP026,30-07-2023 13:07,28-08-2023 13:07,In Production,Paid,Gurugram,
ORD001089,CUST0369,EMP003,30-07-2023 19:41,11-08-2023 19:41,Dispatched,Paid,Jaipur,07-08-2023 19:41
ORD001090,CUST0387,EMP011,31-07-2023 02:47,14-08-2023 02:47,Dispatched,Overdue,Pune,09-08-2023 02:47
ORD001091,CUST0446,EMP019,31-07-2023 13:47,29-08-2023 13:47,Order Confirmed,Pending,Kolkata,
ORD001092,CUST0181,EMP014,31-07-2023 16:11,07-08-2023 16:11,Delivered,Paid,Chennai,02-08-2023 16:11
ORD001093,CUST0352,EMP034,01-08-2023 02:20,20-08-2023 02:20,Delivered,Pending,Ludhiana,18-08-2023 02:20
ORD001094,CUST0125,EMP003,01-08-2023 04:38,11-08-2023 04:38,Delivered,Paid,Chennai,05-08-2023 04:38
ORD001095,CUST0423,EMP038,01-08-2023 05:32,18-08-2023 05:32,Dispatched,Paid,Chennai,18-08-2023 05:32
ORD001096,CUST0476,EMP011,01-08-2023 13:13,08-08-2023 13:13,Dispatched,Paid,Vadodara,02-08-2023 13:13
ORD001097,CUST0148,EMP019,01-08-2023 21:06,11-08-2023 21:06,Order Confirmed,Paid,Vadodara,
ORD001098,CUST0281,EMP044,02-08-2023 01:35,18-08-2023 01:35,Delivered,Pending,Hyderabad,17-08-2023 01:35
ORD001099,CUST0412,EMP030,02-08-2023 05:12,10-08-2023 05:12,Delivered,Pending,Chennai,09-08-2023 05:12
ORD001100,CUST0014,EMP044,02-08-2023 08:08,28-08-2023 08:08,Dispatched,Pending,Jaipur,26-08-2023 08:08
ORD001101,CUST0353,EMP003,02-08-2023 17:29,22-08-2023 17:29,Order Confirmed,Partially Paid,Hyderabad,
ORD001102,CUST0411,EMP034,02-08-2023 19:07,19-08-2023 19:07,In Production,Paid,Pune,
ORD001103,CUST0436,EMP003,02-08-2023 20:41,20-08-2023 20:41,Quotation,Partially Paid,Delhi,
ORD001104,CUST0099,EMP030,02-08-2023 21:36,29-08-2023 21:36,In Production,Paid,Ludhiana,
ORD001105,CUST0379,EMP017,02-08-2023 22:43,29-08-2023 22:43,Delivered,Pending,Bengaluru,27-08-2023 22:43
ORD001106,CUST0394,EMP034,02-08-2023 23:00,10-08-2023 23:00,Cancelled,Paid,Kolkata,
ORD001107,CUST0002,EMP011,03-08-2023 01:40,26-08-2023 01:40,Order Confirmed,Pending,Jaipur,
ORD001108,CUST0353,EMP038,03-08-2023 05:03,21-08-2023 05:03,Quotation,Partially Paid,Hyderabad,
ORD001109,CUST0314,EMP019,03-08-2023 20:13,28-08-2023 20:13,In Production,Paid,Mumbai,
ORD001110,CUST0485,EMP026,03-08-2023 20:37,28-08-2023 20:37,Order Confirmed,Paid,Chennai,
ORD001111,CUST0022,EMP026,04-08-2023 16:01,27-08-2023 16:01,Delivered,Paid,Ludhiana,27-08-2023 16:01
ORD001112,CUST0483,EMP003,04-08-2023 16:24,27-08-2023 16:24,Quotation,Paid,Pune,
ORD001113,CUST0286,EMP017,04-08-2023 16:58,16-08-2023 16:58,On Hold,Pending,Delhi,
ORD001114,CUST0138,EMP034,04-08-2023 17:16,31-08-2023 17:16,Delivered,Paid,Jaipur,26-08-2023 17:16
ORD001115,CUST0194,EMP044,04-08-2023 23:05,27-08-2023 23:05,Dispatched,Paid,Kolkata,27-08-2023 23:05
ORD001116,CUST0384,EMP044,05-08-2023 00:03,18-08-2023 00:03,Cancelled,Paid,Jaipur,
ORD001117,CUST0499,EMP026,05-08-2023 03:05,17-08-2023 03:05,Delivered,Paid,Faridabad,17-08-2023 03:05
ORD001118,CUST0159,EMP014,05-08-2023 14:35,24-08-2023 14:35,On Hold,Paid,Mumbai,
ORD001119,CUST0492,EMP019,05-08-2023 23:38,20-08-2023 23:38,In Production,Pending,Gurugram,
ORD001120,CUST0315,EMP019,05-08-2023 23:44,28-08-2023 23:44,On Hold,Partially Paid,Delhi,
ORD001121,CUST0097,EMP017,06-08-2023 01:28,22-08-2023 01:28,Order Confirmed,Pending,Ahmedabad,
ORD001122,CUST0299,EMP017,06-08-2023 02:57,17-08-2023 02:57,In Production,Paid,Jaipur,
ORD001123,CUST0401,EMP038,06-08-2023 12:10,22-08-2023 12:10,Cancelled,Paid,Vadodara,
ORD001124,CUST0028,EMP017,06-08-2023 19:24,01-09-2023 19:24,In Production,Paid,Gurugram,
ORD001125,CUST0040,EMP003,06-08-2023 20:56,01-09-2023 20:56,Order Confirmed,Paid,Jaipur,
ORD001126,CUST0003,EMP034,06-08-2023 22:28,20-08-2023 22:28,Quotation,Paid,Gurugram,
ORD001127,CUST0286,EMP030,07-08-2023 06:53,02-09-2023 06:53,Order Confirmed,Paid,Delhi,
ORD001128,CUST0029,EMP017,07-08-2023 14:41,16-08-2023 14:41,In Production,Paid,Surat,
ORD001129,CUST0467,EMP030,07-08-2023 18:08,06-09-2023 18:08,Dispatched,Paid,Delhi,06-09-2023 18:08
ORD001130,CUST0064,EMP044,07-08-2023 19:32,01-09-2023 19:32,Delivered,Paid,Hyderabad,26-08-2023 19:32
ORD001131,CUST0036,EMP044,08-08-2023 11:41,15-08-2023 11:41,Delivered,Paid,Delhi,15-08-2023 11:41
ORD001132,CUST0129,EMP034,08-08-2023 12:53,31-08-2023 12:53,Quotation,Partially Paid,Delhi,
ORD001133,CUST0382,EMP026,08-08-2023 15:02,26-08-2023 15:02,Delivered,Paid,Noida,21-08-2023 15:02
ORD001134,CUST0454,EMP003,08-08-2023 20:18,05-09-2023 20:18,Delivered,Partially Paid,Gurugram,01-09-2023 20:18
ORD001135,CUST0126,EMP026,08-08-2023 22:52,20-08-2023 22:52,Delivered,Paid,Gurugram,15-08-2023 22:52
ORD001136,CUST0260,EMP038,09-08-2023 02:04,06-09-2023 02:04,Delivered,Paid,Ahmedabad,03-09-2023 02:04
ORD001137,CUST0387,EMP038,09-08-2023 08:13,05-09-2023 08:13,Cancelled,Paid,Pune,
ORD001138,CUST0399,EMP034,09-08-2023 12:21,22-08-2023 12:21,Order Confirmed,Paid,Faridabad,
ORD001139,CUST0077,EMP044,09-08-2023 14:18,26-08-2023 14:18,Delivered,Paid,Kolkata,20-08-2023 14:18
ORD001140,CUST0420,EMP026,09-08-2023 17:03,31-08-2023 17:03,Cancelled,Partially Paid,Mumbai,
ORD001141,CUST0434,EMP011,09-08-2023 21:49,21-08-2023 21:49,Delivered,Pending,Ludhiana,18-08-2023 21:49
ORD001142,CUST0368,EMP019,09-08-2023 22:44,08-09-2023 22:44,Order Confirmed,Paid,Pune,
ORD001143,CUST0264,EMP017,10-08-2023 03:06,21-08-2023 03:06,Delivered,Paid,Hyderabad,20-08-2023 03:06
ORD001144,CUST0196,EMP038,10-08-2023 09:16,22-08-2023 09:16,Delivered,Paid,Delhi,16-08-2023 09:16
ORD001145,CUST0445,EMP034,10-08-2023 10:17,29-08-2023 10:17,In Production,Overdue,Ahmedabad,
ORD001146,CUST0432,EMP019,10-08-2023 11:03,28-08-2023 11:03,Delivered,Paid,Jaipur,26-08-2023 11:03
ORD001147,CUST0260,EMP017,10-08-2023 17:21,18-08-2023 17:21,Delivered,Paid,Ahmedabad,18-08-2023 17:21
ORD001148,CUST0372,EMP011,11-08-2023 01:02,08-09-2023 01:02,Dispatched,Paid,Pune,04-09-2023 01:02
ORD001149,CUST0200,EMP003,11-08-2023 09:00,23-08-2023 09:00,Order Confirmed,Pending,Gurugram,
ORD001150,CUST0372,EMP017,11-08-2023 11:56,20-08-2023 11:56,Delivered,Paid,Pune,18-08-2023 11:56
ORD001151,CUST0045,EMP014,11-08-2023 14:25,30-08-2023 14:25,Delivered,Paid,Bengaluru,25-08-2023 14:25
ORD001152,CUST0451,EMP014,11-08-2023 17:53,09-09-2023 17:53,In Production,Paid,Mumbai,
ORD001153,CUST0258,EMP044,11-08-2023 22:23,18-08-2023 22:23,Delivered,Partially Paid,Bengaluru,17-08-2023 22:23
ORD001154,CUST0300,EMP030,12-08-2023 02:34,30-08-2023 02:34,Dispatched,Paid,Ludhiana,25-08-2023 02:34
ORD001155,CUST0095,EMP026,12-08-2023 05:35,09-09-2023 05:35,Delivered,Overdue,Surat,04-09-2023 05:35
ORD001156,CUST0265,EMP011,12-08-2023 05:41,09-09-2023 05:41,Delivered,Pending,Bengaluru,09-09-2023 05:41
ORD001157,CUST0002,EMP038,12-08-2023 07:14,23-08-2023 07:14,Delivered,Paid,Jaipur,19-08-2023 07:14
ORD001158,CUST0446,EMP030,12-08-2023 12:38,02-09-2023 12:38,Dispatched,Overdue,Kolkata,29-08-2023 12:38
ORD001159,CUST0375,EMP026,12-08-2023 21:03,08-09-2023 21:03,Order Confirmed,Pending,Surat,
ORD001160,CUST0228,EMP019,13-08-2023 02:22,05-09-2023 02:22,Delivered,Paid,Ludhiana,30-08-2023 02:22
ORD001161,CUST0418,EMP026,13-08-2023 03:23,04-09-2023 03:23,Quotation,Pending,Noida,
ORD001162,CUST0406,EMP038,13-08-2023 03:37,07-09-2023 03:37,Dispatched,Paid,Faridabad,05-09-2023 03:37
ORD001163,CUST0060,EMP034,13-08-2023 05:22,30-08-2023 05:22,Quotation,Paid,Vadodara,
ORD001164,CUST0027,EMP019,13-08-2023 10:53,21-08-2023 10:53,Dispatched,Paid,Bengaluru,18-08-2023 10:53
ORD001165,CUST0127,EMP030,14-08-2023 02:41,05-09-2023 02:41,Delivered,Pending,Pune,03-09-2023 02:41
ORD001166,CUST0001,EMP044,14-08-2023 02:50,05-09-2023 02:50,Dispatched,Pending,Ludhiana,03-09-2023 02:50
ORD001167,CUST0287,EMP017,14-08-2023 04:41,10-09-2023 04:41,Dispatched,Paid,Delhi,04-09-2023 04:41
ORD001168,CUST0265,EMP044,14-08-2023 06:24,12-09-2023 06:24,Order Confirmed,Partially Paid,Bengaluru,
ORD001169,CUST0269,EMP030,14-08-2023 06:48,29-08-2023 06:48,In Production,Partially Paid,Faridabad,
ORD001170,CUST0037,EMP011,14-08-2023 11:44,12-09-2023 11:44,Dispatched,Pending,Hyderabad,08-09-2023 11:44
ORD001171,CUST0460,EMP044,14-08-2023 14:11,21-08-2023 14:11,Delivered,Paid,Jaipur,20-08-2023 14:11
ORD001172,CUST0489,EMP030,15-08-2023 02:26,14-09-2023 02:26,Delivered,Paid,Hyderabad,08-09-2023 02:26
ORD001173,CUST0296,EMP017,15-08-2023 06:06,25-08-2023 06:06,Cancelled,Paid,Hyderabad,
ORD001174,CUST0003,EMP014,15-08-2023 06:40,06-09-2023 06:40,Order Confirmed,Paid,Gurugram,
ORD001175,CUST0198,EMP044,15-08-2023 08:07,07-09-2023 08:07,In Production,Paid,Gurugram,
ORD001176,CUST0360,EMP038,15-08-2023 08:28,06-09-2023 08:28,Dispatched,Paid,Pune,06-09-2023 08:28
ORD001177,CUST0375,EMP003,15-08-2023 10:04,14-09-2023 10:04,Delivered,Paid,Surat,08-09-2023 10:04
ORD001178,CUST0122,EMP030,15-08-2023 21:12,04-09-2023 21:12,Delivered,Pending,Chennai,02-09-2023 21:12
ORD001179,CUST0412,EMP011,16-08-2023 01:09,26-08-2023 01:09,Delivered,Paid,Chennai,22-08-2023 01:09
ORD001180,CUST0484,EMP014,16-08-2023 02:19,06-09-2023 02:19,Dispatched,Paid,Ludhiana,31-08-2023 02:19
ORD001181,CUST0255,EMP026,16-08-2023 02:56,29-08-2023 02:56,Delivered,Partially Paid,Noida,23-08-2023 02:56
ORD001182,CUST0191,EMP014,16-08-2023 04:04,06-09-2023 04:04,On Hold,Paid,Gurugram,
ORD001183,CUST0264,EMP026,16-08-2023 06:51,01-09-2023 06:51,Order Confirmed,Partially Paid,Hyderabad,
ORD001184,CUST0014,EMP019,16-08-2023 08:16,24-08-2023 08:16,Delivered,Pending,Jaipur,23-08-2023 08:16
ORD001185,CUST0262,EMP026,16-08-2023 14:46,07-09-2023 14:46,Delivered,Paid,Ludhiana,05-09-2023 14:46
ORD001186,CUST0014,EMP038,16-08-2023 18:31,25-08-2023 18:31,Order Confirmed,Paid,Jaipur,
ORD001187,CUST0018,EMP011,17-08-2023 00:01,31-08-2023 00:01,Cancelled,Paid,Chennai,
ORD001188,CUST0277,EMP034,17-08-2023 02:41,07-09-2023 02:41,Delivered,Paid,Noida,07-09-2023 02:41
ORD001189,CUST0256,EMP014,17-08-2023 03:50,14-09-2023 03:50,Delivered,Paid,Pune,10-09-2023 03:50
ORD001190,CUST0494,EMP003,17-08-2023 08:40,31-08-2023 08:40,Order Confirmed,Paid,Chennai,
ORD001191,CUST0254,EMP019,17-08-2023 09:15,31-08-2023 09:15,Order Confirmed,Paid,Hyderabad,
ORD001192,CUST0490,EMP017,17-08-2023 19:03,31-08-2023 19:03,Delivered,Paid,Mumbai,29-08-2023 19:03
ORD001193,CUST0404,EMP011,17-08-2023 21:21,06-09-2023 21:21,Order Confirmed,Paid,Faridabad,
ORD001194,CUST0169,EMP019,17-08-2023 23:46,28-08-2023 23:46,Order Confirmed,Paid,Vadodara,
ORD001195,CUST0464,EMP038,18-08-2023 05:40,06-09-2023 05:40,In Production,Paid,Pune,
ORD001196,CUST0242,EMP026,18-08-2023 06:10,13-09-2023 06:10,Quotation,Paid,Jaipur,
ORD001197,CUST0298,EMP034,18-08-2023 20:57,26-08-2023 20:57,Delivered,Partially Paid,Ahmedabad,20-08-2023 20:57
ORD001198,CUST0051,EMP011,18-08-2023 22:11,17-09-2023 22:11,Delivered,Pending,Delhi,13-09-2023 22:11
ORD001199,CUST0107,EMP003,18-08-2023 23:25,06-09-2023 23:25,Quotation,Partially Paid,Chennai,
ORD001200,CUST0262,EMP017,19-08-2023 02:21,10-09-2023 02:21,Delivered,Paid,Ludhiana,07-09-2023 02:21
ORD001201,CUST0136,EMP034,19-08-2023 02:35,09-09-2023 02:35,Quotation,Paid,Pune,
ORD001202,CUST0300,EMP038,19-08-2023 03:10,17-09-2023 03:10,Quotation,Partially Paid,Ludhiana,
ORD001203,CUST0040,EMP011,19-08-2023 07:33,10-09-2023 07:33,Dispatched,Partially Paid,Jaipur,09-09-2023 07:33
ORD001204,CUST0126,EMP019,19-08-2023 18:04,16-09-2023 18:04,Dispatched,Overdue,Gurugram,14-09-2023 18:04
ORD001205,CUST0333,EMP017,19-08-2023 20:35,01-09-2023 20:35,In Production,Paid,Pune,
ORD001206,CUST0307,EMP034,19-08-2023 22:12,31-08-2023 22:12,Delivered,Paid,Mumbai,26-08-2023 22:12
ORD001207,CUST0492,EMP014,20-08-2023 02:24,11-09-2023 02:24,In Production,Paid,Gurugram,
ORD001208,CUST0450,EMP019,20-08-2023 06:48,30-08-2023 06:48,Delivered,Overdue,Faridabad,29-08-2023 06:48
ORD001209,CUST0406,EMP038,20-08-2023 10:53,29-08-2023 10:53,In Production,Partially Paid,Faridabad,
ORD001210,CUST0001,EMP019,20-08-2023 10:55,01-09-2023 10:55,Delivered,Pending,Ludhiana,27-08-2023 10:55
ORD001211,CUST0302,EMP034,20-08-2023 16:18,02-09-2023 16:18,Delivered,Partially Paid,Jaipur,29-08-2023 16:18
ORD001212,CUST0115,EMP030,20-08-2023 18:33,29-08-2023 18:33,Order Confirmed,Overdue,Kolkata,
ORD001213,CUST0134,EMP026,20-08-2023 20:43,13-09-2023 20:43,Delivered,Paid,Ludhiana,10-09-2023 20:43
ORD001214,CUST0105,EMP014,20-08-2023 23:28,09-09-2023 23:28,Delivered,Overdue,Ludhiana,06-09-2023 23:28
ORD001215,CUST0228,EMP044,21-08-2023 02:18,01-09-2023 02:18,Quotation,Pending,Ludhiana,
ORD001216,CUST0062,EMP014,21-08-2023 02:32,03-09-2023 02:32,Delivered,Pending,Ludhiana,03-09-2023 02:32
ORD001217,CUST0266,EMP044,21-08-2023 05:52,19-09-2023 05:52,Delivered,Overdue,Pune,18-09-2023 05:52
ORD001218,CUST0084,EMP044,21-08-2023 07:29,18-09-2023 07:29,Order Confirmed,Paid,Chennai,
ORD001219,CUST0251,EMP026,21-08-2023 20:38,30-08-2023 20:38,Cancelled,Partially Paid,Vadodara,
ORD001220,CUST0313,EMP038,22-08-2023 03:06,12-09-2023 03:06,Dispatched,Paid,Pune,09-09-2023 03:06
ORD001221,CUST0090,EMP034,22-08-2023 03:42,05-09-2023 03:42,Delivered,Pending,Bengaluru,02-09-2023 03:42
ORD001222,CUST0052,EMP034,22-08-2023 05:14,06-09-2023 05:14,Delivered,Partially Paid,Gurugram,05-09-2023 05:14
ORD001223,CUST0404,EMP003,22-08-2023 09:58,12-09-2023 09:58,On Hold,Partially Paid,Faridabad,
ORD001224,CUST0370,EMP011,22-08-2023 18:38,21-09-2023 18:38,Delivered,Paid,Faridabad,16-09-2023 18:38
ORD001225,CUST0131,EMP003,22-08-2023 23:56,11-09-2023 23:56,Delivered,Pending,Delhi,08-09-2023 23:56
ORD001226,CUST0444,EMP003,23-08-2023 02:14,21-09-2023 02:14,Order Confirmed,Pending,Vadodara,
ORD001227,CUST0111,EMP038,23-08-2023 04:18,18-09-2023 04:18,In Production,Partially Paid,Surat,
ORD001228,CUST0464,EMP011,23-08-2023 12:13,17-09-2023 12:13,Delivered,Paid,Pune,15-09-2023 12:13
ORD001229,CUST0057,EMP003,23-08-2023 19:21,17-09-2023 19:21,In Production,Pending,Ludhiana,
ORD001230,CUST0331,EMP044,23-08-2023 23:35,18-09-2023 23:35,Delivered,Pending,Bengaluru,13-09-2023 23:35
ORD001231,CUST0010,EMP014,24-08-2023 01:00,06-09-2023 01:00,Quotation,Paid,Ahmedabad,
ORD001232,CUST0099,EMP038,24-08-2023 03:02,23-09-2023 03:02,Order Confirmed,Paid,Ludhiana,
ORD001233,CUST0203,EMP044,24-08-2023 04:29,22-09-2023 04:29,Order Confirmed,Partially Paid,Bengaluru,
ORD001234,CUST0043,EMP026,24-08-2023 08:10,14-09-2023 08:10,Dispatched,Partially Paid,Ludhiana,13-09-2023 08:10
ORD001235,CUST0229,EMP044,24-08-2023 11:41,17-09-2023 11:41,Order Confirmed,Paid,Noida,
ORD001236,CUST0117,EMP044,24-08-2023 18:58,21-09-2023 18:58,In Production,Paid,Delhi,
ORD001237,CUST0050,EMP011,24-08-2023 20:44,03-09-2023 20:44,On Hold,Pending,Vadodara,
ORD001238,CUST0481,EMP011,24-08-2023 21:42,01-09-2023 21:42,Delivered,Overdue,Mumbai,01-09-2023 21:42
ORD001239,CUST0491,EMP017,25-08-2023 02:36,24-09-2023 02:36,Delivered,Paid,Faridabad,22-09-2023 02:36
ORD001240,CUST0482,EMP026,25-08-2023 04:51,14-09-2023 04:51,Order Confirmed,Pending,Jaipur,
ORD001241,CUST0078,EMP034,25-08-2023 06:30,18-09-2023 06:30,In Production,Paid,Noida,
ORD001242,CUST0191,EMP011,25-08-2023 07:54,13-09-2023 07:54,Delivered,Paid,Gurugram,13-09-2023 07:54
ORD001243,CUST0164,EMP011,25-08-2023 16:31,13-09-2023 16:31,Quotation,Partially Paid,Hyderabad,
ORD001244,CUST0163,EMP017,25-08-2023 18:47,01-09-2023 18:47,Dispatched,Paid,Delhi,30-08-2023 18:47
ORD001245,CUST0209,EMP014,26-08-2023 14:07,08-09-2023 14:07,Cancelled,Paid,Ahmedabad,
ORD001246,CUST0256,EMP044,26-08-2023 14:45,04-09-2023 14:45,Order Confirmed,Overdue,Pune,
ORD001247,CUST0243,EMP017,27-08-2023 05:45,13-09-2023 05:45,Cancelled,Paid,Ahmedabad,
ORD001248,CUST0146,EMP038,27-08-2023 09:57,03-09-2023 09:57,Order Confirmed,Paid,Ludhiana,
ORD001249,CUST0490,EMP003,27-08-2023 12:23,22-09-2023 12:23,Order Confirmed,Paid,Mumbai,
ORD001250,CUST0490,EMP011,27-08-2023 14:07,10-09-2023 14:07,Order Confirmed,Paid,Mumbai,
ORD001251,CUST0166,EMP038,27-08-2023 14:33,20-09-2023 14:33,Cancelled,Partially Paid,Hyderabad,
ORD001252,CUST0111,EMP014,28-08-2023 01:32,05-09-2023 01:32,Delivered,Paid,Surat,05-09-2023 01:32
ORD001253,CUST0267,EMP003,28-08-2023 05:05,04-09-2023 05:05,Delivered,Paid,Bengaluru,31-08-2023 05:05
ORD001254,CUST0185,EMP026,28-08-2023 10:53,14-09-2023 10:53,In Production,Paid,Delhi,
ORD001255,CUST0494,EMP011,28-08-2023 19:26,22-09-2023 19:26,Delivered,Partially Paid,Chennai,22-09-2023 19:26
ORD001256,CUST0215,EMP003,28-08-2023 23:49,23-09-2023 23:49,Delivered,Overdue,Vadodara,22-09-2023 23:49
ORD001257,CUST0020,EMP019,29-08-2023 06:39,18-09-2023 06:39,Delivered,Paid,Jaipur,17-09-2023 06:39
ORD001258,CUST0063,EMP026,29-08-2023 11:18,19-09-2023 11:18,Delivered,Pending,Faridabad,15-09-2023 11:18
ORD001259,CUST0038,EMP026,29-08-2023 18:38,21-09-2023 18:38,Delivered,Overdue,Ludhiana,19-09-2023 18:38
ORD001260,CUST0192,EMP026,30-08-2023 00:21,22-09-2023 00:21,Delivered,Paid,Kolkata,17-09-2023 00:21
ORD001261,CUST0159,EMP003,30-08-2023 01:54,23-09-2023 01:54,Order Confirmed,Paid,Mumbai,
ORD001262,CUST0429,EMP014,30-08-2023 02:30,06-09-2023 02:30,Delivered,Paid,Jaipur,01-09-2023 02:30
ORD001263,CUST0446,EMP017,30-08-2023 11:57,16-09-2023 11:57,In Production,Pending,Kolkata,
ORD001264,CUST0071,EMP014,30-08-2023 13:18,26-09-2023 13:18,On Hold,Paid,Surat,
ORD001265,CUST0473,EMP026,30-08-2023 16:13,16-09-2023 16:13,In Production,Paid,Ludhiana,
ORD001266,CUST0293,EMP014,30-08-2023 16:41,09-09-2023 16:41,Order Confirmed,Partially Paid,Gurugram,
ORD001267,CUST0154,EMP030,30-08-2023 19:13,21-09-2023 19:13,In Production,Pending,Jaipur,
ORD001268,CUST0204,EMP044,30-08-2023 19:46,13-09-2023 19:46,Delivered,Paid,Hyderabad,11-09-2023 19:46
ORD001269,CUST0221,EMP030,30-08-2023 23:58,18-09-2023 23:58,In Production,Paid,Surat,
ORD001270,CUST0086,EMP017,31-08-2023 03:56,19-09-2023 03:56,Delivered,Paid,Pune,19-09-2023 03:56
ORD001271,CUST0434,EMP019,31-08-2023 07:11,23-09-2023 07:11,Delivered,Overdue,Ludhiana,17-09-2023 07:11
ORD001272,CUST0007,EMP026,01-09-2023 06:55,30-09-2023 06:55,Order Confirmed,Partially Paid,Gurugram,
ORD001273,CUST0035,EMP034,01-09-2023 12:57,24-09-2023 12:57,Delivered,Paid,Ahmedabad,22-09-2023 12:57
ORD001274,CUST0137,EMP017,01-09-2023 21:01,01-10-2023 21:01,Delivered,Pending,Vadodara,28-09-2023 21:01
ORD001275,CUST0072,EMP003,02-09-2023 05:53,09-09-2023 05:53,Delivered,Paid,Kolkata,03-09-2023 05:53
ORD001276,CUST0031,EMP034,02-09-2023 08:11,27-09-2023 08:11,In Production,Pending,Delhi,
ORD001277,CUST0192,EMP030,02-09-2023 09:13,19-09-2023 09:13,Cancelled,Paid,Kolkata,
ORD001278,CUST0189,EMP011,02-09-2023 12:14,26-09-2023 12:14,Quotation,Paid,Jaipur,
ORD001279,CUST0063,EMP030,03-09-2023 04:32,12-09-2023 04:32,Delivered,Paid,Faridabad,08-09-2023 04:32
ORD001280,CUST0406,EMP003,03-09-2023 05:06,22-09-2023 05:06,Delivered,Paid,Faridabad,18-09-2023 05:06
ORD001281,CUST0442,EMP030,03-09-2023 08:57,10-09-2023 08:57,Dispatched,Pending,Bengaluru,08-09-2023 08:57
ORD001282,CUST0360,EMP034,03-09-2023 11:50,25-09-2023 11:50,Quotation,Paid,Pune,
ORD001283,CUST0262,EMP003,03-09-2023 16:24,15-09-2023 16:24,Delivered,Paid,Ludhiana,10-09-2023 16:24
ORD001284,CUST0474,EMP034,03-09-2023 20:12,13-09-2023 20:12,In Production,Pending,Bengaluru,
ORD001285,CUST0176,EMP011,03-09-2023 20:22,11-09-2023 20:22,Order Confirmed,Paid,Pune,
ORD001286,CUST0214,EMP014,03-09-2023 23:59,16-09-2023 23:59,Order Confirmed,Paid,Bengaluru,
ORD001287,CUST0008,EMP034,04-09-2023 04:24,04-10-2023 04:24,Delivered,Paid,Noida,03-10-2023 04:24
ORD001288,CUST0354,EMP017,04-09-2023 05:18,04-10-2023 05:18,Order Confirmed,Overdue,Pune,
ORD001289,CUST0047,EMP044,04-09-2023 09:54,12-09-2023 09:54,Dispatched,Partially Paid,Ahmedabad,09-09-2023 09:54
ORD001290,CUST0333,EMP044,04-09-2023 11:43,04-10-2023 11:43,On Hold,Pending,Pune,
ORD001291,CUST0392,EMP044,05-09-2023 03:39,26-09-2023 03:39,Delivered,Partially Paid,Kolkata,24-09-2023 03:39
ORD001292,CUST0109,EMP011,05-09-2023 04:16,19-09-2023 04:16,Delivered,Paid,Pune,19-09-2023 04:16
ORD001293,CUST0307,EMP011,05-09-2023 17:42,04-10-2023 17:42,Dispatched,Paid,Mumbai,03-10-2023 17:42
ORD001294,CUST0152,EMP011,05-09-2023 18:10,17-09-2023 18:10,Order Confirmed,Partially Paid,Mumbai,
ORD001295,CUST0200,EMP026,06-09-2023 02:43,17-09-2023 02:43,Dispatched,Paid,Gurugram,16-09-2023 02:43
ORD001296,CUST0265,EMP019,06-09-2023 09:09,18-09-2023 09:09,Order Confirmed,Overdue,Bengaluru,
ORD001297,CUST0125,EMP034,06-09-2023 12:52,16-09-2023 12:52,Order Confirmed,Paid,Chennai,
ORD001298,CUST0399,EMP014,06-09-2023 17:33,24-09-2023 17:33,Order Confirmed,Paid,Faridabad,
ORD001299,CUST0198,EMP011,06-09-2023 18:31,16-09-2023 18:31,Delivered,Paid,Gurugram,16-09-2023 18:31
ORD001300,CUST0231,EMP030,07-09-2023 00:12,19-09-2023 00:12,Order Confirmed,Paid,Bengaluru,
ORD001301,CUST0408,EMP030,07-09-2023 08:20,22-09-2023 08:20,Order Confirmed,Partially Paid,Vadodara,
ORD001302,CUST0114,EMP030,07-09-2023 15:57,29-09-2023 15:57,Delivered,Pending,Noida,24-09-2023 15:57
ORD001303,CUST0227,EMP017,07-09-2023 23:01,04-10-2023 23:01,Order Confirmed,Partially Paid,Noida,
ORD001304,CUST0497,EMP026,08-09-2023 17:04,16-09-2023 17:04,Delivered,Pending,Vadodara,12-09-2023 17:04
ORD001305,CUST0200,EMP044,08-09-2023 18:13,30-09-2023 18:13,Dispatched,Paid,Gurugram,24-09-2023 18:13
ORD001306,CUST0058,EMP030,08-09-2023 22:18,17-09-2023 22:18,Delivered,Paid,Vadodara,17-09-2023 22:18
ORD001307,CUST0143,EMP044,09-09-2023 07:00,09-10-2023 07:00,Quotation,Pending,Jaipur,
ORD001308,CUST0478,EMP019,09-09-2023 08:24,22-09-2023 08:24,Quotation,Paid,Mumbai,
ORD001309,CUST0380,EMP003,09-09-2023 08:51,06-10-2023 08:51,Delivered,Paid,Faridabad,03-10-2023 08:51
ORD001310,CUST0405,EMP034,09-09-2023 15:44,04-10-2023 15:44,Dispatched,Paid,Vadodara,30-09-2023 15:44
ORD001311,CUST0127,EMP019,10-09-2023 14:45,24-09-2023 14:45,Quotation,Partially Paid,Pune,
ORD001312,CUST0420,EMP003,10-09-2023 15:22,24-09-2023 15:22,In Production,Partially Paid,Mumbai,
ORD001313,CUST0197,EMP011,10-09-2023 18:31,24-09-2023 18:31,Dispatched,Paid,Kolkata,21-09-2023 18:31
ORD001314,CUST0398,EMP017,10-09-2023 19:59,28-09-2023 19:59,Order Confirmed,Paid,Jaipur,
ORD001315,CUST0441,EMP011,11-09-2023 00:10,28-09-2023 00:10,Delivered,Paid,Hyderabad,28-09-2023 00:10
ORD001316,CUST0105,EMP030,11-09-2023 00:44,03-10-2023 00:44,Dispatched,Paid,Ludhiana,30-09-2023 00:44
ORD001317,CUST0470,EMP030,11-09-2023 01:22,29-09-2023 01:22,Delivered,Paid,Jaipur,29-09-2023 01:22
ORD001318,CUST0317,EMP017,11-09-2023 17:08,06-10-2023 17:08,Delivered,Pending,Faridabad,06-10-2023 17:08
ORD001319,CUST0366,EMP003,11-09-2023 18:53,29-09-2023 18:53,Dispatched,Overdue,Pune,24-09-2023 18:53
ORD001320,CUST0379,EMP003,11-09-2023 23:05,25-09-2023 23:05,Delivered,Pending,Bengaluru,25-09-2023 23:05
ORD001321,CUST0085,EMP044,12-09-2023 00:31,26-09-2023 00:31,Dispatched,Pending,Faridabad,24-09-2023 00:31
ORD001322,CUST0373,EMP017,12-09-2023 08:30,06-10-2023 08:30,Dispatched,Overdue,Kolkata,30-09-2023 08:30
ORD001323,CUST0107,EMP011,12-09-2023 09:06,22-09-2023 09:06,Delivered,Partially Paid,Chennai,16-09-2023 09:06
ORD001324,CUST0136,EMP034,12-09-2023 14:40,25-09-2023 14:40,Delivered,Paid,Pune,25-09-2023 14:40
ORD001325,CUST0059,EMP038,12-09-2023 14:41,26-09-2023 14:41,Quotation,Pending,Gurugram,
ORD001326,CUST0091,EMP011,12-09-2023 17:09,04-10-2023 17:09,On Hold,Paid,Jaipur,
ORD001327,CUST0490,EMP044,12-09-2023 19:04,22-09-2023 19:04,Cancelled,Paid,Mumbai,
ORD001328,CUST0165,EMP034,12-09-2023 20:18,29-09-2023 20:18,In Production,Paid,Bengaluru,
ORD001329,CUST0194,EMP014,12-09-2023 23:56,05-10-2023 23:56,Delivered,Partially Paid,Kolkata,03-10-2023 23:56
ORD001330,CUST0240,EMP034,13-09-2023 00:55,12-10-2023 00:55,Delivered,Pending,Noida,10-10-2023 00:55
ORD001331,CUST0357,EMP019,13-09-2023 05:39,30-09-2023 05:39,Cancelled,Partially Paid,Noida,
ORD001332,CUST0287,EMP030,13-09-2023 08:50,13-10-2023 08:50,Delivered,Paid,Delhi,09-10-2023 08:50
ORD001333,CUST0269,EMP011,13-09-2023 09:05,04-10-2023 09:05,Quotation,Paid,Faridabad,
ORD001334,CUST0419,EMP014,13-09-2023 11:13,08-10-2023 11:13,Delivered,Pending,Ludhiana,04-10-2023 11:13
ORD001335,CUST0248,EMP034,13-09-2023 12:10,25-09-2023 12:10,Order Confirmed,Partially Paid,Pune,
ORD001336,CUST0385,EMP038,13-09-2023 12:23,11-10-2023 12:23,Delivered,Paid,Faridabad,11-10-2023 12:23
ORD001337,CUST0456,EMP003,13-09-2023 12:44,26-09-2023 12:44,Delivered,Paid,Jaipur,24-09-2023 12:44
ORD001338,CUST0339,EMP014,13-09-2023 18:29,23-09-2023 18:29,Delivered,Paid,Gurugram,22-09-2023 18:29
ORD001339,CUST0018,EMP030,13-09-2023 23:25,21-09-2023 23:25,Order Confirmed,Pending,Chennai,
ORD001340,CUST0132,EMP044,14-09-2023 17:46,06-10-2023 17:46,Dispatched,Paid,Surat,30-09-2023 17:46
ORD001341,CUST0309,EMP030,14-09-2023 20:25,06-10-2023 20:25,Delivered,Pending,Surat,04-10-2023 20:25
ORD001342,CUST0240,EMP034,15-09-2023 00:33,26-09-2023 00:33,In Production,Paid,Noida,
ORD001343,CUST0143,EMP017,15-09-2023 02:27,13-10-2023 02:27,Order Confirmed,Overdue,Jaipur,
ORD001344,CUST0168,EMP003,15-09-2023 03:55,28-09-2023 03:55,Order Confirmed,Paid,Bengaluru,
ORD001345,CUST0040,EMP034,15-09-2023 07:01,06-10-2023 07:01,Delivered,Partially Paid,Jaipur,06-10-2023 07:01
ORD001346,CUST0118,EMP034,15-09-2023 13:08,04-10-2023 13:08,Dispatched,Partially Paid,Noida,30-09-2023 13:08
ORD001347,CUST0392,EMP019,15-09-2023 15:04,06-10-2023 15:04,Delivered,Pending,Kolkata,30-09-2023 15:04
ORD001348,CUST0006,EMP026,15-09-2023 15:09,09-10-2023 15:09,Dispatched,Pending,Hyderabad,04-10-2023 15:09
ORD001349,CUST0419,EMP014,15-09-2023 20:22,14-10-2023 20:22,Delivered,Paid,Ludhiana,14-10-2023 20:22
ORD001350,CUST0170,EMP019,15-09-2023 22:09,09-10-2023 22:09,Dispatched,Paid,Mumbai,04-10-2023 22:09
ORD001351,CUST0404,EMP014,16-09-2023 07:32,14-10-2023 07:32,Order Confirmed,Paid,Faridabad,
ORD001352,CUST0129,EMP019,16-09-2023 19:26,13-10-2023 19:26,Order Confirmed,Partially Paid,Delhi,
ORD001353,CUST0415,EMP011,17-09-2023 13:37,02-10-2023 13:37,Quotation,Partially Paid,Noida,
ORD001354,CUST0286,EMP030,17-09-2023 14:37,07-10-2023 14:37,Delivered,Paid,Delhi,06-10-2023 14:37
ORD001355,CUST0426,EMP014,17-09-2023 20:44,28-09-2023 20:44,Delivered,Pending,Ahmedabad,27-09-2023 20:44
ORD001356,CUST0032,EMP034,17-09-2023 23:53,16-10-2023 23:53,Delivered,Paid,Jaipur,13-10-2023 23:53
ORD001357,CUST0399,EMP026,18-09-2023 01:49,18-10-2023 01:49,Delivered,Paid,Faridabad,13-10-2023 01:49
ORD001358,CUST0136,EMP038,18-09-2023 03:37,16-10-2023 03:37,Delivered,Paid,Pune,10-10-2023 03:37
ORD001359,CUST0180,EMP014,18-09-2023 04:22,12-10-2023 04:22,On Hold,Partially Paid,Jaipur,
ORD001360,CUST0023,EMP014,18-09-2023 05:44,15-10-2023 05:44,Delivered,Paid,Ludhiana,11-10-2023 05:44
ORD001361,CUST0478,EMP014,18-09-2023 08:02,14-10-2023 08:02,Order Confirmed,Pending,Mumbai,
ORD001362,CUST0321,EMP030,18-09-2023 09:02,30-09-2023 09:02,Order Confirmed,Partially Paid,Noida,
ORD001363,CUST0491,EMP011,18-09-2023 09:26,01-10-2023 09:26,Delivered,Paid,Faridabad,29-09-2023 09:26
ORD001364,CUST0285,EMP030,19-09-2023 00:29,08-10-2023 00:29,Delivered,Paid,Jaipur,04-10-2023 00:29
ORD001365,CUST0080,EMP038,19-09-2023 02:46,06-10-2023 02:46,Delivered,Pending,Kolkata,04-10-2023 02:46
ORD001366,CUST0169,EMP030,19-09-2023 05:31,13-10-2023 05:31,In Production,Pending,Vadodara,
ORD001367,CUST0220,EMP011,19-09-2023 12:25,13-10-2023 12:25,Delivered,Paid,Noida,13-10-2023 12:25
ORD001368,CUST0074,EMP019,19-09-2023 14:44,19-10-2023 14:44,Dispatched,Paid,Jaipur,17-10-2023 14:44
ORD001369,CUST0466,EMP026,20-09-2023 01:51,15-10-2023 01:51,In Production,Paid,Noida,
ORD001370,CUST0479,EMP017,20-09-2023 04:44,27-09-2023 04:44,Delivered,Paid,Gurugram,26-09-2023 04:44
ORD001371,CUST0282,EMP019,20-09-2023 05:32,05-10-2023 05:32,Delivered,Paid,Kolkata,05-10-2023 05:32
ORD001372,CUST0293,EMP034,20-09-2023 11:12,04-10-2023 11:12,In Production,Partially Paid,Gurugram,
ORD001373,CUST0352,EMP038,20-09-2023 15:01,12-10-2023 15:01,In Production,Paid,Ludhiana,
ORD001374,CUST0340,EMP017,20-09-2023 15:13,05-10-2023 15:13,Delivered,Pending,Chennai,30-09-2023 15:13
ORD001375,CUST0032,EMP017,20-09-2023 15:43,20-10-2023 15:43,Dispatched,Paid,Jaipur,15-10-2023 15:43
ORD001376,CUST0266,EMP014,20-09-2023 20:33,03-10-2023 20:33,Order Confirmed,Partially Paid,Pune,
ORD001377,CUST0389,EMP019,20-09-2023 21:51,07-10-2023 21:51,Delivered,Overdue,Hyderabad,02-10-2023 21:51
ORD001378,CUST0404,EMP026,20-09-2023 23:22,16-10-2023 23:22,Delivered,Paid,Faridabad,10-10-2023 23:22
ORD001379,CUST0299,EMP034,21-09-2023 00:39,06-10-2023 00:39,Quotation,Paid,Jaipur,
ORD001380,CUST0449,EMP014,21-09-2023 06:06,29-09-2023 06:06,Delivered,Paid,Ahmedabad,26-09-2023 06:06
ORD001381,CUST0294,EMP014,21-09-2023 07:11,05-10-2023 07:11,Delivered,Paid,Ahmedabad,01-10-2023 07:11
ORD001382,CUST0192,EMP003,21-09-2023 07:35,06-10-2023 07:35,In Production,Pending,Kolkata,
ORD001383,CUST0222,EMP003,22-09-2023 02:14,13-10-2023 02:14,In Production,Pending,Vadodara,
ORD001384,CUST0346,EMP003,22-09-2023 06:35,16-10-2023 06:35,In Production,Partially Paid,Ludhiana,
ORD001385,CUST0444,EMP014,22-09-2023 13:11,12-10-2023 13:11,Dispatched,Overdue,Vadodara,11-10-2023 13:11
ORD001386,CUST0115,EMP030,22-09-2023 22:09,08-10-2023 22:09,Delivered,Paid,Kolkata,05-10-2023 22:09
ORD001387,CUST0147,EMP034,23-09-2023 00:34,12-10-2023 00:34,Dispatched,Paid,Bengaluru,12-10-2023 00:34
ORD001388,CUST0326,EMP044,23-09-2023 07:48,03-10-2023 07:48,On Hold,Paid,Delhi,
ORD001389,CUST0382,EMP026,23-09-2023 10:48,04-10-2023 10:48,In Production,Partially Paid,Noida,
ORD001390,CUST0200,EMP019,23-09-2023 15:16,14-10-2023 15:16,Delivered,Paid,Gurugram,10-10-2023 15:16
ORD001391,CUST0322,EMP038,24-09-2023 18:46,21-10-2023 18:46,Delivered,Paid,Gurugram,18-10-2023 18:46
ORD001392,CUST0004,EMP011,25-09-2023 00:55,14-10-2023 00:55,Delivered,Overdue,Ahmedabad,11-10-2023 00:55
ORD001393,CUST0146,EMP030,25-09-2023 03:55,03-10-2023 03:55,Delivered,Paid,Ludhiana,28-09-2023 03:55
ORD001394,CUST0478,EMP038,25-09-2023 09:14,25-10-2023 09:14,Dispatched,Paid,Mumbai,25-10-2023 09:14
ORD001395,CUST0289,EMP026,25-09-2023 10:38,09-10-2023 10:38,Dispatched,Paid,Mumbai,06-10-2023 10:38
ORD001396,CUST0435,EMP014,25-09-2023 14:37,19-10-2023 14:37,Cancelled,Paid,Pune,
ORD001397,CUST0109,EMP030,25-09-2023 15:28,23-10-2023 15:28,Cancelled,Paid,Pune,
ORD001398,CUST0146,EMP044,25-09-2023 21:29,25-10-2023 21:29,On Hold,Paid,Ludhiana,
ORD001399,CUST0488,EMP014,26-09-2023 08:04,05-10-2023 08:04,Order Confirmed,Paid,Delhi,
ORD001400,CUST0499,EMP026,26-09-2023 08:38,07-10-2023 08:38,Quotation,Pending,Faridabad,
ORD001401,CUST0439,EMP003,26-09-2023 08:38,18-10-2023 08:38,Dispatched,Paid,Surat,16-10-2023 08:38
ORD001402,CUST0159,EMP014,26-09-2023 13:03,21-10-2023 13:03,Delivered,Partially Paid,Mumbai,16-10-2023 13:03
ORD001403,CUST0401,EMP034,26-09-2023 16:59,23-10-2023 16:59,Quotation,Partially Paid,Vadodara,
ORD001404,CUST0230,EMP019,26-09-2023 20:14,16-10-2023 20:14,In Production,Pending,Bengaluru,
ORD001405,CUST0422,EMP011,26-09-2023 20:16,06-10-2023 20:16,Delivered,Pending,Surat,02-10-2023 20:16
ORD001406,CUST0426,EMP017,27-09-2023 01:25,21-10-2023 01:25,Order Confirmed,Paid,Ahmedabad,
ORD001407,CUST0218,EMP011,27-09-2023 02:13,20-10-2023 02:13,Delivered,Paid,Bengaluru,15-10-2023 02:13
ORD001408,CUST0153,EMP034,27-09-2023 02:55,15-10-2023 02:55,Order Confirmed,Paid,Surat,
ORD001409,CUST0488,EMP044,27-09-2023 06:59,19-10-2023 06:59,Delivered,Paid,Delhi,14-10-2023 06:59
ORD001410,CUST0226,EMP011,27-09-2023 07:53,09-10-2023 07:53,In Production,Pending,Mumbai,
ORD001411,CUST0216,EMP014,27-09-2023 17:10,23-10-2023 17:10,Delivered,Paid,Hyderabad,21-10-2023 17:10
ORD001412,CUST0333,EMP038,27-09-2023 21:11,05-10-2023 21:11,Delivered,Paid,Pune,03-10-2023 21:11
ORD001413,CUST0469,EMP038,27-09-2023 21:14,24-10-2023 21:14,In Production,Paid,Ludhiana,
ORD001414,CUST0066,EMP034,28-09-2023 20:46,25-10-2023 20:46,Dispatched,Pending,Gurugram,23-10-2023 20:46
ORD001415,CUST0493,EMP034,29-09-2023 01:26,22-10-2023 01:26,Delivered,Paid,Ahmedabad,17-10-2023 01:26
ORD001416,CUST0212,EMP038,29-09-2023 13:35,25-10-2023 13:35,Delivered,Paid,Bengaluru,22-10-2023 13:35
ORD001417,CUST0013,EMP017,29-09-2023 18:18,27-10-2023 18:18,Quotation,Pending,Mumbai,
ORD001418,CUST0155,EMP038,30-09-2023 00:52,10-10-2023 00:52,Delivered,Partially Paid,Vadodara,05-10-2023 00:52
ORD001419,CUST0232,EMP038,30-09-2023 05:23,20-10-2023 05:23,Order Confirmed,Paid,Gurugram,
ORD001420,CUST0339,EMP014,30-09-2023 06:28,22-10-2023 06:28,Dispatched,Paid,Gurugram,21-10-2023 06:28
ORD001421,CUST0284,EMP003,30-09-2023 12:38,29-10-2023 12:38,Dispatched,Partially Paid,Gurugram,23-10-2023 12:38
ORD001422,CUST0068,EMP026,30-09-2023 13:41,24-10-2023 13:41,Dispatched,Paid,Hyderabad,21-10-2023 13:41
ORD001423,CUST0245,EMP034,30-09-2023 15:35,21-10-2023 15:35,Quotation,Overdue,Gurugram,
ORD001424,CUST0117,EMP038,30-09-2023 15:53,20-10-2023 15:53,In Production,Pending,Delhi,
ORD001425,CUST0135,EMP011,01-10-2023 09:54,11-10-2023 09:54,Quotation,Partially Paid,Faridabad,
ORD001426,CUST0356,EMP017,01-10-2023 12:38,15-10-2023 12:38,Dispatched,Partially Paid,Chennai,09-10-2023 12:38
ORD001427,CUST0402,EMP034,01-10-2023 14:31,18-10-2023 14:31,Delivered,Overdue,Delhi,15-10-2023 14:31
ORD001428,CUST0079,EMP003,01-10-2023 19:06,29-10-2023 19:06,Delivered,Paid,Noida,29-10-2023 19:06
ORD001429,CUST0302,EMP034,02-10-2023 00:13,29-10-2023 00:13,Quotation,Paid,Jaipur,
ORD001430,CUST0212,EMP014,02-10-2023 01:33,24-10-2023 01:33,Order Confirmed,Pending,Bengaluru,
ORD001431,CUST0169,EMP003,02-10-2023 06:04,11-10-2023 06:04,Delivered,Paid,Vadodara,10-10-2023 06:04
ORD001432,CUST0357,EMP014,02-10-2023 06:33,26-10-2023 06:33,Delivered,Partially Paid,Noida,23-10-2023 06:33
ORD001433,CUST0125,EMP034,02-10-2023 06:38,20-10-2023 06:38,Delivered,Paid,Chennai,20-10-2023 06:38
ORD001434,CUST0383,EMP038,02-10-2023 07:25,24-10-2023 07:25,Order Confirmed,Paid,Surat,
ORD001435,CUST0201,EMP003,02-10-2023 14:44,19-10-2023 14:44,Order Confirmed,Paid,Delhi,
ORD001436,CUST0048,EMP019,03-10-2023 07:08,27-10-2023 07:08,In Production,Pending,Ahmedabad,
ORD001437,CUST0397,EMP014,03-10-2023 11:48,15-10-2023 11:48,Delivered,Paid,Jaipur,10-10-2023 11:48
ORD001438,CUST0426,EMP030,03-10-2023 13:11,13-10-2023 13:11,Dispatched,Paid,Ahmedabad,11-10-2023 13:11
ORD001439,CUST0282,EMP034,03-10-2023 14:48,15-10-2023 14:48,Order Confirmed,Paid,Kolkata,
ORD001440,CUST0362,EMP044,03-10-2023 20:39,01-11-2023 20:39,Quotation,Paid,Chennai,
ORD001441,CUST0074,EMP017,03-10-2023 21:10,11-10-2023 21:10,Delivered,Partially Paid,Jaipur,06-10-2023 21:10
ORD001442,CUST0170,EMP014,03-10-2023 23:46,16-10-2023 23:46,In Production,Overdue,Mumbai,
ORD001443,CUST0175,EMP017,04-10-2023 08:37,19-10-2023 08:37,Delivered,Partially Paid,Faridabad,13-10-2023 08:37
ORD001444,CUST0382,EMP034,04-10-2023 09:17,31-10-2023 09:17,In Production,Paid,Noida,
ORD001445,CUST0177,EMP019,04-10-2023 21:12,19-10-2023 21:12,In Production,Paid,Faridabad,
ORD001446,CUST0365,EMP003,05-10-2023 01:28,02-11-2023 01:28,Order Confirmed,Overdue,Hyderabad,
ORD001447,CUST0154,EMP044,05-10-2023 11:27,04-11-2023 11:27,On Hold,Pending,Jaipur,
ORD001448,CUST0301,EMP011,05-10-2023 11:44,27-10-2023 11:44,Quotation,Pending,Hyderabad,
ORD001449,CUST0105,EMP044,05-10-2023 12:57,20-10-2023 12:57,Order Confirmed,Paid,Ludhiana,
ORD001450,CUST0280,EMP011,05-10-2023 15:25,26-10-2023 15:25,Delivered,Paid,Delhi,26-10-2023 15:25
ORD001451,CUST0041,EMP026,06-10-2023 00:17,29-10-2023 00:17,Order Confirmed,Paid,Mumbai,
ORD001452,CUST0368,EMP017,06-10-2023 03:48,15-10-2023 03:48,In Production,Paid,Pune,
ORD001453,CUST0015,EMP030,06-10-2023 08:07,01-11-2023 08:07,In Production,Paid,Hyderabad,
ORD001454,CUST0500,EMP019,06-10-2023 11:04,23-10-2023 11:04,Delivered,Pending,Surat,22-10-2023 11:04
ORD001455,CUST0420,EMP017,06-10-2023 12:15,02-11-2023 12:15,Dispatched,Paid,Mumbai,29-10-2023 12:15
ORD001456,CUST0290,EMP019,06-10-2023 16:36,27-10-2023 16:36,Delivered,Paid,Ahmedabad,21-10-2023 16:36
ORD001457,CUST0455,EMP044,07-10-2023 10:15,03-11-2023 10:15,Delivered,Pending,Gurugram,28-10-2023 10:15
ORD001458,CUST0405,EMP014,07-10-2023 15:29,15-10-2023 15:29,Delivered,Overdue,Vadodara,14-10-2023 15:29
ORD001459,CUST0072,EMP014,08-10-2023 03:43,16-10-2023 03:43,Order Confirmed,Paid,Kolkata,
ORD001460,CUST0373,EMP003,08-10-2023 03:58,17-10-2023 03:58,Delivered,Paid,Kolkata,16-10-2023 03:58
ORD001461,CUST0189,EMP034,08-10-2023 04:58,04-11-2023 04:58,Delivered,Pending,Jaipur,03-11-2023 04:58
ORD001462,CUST0428,EMP030,08-10-2023 11:40,07-11-2023 11:40,Delivered,Overdue,Vadodara,05-11-2023 11:40
ORD001463,CUST0432,EMP030,08-10-2023 15:35,07-11-2023 15:35,Quotation,Partially Paid,Jaipur,
ORD001464,CUST0478,EMP003,08-10-2023 18:41,22-10-2023 18:41,Delivered,Paid,Mumbai,18-10-2023 18:41
ORD001465,CUST0226,EMP034,08-10-2023 23:23,21-10-2023 23:23,Delivered,Partially Paid,Mumbai,19-10-2023 23:23
ORD001466,CUST0097,EMP038,09-10-2023 03:00,24-10-2023 03:00,Cancelled,Pending,Ahmedabad,
ORD001467,CUST0063,EMP044,09-10-2023 09:42,04-11-2023 09:42,In Production,Paid,Faridabad,
ORD001468,CUST0083,EMP044,09-10-2023 17:49,22-10-2023 17:49,Delivered,Paid,Kolkata,17-10-2023 17:49
ORD001469,CUST0496,EMP014,09-10-2023 18:59,29-10-2023 18:59,Delivered,Pending,Delhi,27-10-2023 18:59
ORD001470,CUST0294,EMP034,10-10-2023 08:13,01-11-2023 08:13,Delivered,Partially Paid,Ahmedabad,28-10-2023 08:13
ORD001471,CUST0176,EMP019,10-10-2023 17:08,25-10-2023 17:08,Delivered,Paid,Pune,22-10-2023 17:08
ORD001472,CUST0225,EMP026,10-10-2023 22:29,28-10-2023 22:29,Delivered,Partially Paid,Noida,27-10-2023 22:29
ORD001473,CUST0087,EMP017,11-10-2023 05:45,02-11-2023 05:45,In Production,Partially Paid,Kolkata,
ORD001474,CUST0286,EMP030,11-10-2023 09:19,05-11-2023 09:19,Order Confirmed,Paid,Delhi,
ORD001475,CUST0213,EMP044,11-10-2023 15:00,22-10-2023 15:00,In Production,Paid,Surat,
ORD001476,CUST0400,EMP030,12-10-2023 02:34,31-10-2023 02:34,Delivered,Paid,Mumbai,31-10-2023 02:34
ORD001477,CUST0011,EMP044,12-10-2023 05:38,22-10-2023 05:38,Order Confirmed,Overdue,Kolkata,
ORD001478,CUST0466,EMP044,12-10-2023 07:08,19-10-2023 07:08,Delivered,Paid,Noida,18-10-2023 07:08
ORD001479,CUST0031,EMP011,12-10-2023 11:06,03-11-2023 11:06,On Hold,Pending,Delhi,
ORD001480,CUST0209,EMP044,12-10-2023 11:08,30-10-2023 11:08,Delivered,Paid,Ahmedabad,25-10-2023 11:08
ORD001481,CUST0171,EMP038,12-10-2023 13:08,25-10-2023 13:08,Delivered,Pending,Pune,20-10-2023 13:08
ORD001482,CUST0359,EMP019,12-10-2023 14:03,20-10-2023 14:03,Delivered,Overdue,Surat,20-10-2023 14:03
ORD001483,CUST0330,EMP030,12-10-2023 14:17,10-11-2023 14:17,Order Confirmed,Overdue,Ahmedabad,
ORD001484,CUST0099,EMP030,12-10-2023 17:49,07-11-2023 17:49,Dispatched,Pending,Ludhiana,05-11-2023 17:49
ORD001485,CUST0246,EMP034,12-10-2023 21:48,10-11-2023 21:48,Delivered,Paid,Gurugram,05-11-2023 21:48
ORD001486,CUST0268,EMP038,12-10-2023 21:51,21-10-2023 21:51,Delivered,Paid,Jaipur,16-10-2023 21:51
ORD001487,CUST0232,EMP011,13-10-2023 01:15,20-10-2023 01:15,In Production,Paid,Gurugram,
ORD001488,CUST0011,EMP003,13-10-2023 01:22,25-10-2023 01:22,Order Confirmed,Partially Paid,Kolkata,
ORD001489,CUST0090,EMP014,13-10-2023 02:03,22-10-2023 02:03,Delivered,Paid,Bengaluru,22-10-2023 02:03
ORD001490,CUST0252,EMP026,13-10-2023 02:30,31-10-2023 02:30,Dispatched,Paid,Faridabad,26-10-2023 02:30
ORD001491,CUST0131,EMP038,13-10-2023 07:30,04-11-2023 07:30,Delivered,Paid,Delhi,30-10-2023 07:30
ORD001492,CUST0273,EMP030,13-10-2023 10:05,24-10-2023 10:05,Dispatched,Pending,Vadodara,24-10-2023 10:05
ORD001493,CUST0082,EMP011,13-10-2023 19:50,29-10-2023 19:50,Delivered,Paid,Ahmedabad,27-10-2023 19:50
ORD001494,CUST0368,EMP034,14-10-2023 19:40,02-11-2023 19:40,Dispatched,Paid,Pune,02-11-2023 19:40
ORD001495,CUST0095,EMP019,15-10-2023 03:24,29-10-2023 03:24,Delivered,Paid,Surat,25-10-2023 03:24
ORD001496,CUST0325,EMP017,15-10-2023 13:42,02-11-2023 13:42,Delivered,Paid,Mumbai,27-10-2023 13:42
ORD001497,CUST0419,EMP034,15-10-2023 14:10,05-11-2023 14:10,In Production,Pending,Ludhiana,
ORD001498,CUST0180,EMP014,15-10-2023 19:03,13-11-2023 19:03,In Production,Partially Paid,Jaipur,
ORD001499,CUST0070,EMP030,15-10-2023 20:32,29-10-2023 20:32,Delivered,Pending,Bengaluru,28-10-2023 20:32
ORD001500,CUST0003,EMP011,16-10-2023 17:45,25-10-2023 17:45,Order Confirmed,Paid,Gurugram,
ORD001501,CUST0181,EMP017,16-10-2023 18:18,12-11-2023 18:18,Delivered,Paid,Chennai,10-11-2023 18:18
ORD001502,CUST0058,EMP026,16-10-2023 18:59,05-11-2023 18:59,Order Confirmed,Partially Paid,Vadodara,
ORD001503,CUST0441,EMP030,16-10-2023 19:21,03-11-2023 19:21,Delivered,Paid,Hyderabad,31-10-2023 19:21
ORD001504,CUST0487,EMP044,17-10-2023 06:35,10-11-2023 06:35,Order Confirmed,Pending,Delhi,
ORD001505,CUST0491,EMP014,17-10-2023 07:55,16-11-2023 07:55,Delivered,Overdue,Faridabad,16-11-2023 07:55
ORD001506,CUST0462,EMP038,17-10-2023 08:11,27-10-2023 08:11,Delivered,Paid,Noida,25-10-2023 08:11
ORD001507,CUST0294,EMP038,17-10-2023 12:21,13-11-2023 12:21,Order Confirmed,Partially Paid,Ahmedabad,
ORD001508,CUST0163,EMP017,17-10-2023 16:39,08-11-2023 16:39,Dispatched,Paid,Delhi,07-11-2023 16:39
ORD001509,CUST0224,EMP011,17-10-2023 17:18,07-11-2023 17:18,Delivered,Paid,Faridabad,07-11-2023 17:18
ORD001510,CUST0130,EMP014,18-10-2023 09:58,14-11-2023 09:58,Delivered,Paid,Noida,10-11-2023 09:58
ORD001511,CUST0421,EMP030,18-10-2023 11:26,01-11-2023 11:26,On Hold,Partially Paid,Bengaluru,
ORD001512,CUST0219,EMP034,18-10-2023 15:33,12-11-2023 15:33,Delivered,Overdue,Chennai,07-11-2023 15:33
ORD001513,CUST0193,EMP030,19-10-2023 03:51,08-11-2023 03:51,Delivered,Paid,Jaipur,08-11-2023 03:51
ORD001514,CUST0345,EMP034,19-10-2023 12:44,17-11-2023 12:44,Delivered,Partially Paid,Faridabad,17-11-2023 12:44
ORD001515,CUST0187,EMP011,19-10-2023 14:18,06-11-2023 14:18,Cancelled,Paid,Jaipur,
ORD001516,CUST0179,EMP026,19-10-2023 17:28,12-11-2023 17:28,Dispatched,Paid,Hyderabad,12-11-2023 17:28
ORD001517,CUST0114,EMP038,19-10-2023 17:40,06-11-2023 17:40,In Production,Partially Paid,Noida,
ORD001518,CUST0034,EMP017,20-10-2023 05:48,05-11-2023 05:48,Delivered,Partially Paid,Noida,30-10-2023 05:48
ORD001519,CUST0019,EMP038,20-10-2023 09:29,05-11-2023 09:29,Cancelled,Partially Paid,Vadodara,
ORD001520,CUST0202,EMP011,20-10-2023 10:46,18-11-2023 10:46,Dispatched,Overdue,Kolkata,15-11-2023 10:46
ORD001521,CUST0498,EMP044,20-10-2023 11:04,16-11-2023 11:04,Order Confirmed,Paid,Noida,
ORD001522,CUST0131,EMP034,20-10-2023 12:16,01-11-2023 12:16,Delivered,Paid,Delhi,29-10-2023 12:16
ORD001523,CUST0321,EMP030,20-10-2023 19:34,16-11-2023 19:34,Delivered,Paid,Noida,16-11-2023 19:34
ORD001524,CUST0163,EMP030,20-10-2023 23:21,10-11-2023 23:21,In Production,Pending,Delhi,
ORD001525,CUST0152,EMP044,21-10-2023 04:46,30-10-2023 04:46,Delivered,Paid,Mumbai,30-10-2023 04:46
ORD001526,CUST0082,EMP017,21-10-2023 11:36,15-11-2023 11:36,Delivered,Paid,Ahmedabad,09-11-2023 11:36
ORD001527,CUST0282,EMP011,21-10-2023 12:26,31-10-2023 12:26,In Production,Pending,Kolkata,
ORD001528,CUST0330,EMP044,21-10-2023 18:12,17-11-2023 18:12,Delivered,Paid,Ahmedabad,11-11-2023 18:12
ORD001529,CUST0176,EMP011,22-10-2023 03:02,08-11-2023 03:02,In Production,Partially Paid,Pune,
ORD001530,CUST0264,EMP030,22-10-2023 06:22,19-11-2023 06:22,Delivered,Overdue,Hyderabad,16-11-2023 06:22
ORD001531,CUST0239,EMP014,22-10-2023 06:56,09-11-2023 06:56,Quotation,Paid,Ahmedabad,
ORD001532,CUST0136,EMP044,22-10-2023 09:27,31-10-2023 09:27,Delivered,Paid,Pune,31-10-2023 09:27
ORD001533,CUST0346,EMP044,22-10-2023 11:08,16-11-2023 11:08,In Production,Overdue,Ludhiana,
ORD001534,CUST0277,EMP019,22-10-2023 11:54,15-11-2023 11:54,Cancelled,Partially Paid,Noida,
ORD001535,CUST0033,EMP026,22-10-2023 14:56,05-11-2023 14:56,Delivered,Paid,Delhi,05-11-2023 14:56
ORD001536,CUST0247,EMP019,22-10-2023 18:49,02-11-2023 18:49,Order Confirmed,Pending,Kolkata,
ORD001537,CUST0195,EMP019,23-10-2023 03:39,19-11-2023 03:39,On Hold,Paid,Pune,
ORD001538,CUST0398,EMP044,23-10-2023 08:53,17-11-2023 08:53,Dispatched,Pending,Jaipur,12-11-2023 08:53
ORD001539,CUST0154,EMP014,23-10-2023 13:38,06-11-2023 13:38,Dispatched,Paid,Jaipur,03-11-2023 13:38
ORD001540,CUST0478,EMP044,23-10-2023 15:05,15-11-2023 15:05,Cancelled,Paid,Mumbai,
ORD001541,CUST0308,EMP030,23-10-2023 21:49,04-11-2023 21:49,Cancelled,Pending,Mumbai,
ORD001542,CUST0066,EMP044,23-10-2023 23:22,03-11-2023 23:22,Delivered,Paid,Gurugram,01-11-2023 23:22
ORD001543,CUST0202,EMP030,24-10-2023 02:11,15-11-2023 02:11,On Hold,Pending,Kolkata,
ORD001544,CUST0442,EMP038,24-10-2023 02:55,19-11-2023 02:55,In Production,Pending,Bengaluru,
ORD001545,CUST0128,EMP019,24-10-2023 04:28,22-11-2023 04:28,Order Confirmed,Overdue,Mumbai,
ORD001546,CUST0353,EMP019,24-10-2023 05:19,11-11-2023 05:19,Quotation,Paid,Hyderabad,
ORD001547,CUST0392,EMP014,24-10-2023 06:18,03-11-2023 06:18,In Production,Paid,Kolkata,
ORD001548,CUST0347,EMP014,24-10-2023 14:21,13-11-2023 14:21,Delivered,Paid,Noida,13-11-2023 14:21
ORD001549,CUST0046,EMP003,25-10-2023 02:20,17-11-2023 02:20,In Production,Paid,Mumbai,
ORD001550,CUST0188,EMP017,25-10-2023 09:16,24-11-2023 09:16,Delivered,Paid,Kolkata,21-11-2023 09:16
ORD001551,CUST0175,EMP044,25-10-2023 12:29,03-11-2023 12:29,Quotation,Paid,Faridabad,
ORD001552,CUST0172,EMP044,25-10-2023 20:37,16-11-2023 20:37,In Production,Paid,Delhi,
ORD001553,CUST0440,EMP030,26-10-2023 02:46,14-11-2023 02:46,Delivered,Overdue,Ahmedabad,08-11-2023 02:46
ORD001554,CUST0003,EMP017,26-10-2023 08:01,16-11-2023 08:01,Order Confirmed,Paid,Gurugram,
ORD001555,CUST0270,EMP026,26-10-2023 08:58,04-11-2023 08:58,Delivered,Paid,Jaipur,30-10-2023 08:58
ORD001556,CUST0492,EMP034,26-10-2023 10:57,02-11-2023 10:57,Delivered,Partially Paid,Gurugram,28-10-2023 10:57
ORD001557,CUST0438,EMP003,26-10-2023 12:47,16-11-2023 12:47,Delivered,Paid,Chennai,16-11-2023 12:47
ORD001558,CUST0304,EMP044,26-10-2023 20:49,06-11-2023 20:49,Delivered,Partially Paid,Faridabad,01-11-2023 20:49
ORD001559,CUST0499,EMP038,26-10-2023 21:23,16-11-2023 21:23,Cancelled,Partially Paid,Faridabad,
ORD001560,CUST0202,EMP044,27-10-2023 08:30,03-11-2023 08:30,Quotation,Partially Paid,Kolkata,
ORD001561,CUST0306,EMP003,27-10-2023 08:58,22-11-2023 08:58,Delivered,Partially Paid,Bengaluru,18-11-2023 08:58
ORD001562,CUST0272,EMP044,27-10-2023 16:07,10-11-2023 16:07,Order Confirmed,Pending,Bengaluru,
ORD001563,CUST0024,EMP030,27-10-2023 16:18,13-11-2023 16:18,In Production,Overdue,Chennai,
ORD001564,CUST0021,EMP026,28-10-2023 06:34,12-11-2023 06:34,Delivered,Paid,Ahmedabad,07-11-2023 06:34
ORD001565,CUST0449,EMP011,28-10-2023 10:59,14-11-2023 10:59,Delivered,Paid,Ahmedabad,13-11-2023 10:59
ORD001566,CUST0087,EMP019,28-10-2023 13:36,16-11-2023 13:36,Delivered,Pending,Kolkata,10-11-2023 13:36
ORD001567,CUST0178,EMP017,28-10-2023 14:49,19-11-2023 14:49,Delivered,Paid,Bengaluru,14-11-2023 14:49
ORD001568,CUST0312,EMP044,28-10-2023 16:07,20-11-2023 16:07,Delivered,Paid,Pune,15-11-2023 16:07
ORD001569,CUST0288,EMP017,28-10-2023 16:12,27-11-2023 16:12,Delivered,Partially Paid,Faridabad,26-11-2023 16:12
ORD001570,CUST0258,EMP014,28-10-2023 16:58,08-11-2023 16:58,Order Confirmed,Paid,Bengaluru,
ORD001571,CUST0490,EMP044,29-10-2023 03:48,25-11-2023 03:48,Quotation,Paid,Mumbai,
ORD001572,CUST0394,EMP011,29-10-2023 16:18,19-11-2023 16:18,Dispatched,Pending,Kolkata,14-11-2023 16:18
ORD001573,CUST0471,EMP044,29-10-2023 17:16,12-11-2023 17:16,Delivered,Paid,Noida,12-11-2023 17:16
ORD001574,CUST0330,EMP044,29-10-2023 23:12,27-11-2023 23:12,Order Confirmed,Paid,Ahmedabad,
ORD001575,CUST0490,EMP017,30-10-2023 02:39,22-11-2023 02:39,Dispatched,Pending,Mumbai,21-11-2023 02:39
ORD001576,CUST0301,EMP030,30-10-2023 17:21,10-11-2023 17:21,Order Confirmed,Pending,Hyderabad,
ORD001577,CUST0271,EMP034,30-10-2023 17:39,10-11-2023 17:39,Delivered,Paid,Faridabad,09-11-2023 17:39
ORD001578,CUST0408,EMP026,30-10-2023 18:20,21-11-2023 18:20,In Production,Paid,Vadodara,
ORD001579,CUST0435,EMP030,31-10-2023 03:36,24-11-2023 03:36,Order Confirmed,Paid,Pune,
ORD001580,CUST0035,EMP011,31-10-2023 05:11,08-11-2023 05:11,Quotation,Pending,Ahmedabad,
ORD001581,CUST0456,EMP026,31-10-2023 06:53,22-11-2023 06:53,In Production,Paid,Jaipur,
ORD001582,CUST0346,EMP026,31-10-2023 11:28,19-11-2023 11:28,Dispatched,Pending,Ludhiana,18-11-2023 11:28
ORD001583,CUST0449,EMP026,31-10-2023 12:12,30-11-2023 12:12,Cancelled,Pending,Ahmedabad,
ORD001584,CUST0358,EMP044,31-10-2023 15:23,24-11-2023 15:23,Order Confirmed,Paid,Delhi,
ORD001585,CUST0464,EMP038,01-11-2023 02:07,29-11-2023 02:07,Dispatched,Partially Paid,Pune,25-11-2023 02:07
ORD001586,CUST0138,EMP030,01-11-2023 08:59,08-11-2023 08:59,Delivered,Overdue,Jaipur,02-11-2023 08:59
ORD001587,CUST0094,EMP019,01-11-2023 14:55,26-11-2023 14:55,Delivered,Pending,Kolkata,20-11-2023 14:55
ORD001588,CUST0098,EMP019,01-11-2023 15:23,16-11-2023 15:23,In Production,Paid,Ludhiana,
ORD001589,CUST0127,EMP003,01-11-2023 17:47,21-11-2023 17:47,Order Confirmed,Paid,Pune,
ORD001590,CUST0107,EMP026,01-11-2023 18:47,29-11-2023 18:47,Cancelled,Partially Paid,Chennai,
ORD001591,CUST0221,EMP014,02-11-2023 18:19,29-11-2023 18:19,Cancelled,Partially Paid,Surat,
ORD001592,CUST0100,EMP038,02-11-2023 18:31,14-11-2023 18:31,Dispatched,Paid,Pune,14-11-2023 18:31
ORD001593,CUST0080,EMP034,03-11-2023 00:15,15-11-2023 00:15,Delivered,Paid,Kolkata,09-11-2023 00:15
ORD001594,CUST0262,EMP044,03-11-2023 06:00,27-11-2023 06:00,Quotation,Pending,Ludhiana,
ORD001595,CUST0397,EMP044,03-11-2023 09:37,01-12-2023 09:37,Quotation,Paid,Jaipur,
ORD001596,CUST0068,EMP019,03-11-2023 12:05,24-11-2023 12:05,Quotation,Paid,Hyderabad,
ORD001597,CUST0256,EMP019,03-11-2023 14:12,11-11-2023 14:12,Delivered,Paid,Pune,11-11-2023 14:12
ORD001598,CUST0330,EMP030,03-11-2023 17:27,13-11-2023 17:27,Order Confirmed,Paid,Ahmedabad,
ORD001599,CUST0353,EMP019,03-11-2023 20:11,27-11-2023 20:11,Order Confirmed,Paid,Hyderabad,
ORD001600,CUST0053,EMP014,03-11-2023 21:08,27-11-2023 21:08,Quotation,Paid,Kolkata,
ORD001601,CUST0367,EMP034,04-11-2023 02:19,02-12-2023 02:19,Quotation,Paid,Delhi,
ORD001602,CUST0014,EMP019,04-11-2023 11:58,23-11-2023 11:58,In Production,Paid,Jaipur,
ORD001603,CUST0119,EMP044,04-11-2023 14:55,21-11-2023 14:55,Delivered,Paid,Hyderabad,16-11-2023 14:55
ORD001604,CUST0160,EMP014,04-11-2023 18:25,13-11-2023 18:25,Delivered,Paid,Hyderabad,12-11-2023 18:25
ORD001605,CUST0427,EMP019,04-11-2023 20:16,29-11-2023 20:16,Dispatched,Paid,Surat,24-11-2023 20:16
ORD001606,CUST0096,EMP026,04-11-2023 20:40,03-12-2023 20:40,Dispatched,Paid,Jaipur,01-12-2023 20:40
ORD001607,CUST0392,EMP044,05-11-2023 06:33,13-11-2023 06:33,Delivered,Paid,Kolkata,07-11-2023 06:33
ORD001608,CUST0495,EMP026,05-11-2023 08:13,23-11-2023 08:13,In Production,Partially Paid,Delhi,
ORD001609,CUST0480,EMP003,05-11-2023 09:09,20-11-2023 09:09,Order Confirmed,Paid,Jaipur,
ORD001610,CUST0152,EMP017,05-11-2023 09:11,29-11-2023 09:11,Delivered,Partially Paid,Mumbai,26-11-2023 09:11
ORD001611,CUST0048,EMP038,05-11-2023 13:20,30-11-2023 13:20,Delivered,Paid,Ahmedabad,27-11-2023 13:20
ORD001612,CUST0112,EMP014,05-11-2023 19:01,17-11-2023 19:01,Dispatched,Paid,Faridabad,14-11-2023 19:01
ORD001613,CUST0385,EMP017,05-11-2023 22:33,04-12-2023 22:33,In Production,Paid,Faridabad,
ORD001614,CUST0099,EMP011,06-11-2023 06:22,16-11-2023 06:22,Order Confirmed,Paid,Ludhiana,
ORD001615,CUST0323,EMP034,06-11-2023 06:40,01-12-2023 06:40,Quotation,Paid,Vadodara,
ORD001616,CUST0187,EMP011,06-11-2023 07:24,30-11-2023 07:24,Delivered,Pending,Jaipur,29-11-2023 07:24
ORD001617,CUST0384,EMP017,06-11-2023 11:55,16-11-2023 11:55,Delivered,Paid,Jaipur,13-11-2023 11:55
ORD001618,CUST0303,EMP034,06-11-2023 18:55,29-11-2023 18:55,Quotation,Paid,Chennai,
ORD001619,CUST0293,EMP038,07-11-2023 12:07,20-11-2023 12:07,Order Confirmed,Paid,Gurugram,
ORD001620,CUST0391,EMP014,07-11-2023 15:22,20-11-2023 15:22,In Production,Overdue,Ludhiana,
ORD001621,CUST0478,EMP017,08-11-2023 03:46,17-11-2023 03:46,In Production,Paid,Mumbai,
ORD001622,CUST0183,EMP011,08-11-2023 04:04,02-12-2023 04:04,Delivered,Paid,Pune,28-11-2023 04:04
ORD001623,CUST0265,EMP019,09-11-2023 04:11,05-12-2023 04:11,In Production,Paid,Bengaluru,
ORD001624,CUST0313,EMP044,09-11-2023 22:25,28-11-2023 22:25,Delivered,Overdue,Pune,28-11-2023 22:25
ORD001625,CUST0412,EMP017,09-11-2023 22:39,04-12-2023 22:39,Delivered,Pending,Chennai,04-12-2023 22:39
ORD001626,CUST0242,EMP014,10-11-2023 00:10,25-11-2023 00:10,Cancelled,Paid,Jaipur,
ORD001627,CUST0188,EMP017,10-11-2023 10:21,30-11-2023 10:21,Delivered,Paid,Kolkata,28-11-2023 10:21
ORD001628,CUST0424,EMP038,10-11-2023 22:32,05-12-2023 22:32,Cancelled,Partially Paid,Pune,
ORD001629,CUST0477,EMP026,11-11-2023 00:15,28-11-2023 00:15,On Hold,Paid,Jaipur,
ORD001630,CUST0285,EMP030,11-11-2023 02:41,02-12-2023 02:41,In Production,Paid,Jaipur,
ORD001631,CUST0052,EMP034,11-11-2023 10:06,21-11-2023 10:06,Order Confirmed,Paid,Gurugram,
ORD001632,CUST0145,EMP034,11-11-2023 14:14,30-11-2023 14:14,Order Confirmed,Paid,Kolkata,
ORD001633,CUST0232,EMP026,11-11-2023 17:35,08-12-2023 17:35,Delivered,Paid,Gurugram,03-12-2023 17:35
ORD001634,CUST0352,EMP026,11-11-2023 23:41,06-12-2023 23:41,Delivered,Partially Paid,Ludhiana,04-12-2023 23:41
ORD001635,CUST0335,EMP026,12-11-2023 07:54,26-11-2023 07:54,Order Confirmed,Partially Paid,Jaipur,
ORD001636,CUST0411,EMP011,12-11-2023 12:33,02-12-2023 12:33,Delivered,Paid,Pune,30-11-2023 12:33
ORD001637,CUST0015,EMP019,12-11-2023 17:09,03-12-2023 17:09,Delivered,Paid,Hyderabad,27-11-2023 17:09
ORD001638,CUST0233,EMP038,12-11-2023 22:16,11-12-2023 22:16,Delivered,Paid,Pune,10-12-2023 22:16
ORD001639,CUST0351,EMP003,12-11-2023 22:38,08-12-2023 22:38,Dispatched,Pending,Faridabad,06-12-2023 22:38
ORD001640,CUST0494,EMP038,13-11-2023 06:50,09-12-2023 06:50,Order Confirmed,Paid,Chennai,
ORD001641,CUST0072,EMP026,13-11-2023 07:15,08-12-2023 07:15,Dispatched,Paid,Kolkata,03-12-2023 07:15
ORD001642,CUST0440,EMP017,13-11-2023 09:35,28-11-2023 09:35,Order Confirmed,Paid,Ahmedabad,
ORD001643,CUST0004,EMP011,13-11-2023 12:28,29-11-2023 12:28,Delivered,Paid,Ahmedabad,26-11-2023 12:28
ORD001644,CUST0099,EMP034,13-11-2023 20:25,01-12-2023 20:25,In Production,Paid,Ludhiana,
ORD001645,CUST0424,EMP003,14-11-2023 07:18,01-12-2023 07:18,Order Confirmed,Paid,Pune,
ORD001646,CUST0394,EMP026,14-11-2023 23:39,13-12-2023 23:39,Dispatched,Partially Paid,Kolkata,13-12-2023 23:39
ORD001647,CUST0487,EMP011,15-11-2023 01:01,13-12-2023 01:01,Delivered,Paid,Delhi,12-12-2023 01:01
ORD001648,CUST0301,EMP044,15-11-2023 04:48,13-12-2023 04:48,In Production,Pending,Hyderabad,
ORD001649,CUST0308,EMP011,15-11-2023 11:56,06-12-2023 11:56,On Hold,Paid,Mumbai,
ORD001650,CUST0268,EMP038,15-11-2023 16:09,26-11-2023 16:09,Quotation,Paid,Jaipur,
ORD001651,CUST0256,EMP026,15-11-2023 21:07,25-11-2023 21:07,Cancelled,Pending,Pune,
ORD001652,CUST0257,EMP003,16-11-2023 04:01,29-11-2023 04:01,Quotation,Overdue,Bengaluru,
ORD001653,CUST0147,EMP034,16-11-2023 06:17,08-12-2023 06:17,Order Confirmed,Paid,Bengaluru,
ORD001654,CUST0427,EMP038,16-11-2023 09:59,01-12-2023 09:59,On Hold,Partially Paid,Surat,
ORD001655,CUST0179,EMP014,16-11-2023 11:32,08-12-2023 11:32,Delivered,Partially Paid,Hyderabad,02-12-2023 11:32
ORD001656,CUST0306,EMP044,16-11-2023 11:57,14-12-2023 11:57,Delivered,Partially Paid,Bengaluru,09-12-2023 11:57
ORD001657,CUST0335,EMP034,16-11-2023 20:06,01-12-2023 20:06,Delivered,Paid,Jaipur,25-11-2023 20:06
ORD001658,CUST0269,EMP034,16-11-2023 21:25,15-12-2023 21:25,In Production,Paid,Faridabad,
ORD001659,CUST0306,EMP017,16-11-2023 21:50,05-12-2023 21:50,Delivered,Paid,Bengaluru,02-12-2023 21:50
ORD001660,CUST0025,EMP011,17-11-2023 00:14,13-12-2023 00:14,Order Confirmed,Paid,Kolkata,
ORD001661,CUST0158,EMP019,17-11-2023 03:16,25-11-2023 03:16,Delivered,Paid,Surat,21-11-2023 03:16
ORD001662,CUST0225,EMP038,17-11-2023 06:17,30-11-2023 06:17,Cancelled,Pending,Noida,
ORD001663,CUST0198,EMP026,17-11-2023 10:20,16-12-2023 10:20,Delivered,Paid,Gurugram,16-12-2023 10:20
ORD001664,CUST0455,EMP030,17-11-2023 11:25,15-12-2023 11:25,Delivered,Paid,Gurugram,11-12-2023 11:25
ORD001665,CUST0449,EMP034,17-11-2023 18:27,07-12-2023 18:27,Delivered,Paid,Ahmedabad,04-12-2023 18:27
ORD001666,CUST0356,EMP017,18-11-2023 00:56,25-11-2023 00:56,Dispatched,Paid,Chennai,25-11-2023 00:56
ORD001667,CUST0177,EMP003,18-11-2023 04:34,26-11-2023 04:34,In Production,Pending,Faridabad,
ORD001668,CUST0026,EMP038,18-11-2023 06:29,05-12-2023 06:29,Delivered,Pending,Ludhiana,30-11-2023 06:29
ORD001669,CUST0378,EMP030,18-11-2023 08:21,16-12-2023 08:21,Delivered,Paid,Jaipur,13-12-2023 08:21
ORD001670,CUST0442,EMP026,18-11-2023 08:56,04-12-2023 08:56,Dispatched,Paid,Bengaluru,28-11-2023 08:56
ORD001671,CUST0245,EMP026,18-11-2023 09:23,16-12-2023 09:23,Delivered,Paid,Gurugram,10-12-2023 09:23
ORD001672,CUST0414,EMP038,18-11-2023 22:22,07-12-2023 22:22,Quotation,Overdue,Ahmedabad,
ORD001673,CUST0466,EMP034,18-11-2023 23:26,28-11-2023 23:26,Delivered,Paid,Noida,26-11-2023 23:26
ORD001674,CUST0274,EMP030,19-11-2023 06:05,09-12-2023 06:05,Delivered,Paid,Mumbai,09-12-2023 06:05
ORD001675,CUST0105,EMP034,19-11-2023 11:35,04-12-2023 11:35,Order Confirmed,Paid,Ludhiana,
ORD001676,CUST0012,EMP014,19-11-2023 13:18,01-12-2023 13:18,Quotation,Paid,Gurugram,
ORD001677,CUST0379,EMP034,19-11-2023 16:37,12-12-2023 16:37,Delivered,Paid,Bengaluru,11-12-2023 16:37
ORD001678,CUST0282,EMP044,20-11-2023 02:02,01-12-2023 02:02,Order Confirmed,Overdue,Kolkata,
ORD001679,CUST0077,EMP014,20-11-2023 06:00,18-12-2023 06:00,On Hold,Paid,Kolkata,
ORD001680,CUST0028,EMP026,20-11-2023 08:53,16-12-2023 08:53,Quotation,Paid,Gurugram,
ORD001681,CUST0485,EMP030,20-11-2023 10:33,15-12-2023 10:33,Order Confirmed,Paid,Chennai,
ORD001682,CUST0161,EMP026,20-11-2023 11:24,28-11-2023 11:24,Quotation,Paid,Kolkata,
ORD001683,CUST0164,EMP044,20-11-2023 16:16,20-12-2023 16:16,Delivered,Overdue,Hyderabad,18-12-2023 16:16
ORD001684,CUST0315,EMP019,20-11-2023 20:41,08-12-2023 20:41,Delivered,Partially Paid,Delhi,06-12-2023 20:41
ORD001685,CUST0183,EMP014,20-11-2023 23:23,14-12-2023 23:23,Delivered,Pending,Pune,12-12-2023 23:23
ORD001686,CUST0457,EMP011,21-11-2023 01:12,02-12-2023 01:12,On Hold,Pending,Delhi,
ORD001687,CUST0341,EMP038,21-11-2023 01:16,16-12-2023 01:16,Delivered,Partially Paid,Mumbai,10-12-2023 01:16
ORD001688,CUST0179,EMP030,21-11-2023 13:04,05-12-2023 13:04,Order Confirmed,Paid,Hyderabad,
ORD001689,CUST0134,EMP026,21-11-2023 19:46,14-12-2023 19:46,Order Confirmed,Paid,Ludhiana,
ORD001690,CUST0431,EMP019,21-11-2023 21:20,04-12-2023 21:20,Delivered,Partially Paid,Ludhiana,30-11-2023 21:20
ORD001691,CUST0296,EMP019,22-11-2023 11:52,21-12-2023 11:52,Order Confirmed,Partially Paid,Hyderabad,
ORD001692,CUST0460,EMP044,22-11-2023 15:11,16-12-2023 15:11,Delivered,Paid,Jaipur,15-12-2023 15:11
ORD001693,CUST0173,EMP030,23-11-2023 01:13,10-12-2023 01:13,Delivered,Paid,Ahmedabad,06-12-2023 01:13
ORD001694,CUST0011,EMP044,23-11-2023 05:29,10-12-2023 05:29,Delivered,Partially Paid,Kolkata,10-12-2023 05:29
ORD001695,CUST0450,EMP038,23-11-2023 07:23,30-11-2023 07:23,Delivered,Paid,Faridabad,30-11-2023 07:23
ORD001696,CUST0120,EMP034,23-11-2023 08:59,07-12-2023 08:59,Cancelled,Paid,Delhi,
ORD001697,CUST0423,EMP026,23-11-2023 14:13,18-12-2023 14:13,Delivered,Paid,Chennai,14-12-2023 14:13
ORD001698,CUST0355,EMP014,23-11-2023 22:04,19-12-2023 22:04,Delivered,Paid,Delhi,18-12-2023 22:04
ORD001699,CUST0116,EMP030,23-11-2023 22:39,23-12-2023 22:39,Dispatched,Paid,Vadodara,20-12-2023 22:39
ORD001700,CUST0379,EMP034,24-11-2023 17:14,03-12-2023 17:14,Dispatched,Partially Paid,Bengaluru,28-11-2023 17:14
ORD001701,CUST0041,EMP026,24-11-2023 17:19,07-12-2023 17:19,In Production,Partially Paid,Mumbai,
ORD001702,CUST0197,EMP003,24-11-2023 19:32,19-12-2023 19:32,Cancelled,Paid,Kolkata,
ORD001703,CUST0179,EMP044,25-11-2023 06:20,10-12-2023 06:20,Delivered,Paid,Hyderabad,08-12-2023 06:20
ORD001704,CUST0329,EMP038,25-11-2023 11:13,07-12-2023 11:13,Delivered,Paid,Jaipur,06-12-2023 11:13
ORD001705,CUST0268,EMP017,25-11-2023 12:49,08-12-2023 12:49,Quotation,Paid,Jaipur,
ORD001706,CUST0307,EMP019,25-11-2023 14:40,24-12-2023 14:40,Delivered,Paid,Mumbai,18-12-2023 14:40
ORD001707,CUST0239,EMP011,25-11-2023 15:27,22-12-2023 15:27,Dispatched,Partially Paid,Ahmedabad,20-12-2023 15:27
ORD001708,CUST0370,EMP044,25-11-2023 20:29,02-12-2023 20:29,Delivered,Pending,Faridabad,28-11-2023 20:29
ORD001709,CUST0081,EMP014,25-11-2023 20:40,22-12-2023 20:40,Quotation,Paid,Delhi,
ORD001710,CUST0360,EMP017,25-11-2023 22:25,15-12-2023 22:25,Delivered,Pending,Pune,14-12-2023 22:25
ORD001711,CUST0026,EMP019,26-11-2023 03:44,23-12-2023 03:44,Delivered,Paid,Ludhiana,22-12-2023 03:44
ORD001712,CUST0043,EMP014,26-11-2023 06:20,17-12-2023 06:20,Dispatched,Pending,Ludhiana,12-12-2023 06:20
ORD001713,CUST0362,EMP030,26-11-2023 10:21,19-12-2023 10:21,In Production,Paid,Chennai,
ORD001714,CUST0080,EMP044,26-11-2023 10:51,16-12-2023 10:51,In Production,Partially Paid,Kolkata,
ORD001715,CUST0386,EMP038,26-11-2023 15:16,20-12-2023 15:16,In Production,Paid,Noida,
ORD001716,CUST0067,EMP026,27-11-2023 05:39,23-12-2023 05:39,Order Confirmed,Paid,Pune,
ORD001717,CUST0074,EMP011,27-11-2023 05:54,16-12-2023 05:54,Dispatched,Paid,Jaipur,10-12-2023 05:54
ORD001718,CUST0467,EMP038,27-11-2023 10:52,06-12-2023 10:52,Dispatched,Partially Paid,Delhi,06-12-2023 10:52
ORD001719,CUST0089,EMP014,27-11-2023 12:58,06-12-2023 12:58,Dispatched,Pending,Vadodara,30-11-2023 12:58
ORD001720,CUST0457,EMP044,27-11-2023 16:45,13-12-2023 16:45,Delivered,Partially Paid,Delhi,11-12-2023 16:45
ORD001721,CUST0175,EMP017,27-11-2023 18:14,15-12-2023 18:14,Dispatched,Partially Paid,Faridabad,09-12-2023 18:14
ORD001722,CUST0399,EMP026,27-11-2023 19:26,24-12-2023 19:26,Order Confirmed,Paid,Faridabad,
ORD001723,CUST0470,EMP019,28-11-2023 02:51,05-12-2023 02:51,Delivered,Partially Paid,Jaipur,02-12-2023 02:51
ORD001724,CUST0059,EMP019,28-11-2023 04:31,26-12-2023 04:31,Dispatched,Pending,Gurugram,21-12-2023 04:31
ORD001725,CUST0166,EMP011,28-11-2023 23:46,06-12-2023 23:46,Delivered,Paid,Hyderabad,06-12-2023 23:46
ORD001726,CUST0288,EMP026,29-11-2023 02:05,17-12-2023 02:05,Cancelled,Paid,Faridabad,
ORD001727,CUST0433,EMP019,29-11-2023 05:18,16-12-2023 05:18,Delivered,Paid,Noida,15-12-2023 05:18
ORD001728,CUST0094,EMP038,29-11-2023 09:39,19-12-2023 09:39,Delivered,Paid,Kolkata,13-12-2023 09:39
ORD001729,CUST0094,EMP019,29-11-2023 13:39,07-12-2023 13:39,Delivered,Paid,Kolkata,06-12-2023 13:39
ORD001730,CUST0185,EMP044,29-11-2023 14:30,24-12-2023 14:30,Delivered,Partially Paid,Delhi,18-12-2023 14:30
ORD001731,CUST0103,EMP014,29-11-2023 23:54,09-12-2023 23:54,Delivered,Pending,Surat,09-12-2023 23:54
ORD001732,CUST0134,EMP017,30-11-2023 03:10,25-12-2023 03:10,Order Confirmed,Paid,Ludhiana,
ORD001733,CUST0065,EMP003,30-11-2023 04:56,20-12-2023 04:56,Delivered,Overdue,Bengaluru,16-12-2023 04:56
ORD001734,CUST0415,EMP034,30-11-2023 07:30,28-12-2023 07:30,Delivered,Pending,Noida,26-12-2023 07:30
ORD001735,CUST0399,EMP003,30-11-2023 12:24,30-12-2023 12:24,Delivered,Paid,Faridabad,27-12-2023 12:24
ORD001736,CUST0073,EMP014,30-11-2023 23:01,27-12-2023 23:01,Order Confirmed,Overdue,Noida,
ORD001737,CUST0269,EMP044,30-11-2023 23:38,17-12-2023 23:38,Dispatched,Pending,Faridabad,13-12-2023 23:38
ORD001738,CUST0324,EMP030,01-12-2023 04:26,17-12-2023 04:26,Dispatched,Paid,Ludhiana,16-12-2023 04:26
ORD001739,CUST0314,EMP026,01-12-2023 13:05,23-12-2023 13:05,Order Confirmed,Overdue,Mumbai,
ORD001740,CUST0492,EMP038,02-12-2023 07:01,24-12-2023 07:01,Delivered,Paid,Gurugram,22-12-2023 07:01
ORD001741,CUST0321,EMP034,02-12-2023 14:59,27-12-2023 14:59,Dispatched,Paid,Noida,24-12-2023 14:59
ORD001742,CUST0344,EMP038,02-12-2023 16:25,20-12-2023 16:25,In Production,Paid,Ahmedabad,
ORD001743,CUST0017,EMP030,02-12-2023 17:22,20-12-2023 17:22,In Production,Partially Paid,Pune,
ORD001744,CUST0040,EMP019,02-12-2023 22:48,11-12-2023 22:48,Delivered,Overdue,Jaipur,09-12-2023 22:48
ORD001745,CUST0310,EMP011,03-12-2023 11:14,14-12-2023 11:14,Delivered,Paid,Hyderabad,13-12-2023 11:14
ORD001746,CUST0454,EMP017,03-12-2023 13:31,29-12-2023 13:31,Delivered,Paid,Gurugram,29-12-2023 13:31
ORD001747,CUST0200,EMP034,03-12-2023 17:20,02-01-2024 17:20,Cancelled,Paid,Gurugram,
ORD001748,CUST0322,EMP014,03-12-2023 19:17,24-12-2023 19:17,Cancelled,Pending,Gurugram,
ORD001749,CUST0106,EMP030,04-12-2023 01:09,19-12-2023 01:09,Dispatched,Paid,Vadodara,15-12-2023 01:09
ORD001750,CUST0229,EMP011,04-12-2023 02:46,12-12-2023 02:46,Order Confirmed,Paid,Noida,
ORD001751,CUST0376,EMP003,04-12-2023 02:54,12-12-2023 02:54,Delivered,Paid,Hyderabad,12-12-2023 02:54
ORD001752,CUST0330,EMP017,04-12-2023 03:18,27-12-2023 03:18,Delivered,Paid,Ahmedabad,26-12-2023 03:18
ORD001753,CUST0058,EMP014,04-12-2023 10:03,26-12-2023 10:03,In Production,Overdue,Vadodara,
ORD001754,CUST0440,EMP038,04-12-2023 14:10,17-12-2023 14:10,On Hold,Overdue,Ahmedabad,
ORD001755,CUST0464,EMP017,04-12-2023 21:05,15-12-2023 21:05,In Production,Paid,Pune,
ORD001756,CUST0239,EMP019,05-12-2023 06:56,13-12-2023 06:56,Cancelled,Partially Paid,Ahmedabad,
ORD001757,CUST0171,EMP019,05-12-2023 20:05,28-12-2023 20:05,Delivered,Pending,Pune,27-12-2023 20:05
ORD001758,CUST0266,EMP017,06-12-2023 12:39,27-12-2023 12:39,Quotation,Paid,Pune,
ORD001759,CUST0401,EMP044,06-12-2023 18:33,20-12-2023 18:33,Delivered,Paid,Vadodara,15-12-2023 18:33
ORD001760,CUST0227,EMP034,07-12-2023 08:21,31-12-2023 08:21,Delivered,Partially Paid,Noida,31-12-2023 08:21
ORD001761,CUST0016,EMP011,07-12-2023 10:40,03-01-2024 10:40,Delivered,Paid,Faridabad,01-01-2024 10:40
ORD001762,CUST0037,EMP014,07-12-2023 21:12,26-12-2023 21:12,Delivered,Partially Paid,Hyderabad,26-12-2023 21:12
ORD001763,CUST0406,EMP003,08-12-2023 15:12,21-12-2023 15:12,Order Confirmed,Paid,Faridabad,
ORD001764,CUST0394,EMP014,08-12-2023 22:28,15-12-2023 22:28,Order Confirmed,Partially Paid,Kolkata,
ORD001765,CUST0387,EMP030,08-12-2023 23:16,03-01-2024 23:16,Quotation,Paid,Pune,
ORD001766,CUST0064,EMP044,09-12-2023 01:43,29-12-2023 01:43,Order Confirmed,Paid,Hyderabad,
ORD001767,CUST0086,EMP019,09-12-2023 04:12,24-12-2023 04:12,In Production,Paid,Pune,
ORD001768,CUST0198,EMP003,09-12-2023 14:11,16-12-2023 14:11,Delivered,Paid,Gurugram,13-12-2023 14:11
ORD001769,CUST0116,EMP003,09-12-2023 14:54,04-01-2024 14:54,Order Confirmed,Partially Paid,Vadodara,
ORD001770,CUST0194,EMP019,10-12-2023 00:29,08-01-2024 00:29,Delivered,Pending,Kolkata,07-01-2024 00:29
ORD001771,CUST0280,EMP014,10-12-2023 03:25,28-12-2023 03:25,In Production,Paid,Delhi,
ORD001772,CUST0141,EMP026,10-12-2023 07:26,23-12-2023 07:26,Order Confirmed,Paid,Ahmedabad,
ORD001773,CUST0062,EMP011,10-12-2023 07:45,31-12-2023 07:45,Cancelled,Paid,Ludhiana,
ORD001774,CUST0202,EMP014,10-12-2023 18:14,06-01-2024 18:14,On Hold,Paid,Kolkata,
ORD001775,CUST0362,EMP026,10-12-2023 18:18,31-12-2023 18:18,Delivered,Overdue,Chennai,30-12-2023 18:18
ORD001776,CUST0310,EMP014,10-12-2023 19:02,17-12-2023 19:02,Quotation,Paid,Hyderabad,
ORD001777,CUST0161,EMP017,10-12-2023 23:52,21-12-2023 23:52,Delivered,Pending,Kolkata,19-12-2023 23:52
ORD001778,CUST0156,EMP014,11-12-2023 01:27,20-12-2023 01:27,Order Confirmed,Paid,Hyderabad,
ORD001779,CUST0292,EMP003,11-12-2023 09:39,27-12-2023 09:39,Delivered,Paid,Chennai,26-12-2023 09:39
ORD001780,CUST0087,EMP017,11-12-2023 09:53,28-12-2023 09:53,Delivered,Partially Paid,Kolkata,28-12-2023 09:53
ORD001781,CUST0417,EMP017,11-12-2023 12:19,30-12-2023 12:19,In Production,Pending,Ludhiana,
ORD001782,CUST0435,EMP038,11-12-2023 22:48,05-01-2024 22:48,Cancelled,Paid,Pune,
ORD001783,CUST0013,EMP038,11-12-2023 23:36,20-12-2023 23:36,Delivered,Pending,Mumbai,17-12-2023 23:36
ORD001784,CUST0486,EMP019,12-12-2023 02:31,10-01-2024 02:31,In Production,Pending,Faridabad,
ORD001785,CUST0012,EMP014,12-12-2023 05:49,25-12-2023 05:49,Order Confirmed,Paid,Gurugram,
ORD001786,CUST0230,EMP019,12-12-2023 08:46,31-12-2023 08:46,Delivered,Paid,Bengaluru,28-12-2023 08:46
ORD001787,CUST0334,EMP030,12-12-2023 08:46,24-12-2023 08:46,Dispatched,Paid,Chennai,21-12-2023 08:46
ORD001788,CUST0164,EMP017,12-12-2023 13:07,27-12-2023 13:07,Quotation,Paid,Hyderabad,
ORD001789,CUST0102,EMP034,12-12-2023 13:24,07-01-2024 13:24,Order Confirmed,Partially Paid,Pune,
ORD001790,CUST0024,EMP044,12-12-2023 18:06,20-12-2023 18:06,On Hold,Paid,Chennai,
ORD001791,CUST0364,EMP019,12-12-2023 19:14,30-12-2023 19:14,Order Confirmed,Paid,Delhi,
ORD001792,CUST0019,EMP011,12-12-2023 19:33,02-01-2024 19:33,On Hold,Paid,Vadodara,
ORD001793,CUST0243,EMP011,12-12-2023 19:35,01-01-2024 19:35,Delivered,Paid,Ahmedabad,29-12-2023 19:35
ORD001794,CUST0197,EMP038,13-12-2023 04:31,29-12-2023 04:31,In Production,Paid,Kolkata,
ORD001795,CUST0484,EMP019,13-12-2023 05:29,29-12-2023 05:29,In Production,Pending,Ludhiana,
ORD001796,CUST0466,EMP017,13-12-2023 10:35,10-01-2024 10:35,Delivered,Partially Paid,Noida,04-01-2024 10:35
ORD001797,CUST0409,EMP030,13-12-2023 11:03,25-12-2023 11:03,Dispatched,Overdue,Kolkata,24-12-2023 11:03
ORD001798,CUST0366,EMP044,14-12-2023 01:29,01-01-2024 01:29,Quotation,Partially Paid,Pune,
ORD001799,CUST0272,EMP019,14-12-2023 01:30,29-12-2023 01:30,Order Confirmed,Paid,Bengaluru,
ORD001800,CUST0175,EMP017,14-12-2023 05:45,08-01-2024 05:45,Delivered,Partially Paid,Faridabad,06-01-2024 05:45
ORD001801,CUST0084,EMP038,14-12-2023 08:21,09-01-2024 08:21,Delivered,Pending,Chennai,06-01-2024 08:21
ORD001802,CUST0485,EMP003,14-12-2023 09:13,10-01-2024 09:13,Dispatched,Partially Paid,Chennai,10-01-2024 09:13
ORD001803,CUST0193,EMP038,14-12-2023 10:32,23-12-2023 10:32,Order Confirmed,Paid,Jaipur,
ORD001804,CUST0215,EMP026,14-12-2023 11:02,23-12-2023 11:02,Dispatched,Paid,Vadodara,17-12-2023 11:02
ORD001805,CUST0071,EMP003,14-12-2023 15:05,30-12-2023 15:05,Delivered,Paid,Surat,27-12-2023 15:05
ORD001806,CUST0139,EMP014,14-12-2023 21:00,31-12-2023 21:00,Order Confirmed,Paid,Gurugram,
ORD001807,CUST0318,EMP030,15-12-2023 07:07,23-12-2023 07:07,On Hold,Paid,Delhi,
ORD001808,CUST0214,EMP034,15-12-2023 10:02,12-01-2024 10:02,Delivered,Paid,Bengaluru,08-01-2024 10:02
ORD001809,CUST0293,EMP011,15-12-2023 12:31,12-01-2024 12:31,In Production,Pending,Gurugram,
ORD001810,CUST0106,EMP030,15-12-2023 12:50,01-01-2024 12:50,Delivered,Paid,Vadodara,30-12-2023 12:50
ORD001811,CUST0042,EMP044,15-12-2023 14:44,09-01-2024 14:44,Delivered,Paid,Faridabad,05-01-2024 14:44
ORD001812,CUST0443,EMP030,15-12-2023 15:02,04-01-2024 15:02,Delivered,Pending,Kolkata,29-12-2023 15:02
ORD001813,CUST0217,EMP034,15-12-2023 20:18,06-01-2024 20:18,Order Confirmed,Pending,Gurugram,
ORD001814,CUST0181,EMP011,15-12-2023 21:25,11-01-2024 21:25,Cancelled,Paid,Chennai,
ORD001815,CUST0144,EMP030,16-12-2023 17:20,25-12-2023 17:20,Dispatched,Paid,Chennai,21-12-2023 17:20
ORD001816,CUST0329,EMP034,16-12-2023 22:35,28-12-2023 22:35,Delivered,Paid,Jaipur,27-12-2023 22:35
ORD001817,CUST0282,EMP011,17-12-2023 02:57,03-01-2024 02:57,In Production,Partially Paid,Kolkata,
ORD001818,CUST0195,EMP017,17-12-2023 08:51,14-01-2024 08:51,In Production,Pending,Pune,
ORD001819,CUST0466,EMP038,18-12-2023 02:11,08-01-2024 02:11,On Hold,Paid,Noida,
ORD001820,CUST0451,EMP044,18-12-2023 07:23,03-01-2024 07:23,Dispatched,Pending,Mumbai,30-12-2023 07:23
ORD001821,CUST0100,EMP011,18-12-2023 08:29,25-12-2023 08:29,Quotation,Partially Paid,Pune,
ORD001822,CUST0322,EMP034,18-12-2023 11:37,08-01-2024 11:37,Delivered,Partially Paid,Gurugram,03-01-2024 11:37
ORD001823,CUST0485,EMP026,18-12-2023 18:38,31-12-2023 18:38,Order Confirmed,Paid,Chennai,
ORD001824,CUST0245,EMP026,18-12-2023 19:50,01-01-2024 19:50,Delivered,Pending,Gurugram,28-12-2023 19:50
ORD001825,CUST0016,EMP026,19-12-2023 02:56,18-01-2024 02:56,Cancelled,Paid,Faridabad,
ORD001826,CUST0067,EMP038,19-12-2023 06:55,07-01-2024 06:55,Quotation,Paid,Pune,
ORD001827,CUST0334,EMP019,19-12-2023 07:39,29-12-2023 07:39,Delivered,Paid,Chennai,25-12-2023 07:39
ORD001828,CUST0451,EMP026,19-12-2023 11:00,27-12-2023 11:00,On Hold,Paid,Mumbai,
ORD001829,CUST0065,EMP030,19-12-2023 13:46,04-01-2024 13:46,Cancelled,Paid,Bengaluru,
ORD001830,CUST0274,EMP026,19-12-2023 13:47,27-12-2023 13:47,Dispatched,Paid,Mumbai,24-12-2023 13:47
ORD001831,CUST0249,EMP038,19-12-2023 14:27,05-01-2024 14:27,Delivered,Paid,Jaipur,04-01-2024 14:27
ORD001832,CUST0143,EMP014,19-12-2023 20:11,04-01-2024 20:11,Delivered,Paid,Jaipur,30-12-2023 20:11
ORD001833,CUST0316,EMP044,20-12-2023 10:23,17-01-2024 10:23,Order Confirmed,Partially Paid,Ludhiana,
ORD001834,CUST0439,EMP030,20-12-2023 12:24,04-01-2024 12:24,Delivered,Partially Paid,Surat,02-01-2024 12:24
ORD001835,CUST0120,EMP044,20-12-2023 18:53,02-01-2024 18:53,In Production,Paid,Delhi,
ORD001836,CUST0028,EMP017,21-12-2023 00:22,11-01-2024 00:22,In Production,Paid,Gurugram,
ORD001837,CUST0180,EMP019,21-12-2023 05:35,12-01-2024 05:35,Dispatched,Paid,Jaipur,11-01-2024 05:35
ORD001838,CUST0158,EMP003,21-12-2023 06:37,28-12-2023 06:37,Delivered,Partially Paid,Surat,25-12-2023 06:37
ORD001839,CUST0364,EMP044,21-12-2023 06:56,30-12-2023 06:56,Order Confirmed,Partially Paid,Delhi,
ORD001840,CUST0269,EMP038,21-12-2023 07:17,01-01-2024 07:17,Order Confirmed,Paid,Faridabad,
ORD001841,CUST0009,EMP014,21-12-2023 10:58,15-01-2024 10:58,Quotation,Overdue,Surat,
ORD001842,CUST0170,EMP003,21-12-2023 11:44,02-01-2024 11:44,Order Confirmed,Pending,Mumbai,
ORD001843,CUST0368,EMP030,21-12-2023 16:06,20-01-2024 16:06,On Hold,Pending,Pune,
ORD001844,CUST0239,EMP030,21-12-2023 18:13,07-01-2024 18:13,Dispatched,Partially Paid,Ahmedabad,07-01-2024 18:13
ORD001845,CUST0282,EMP026,22-12-2023 00:36,20-01-2024 00:36,Order Confirmed,Paid,Kolkata,
ORD001846,CUST0133,EMP011,22-12-2023 14:38,03-01-2024 14:38,On Hold,Overdue,Ahmedabad,
ORD001847,CUST0160,EMP044,22-12-2023 19:08,08-01-2024 19:08,Quotation,Pending,Hyderabad,
ORD001848,CUST0066,EMP019,23-12-2023 07:57,02-01-2024 07:57,Dispatched,Pending,Gurugram,30-12-2023 07:57
ORD001849,CUST0041,EMP034,23-12-2023 09:55,19-01-2024 09:55,Delivered,Pending,Mumbai,16-01-2024 09:55
ORD001850,CUST0019,EMP038,23-12-2023 16:33,13-01-2024 16:33,Delivered,Pending,Vadodara,11-01-2024 16:33
ORD001851,CUST0313,EMP026,23-12-2023 22:26,31-12-2023 22:26,Order Confirmed,Partially Paid,Pune,
ORD001852,CUST0079,EMP003,23-12-2023 22:51,16-01-2024 22:51,Delivered,Paid,Noida,12-01-2024 22:51
ORD001853,CUST0287,EMP038,24-12-2023 00:33,21-01-2024 00:33,Delivered,Paid,Delhi,17-01-2024 00:33
ORD001854,CUST0477,EMP030,24-12-2023 01:28,16-01-2024 01:28,Delivered,Paid,Jaipur,14-01-2024 01:28
ORD001855,CUST0349,EMP038,24-12-2023 03:44,19-01-2024 03:44,In Production,Pending,Pune,
ORD001856,CUST0288,EMP030,24-12-2023 06:22,06-01-2024 06:22,Delivered,Paid,Faridabad,01-01-2024 06:22
ORD001857,CUST0059,EMP044,24-12-2023 08:34,10-01-2024 08:34,Delivered,Paid,Gurugram,10-01-2024 08:34
ORD001858,CUST0245,EMP038,24-12-2023 11:42,20-01-2024 11:42,Delivered,Overdue,Gurugram,17-01-2024 11:42
ORD001859,CUST0446,EMP014,24-12-2023 13:41,14-01-2024 13:41,Cancelled,Paid,Kolkata,
ORD001860,CUST0193,EMP011,24-12-2023 16:07,14-01-2024 16:07,Delivered,Paid,Jaipur,14-01-2024 16:07
ORD001861,CUST0414,EMP011,24-12-2023 19:23,18-01-2024 19:23,Delivered,Partially Paid,Ahmedabad,14-01-2024 19:23
ORD001862,CUST0355,EMP034,24-12-2023 20:18,14-01-2024 20:18,In Production,Paid,Delhi,
ORD001863,CUST0134,EMP014,24-12-2023 21:26,03-01-2024 21:26,Quotation,Paid,Ludhiana,
ORD001864,CUST0071,EMP019,24-12-2023 21:59,05-01-2024 21:59,Delivered,Partially Paid,Surat,05-01-2024 21:59
ORD001865,CUST0009,EMP034,25-12-2023 02:06,19-01-2024 02:06,Quotation,Overdue,Surat,
ORD001866,CUST0139,EMP019,25-12-2023 04:18,06-01-2024 04:18,Delivered,Paid,Gurugram,31-12-2023 04:18
ORD001867,CUST0167,EMP003,25-12-2023 05:17,16-01-2024 05:17,Delivered,Paid,Chennai,16-01-2024 05:17
ORD001868,CUST0328,EMP017,25-12-2023 08:24,12-01-2024 08:24,Delivered,Paid,Ludhiana,09-01-2024 08:24
ORD001869,CUST0287,EMP003,25-12-2023 20:17,15-01-2024 20:17,Order Confirmed,Partially Paid,Delhi,
ORD001870,CUST0240,EMP017,26-12-2023 01:18,07-01-2024 01:18,Delivered,Paid,Noida,03-01-2024 01:18
ORD001871,CUST0362,EMP034,26-12-2023 04:23,09-01-2024 04:23,Delivered,Paid,Chennai,07-01-2024 04:23
ORD001872,CUST0386,EMP026,26-12-2023 20:30,18-01-2024 20:30,Dispatched,Partially Paid,Noida,17-01-2024 20:30
ORD001873,CUST0357,EMP030,27-12-2023 06:20,07-01-2024 06:20,Delivered,Overdue,Noida,06-01-2024 06:20
ORD001874,CUST0449,EMP011,27-12-2023 06:55,10-01-2024 06:55,Order Confirmed,Paid,Ahmedabad,
ORD001875,CUST0180,EMP034,27-12-2023 11:41,26-01-2024 11:41,Delivered,Paid,Jaipur,21-01-2024 11:41
ORD001876,CUST0412,EMP019,27-12-2023 12:21,06-01-2024 12:21,Quotation,Pending,Chennai,
ORD001877,CUST0211,EMP014,27-12-2023 15:33,16-01-2024 15:33,Delivered,Paid,Noida,16-01-2024 15:33
ORD001878,CUST0093,EMP030,27-12-2023 17:14,06-01-2024 17:14,Order Confirmed,Pending,Ludhiana,
ORD001879,CUST0073,EMP011,27-12-2023 19:03,19-01-2024 19:03,Order Confirmed,Paid,Noida,
ORD001880,CUST0046,EMP019,27-12-2023 20:54,06-01-2024 20:54,Order Confirmed,Paid,Mumbai,
ORD001881,CUST0478,EMP019,27-12-2023 23:52,16-01-2024 23:52,Quotation,Paid,Mumbai,
ORD001882,CUST0085,EMP011,28-12-2023 14:38,14-01-2024 14:38,Delivered,Paid,Faridabad,10-01-2024 14:38
ORD001883,CUST0418,EMP044,28-12-2023 15:37,20-01-2024 15:37,Delivered,Pending,Noida,18-01-2024 15:37
ORD001884,CUST0392,EMP017,28-12-2023 15:47,04-01-2024 15:47,Quotation,Partially Paid,Kolkata,
ORD001885,CUST0220,EMP003,28-12-2023 18:11,16-01-2024 18:11,Quotation,Pending,Noida,
ORD001886,CUST0457,EMP019,28-12-2023 22:28,17-01-2024 22:28,Delivered,Partially Paid,Delhi,17-01-2024 22:28
ORD001887,CUST0455,EMP044,29-12-2023 00:03,10-01-2024 00:03,Quotation,Paid,Gurugram,
ORD001888,CUST0463,EMP030,29-12-2023 07:56,12-01-2024 07:56,Dispatched,Overdue,Mumbai,10-01-2024 07:56
ORD001889,CUST0249,EMP030,29-12-2023 16:16,21-01-2024 16:16,Order Confirmed,Pending,Jaipur,
ORD001890,CUST0150,EMP044,30-12-2023 01:33,19-01-2024 01:33,Delivered,Paid,Kolkata,19-01-2024 01:33
ORD001891,CUST0022,EMP003,30-12-2023 02:06,19-01-2024 02:06,On Hold,Pending,Ludhiana,
ORD001892,CUST0421,EMP026,30-12-2023 02:38,28-01-2024 02:38,Order Confirmed,Pending,Bengaluru,
ORD001893,CUST0437,EMP017,30-12-2023 04:54,15-01-2024 04:54,Cancelled,Paid,Surat,
ORD001894,CUST0269,EMP030,30-12-2023 08:44,26-01-2024 08:44,Delivered,Paid,Faridabad,21-01-2024 08:44
ORD001895,CUST0036,EMP038,30-12-2023 10:10,29-01-2024 10:10,On Hold,Paid,Delhi,
ORD001896,CUST0412,EMP003,30-12-2023 12:13,19-01-2024 12:13,Delivered,Overdue,Chennai,14-01-2024 12:13
ORD001897,CUST0150,EMP011,30-12-2023 22:33,11-01-2024 22:33,Delivered,Partially Paid,Kolkata,10-01-2024 22:33
ORD001898,CUST0275,EMP044,31-12-2023 00:43,17-01-2024 00:43,Delivered,Pending,Bengaluru,12-01-2024 00:43
ORD001899,CUST0330,EMP019,31-12-2023 00:54,08-01-2024 00:54,Delivered,Pending,Ahmedabad,04-01-2024 00:54
ORD001900,CUST0073,EMP017,31-12-2023 08:10,23-01-2024 08:10,Order Confirmed,Paid,Noida,
ORD001901,CUST0032,EMP011,31-12-2023 08:29,13-01-2024 08:29,Delivered,Overdue,Jaipur,09-01-2024 08:29
ORD001902,CUST0040,EMP017,31-12-2023 12:27,29-01-2024 12:27,Delivered,Paid,Jaipur,29-01-2024 12:27
ORD001903,CUST0480,EMP003,31-12-2023 13:33,22-01-2024 13:33,Quotation,Partially Paid,Jaipur,
ORD001904,CUST0479,EMP014,31-12-2023 17:44,18-01-2024 17:44,In Production,Paid,Gurugram,
ORD001905,CUST0214,EMP011,31-12-2023 17:51,11-01-2024 17:51,Order Confirmed,Paid,Bengaluru,
ORD001906,CUST0213,EMP003,31-12-2023 23:32,09-01-2024 23:32,In Production,Paid,Surat,
ORD001907,CUST0204,EMP044,01-01-2024 00:23,24-01-2024 00:23,Order Confirmed,Paid,Hyderabad,
ORD001908,CUST0176,EMP034,01-01-2024 05:59,26-01-2024 05:59,In Production,Paid,Pune,
ORD001909,CUST0272,EMP044,01-01-2024 11:25,14-01-2024 11:25,In Production,Paid,Bengaluru,
ORD001910,CUST0179,EMP014,01-01-2024 13:11,08-01-2024 13:11,Delivered,Partially Paid,Hyderabad,08-01-2024 13:11
ORD001911,CUST0309,EMP014,01-01-2024 13:58,15-01-2024 13:58,Order Confirmed,Pending,Surat,
ORD001912,CUST0190,EMP014,01-01-2024 17:50,26-01-2024 17:50,Order Confirmed,Paid,Chennai,
ORD001913,CUST0315,EMP026,01-01-2024 21:20,21-01-2024 21:20,In Production,Paid,Delhi,
ORD001914,CUST0473,EMP011,02-01-2024 07:52,11-01-2024 07:52,Dispatched,Paid,Ludhiana,10-01-2024 07:52
ORD001915,CUST0103,EMP014,02-01-2024 07:59,11-01-2024 07:59,Quotation,Partially Paid,Surat,
ORD001916,CUST0032,EMP044,02-01-2024 20:16,11-01-2024 20:16,On Hold,Paid,Jaipur,
ORD001917,CUST0264,EMP017,02-01-2024 22:50,27-01-2024 22:50,In Production,Overdue,Hyderabad,
ORD001918,CUST0060,EMP034,03-01-2024 11:50,28-01-2024 11:50,In Production,Paid,Vadodara,
ORD001919,CUST0116,EMP014,03-01-2024 11:56,19-01-2024 11:56,Delivered,Paid,Vadodara,14-01-2024 11:56
ORD001920,CUST0395,EMP044,03-01-2024 17:23,26-01-2024 17:23,Delivered,Pending,Bengaluru,24-01-2024 17:23
ORD001921,CUST0209,EMP030,03-01-2024 17:59,10-01-2024 17:59,Dispatched,Paid,Ahmedabad,07-01-2024 17:59
ORD001922,CUST0275,EMP038,03-01-2024 20:02,23-01-2024 20:02,Order Confirmed,Paid,Bengaluru,
ORD001923,CUST0389,EMP026,04-01-2024 06:52,17-01-2024 06:52,Delivered,Overdue,Hyderabad,14-01-2024 06:52
ORD001924,CUST0065,EMP044,04-01-2024 11:29,30-01-2024 11:29,Dispatched,Paid,Bengaluru,24-01-2024 11:29
ORD001925,CUST0240,EMP017,04-01-2024 13:53,22-01-2024 13:53,Dispatched,Paid,Noida,21-01-2024 13:53
ORD001926,CUST0018,EMP019,05-01-2024 10:17,01-02-2024 10:17,On Hold,Paid,Chennai,
ORD001927,CUST0250,EMP003,05-01-2024 10:49,25-01-2024 10:49,On Hold,Pending,Hyderabad,
ORD001928,CUST0113,EMP011,05-01-2024 15:49,22-01-2024 15:49,Delivered,Pending,Bengaluru,17-01-2024 15:49
ORD001929,CUST0456,EMP034,05-01-2024 20:11,03-02-2024 20:11,Quotation,Paid,Jaipur,
ORD001930,CUST0131,EMP017,06-01-2024 06:55,05-02-2024 06:55,Delivered,Paid,Delhi,05-02-2024 06:55
ORD001931,CUST0101,EMP011,06-01-2024 16:20,23-01-2024 16:20,Cancelled,Paid,Noida,
ORD001932,CUST0008,EMP014,06-01-2024 20:09,21-01-2024 20:09,Cancelled,Paid,Noida,
ORD001933,CUST0067,EMP017,06-01-2024 21:00,28-01-2024 21:00,Order Confirmed,Pending,Pune,
ORD001934,CUST0109,EMP034,07-01-2024 09:04,18-01-2024 09:04,Order Confirmed,Paid,Pune,
ORD001935,CUST0115,EMP003,07-01-2024 09:58,23-01-2024 09:58,Order Confirmed,Pending,Kolkata,
ORD001936,CUST0370,EMP003,07-01-2024 23:13,03-02-2024 23:13,Delivered,Partially Paid,Faridabad,28-01-2024 23:13
ORD001937,CUST0444,EMP034,07-01-2024 23:40,04-02-2024 23:40,Dispatched,Paid,Vadodara,01-02-2024 23:40
ORD001938,CUST0428,EMP011,08-01-2024 03:43,24-01-2024 03:43,In Production,Partially Paid,Vadodara,
ORD001939,CUST0479,EMP019,08-01-2024 07:48,24-01-2024 07:48,In Production,Partially Paid,Gurugram,
ORD001940,CUST0450,EMP030,08-01-2024 11:34,04-02-2024 11:34,In Production,Paid,Faridabad,
ORD001941,CUST0228,EMP026,08-01-2024 13:44,19-01-2024 13:44,Delivered,Paid,Ludhiana,18-01-2024 13:44
ORD001942,CUST0195,EMP011,08-01-2024 14:31,16-01-2024 14:31,In Production,Pending,Pune,
ORD001943,CUST0325,EMP034,08-01-2024 15:35,16-01-2024 15:35,Order Confirmed,Partially Paid,Mumbai,
ORD001944,CUST0160,EMP003,08-01-2024 18:23,17-01-2024 18:23,Delivered,Partially Paid,Hyderabad,15-01-2024 18:23
ORD001945,CUST0302,EMP014,08-01-2024 19:26,05-02-2024 19:26,Delivered,Paid,Jaipur,31-01-2024 19:26
ORD001946,CUST0500,EMP011,09-01-2024 05:11,16-01-2024 05:11,Delivered,Partially Paid,Surat,14-01-2024 05:11
ORD001947,CUST0100,EMP026,09-01-2024 05:40,23-01-2024 05:40,Delivered,Partially Paid,Pune,23-01-2024 05:40
ORD001948,CUST0385,EMP030,09-01-2024 07:10,30-01-2024 07:10,Order Confirmed,Paid,Faridabad,
ORD001949,CUST0468,EMP030,09-01-2024 09:36,30-01-2024 09:36,Quotation,Paid,Hyderabad,
ORD001950,CUST0269,EMP011,09-01-2024 10:33,04-02-2024 10:33,Quotation,Paid,Faridabad,
ORD001951,CUST0179,EMP017,09-01-2024 16:06,08-02-2024 16:06,Delivered,Partially Paid,Hyderabad,06-02-2024 16:06
ORD001952,CUST0128,EMP011,10-01-2024 08:19,26-01-2024 08:19,Cancelled,Paid,Mumbai,
ORD001953,CUST0084,EMP017,10-01-2024 17:55,22-01-2024 17:55,In Production,Pending,Chennai,
ORD001954,CUST0161,EMP014,10-01-2024 22:38,19-01-2024 22:38,Delivered,Paid,Kolkata,13-01-2024 22:38
ORD001955,CUST0374,EMP034,11-01-2024 01:35,08-02-2024 01:35,Delivered,Pending,Bengaluru,06-02-2024 01:35
ORD001956,CUST0258,EMP034,11-01-2024 05:58,26-01-2024 05:58,On Hold,Paid,Bengaluru,
ORD001957,CUST0111,EMP038,11-01-2024 10:15,08-02-2024 10:15,Dispatched,Partially Paid,Surat,05-02-2024 10:15
ORD001958,CUST0272,EMP014,11-01-2024 10:33,26-01-2024 10:33,Order Confirmed,Paid,Bengaluru,
ORD001959,CUST0405,EMP003,11-01-2024 15:57,05-02-2024 15:57,Delivered,Partially Paid,Vadodara,04-02-2024 15:57
ORD001960,CUST0007,EMP003,11-01-2024 16:52,02-02-2024 16:52,Delivered,Overdue,Gurugram,02-02-2024 16:52
ORD001961,CUST0011,EMP038,11-01-2024 18:51,04-02-2024 18:51,Delivered,Paid,Kolkata,03-02-2024 18:51
ORD001962,CUST0480,EMP044,11-01-2024 22:42,02-02-2024 22:42,Delivered,Paid,Jaipur,27-01-2024 22:42
ORD001963,CUST0375,EMP014,12-01-2024 05:21,26-01-2024 05:21,In Production,Paid,Surat,
ORD001964,CUST0288,EMP038,12-01-2024 19:38,21-01-2024 19:38,Delivered,Paid,Faridabad,18-01-2024 19:38
ORD001965,CUST0454,EMP026,12-01-2024 20:34,19-01-2024 20:34,In Production,Pending,Gurugram,
ORD001966,CUST0295,EMP011,13-01-2024 02:09,30-01-2024 02:09,Dispatched,Paid,Kolkata,28-01-2024 02:09
ORD001967,CUST0261,EMP017,13-01-2024 12:59,10-02-2024 12:59,Order Confirmed,Pending,Surat,
ORD001968,CUST0106,EMP014,13-01-2024 15:56,04-02-2024 15:56,Order Confirmed,Paid,Vadodara,
ORD001969,CUST0406,EMP034,13-01-2024 17:27,05-02-2024 17:27,Quotation,Overdue,Faridabad,
ORD001970,CUST0383,EMP011,14-01-2024 04:37,27-01-2024 04:37,Delivered,Paid,Surat,24-01-2024 04:37
ORD001971,CUST0148,EMP011,14-01-2024 07:25,01-02-2024 07:25,Delivered,Overdue,Vadodara,27-01-2024 07:25
ORD001972,CUST0369,EMP034,14-01-2024 09:14,30-01-2024 09:14,In Production,Paid,Jaipur,
ORD001973,CUST0364,EMP017,14-01-2024 13:20,24-01-2024 13:20,Dispatched,Overdue,Delhi,18-01-2024 13:20
ORD001974,CUST0048,EMP014,14-01-2024 14:41,04-02-2024 14:41,Quotation,Partially Paid,Ahmedabad,
ORD001975,CUST0081,EMP038,14-01-2024 22:36,29-01-2024 22:36,Dispatched,Paid,Delhi,27-01-2024 22:36
ORD001976,CUST0298,EMP044,15-01-2024 01:15,31-01-2024 01:15,In Production,Pending,Ahmedabad,
ORD001977,CUST0312,EMP026,15-01-2024 02:23,05-02-2024 02:23,Delivered,Paid,Pune,31-01-2024 02:23
ORD001978,CUST0330,EMP038,15-01-2024 05:22,22-01-2024 05:22,Cancelled,Paid,Ahmedabad,
ORD001979,CUST0187,EMP038,15-01-2024 05:25,13-02-2024 05:25,Dispatched,Paid,Jaipur,08-02-2024 05:25
ORD001980,CUST0418,EMP026,15-01-2024 07:19,27-01-2024 07:19,Delivered,Pending,Noida,27-01-2024 07:19
ORD001981,CUST0223,EMP038,15-01-2024 23:56,07-02-2024 23:56,Delivered,Partially Paid,Jaipur,01-02-2024 23:56
ORD001982,CUST0104,EMP003,16-01-2024 10:20,10-02-2024 10:20,Order Confirmed,Paid,Vadodara,
ORD001983,CUST0058,EMP003,16-01-2024 11:26,26-01-2024 11:26,In Production,Pending,Vadodara,
ORD001984,CUST0439,EMP038,17-01-2024 07:28,29-01-2024 07:28,Order Confirmed,Paid,Surat,
ORD001985,CUST0354,EMP011,17-01-2024 10:50,02-02-2024 10:50,Dispatched,Paid,Pune,01-02-2024 10:50
ORD001986,CUST0231,EMP034,17-01-2024 11:53,12-02-2024 11:53,Delivered,Paid,Bengaluru,07-02-2024 11:53
ORD001987,CUST0105,EMP019,17-01-2024 16:15,08-02-2024 16:15,Dispatched,Paid,Ludhiana,02-02-2024 16:15
ORD001988,CUST0049,EMP034,17-01-2024 16:22,04-02-2024 16:22,Dispatched,Partially Paid,Noida,31-01-2024 16:22
ORD001989,CUST0077,EMP030,18-01-2024 00:23,14-02-2024 00:23,Order Confirmed,Paid,Kolkata,
ORD001990,CUST0053,EMP003,18-01-2024 05:00,05-02-2024 05:00,In Production,Paid,Kolkata,
ORD001991,CUST0265,EMP017,18-01-2024 09:55,15-02-2024 09:55,Cancelled,Paid,Bengaluru,
ORD001992,CUST0099,EMP034,18-01-2024 22:40,12-02-2024 22:40,In Production,Pending,Ludhiana,
ORD001993,CUST0064,EMP044,19-01-2024 05:38,30-01-2024 05:38,Delivered,Partially Paid,Hyderabad,28-01-2024 05:38
ORD001994,CUST0142,EMP038,19-01-2024 07:22,04-02-2024 07:22,Quotation,Paid,Jaipur,
ORD001995,CUST0350,EMP038,19-01-2024 08:32,26-01-2024 08:32,Order Confirmed,Partially Paid,Bengaluru,
ORD001996,CUST0249,EMP044,19-01-2024 23:14,31-01-2024 23:14,In Production,Paid,Jaipur,
ORD001997,CUST0077,EMP038,20-01-2024 01:03,27-01-2024 01:03,Cancelled,Pending,Kolkata,
ORD001998,CUST0375,EMP026,20-01-2024 04:09,29-01-2024 04:09,Order Confirmed,Paid,Surat,
ORD001999,CUST0245,EMP017,20-01-2024 07:51,27-01-2024 07:51,Delivered,Paid,Gurugram,22-01-2024 07:51
ORD002000,CUST0094,EMP026,20-01-2024 11:30,12-02-2024 11:30,Order Confirmed,Paid,Kolkata,
ORD002001,CUST0346,EMP034,20-01-2024 15:29,05-02-2024 15:29,Delivered,Paid,Ludhiana,02-02-2024 15:29
ORD002002,CUST0497,EMP019,20-01-2024 18:46,07-02-2024 18:46,Delivered,Paid,Vadodara,02-02-2024 18:46
ORD002003,CUST0271,EMP038,21-01-2024 03:03,15-02-2024 03:03,Delivered,Partially Paid,Faridabad,11-02-2024 03:03
ORD002004,CUST0081,EMP034,21-01-2024 11:44,16-02-2024 11:44,In Production,Paid,Delhi,
ORD002005,CUST0155,EMP014,21-01-2024 12:01,09-02-2024 12:01,Order Confirmed,Paid,Vadodara,
ORD002006,CUST0300,EMP044,21-01-2024 15:29,07-02-2024 15:29,Delivered,Partially Paid,Ludhiana,05-02-2024 15:29
ORD002007,CUST0500,EMP038,21-01-2024 17:16,12-02-2024 17:16,Delivered,Partially Paid,Surat,09-02-2024 17:16
ORD002008,CUST0465,EMP026,22-01-2024 02:33,07-02-2024 02:33,Order Confirmed,Pending,Vadodara,
ORD002009,CUST0467,EMP011,22-01-2024 22:07,08-02-2024 22:07,Dispatched,Paid,Delhi,07-02-2024 22:07
ORD002010,CUST0417,EMP014,22-01-2024 22:20,05-02-2024 22:20,Quotation,Pending,Ludhiana,
ORD002011,CUST0288,EMP038,23-01-2024 00:18,03-02-2024 00:18,Dispatched,Partially Paid,Faridabad,03-02-2024 00:18
ORD002012,CUST0324,EMP003,23-01-2024 02:59,03-02-2024 02:59,Dispatched,Paid,Ludhiana,30-01-2024 02:59
ORD002013,CUST0367,EMP019,23-01-2024 17:54,14-02-2024 17:54,Order Confirmed,Paid,Delhi,
ORD002014,CUST0358,EMP030,24-01-2024 14:18,19-02-2024 14:18,Dispatched,Paid,Delhi,18-02-2024 14:18
ORD002015,CUST0320,EMP014,24-01-2024 15:58,10-02-2024 15:58,Delivered,Paid,Jaipur,07-02-2024 15:58
ORD002016,CUST0068,EMP038,25-01-2024 17:21,03-02-2024 17:21,Cancelled,Partially Paid,Hyderabad,
ORD002017,CUST0440,EMP026,26-01-2024 06:10,16-02-2024 06:10,Delivered,Partially Paid,Ahmedabad,16-02-2024 06:10
ORD002018,CUST0005,EMP003,26-01-2024 07:20,23-02-2024 07:20,Dispatched,Paid,Surat,19-02-2024 07:20
ORD002019,CUST0213,EMP017,26-01-2024 09:21,14-02-2024 09:21,Delivered,Paid,Surat,13-02-2024 09:21
ORD002020,CUST0218,EMP017,26-01-2024 14:12,02-02-2024 14:12,In Production,Pending,Bengaluru,
ORD002021,CUST0499,EMP014,26-01-2024 14:20,03-02-2024 14:20,Delivered,Paid,Faridabad,02-02-2024 14:20
ORD002022,CUST0045,EMP044,26-01-2024 17:16,14-02-2024 17:16,Quotation,Paid,Bengaluru,
ORD002023,CUST0238,EMP017,26-01-2024 18:24,22-02-2024 18:24,Quotation,Overdue,Delhi,
ORD002024,CUST0179,EMP026,27-01-2024 00:32,04-02-2024 00:32,Delivered,Paid,Hyderabad,03-02-2024 00:32
ORD002025,CUST0049,EMP026,27-01-2024 02:21,21-02-2024 02:21,Order Confirmed,Partially Paid,Noida,
ORD002026,CUST0112,EMP014,27-01-2024 11:03,21-02-2024 11:03,Delivered,Pending,Faridabad,15-02-2024 11:03
ORD002027,CUST0212,EMP026,27-01-2024 15:05,04-02-2024 15:05,Delivered,Paid,Bengaluru,31-01-2024 15:05
ORD002028,CUST0459,EMP017,27-01-2024 20:33,08-02-2024 20:33,Quotation,Paid,Kolkata,
ORD002029,CUST0195,EMP003,27-01-2024 21:28,03-02-2024 21:28,In Production,Pending,Pune,
ORD002030,CUST0441,EMP019,27-01-2024 22:47,16-02-2024 22:47,Delivered,Paid,Hyderabad,12-02-2024 22:47
ORD002031,CUST0367,EMP026,28-01-2024 00:43,08-02-2024 00:43,Delivered,Paid,Delhi,06-02-2024 00:43
ORD002032,CUST0410,EMP011,28-01-2024 07:46,25-02-2024 07:46,Delivered,Paid,Ahmedabad,19-02-2024 07:46
ORD002033,CUST0427,EMP034,28-01-2024 11:02,06-02-2024 11:02,In Production,Pending,Surat,
ORD002034,CUST0357,EMP030,29-01-2024 02:22,20-02-2024 02:22,Delivered,Paid,Noida,20-02-2024 02:22
ORD002035,CUST0367,EMP017,29-01-2024 05:18,23-02-2024 05:18,In Production,Paid,Delhi,
ORD002036,CUST0078,EMP026,30-01-2024 01:16,10-02-2024 01:16,Quotation,Paid,Noida,
ORD002037,CUST0359,EMP017,30-01-2024 04:28,12-02-2024 04:28,Delivered,Paid,Surat,10-02-2024 04:28
ORD002038,CUST0025,EMP030,30-01-2024 21:16,25-02-2024 21:16,Order Confirmed,Partially Paid,Kolkata,
ORD002039,CUST0369,EMP011,30-01-2024 23:42,08-02-2024 23:42,Order Confirmed,Pending,Jaipur,
ORD002040,CUST0327,EMP030,31-01-2024 02:11,17-02-2024 02:11,Order Confirmed,Paid,Kolkata,
ORD002041,CUST0379,EMP003,31-01-2024 06:34,13-02-2024 06:34,Delivered,Partially Paid,Bengaluru,13-02-2024 06:34
ORD002042,CUST0322,EMP003,31-01-2024 06:45,07-02-2024 06:45,Cancelled,Partially Paid,Gurugram,
ORD002043,CUST0185,EMP014,31-01-2024 13:03,17-02-2024 13:03,On Hold,Partially Paid,Delhi,
ORD002044,CUST0185,EMP011,01-02-2024 00:31,19-02-2024 00:31,In Production,Paid,Delhi,
ORD002045,CUST0299,EMP019,01-02-2024 01:26,16-02-2024 01:26,Dispatched,Paid,Jaipur,12-02-2024 01:26
ORD002046,CUST0237,EMP011,01-02-2024 05:26,27-02-2024 05:26,Delivered,Partially Paid,Bengaluru,21-02-2024 05:26
ORD002047,CUST0171,EMP014,01-02-2024 07:14,10-02-2024 07:14,In Production,Paid,Pune,
ORD002048,CUST0245,EMP003,02-02-2024 00:42,19-02-2024 00:42,In Production,Paid,Gurugram,
ORD002049,CUST0269,EMP038,02-02-2024 01:03,13-02-2024 01:03,Order Confirmed,Paid,Faridabad,
ORD002050,CUST0120,EMP034,02-02-2024 04:27,27-02-2024 04:27,Delivered,Paid,Delhi,22-02-2024 04:27
ORD002051,CUST0320,EMP014,02-02-2024 13:52,22-02-2024 13:52,Delivered,Paid,Jaipur,21-02-2024 13:52
ORD002052,CUST0158,EMP011,02-02-2024 20:00,25-02-2024 20:00,In Production,Paid,Surat,
ORD002053,CUST0134,EMP038,02-02-2024 22:48,11-02-2024 22:48,Quotation,Paid,Ludhiana,
ORD002054,CUST0210,EMP030,02-02-2024 23:59,19-02-2024 23:59,Delivered,Paid,Hyderabad,14-02-2024 23:59
ORD002055,CUST0052,EMP038,03-02-2024 02:02,11-02-2024 02:02,Delivered,Paid,Gurugram,10-02-2024 02:02
ORD002056,CUST0302,EMP011,03-02-2024 08:10,17-02-2024 08:10,Order Confirmed,Paid,Jaipur,
ORD002057,CUST0367,EMP017,03-02-2024 11:35,03-03-2024 11:35,In Production,Overdue,Delhi,
ORD002058,CUST0478,EMP011,03-02-2024 11:48,27-02-2024 11:48,Cancelled,Paid,Mumbai,
ORD002059,CUST0142,EMP019,03-02-2024 16:09,11-02-2024 16:09,Delivered,Paid,Jaipur,09-02-2024 16:09
ORD002060,CUST0270,EMP011,03-02-2024 17:48,18-02-2024 17:48,Delivered,Partially Paid,Jaipur,14-02-2024 17:48
ORD002061,CUST0252,EMP003,03-02-2024 18:35,01-03-2024 18:35,Delivered,Paid,Faridabad,27-02-2024 18:35
ORD002062,CUST0366,EMP026,03-02-2024 19:53,14-02-2024 19:53,Cancelled,Paid,Pune,
ORD002063,CUST0313,EMP044,03-02-2024 23:01,28-02-2024 23:01,In Production,Paid,Pune,
ORD002064,CUST0404,EMP030,04-02-2024 07:06,18-02-2024 07:06,In Production,Paid,Faridabad,
ORD002065,CUST0426,EMP034,04-02-2024 09:33,22-02-2024 09:33,In Production,Paid,Ahmedabad,
ORD002066,CUST0057,EMP038,04-02-2024 11:10,03-03-2024 11:10,Delivered,Paid,Ludhiana,02-03-2024 11:10
ORD002067,CUST0178,EMP044,04-02-2024 12:04,27-02-2024 12:04,Order Confirmed,Paid,Bengaluru,
ORD002068,CUST0327,EMP011,04-02-2024 13:14,17-02-2024 13:14,Order Confirmed,Paid,Kolkata,
ORD002069,CUST0272,EMP014,04-02-2024 14:27,11-02-2024 14:27,Order Confirmed,Paid,Bengaluru,
ORD002070,CUST0242,EMP030,04-02-2024 19:38,16-02-2024 19:38,Delivered,Partially Paid,Jaipur,13-02-2024 19:38
ORD002071,CUST0087,EMP038,04-02-2024 20:42,21-02-2024 20:42,Delivered,Paid,Kolkata,20-02-2024 20:42
ORD002072,CUST0287,EMP034,05-02-2024 07:00,15-02-2024 07:00,In Production,Paid,Delhi,
ORD002073,CUST0371,EMP034,05-02-2024 08:03,04-03-2024 08:03,In Production,Paid,Noida,
ORD002074,CUST0020,EMP017,05-02-2024 09:00,13-02-2024 09:00,Delivered,Partially Paid,Jaipur,08-02-2024 09:00
ORD002075,CUST0296,EMP017,05-02-2024 09:19,24-02-2024 09:19,Quotation,Paid,Hyderabad,
ORD002076,CUST0454,EMP003,05-02-2024 09:33,06-03-2024 09:33,Delivered,Pending,Gurugram,06-03-2024 09:33
ORD002077,CUST0287,EMP017,05-02-2024 17:16,20-02-2024 17:16,Order Confirmed,Paid,Delhi,
ORD002078,CUST0477,EMP011,05-02-2024 20:56,24-02-2024 20:56,Cancelled,Overdue,Jaipur,
ORD002079,CUST0177,EMP044,05-02-2024 23:40,13-02-2024 23:40,Dispatched,Paid,Faridabad,08-02-2024 23:40
ORD002080,CUST0002,EMP003,06-02-2024 00:58,01-03-2024 00:58,Delivered,Partially Paid,Jaipur,24-02-2024 00:58
ORD002081,CUST0342,EMP017,06-02-2024 07:41,07-03-2024 07:41,Order Confirmed,Paid,Delhi,
ORD002082,CUST0107,EMP038,06-02-2024 09:36,02-03-2024 09:36,Order Confirmed,Paid,Chennai,
ORD002083,CUST0005,EMP044,06-02-2024 10:58,16-02-2024 10:58,Delivered,Partially Paid,Surat,11-02-2024 10:58
ORD002084,CUST0091,EMP017,06-02-2024 13:21,21-02-2024 13:21,Delivered,Overdue,Jaipur,17-02-2024 13:21
ORD002085,CUST0468,EMP019,06-02-2024 18:59,01-03-2024 18:59,Delivered,Partially Paid,Hyderabad,27-02-2024 18:59
ORD002086,CUST0391,EMP026,06-02-2024 23:09,03-03-2024 23:09,Delivered,Paid,Ludhiana,29-02-2024 23:09
ORD002087,CUST0138,EMP038,07-02-2024 00:40,23-02-2024 00:40,Delivered,Paid,Jaipur,20-02-2024 00:40
ORD002088,CUST0300,EMP034,07-02-2024 05:53,08-03-2024 05:53,Delivered,Paid,Ludhiana,02-03-2024 05:53
ORD002089,CUST0170,EMP026,07-02-2024 10:15,18-02-2024 10:15,Dispatched,Partially Paid,Mumbai,18-02-2024 10:15
ORD002090,CUST0089,EMP017,07-02-2024 11:19,02-03-2024 11:19,Delivered,Paid,Vadodara,27-02-2024 11:19
ORD002091,CUST0495,EMP017,07-02-2024 13:12,25-02-2024 13:12,In Production,Paid,Delhi,
ORD002092,CUST0407,EMP030,07-02-2024 14:42,02-03-2024 14:42,In Production,Paid,Surat,
ORD002093,CUST0182,EMP038,07-02-2024 16:28,28-02-2024 16:28,Delivered,Overdue,Mumbai,25-02-2024 16:28
ORD002094,CUST0177,EMP003,07-02-2024 20:35,24-02-2024 20:35,Quotation,Paid,Faridabad,
ORD002095,CUST0408,EMP034,08-02-2024 00:17,05-03-2024 00:17,Order Confirmed,Paid,Vadodara,
ORD002096,CUST0231,EMP019,08-02-2024 01:29,06-03-2024 01:29,Quotation,Paid,Bengaluru,
ORD002097,CUST0189,EMP011,08-02-2024 07:39,05-03-2024 07:39,Dispatched,Paid,Jaipur,04-03-2024 07:39
ORD002098,CUST0194,EMP003,08-02-2024 17:38,17-02-2024 17:38,Delivered,Paid,Kolkata,15-02-2024 17:38
ORD002099,CUST0224,EMP017,08-02-2024 19:05,25-02-2024 19:05,Quotation,Partially Paid,Faridabad,
ORD002100,CUST0261,EMP014,09-02-2024 03:11,04-03-2024 03:11,Order Confirmed,Paid,Surat,
ORD002101,CUST0021,EMP011,09-02-2024 14:38,07-03-2024 14:38,In Production,Paid,Ahmedabad,
ORD002102,CUST0241,EMP014,09-02-2024 18:40,24-02-2024 18:40,In Production,Paid,Noida,
ORD002103,CUST0220,EMP038,09-02-2024 22:31,04-03-2024 22:31,Order Confirmed,Paid,Noida,
ORD002104,CUST0138,EMP034,09-02-2024 22:54,29-02-2024 22:54,Order Confirmed,Partially Paid,Jaipur,
ORD002105,CUST0178,EMP014,10-02-2024 03:54,22-02-2024 03:54,Delivered,Paid,Bengaluru,19-02-2024 03:54
ORD002106,CUST0213,EMP030,10-02-2024 03:59,09-03-2024 03:59,Delivered,Partially Paid,Surat,09-03-2024 03:59
ORD002107,CUST0184,EMP019,10-02-2024 10:32,27-02-2024 10:32,In Production,Paid,Pune,
ORD002108,CUST0455,EMP034,10-02-2024 16:46,02-03-2024 16:46,In Production,Paid,Gurugram,
ORD002109,CUST0265,EMP014,10-02-2024 22:48,23-02-2024 22:48,Order Confirmed,Paid,Bengaluru,
ORD002110,CUST0252,EMP003,10-02-2024 23:42,17-02-2024 23:42,In Production,Paid,Faridabad,
ORD002111,CUST0132,EMP017,10-02-2024 23:46,27-02-2024 23:46,In Production,Paid,Surat,
ORD002112,CUST0459,EMP044,11-02-2024 02:15,06-03-2024 02:15,Cancelled,Paid,Kolkata,
ORD002113,CUST0012,EMP026,11-02-2024 02:48,25-02-2024 02:48,Delivered,Pending,Gurugram,22-02-2024 02:48
ORD002114,CUST0276,EMP003,11-02-2024 04:43,11-03-2024 04:43,Dispatched,Paid,Mumbai,10-03-2024 04:43
ORD002115,CUST0085,EMP044,11-02-2024 11:07,07-03-2024 11:07,Order Confirmed,Paid,Faridabad,
ORD002116,CUST0385,EMP038,11-02-2024 18:21,04-03-2024 18:21,Delivered,Paid,Faridabad,02-03-2024 18:21
ORD002117,CUST0190,EMP026,11-02-2024 18:43,08-03-2024 18:43,Cancelled,Paid,Chennai,
ORD002118,CUST0147,EMP034,11-02-2024 22:00,09-03-2024 22:00,Quotation,Paid,Bengaluru,
ORD002119,CUST0029,EMP011,12-02-2024 00:54,07-03-2024 00:54,Delivered,Paid,Surat,06-03-2024 00:54
ORD002120,CUST0396,EMP026,12-02-2024 03:17,09-03-2024 03:17,Order Confirmed,Paid,Vadodara,
ORD002121,CUST0199,EMP044,12-02-2024 06:15,07-03-2024 06:15,Delivered,Partially Paid,Ludhiana,02-03-2024 06:15
ORD002122,CUST0133,EMP019,12-02-2024 08:30,10-03-2024 08:30,Order Confirmed,Paid,Ahmedabad,
ORD002123,CUST0423,EMP003,13-02-2024 12:02,22-02-2024 12:02,Delivered,Paid,Chennai,16-02-2024 12:02
ORD002124,CUST0010,EMP034,13-02-2024 13:06,28-02-2024 13:06,Order Confirmed,Partially Paid,Ahmedabad,
ORD002125,CUST0235,EMP034,13-02-2024 13:11,12-03-2024 13:11,Delivered,Paid,Ahmedabad,12-03-2024 13:11
ORD002126,CUST0081,EMP034,13-02-2024 20:39,02-03-2024 20:39,Delivered,Partially Paid,Delhi,01-03-2024 20:39
ORD002127,CUST0064,EMP030,13-02-2024 22:04,20-02-2024 22:04,Delivered,Paid,Hyderabad,19-02-2024 22:04
ORD002128,CUST0011,EMP011,14-02-2024 02:14,12-03-2024 02:14,Delivered,Paid,Kolkata,09-03-2024 02:14
ORD002129,CUST0094,EMP011,14-02-2024 03:15,07-03-2024 03:15,Quotation,Paid,Kolkata,
ORD002130,CUST0474,EMP034,14-02-2024 08:17,13-03-2024 08:17,Delivered,Partially Paid,Bengaluru,11-03-2024 08:17
ORD002131,CUST0223,EMP038,14-02-2024 12:30,21-02-2024 12:30,Order Confirmed,Paid,Jaipur,
ORD002132,CUST0500,EMP003,14-02-2024 13:34,24-02-2024 13:34,Delivered,Paid,Surat,21-02-2024 13:34
ORD002133,CUST0134,EMP026,14-02-2024 13:44,04-03-2024 13:44,Order Confirmed,Paid,Ludhiana,
ORD002134,CUST0382,EMP026,14-02-2024 15:49,25-02-2024 15:49,Dispatched,Paid,Noida,25-02-2024 15:49
ORD002135,CUST0045,EMP017,14-02-2024 22:02,04-03-2024 22:02,In Production,Paid,Bengaluru,
ORD002136,CUST0055,EMP030,15-02-2024 02:56,01-03-2024 02:56,On Hold,Paid,Gurugram,
ORD002137,CUST0009,EMP044,15-02-2024 06:40,27-02-2024 06:40,Delivered,Pending,Surat,21-02-2024 06:40
ORD002138,CUST0450,EMP038,15-02-2024 14:51,11-03-2024 14:51,Order Confirmed,Overdue,Faridabad,
ORD002139,CUST0336,EMP011,15-02-2024 17:17,22-02-2024 17:17,Delivered,Overdue,Pune,16-02-2024 17:17
ORD002140,CUST0372,EMP019,15-02-2024 18:49,13-03-2024 18:49,Order Confirmed,Paid,Pune,
ORD002141,CUST0464,EMP044,16-02-2024 00:16,26-02-2024 00:16,In Production,Paid,Pune,
ORD002142,CUST0167,EMP014,16-02-2024 04:35,07-03-2024 04:35,In Production,Pending,Chennai,
ORD002143,CUST0362,EMP038,16-02-2024 06:07,17-03-2024 06:07,Delivered,Partially Paid,Chennai,11-03-2024 06:07
ORD002144,CUST0252,EMP019,16-02-2024 06:47,25-02-2024 06:47,Cancelled,Paid,Faridabad,
ORD002145,CUST0272,EMP026,16-02-2024 09:06,16-03-2024 09:06,Cancelled,Pending,Bengaluru,
ORD002146,CUST0331,EMP014,16-02-2024 15:00,01-03-2024 15:00,Order Confirmed,Paid,Bengaluru,
ORD002147,CUST0235,EMP044,16-02-2024 15:34,11-03-2024 15:34,Quotation,Partially Paid,Ahmedabad,
ORD002148,CUST0013,EMP026,17-02-2024 05:57,15-03-2024 05:57,Delivered,Overdue,Mumbai,12-03-2024 05:57
ORD002149,CUST0038,EMP026,17-02-2024 07:49,29-02-2024 07:49,In Production,Overdue,Ludhiana,
ORD002150,CUST0251,EMP019,17-02-2024 12:00,03-03-2024 12:00,Delivered,Paid,Vadodara,28-02-2024 12:00
ORD002151,CUST0285,EMP003,17-02-2024 22:35,15-03-2024 22:35,On Hold,Paid,Jaipur,
ORD002152,CUST0367,EMP034,18-02-2024 03:36,27-02-2024 03:36,Order Confirmed,Paid,Delhi,
ORD002153,CUST0287,EMP017,18-02-2024 05:27,27-02-2024 05:27,In Production,Partially Paid,Delhi,
ORD002154,CUST0095,EMP014,18-02-2024 09:03,03-03-2024 09:03,Delivered,Paid,Surat,03-03-2024 09:03
ORD002155,CUST0184,EMP034,18-02-2024 12:37,10-03-2024 12:37,Delivered,Paid,Pune,06-03-2024 12:37
ORD002156,CUST0222,EMP011,18-02-2024 15:02,15-03-2024 15:02,Cancelled,Paid,Vadodara,
ORD002157,CUST0492,EMP030,18-02-2024 15:54,09-03-2024 15:54,Delivered,Paid,Gurugram,05-03-2024 15:54
ORD002158,CUST0267,EMP019,18-02-2024 19:56,07-03-2024 19:56,In Production,Overdue,Bengaluru,
ORD002159,CUST0318,EMP034,18-02-2024 20:37,16-03-2024 20:37,Delivered,Pending,Delhi,11-03-2024 20:37
ORD002160,CUST0368,EMP003,18-02-2024 22:33,29-02-2024 22:33,Delivered,Paid,Pune,24-02-2024 22:33
ORD002161,CUST0182,EMP034,19-02-2024 00:47,18-03-2024 00:47,Cancelled,Paid,Mumbai,
ORD002162,CUST0483,EMP014,19-02-2024 01:23,04-03-2024 01:23,Dispatched,Paid,Pune,04-03-2024 01:23
ORD002163,CUST0338,EMP038,19-02-2024 04:23,03-03-2024 04:23,Dispatched,Paid,Gurugram,01-03-2024 04:23
ORD002164,CUST0425,EMP017,19-02-2024 06:53,19-03-2024 06:53,In Production,Paid,Pune,
ORD002165,CUST0375,EMP003,19-02-2024 15:33,12-03-2024 15:33,In Production,Partially Paid,Surat,
ORD002166,CUST0311,EMP019,19-02-2024 17:40,07-03-2024 17:40,On Hold,Partially Paid,Delhi,
ORD002167,CUST0016,EMP003,20-02-2024 01:13,05-03-2024 01:13,On Hold,Paid,Faridabad,
ORD002168,CUST0292,EMP014,20-02-2024 01:13,08-03-2024 01:13,Dispatched,Pending,Chennai,05-03-2024 01:13
ORD002169,CUST0065,EMP034,20-02-2024 01:19,16-03-2024 01:19,Cancelled,Overdue,Bengaluru,
ORD002170,CUST0302,EMP026,20-02-2024 01:49,01-03-2024 01:49,In Production,Pending,Jaipur,
ORD002171,CUST0351,EMP034,20-02-2024 05:24,02-03-2024 05:24,Delivered,Overdue,Faridabad,28-02-2024 05:24
ORD002172,CUST0273,EMP038,20-02-2024 09:43,05-03-2024 09:43,Delivered,Paid,Vadodara,02-03-2024 09:43
ORD002173,CUST0155,EMP019,20-02-2024 11:05,09-03-2024 11:05,Delivered,Pending,Vadodara,05-03-2024 11:05
ORD002174,CUST0030,EMP026,20-02-2024 13:29,17-03-2024 13:29,Delivered,Overdue,Mumbai,13-03-2024 13:29
ORD002175,CUST0336,EMP003,20-02-2024 16:01,03-03-2024 16:01,Delivered,Partially Paid,Pune,02-03-2024 16:01
ORD002176,CUST0350,EMP014,20-02-2024 21:39,16-03-2024 21:39,Delivered,Paid,Bengaluru,12-03-2024 21:39
ORD002177,CUST0239,EMP034,21-02-2024 08:50,20-03-2024 08:50,In Production,Paid,Ahmedabad,
ORD002178,CUST0359,EMP003,21-02-2024 09:18,09-03-2024 09:18,Delivered,Paid,Surat,05-03-2024 09:18
ORD002179,CUST0390,EMP017,21-02-2024 13:19,22-03-2024 13:19,Order Confirmed,Partially Paid,Ahmedabad,
ORD002180,CUST0257,EMP011,21-02-2024 20:14,20-03-2024 20:14,Order Confirmed,Paid,Bengaluru,
ORD002181,CUST0024,EMP038,21-02-2024 20:22,18-03-2024 20:22,Delivered,Pending,Chennai,17-03-2024 20:22
ORD002182,CUST0436,EMP026,22-02-2024 10:48,09-03-2024 10:48,Delivered,Partially Paid,Delhi,05-03-2024 10:48
ORD002183,CUST0234,EMP030,22-02-2024 12:38,07-03-2024 12:38,Cancelled,Paid,Bengaluru,
ORD002184,CUST0337,EMP030,22-02-2024 16:01,20-03-2024 16:01,In Production,Paid,Noida,
ORD002185,CUST0456,EMP014,22-02-2024 20:16,10-03-2024 20:16,Quotation,Partially Paid,Jaipur,
ORD002186,CUST0182,EMP003,23-02-2024 06:09,01-03-2024 06:09,Dispatched,Paid,Mumbai,27-02-2024 06:09
ORD002187,CUST0311,EMP017,23-02-2024 07:20,18-03-2024 07:20,Delivered,Overdue,Delhi,13-03-2024 07:20
ORD002188,CUST0010,EMP011,23-02-2024 13:41,09-03-2024 13:41,On Hold,Pending,Ahmedabad,
ORD002189,CUST0443,EMP017,23-02-2024 15:30,23-03-2024 15:30,Delivered,Paid,Kolkata,21-03-2024 15:30
ORD002190,CUST0030,EMP017,23-02-2024 16:34,21-03-2024 16:34,Dispatched,Paid,Mumbai,15-03-2024 16:34
ORD002191,CUST0271,EMP034,23-02-2024 18:43,03-03-2024 18:43,Delivered,Pending,Faridabad,29-02-2024 18:43
ORD002192,CUST0176,EMP017,23-02-2024 20:45,22-03-2024 20:45,Order Confirmed,Pending,Pune,
ORD002193,CUST0018,EMP011,24-02-2024 04:09,24-03-2024 04:09,Cancelled,Paid,Chennai,
ORD002194,CUST0232,EMP044,24-02-2024 10:26,20-03-2024 10:26,Delivered,Overdue,Gurugram,14-03-2024 10:26
ORD002195,CUST0468,EMP003,24-02-2024 12:13,08-03-2024 12:13,In Production,Paid,Hyderabad,
ORD002196,CUST0084,EMP014,24-02-2024 17:52,18-03-2024 17:52,Delivered,Paid,Chennai,18-03-2024 17:52
ORD002197,CUST0147,EMP017,24-02-2024 23:57,22-03-2024 23:57,Delivered,Paid,Bengaluru,22-03-2024 23:57
ORD002198,CUST0095,EMP003,25-02-2024 04:49,22-03-2024 04:49,Order Confirmed,Pending,Surat,
ORD002199,CUST0063,EMP038,25-02-2024 06:39,13-03-2024 06:39,Order Confirmed,Overdue,Faridabad,
ORD002200,CUST0116,EMP017,25-02-2024 14:23,19-03-2024 14:23,Delivered,Paid,Vadodara,18-03-2024 14:23
ORD002201,CUST0286,EMP034,25-02-2024 18:30,12-03-2024 18:30,Cancelled,Paid,Delhi,
ORD002202,CUST0391,EMP011,25-02-2024 22:40,09-03-2024 22:40,Delivered,Paid,Ludhiana,04-03-2024 22:40
ORD002203,CUST0346,EMP026,26-02-2024 01:04,20-03-2024 01:04,Order Confirmed,Pending,Ludhiana,
ORD002204,CUST0386,EMP011,26-02-2024 04:46,15-03-2024 04:46,Delivered,Partially Paid,Noida,12-03-2024 04:46
ORD002205,CUST0358,EMP014,26-02-2024 05:26,09-03-2024 05:26,Order Confirmed,Paid,Delhi,
ORD002206,CUST0192,EMP019,26-02-2024 11:47,19-03-2024 11:47,In Production,Pending,Kolkata,
ORD002207,CUST0451,EMP038,26-02-2024 13:29,11-03-2024 13:29,Quotation,Partially Paid,Mumbai,
ORD002208,CUST0087,EMP017,26-02-2024 15:35,18-03-2024 15:35,Dispatched,Pending,Kolkata,14-03-2024 15:35
ORD002209,CUST0350,EMP034,26-02-2024 22:17,12-03-2024 22:17,In Production,Pending,Bengaluru,
ORD002210,CUST0056,EMP003,26-02-2024 22:28,25-03-2024 22:28,Order Confirmed,Paid,Gurugram,
ORD002211,CUST0383,EMP014,27-02-2024 02:10,25-03-2024 02:10,In Production,Overdue,Surat,
ORD002212,CUST0044,EMP030,27-02-2024 02:44,16-03-2024 02:44,Delivered,Paid,Mumbai,16-03-2024 02:44
ORD002213,CUST0109,EMP019,27-02-2024 13:08,22-03-2024 13:08,In Production,Overdue,Pune,
ORD002214,CUST0196,EMP026,27-02-2024 19:52,09-03-2024 19:52,Order Confirmed,Paid,Delhi,
ORD002215,CUST0348,EMP030,28-02-2024 06:19,29-03-2024 06:19,Delivered,Pending,Gurugram,27-03-2024 06:19
ORD002216,CUST0023,EMP003,28-02-2024 07:19,11-03-2024 07:19,Delivered,Paid,Ludhiana,09-03-2024 07:19
ORD002217,CUST0129,EMP030,28-02-2024 11:16,26-03-2024 11:16,Delivered,Paid,Delhi,20-03-2024 11:16
ORD002218,CUST0167,EMP038,28-02-2024 11:55,26-03-2024 11:55,Dispatched,Overdue,Chennai,26-03-2024 11:55
ORD002219,CUST0366,EMP034,28-02-2024 20:26,10-03-2024 20:26,Delivered,Paid,Pune,04-03-2024 20:26
ORD002220,CUST0481,EMP014,29-02-2024 02:04,07-03-2024 02:04,Delivered,Paid,Mumbai,05-03-2024 02:04
ORD002221,CUST0308,EMP017,29-02-2024 05:42,24-03-2024 05:42,Delivered,Pending,Mumbai,19-03-2024 05:42
ORD002222,CUST0254,EMP044,29-02-2024 14:27,27-03-2024 14:27,Dispatched,Paid,Hyderabad,25-03-2024 14:27
ORD002223,CUST0169,EMP034,29-02-2024 21:37,24-03-2024 21:37,Quotation,Paid,Vadodara,
ORD002224,CUST0412,EMP044,01-03-2024 00:04,09-03-2024 00:04,In Production,Overdue,Chennai,
ORD002225,CUST0054,EMP044,01-03-2024 05:51,23-03-2024 05:51,In Production,Paid,Chennai,
ORD002226,CUST0065,EMP019,02-03-2024 03:58,18-03-2024 03:58,In Production,Paid,Bengaluru,
ORD002227,CUST0101,EMP011,02-03-2024 06:21,30-03-2024 06:21,Cancelled,Partially Paid,Noida,
ORD002228,CUST0135,EMP014,02-03-2024 15:55,28-03-2024 15:55,Order Confirmed,Partially Paid,Faridabad,
ORD002229,CUST0231,EMP014,02-03-2024 19:05,28-03-2024 19:05,Delivered,Paid,Bengaluru,28-03-2024 19:05
ORD002230,CUST0474,EMP038,02-03-2024 19:18,18-03-2024 19:18,On Hold,Paid,Bengaluru,
ORD002231,CUST0326,EMP014,02-03-2024 19:31,16-03-2024 19:31,Delivered,Paid,Delhi,12-03-2024 19:31
ORD002232,CUST0192,EMP017,03-03-2024 00:04,29-03-2024 00:04,Order Confirmed,Paid,Kolkata,
ORD002233,CUST0106,EMP038,03-03-2024 04:30,12-03-2024 04:30,On Hold,Paid,Vadodara,
ORD002234,CUST0325,EMP011,03-03-2024 06:08,12-03-2024 06:08,In Production,Pending,Mumbai,
ORD002235,CUST0127,EMP030,03-03-2024 13:21,11-03-2024 13:21,Quotation,Paid,Pune,
ORD002236,CUST0489,EMP026,03-03-2024 15:18,22-03-2024 15:18,Dispatched,Paid,Hyderabad,21-03-2024 15:18
ORD002237,CUST0239,EMP044,03-03-2024 16:28,11-03-2024 16:28,Order Confirmed,Overdue,Ahmedabad,
ORD002238,CUST0276,EMP019,03-03-2024 20:02,23-03-2024 20:02,Delivered,Paid,Mumbai,22-03-2024 20:02
ORD002239,CUST0452,EMP026,03-03-2024 23:06,14-03-2024 23:06,Order Confirmed,Overdue,Vadodara,
ORD002240,CUST0153,EMP038,04-03-2024 04:18,01-04-2024 04:18,Delivered,Pending,Surat,26-03-2024 04:18
ORD002241,CUST0236,EMP044,04-03-2024 05:38,21-03-2024 05:38,Quotation,Paid,Delhi,
ORD002242,CUST0266,EMP034,04-03-2024 07:51,13-03-2024 07:51,Cancelled,Paid,Pune,
ORD002243,CUST0136,EMP030,04-03-2024 16:11,27-03-2024 16:11,Quotation,Paid,Pune,
ORD002244,CUST0028,EMP038,04-03-2024 22:37,19-03-2024 22:37,Cancelled,Paid,Gurugram,
ORD002245,CUST0142,EMP044,05-03-2024 06:38,18-03-2024 06:38,Quotation,Paid,Jaipur,
ORD002246,CUST0057,EMP034,05-03-2024 07:10,27-03-2024 07:10,Delivered,Paid,Ludhiana,26-03-2024 07:10
ORD002247,CUST0338,EMP014,05-03-2024 09:16,03-04-2024 09:16,Delivered,Paid,Gurugram,28-03-2024 09:16
ORD002248,CUST0004,EMP030,05-03-2024 17:04,04-04-2024 17:04,Delivered,Pending,Ahmedabad,02-04-2024 17:04
ORD002249,CUST0159,EMP014,06-03-2024 01:00,23-03-2024 01:00,Quotation,Paid,Mumbai,
ORD002250,CUST0443,EMP026,06-03-2024 01:14,02-04-2024 01:14,Delivered,Paid,Kolkata,01-04-2024 01:14
ORD002251,CUST0285,EMP019,06-03-2024 03:31,18-03-2024 03:31,Delivered,Paid,Jaipur,15-03-2024 03:31
ORD002252,CUST0336,EMP044,06-03-2024 10:52,02-04-2024 10:52,Delivered,Paid,Pune,01-04-2024 10:52
ORD002253,CUST0335,EMP026,06-03-2024 17:41,04-04-2024 17:41,Delivered,Pending,Jaipur,29-03-2024 17:41
ORD002254,CUST0150,EMP044,06-03-2024 18:12,25-03-2024 18:12,On Hold,Partially Paid,Kolkata,
ORD002255,CUST0317,EMP038,06-03-2024 18:54,25-03-2024 18:54,On Hold,Paid,Faridabad,
ORD002256,CUST0111,EMP038,07-03-2024 00:25,27-03-2024 00:25,Dispatched,Paid,Surat,23-03-2024 00:25
ORD002257,CUST0318,EMP011,07-03-2024 01:01,15-03-2024 01:01,Order Confirmed,Paid,Delhi,
ORD002258,CUST0342,EMP034,07-03-2024 04:16,03-04-2024 04:16,Order Confirmed,Pending,Delhi,
ORD002259,CUST0439,EMP014,07-03-2024 13:17,31-03-2024 13:17,Delivered,Paid,Surat,26-03-2024 13:17
ORD002260,CUST0460,EMP026,07-03-2024 16:08,03-04-2024 16:08,On Hold,Partially Paid,Jaipur,
ORD002261,CUST0012,EMP019,08-03-2024 06:55,17-03-2024 06:55,Dispatched,Paid,Gurugram,17-03-2024 06:55
ORD002262,CUST0150,EMP014,08-03-2024 08:30,03-04-2024 08:30,Order Confirmed,Paid,Kolkata,
ORD002263,CUST0274,EMP044,08-03-2024 12:45,23-03-2024 12:45,In Production,Paid,Mumbai,
ORD002264,CUST0161,EMP038,08-03-2024 15:57,03-04-2024 15:57,In Production,Paid,Kolkata,
ORD002265,CUST0310,EMP026,08-03-2024 16:59,07-04-2024 16:59,On Hold,Paid,Hyderabad,
ORD002266,CUST0428,EMP003,08-03-2024 17:25,05-04-2024 17:25,Delivered,Paid,Vadodara,04-04-2024 17:25
ORD002267,CUST0130,EMP011,09-03-2024 12:44,06-04-2024 12:44,Order Confirmed,Paid,Noida,
ORD002268,CUST0447,EMP014,09-03-2024 19:01,18-03-2024 19:01,In Production,Overdue,Jaipur,
ORD002269,CUST0442,EMP044,10-03-2024 00:21,24-03-2024 00:21,Quotation,Paid,Bengaluru,
ORD002270,CUST0458,EMP019,10-03-2024 01:27,24-03-2024 01:27,Delivered,Pending,Noida,20-03-2024 01:27
ORD002271,CUST0037,EMP003,10-03-2024 02:25,29-03-2024 02:25,Delivered,Paid,Hyderabad,26-03-2024 02:25
ORD002272,CUST0147,EMP026,10-03-2024 05:21,09-04-2024 05:21,Quotation,Paid,Bengaluru,
ORD002273,CUST0063,EMP044,10-03-2024 08:28,02-04-2024 08:28,In Production,Paid,Faridabad,
ORD002274,CUST0061,EMP026,10-03-2024 12:32,30-03-2024 12:32,Cancelled,Partially Paid,Mumbai,
ORD002275,CUST0027,EMP019,10-03-2024 21:32,05-04-2024 21:32,Delivered,Partially Paid,Bengaluru,30-03-2024 21:32
ORD002276,CUST0220,EMP011,10-03-2024 22:55,21-03-2024 22:55,Delivered,Partially Paid,Noida,16-03-2024 22:55
ORD002277,CUST0044,EMP038,11-03-2024 00:11,02-04-2024 00:11,Dispatched,Paid,Mumbai,31-03-2024 00:11
ORD002278,CUST0148,EMP011,11-03-2024 00:29,30-03-2024 00:29,On Hold,Paid,Vadodara,
ORD002279,CUST0491,EMP044,11-03-2024 04:27,22-03-2024 04:27,Delivered,Pending,Faridabad,19-03-2024 04:27
ORD002280,CUST0442,EMP014,11-03-2024 06:12,02-04-2024 06:12,Cancelled,Pending,Bengaluru,
ORD002281,CUST0469,EMP011,11-03-2024 07:59,07-04-2024 07:59,Quotation,Paid,Ludhiana,
ORD002282,CUST0019,EMP017,11-03-2024 15:01,06-04-2024 15:01,Order Confirmed,Pending,Vadodara,
ORD002283,CUST0331,EMP003,11-03-2024 20:55,07-04-2024 20:55,Quotation,Partially Paid,Bengaluru,
ORD002284,CUST0317,EMP003,12-03-2024 03:16,07-04-2024 03:16,Delivered,Paid,Faridabad,02-04-2024 03:16
ORD002285,CUST0067,EMP011,12-03-2024 04:31,30-03-2024 04:31,Delivered,Paid,Pune,28-03-2024 04:31
ORD002286,CUST0454,EMP030,12-03-2024 14:14,20-03-2024 14:14,Order Confirmed,Paid,Gurugram,
ORD002287,CUST0203,EMP038,12-03-2024 18:52,11-04-2024 18:52,On Hold,Paid,Bengaluru,
ORD002288,CUST0489,EMP014,12-03-2024 22:58,29-03-2024 22:58,Cancelled,Partially Paid,Hyderabad,
ORD002289,CUST0057,EMP030,13-03-2024 01:53,04-04-2024 01:53,Order Confirmed,Overdue,Ludhiana,
ORD002290,CUST0326,EMP017,13-03-2024 01:56,20-03-2024 01:56,Delivered,Paid,Delhi,17-03-2024 01:56
ORD002291,CUST0066,EMP019,13-03-2024 03:22,10-04-2024 03:22,Delivered,Paid,Gurugram,05-04-2024 03:22
ORD002292,CUST0475,EMP017,13-03-2024 06:55,10-04-2024 06:55,Quotation,Paid,Surat,
ORD002293,CUST0304,EMP038,13-03-2024 07:42,11-04-2024 07:42,Delivered,Paid,Faridabad,09-04-2024 07:42
ORD002294,CUST0038,EMP026,13-03-2024 08:54,24-03-2024 08:54,Order Confirmed,Partially Paid,Ludhiana,
ORD002295,CUST0108,EMP026,13-03-2024 11:37,09-04-2024 11:37,Cancelled,Paid,Ludhiana,
ORD002296,CUST0180,EMP038,13-03-2024 16:24,03-04-2024 16:24,Delivered,Paid,Jaipur,03-04-2024 16:24
ORD002297,CUST0007,EMP030,13-03-2024 19:20,23-03-2024 19:20,Cancelled,Partially Paid,Gurugram,
ORD002298,CUST0005,EMP011,13-03-2024 21:22,02-04-2024 21:22,Delivered,Paid,Surat,31-03-2024 21:22
ORD002299,CUST0463,EMP011,14-03-2024 08:41,01-04-2024 08:41,Order Confirmed,Paid,Mumbai,
ORD002300,CUST0491,EMP017,14-03-2024 11:12,05-04-2024 11:12,In Production,Partially Paid,Faridabad,
ORD002301,CUST0269,EMP003,15-03-2024 00:57,24-03-2024 00:57,Delivered,Paid,Faridabad,23-03-2024 00:57
ORD002302,CUST0452,EMP030,15-03-2024 03:18,04-04-2024 03:18,In Production,Paid,Vadodara,
ORD002303,CUST0328,EMP019,15-03-2024 07:59,07-04-2024 07:59,Delivered,Paid,Ludhiana,04-04-2024 07:59
ORD002304,CUST0015,EMP003,15-03-2024 20:01,08-04-2024 20:01,In Production,Paid,Hyderabad,
ORD002305,CUST0358,EMP019,15-03-2024 23:26,09-04-2024 23:26,Order Confirmed,Pending,Delhi,
ORD002306,CUST0010,EMP038,16-03-2024 03:13,07-04-2024 03:13,Dispatched,Partially Paid,Ahmedabad,02-04-2024 03:13
ORD002307,CUST0409,EMP044,16-03-2024 09:05,08-04-2024 09:05,Delivered,Paid,Kolkata,03-04-2024 09:05
ORD002308,CUST0184,EMP044,16-03-2024 13:59,25-03-2024 13:59,Dispatched,Paid,Pune,20-03-2024 13:59
ORD002309,CUST0071,EMP044,16-03-2024 14:06,11-04-2024 14:06,Delivered,Paid,Surat,08-04-2024 14:06
ORD002310,CUST0130,EMP030,16-03-2024 14:33,31-03-2024 14:33,Dispatched,Pending,Noida,25-03-2024 14:33
ORD002311,CUST0342,EMP044,16-03-2024 14:45,05-04-2024 14:45,Delivered,Partially Paid,Delhi,30-03-2024 14:45
ORD002312,CUST0424,EMP044,16-03-2024 14:50,05-04-2024 14:50,Delivered,Paid,Pune,31-03-2024 14:50
ORD002313,CUST0286,EMP030,16-03-2024 15:45,15-04-2024 15:45,Delivered,Paid,Delhi,15-04-2024 15:45
ORD002314,CUST0081,EMP019,16-03-2024 22:44,30-03-2024 22:44,Dispatched,Overdue,Delhi,28-03-2024 22:44
ORD002315,CUST0451,EMP044,16-03-2024 23:52,01-04-2024 23:52,Delivered,Pending,Mumbai,26-03-2024 23:52
ORD002316,CUST0396,EMP019,17-03-2024 10:06,11-04-2024 10:06,Quotation,Paid,Vadodara,
ORD002317,CUST0205,EMP011,17-03-2024 15:13,08-04-2024 15:13,Delivered,Paid,Vadodara,08-04-2024 15:13
ORD002318,CUST0278,EMP011,17-03-2024 16:11,31-03-2024 16:11,Order Confirmed,Paid,Ludhiana,
ORD002319,CUST0482,EMP026,17-03-2024 21:19,01-04-2024 21:19,Delivered,Paid,Jaipur,29-03-2024 21:19
ORD002320,CUST0189,EMP003,18-03-2024 00:31,13-04-2024 00:31,Delivered,Paid,Jaipur,09-04-2024 00:31
ORD002321,CUST0013,EMP011,18-03-2024 07:00,14-04-2024 07:00,Dispatched,Paid,Mumbai,12-04-2024 07:00
ORD002322,CUST0073,EMP014,18-03-2024 17:49,28-03-2024 17:49,Delivered,Partially Paid,Noida,24-03-2024 17:49
ORD002323,CUST0301,EMP026,18-03-2024 20:57,03-04-2024 20:57,Delivered,Partially Paid,Hyderabad,03-04-2024 20:57
ORD002324,CUST0499,EMP019,19-03-2024 00:38,13-04-2024 00:38,Order Confirmed,Paid,Faridabad,
ORD002325,CUST0370,EMP026,19-03-2024 05:32,28-03-2024 05:32,Delivered,Paid,Faridabad,27-03-2024 05:32
ORD002326,CUST0309,EMP026,19-03-2024 07:43,30-03-2024 07:43,On Hold,Paid,Surat,
ORD002327,CUST0162,EMP044,19-03-2024 08:11,29-03-2024 08:11,Quotation,Paid,Hyderabad,
ORD002328,CUST0220,EMP014,20-03-2024 18:41,08-04-2024 18:41,Order Confirmed,Pending,Noida,
ORD002329,CUST0020,EMP019,21-03-2024 04:05,07-04-2024 04:05,Delivered,Paid,Jaipur,05-04-2024 04:05
ORD002330,CUST0186,EMP030,21-03-2024 05:38,04-04-2024 05:38,Dispatched,Overdue,Delhi,03-04-2024 05:38
ORD002331,CUST0312,EMP014,22-03-2024 03:27,01-04-2024 03:27,Delivered,Partially Paid,Pune,29-03-2024 03:27
ORD002332,CUST0453,EMP011,22-03-2024 12:32,13-04-2024 12:32,Delivered,Pending,Bengaluru,10-04-2024 12:32
ORD002333,CUST0462,EMP003,22-03-2024 16:14,17-04-2024 16:14,Delivered,Paid,Noida,11-04-2024 16:14
ORD002334,CUST0411,EMP017,23-03-2024 03:20,04-04-2024 03:20,Quotation,Paid,Pune,
ORD002335,CUST0011,EMP014,23-03-2024 06:22,14-04-2024 06:22,Dispatched,Pending,Kolkata,11-04-2024 06:22
ORD002336,CUST0406,EMP011,23-03-2024 11:04,18-04-2024 11:04,Delivered,Partially Paid,Faridabad,13-04-2024 11:04
ORD002337,CUST0110,EMP014,23-03-2024 21:21,12-04-2024 21:21,In Production,Pending,Mumbai,
ORD002338,CUST0309,EMP030,23-03-2024 23:27,12-04-2024 23:27,Dispatched,Paid,Surat,12-04-2024 23:27
ORD002339,CUST0474,EMP038,24-03-2024 04:57,04-04-2024 04:57,Quotation,Paid,Bengaluru,
ORD002340,CUST0444,EMP026,24-03-2024 07:05,22-04-2024 07:05,Order Confirmed,Paid,Vadodara,
ORD002341,CUST0333,EMP003,24-03-2024 09:52,22-04-2024 09:52,Dispatched,Paid,Pune,22-04-2024 09:52
ORD002342,CUST0150,EMP034,24-03-2024 12:19,17-04-2024 12:19,In Production,Paid,Kolkata,
ORD002343,CUST0261,EMP011,24-03-2024 14:46,21-04-2024 14:46,Delivered,Overdue,Surat,19-04-2024 14:46
ORD002344,CUST0352,EMP003,24-03-2024 18:48,14-04-2024 18:48,Delivered,Pending,Ludhiana,12-04-2024 18:48
ORD002345,CUST0258,EMP026,25-03-2024 02:39,16-04-2024 02:39,Delivered,Paid,Bengaluru,10-04-2024 02:39
ORD002346,CUST0203,EMP019,25-03-2024 10:29,20-04-2024 10:29,Delivered,Paid,Bengaluru,17-04-2024 10:29
ORD002347,CUST0202,EMP017,25-03-2024 17:34,01-04-2024 17:34,Order Confirmed,Paid,Kolkata,
ORD002348,CUST0300,EMP044,25-03-2024 17:42,06-04-2024 17:42,Quotation,Paid,Ludhiana,
ORD002349,CUST0018,EMP003,25-03-2024 20:46,05-04-2024 20:46,Delivered,Overdue,Chennai,02-04-2024 20:46
ORD002350,CUST0500,EMP003,26-03-2024 05:46,17-04-2024 05:46,In Production,Partially Paid,Surat,
ORD002351,CUST0052,EMP026,26-03-2024 07:26,07-04-2024 07:26,In Production,Paid,Gurugram,
ORD002352,CUST0493,EMP019,26-03-2024 09:17,11-04-2024 09:17,Order Confirmed,Pending,Ahmedabad,
ORD002353,CUST0018,EMP038,26-03-2024 13:52,13-04-2024 13:52,Delivered,Paid,Chennai,08-04-2024 13:52
ORD002354,CUST0257,EMP003,26-03-2024 18:32,19-04-2024 18:32,In Production,Overdue,Bengaluru,
ORD002355,CUST0209,EMP019,26-03-2024 22:33,14-04-2024 22:33,Order Confirmed,Partially Paid,Ahmedabad,
ORD002356,CUST0287,EMP011,26-03-2024 23:35,02-04-2024 23:35,Dispatched,Paid,Delhi,27-03-2024 23:35
ORD002357,CUST0217,EMP003,27-03-2024 00:46,19-04-2024 00:46,Delivered,Partially Paid,Gurugram,14-04-2024 00:46
ORD002358,CUST0449,EMP019,27-03-2024 06:42,13-04-2024 06:42,In Production,Paid,Ahmedabad,
ORD002359,CUST0009,EMP034,27-03-2024 12:06,05-04-2024 12:06,Delivered,Partially Paid,Surat,02-04-2024 12:06
ORD002360,CUST0493,EMP011,27-03-2024 13:35,18-04-2024 13:35,Dispatched,Paid,Ahmedabad,17-04-2024 13:35
ORD002361,CUST0345,EMP038,27-03-2024 18:33,09-04-2024 18:33,In Production,Paid,Faridabad,
ORD002362,CUST0390,EMP026,27-03-2024 22:24,14-04-2024 22:24,In Production,Partially Paid,Ahmedabad,
ORD002363,CUST0070,EMP019,27-03-2024 22:48,26-04-2024 22:48,Order Confirmed,Paid,Bengaluru,
ORD002364,CUST0033,EMP044,27-03-2024 23:23,08-04-2024 23:23,In Production,Paid,Delhi,
ORD002365,CUST0199,EMP017,28-03-2024 02:12,25-04-2024 02:12,Delivered,Pending,Ludhiana,25-04-2024 02:12
ORD002366,CUST0162,EMP014,28-03-2024 04:02,15-04-2024 04:02,Order Confirmed,Paid,Hyderabad,
ORD002367,CUST0392,EMP034,28-03-2024 12:18,26-04-2024 12:18,Cancelled,Paid,Kolkata,
ORD002368,CUST0449,EMP011,28-03-2024 14:29,24-04-2024 14:29,Order Confirmed,Paid,Ahmedabad,
ORD002369,CUST0214,EMP038,28-03-2024 14:31,23-04-2024 14:31,In Production,Paid,Bengaluru,
ORD002370,CUST0385,EMP038,29-03-2024 03:06,09-04-2024 03:06,Delivered,Overdue,Faridabad,09-04-2024 03:06
ORD002371,CUST0030,EMP044,29-03-2024 04:28,23-04-2024 04:28,Delivered,Paid,Mumbai,18-04-2024 04:28
ORD002372,CUST0372,EMP019,29-03-2024 13:53,13-04-2024 13:53,Order Confirmed,Paid,Pune,
ORD002373,CUST0050,EMP030,29-03-2024 16:20,26-04-2024 16:20,Order Confirmed,Paid,Vadodara,
ORD002374,CUST0334,EMP038,29-03-2024 23:18,28-04-2024 23:18,Delivered,Paid,Chennai,28-04-2024 23:18
ORD002375,CUST0192,EMP011,30-03-2024 01:59,20-04-2024 01:59,In Production,Paid,Kolkata,
ORD002376,CUST0208,EMP017,30-03-2024 02:16,27-04-2024 02:16,Delivered,Paid,Mumbai,25-04-2024 02:16
ORD002377,CUST0139,EMP019,30-03-2024 03:15,18-04-2024 03:15,Delivered,Paid,Gurugram,15-04-2024 03:15
ORD002378,CUST0202,EMP030,30-03-2024 03:40,06-04-2024 03:40,Quotation,Partially Paid,Kolkata,
ORD002379,CUST0438,EMP030,30-03-2024 04:08,26-04-2024 04:08,Delivered,Paid,Chennai,23-04-2024 04:08
ORD002380,CUST0405,EMP044,30-03-2024 08:27,18-04-2024 08:27,Quotation,Paid,Vadodara,
ORD002381,CUST0171,EMP019,30-03-2024 09:15,07-04-2024 09:15,Delivered,Paid,Pune,07-04-2024 09:15
ORD002382,CUST0147,EMP011,30-03-2024 16:34,07-04-2024 16:34,On Hold,Paid,Bengaluru,
ORD002383,CUST0255,EMP011,30-03-2024 20:59,23-04-2024 20:59,Delivered,Partially Paid,Noida,20-04-2024 20:59
ORD002384,CUST0343,EMP038,30-03-2024 22:25,28-04-2024 22:25,On Hold,Paid,Ahmedabad,
ORD002385,CUST0092,EMP019,31-03-2024 04:28,23-04-2024 04:28,Delivered,Paid,Bengaluru,22-04-2024 04:28
ORD002386,CUST0364,EMP030,31-03-2024 07:31,17-04-2024 07:31,Quotation,Paid,Delhi,
ORD002387,CUST0475,EMP026,31-03-2024 14:25,14-04-2024 14:25,Quotation,Paid,Surat,
ORD002388,CUST0423,EMP038,31-03-2024 16:04,17-04-2024 16:04,Quotation,Paid,Chennai,
ORD002389,CUST0275,EMP014,31-03-2024 18:47,14-04-2024 18:47,Dispatched,Paid,Bengaluru,12-04-2024 18:47
ORD002390,CUST0160,EMP011,01-04-2024 02:04,14-04-2024 02:04,Delivered,Partially Paid,Hyderabad,09-04-2024 02:04
ORD002391,CUST0162,EMP034,01-04-2024 09:53,11-04-2024 09:53,Dispatched,Partially Paid,Hyderabad,08-04-2024 09:53
ORD002392,CUST0371,EMP019,01-04-2024 11:30,21-04-2024 11:30,Delivered,Paid,Noida,19-04-2024 11:30
ORD002393,CUST0228,EMP038,02-04-2024 10:55,14-04-2024 10:55,Dispatched,Paid,Ludhiana,14-04-2024 10:55
ORD002394,CUST0054,EMP011,02-04-2024 17:22,12-04-2024 17:22,Quotation,Paid,Chennai,
ORD002395,CUST0339,EMP014,02-04-2024 19:18,15-04-2024 19:18,Order Confirmed,Pending,Gurugram,
ORD002396,CUST0070,EMP044,02-04-2024 22:53,28-04-2024 22:53,On Hold,Paid,Bengaluru,
ORD002397,CUST0494,EMP038,03-04-2024 00:54,23-04-2024 00:54,In Production,Paid,Chennai,
ORD002398,CUST0209,EMP003,03-04-2024 04:53,21-04-2024 04:53,In Production,Paid,Ahmedabad,
ORD002399,CUST0171,EMP038,03-04-2024 06:35,24-04-2024 06:35,Order Confirmed,Paid,Pune,
ORD002400,CUST0028,EMP003,03-04-2024 15:59,23-04-2024 15:59,On Hold,Pending,Gurugram,
ORD002401,CUST0084,EMP011,03-04-2024 18:52,21-04-2024 18:52,Order Confirmed,Paid,Chennai,
ORD002402,CUST0474,EMP038,03-04-2024 19:38,30-04-2024 19:38,Delivered,Paid,Bengaluru,24-04-2024 19:38
ORD002403,CUST0269,EMP011,04-04-2024 08:03,28-04-2024 08:03,Quotation,Paid,Faridabad,
ORD002404,CUST0451,EMP017,04-04-2024 08:48,15-04-2024 08:48,Quotation,Partially Paid,Mumbai,
ORD002405,CUST0478,EMP011,04-04-2024 10:38,30-04-2024 10:38,Delivered,Overdue,Mumbai,26-04-2024 10:38
ORD002406,CUST0025,EMP026,04-04-2024 10:39,15-04-2024 10:39,Delivered,Paid,Kolkata,10-04-2024 10:39
ORD002407,CUST0191,EMP003,04-04-2024 11:05,12-04-2024 11:05,Delivered,Paid,Gurugram,09-04-2024 11:05
ORD002408,CUST0420,EMP014,04-04-2024 11:30,21-04-2024 11:30,Order Confirmed,Paid,Mumbai,
ORD002409,CUST0248,EMP017,04-04-2024 17:20,20-04-2024 17:20,On Hold,Overdue,Pune,
ORD002410,CUST0255,EMP030,04-04-2024 18:21,29-04-2024 18:21,Delivered,Partially Paid,Noida,28-04-2024 18:21
ORD002411,CUST0286,EMP019,05-04-2024 16:24,28-04-2024 16:24,On Hold,Paid,Delhi,
ORD002412,CUST0351,EMP011,05-04-2024 17:20,13-04-2024 17:20,Order Confirmed,Paid,Faridabad,
ORD002413,CUST0470,EMP019,05-04-2024 22:01,23-04-2024 22:01,In Production,Paid,Jaipur,
ORD002414,CUST0444,EMP019,06-04-2024 00:23,02-05-2024 00:23,In Production,Paid,Vadodara,
ORD002415,CUST0313,EMP017,06-04-2024 02:44,30-04-2024 02:44,Delivered,Partially Paid,Pune,29-04-2024 02:44
ORD002416,CUST0289,EMP026,06-04-2024 13:38,25-04-2024 13:38,Delivered,Partially Paid,Mumbai,25-04-2024 13:38
ORD002417,CUST0181,EMP017,06-04-2024 16:47,27-04-2024 16:47,Dispatched,Paid,Chennai,21-04-2024 16:47
ORD002418,CUST0059,EMP017,06-04-2024 18:17,26-04-2024 18:17,Quotation,Overdue,Gurugram,
ORD002419,CUST0355,EMP034,06-04-2024 21:18,18-04-2024 21:18,Order Confirmed,Overdue,Delhi,
ORD002420,CUST0002,EMP014,07-04-2024 00:45,27-04-2024 00:45,Quotation,Paid,Jaipur,
ORD002421,CUST0350,EMP017,07-04-2024 05:09,30-04-2024 05:09,Delivered,Paid,Bengaluru,27-04-2024 05:09
ORD002422,CUST0249,EMP011,07-04-2024 09:18,15-04-2024 09:18,In Production,Pending,Jaipur,
ORD002423,CUST0394,EMP030,07-04-2024 09:55,30-04-2024 09:55,Order Confirmed,Paid,Kolkata,
ORD002424,CUST0475,EMP034,07-04-2024 15:13,19-04-2024 15:13,In Production,Overdue,Surat,
ORD002425,CUST0277,EMP030,07-04-2024 21:08,14-04-2024 21:08,Quotation,Paid,Noida,
ORD002426,CUST0287,EMP011,07-04-2024 23:54,02-05-2024 23:54,On Hold,Partially Paid,Delhi,
ORD002427,CUST0244,EMP019,08-04-2024 02:18,24-04-2024 02:18,In Production,Paid,Hyderabad,
ORD002428,CUST0187,EMP014,08-04-2024 07:00,24-04-2024 07:00,Cancelled,Paid,Jaipur,
ORD002429,CUST0045,EMP034,08-04-2024 11:36,29-04-2024 11:36,Delivered,Partially Paid,Bengaluru,27-04-2024 11:36
ORD002430,CUST0016,EMP017,08-04-2024 18:38,28-04-2024 18:38,Delivered,Paid,Faridabad,24-04-2024 18:38
ORD002431,CUST0362,EMP019,08-04-2024 20:59,29-04-2024 20:59,Dispatched,Paid,Chennai,29-04-2024 20:59
ORD002432,CUST0458,EMP019,09-04-2024 00:09,08-05-2024 00:09,Delivered,Paid,Noida,05-05-2024 00:09
ORD002433,CUST0027,EMP034,09-04-2024 01:06,01-05-2024 01:06,Delivered,Paid,Bengaluru,28-04-2024 01:06
ORD002434,CUST0164,EMP034,09-04-2024 06:10,17-04-2024 06:10,Quotation,Paid,Hyderabad,
ORD002435,CUST0305,EMP038,09-04-2024 08:58,21-04-2024 08:58,Cancelled,Paid,Noida,
ORD002436,CUST0353,EMP019,09-04-2024 11:47,26-04-2024 11:47,In Production,Paid,Hyderabad,
ORD002437,CUST0368,EMP038,09-04-2024 14:54,27-04-2024 14:54,In Production,Paid,Pune,
ORD002438,CUST0348,EMP038,09-04-2024 15:29,24-04-2024 15:29,In Production,Paid,Gurugram,
ORD002439,CUST0042,EMP026,10-04-2024 03:10,21-04-2024 03:10,Delivered,Pending,Faridabad,15-04-2024 03:10
ORD002440,CUST0127,EMP030,10-04-2024 12:57,19-04-2024 12:57,In Production,Paid,Pune,
ORD002441,CUST0235,EMP044,10-04-2024 14:12,20-04-2024 14:12,In Production,Partially Paid,Ahmedabad,
ORD002442,CUST0032,EMP038,10-04-2024 16:41,09-05-2024 16:41,Quotation,Paid,Jaipur,
ORD002443,CUST0172,EMP014,10-04-2024 23:51,26-04-2024 23:51,Dispatched,Paid,Delhi,21-04-2024 23:51
ORD002444,CUST0193,EMP034,11-04-2024 09:15,11-05-2024 09:15,Order Confirmed,Paid,Jaipur,
ORD002445,CUST0490,EMP019,11-04-2024 12:19,26-04-2024 12:19,Delivered,Paid,Mumbai,21-04-2024 12:19
ORD002446,CUST0159,EMP011,11-04-2024 14:57,25-04-2024 14:57,In Production,Paid,Mumbai,
ORD002447,CUST0486,EMP017,11-04-2024 19:28,29-04-2024 19:28,On Hold,Partially Paid,Faridabad,
ORD002448,CUST0351,EMP044,12-04-2024 00:52,11-05-2024 00:52,Delivered,Paid,Faridabad,10-05-2024 00:52
ORD002449,CUST0347,EMP044,12-04-2024 08:28,02-05-2024 08:28,Delivered,Paid,Noida,29-04-2024 08:28
ORD002450,CUST0410,EMP034,12-04-2024 18:22,19-04-2024 18:22,Cancelled,Pending,Ahmedabad,
ORD002451,CUST0422,EMP044,12-04-2024 20:44,25-04-2024 20:44,Order Confirmed,Paid,Surat,
ORD002452,CUST0112,EMP026,13-04-2024 01:15,13-05-2024 01:15,Delivered,Pending,Faridabad,07-05-2024 01:15
ORD002453,CUST0211,EMP034,13-04-2024 04:23,23-04-2024 04:23,Quotation,Paid,Noida,
ORD002454,CUST0265,EMP011,13-04-2024 10:07,10-05-2024 10:07,Order Confirmed,Paid,Bengaluru,
ORD002455,CUST0489,EMP014,13-04-2024 11:29,12-05-2024 11:29,In Production,Paid,Hyderabad,
ORD002456,CUST0021,EMP011,13-04-2024 18:01,25-04-2024 18:01,Delivered,Paid,Ahmedabad,25-04-2024 18:01
ORD002457,CUST0239,EMP044,14-04-2024 01:25,04-05-2024 01:25,Delivered,Paid,Ahmedabad,30-04-2024 01:25
ORD002458,CUST0108,EMP030,14-04-2024 05:52,05-05-2024 05:52,Order Confirmed,Overdue,Ludhiana,
ORD002459,CUST0104,EMP044,14-04-2024 09:12,10-05-2024 09:12,Delivered,Paid,Vadodara,08-05-2024 09:12
ORD002460,CUST0381,EMP019,14-04-2024 10:34,10-05-2024 10:34,Order Confirmed,Overdue,Kolkata,
ORD002461,CUST0101,EMP019,14-04-2024 12:18,22-04-2024 12:18,Quotation,Paid,Noida,
ORD002462,CUST0397,EMP030,14-04-2024 13:38,28-04-2024 13:38,Quotation,Paid,Jaipur,
ORD002463,CUST0497,EMP026,14-04-2024 20:53,13-05-2024 20:53,Delivered,Paid,Vadodara,08-05-2024 20:53
ORD002464,CUST0389,EMP017,14-04-2024 23:49,29-04-2024 23:49,Dispatched,Overdue,Hyderabad,26-04-2024 23:49
ORD002465,CUST0085,EMP017,15-04-2024 01:38,27-04-2024 01:38,In Production,Paid,Faridabad,
ORD002466,CUST0072,EMP026,15-04-2024 02:47,07-05-2024 02:47,Quotation,Pending,Kolkata,
ORD002467,CUST0219,EMP003,15-04-2024 04:04,26-04-2024 04:04,Delivered,Paid,Chennai,22-04-2024 04:04
ORD002468,CUST0276,EMP011,15-04-2024 05:42,25-04-2024 05:42,Delivered,Pending,Mumbai,24-04-2024 05:42
ORD002469,CUST0390,EMP003,15-04-2024 06:35,11-05-2024 06:35,Quotation,Pending,Ahmedabad,
ORD002470,CUST0212,EMP011,15-04-2024 07:20,24-04-2024 07:20,Delivered,Partially Paid,Bengaluru,18-04-2024 07:20
ORD002471,CUST0084,EMP011,15-04-2024 14:04,13-05-2024 14:04,Delivered,Paid,Chennai,08-05-2024 14:04
ORD002472,CUST0496,EMP003,15-04-2024 14:37,27-04-2024 14:37,Dispatched,Paid,Delhi,23-04-2024 14:37
ORD002473,CUST0453,EMP003,15-04-2024 14:45,24-04-2024 14:45,Quotation,Overdue,Bengaluru,
ORD002474,CUST0328,EMP038,15-04-2024 15:44,09-05-2024 15:44,Cancelled,Paid,Ludhiana,
ORD002475,CUST0348,EMP011,15-04-2024 21:40,26-04-2024 21:40,Dispatched,Paid,Gurugram,24-04-2024 21:40
ORD002476,CUST0468,EMP026,16-04-2024 06:48,01-05-2024 06:48,In Production,Pending,Hyderabad,
ORD002477,CUST0238,EMP003,16-04-2024 17:10,01-05-2024 17:10,Delivered,Partially Paid,Delhi,30-04-2024 17:10
ORD002478,CUST0073,EMP044,16-04-2024 18:24,05-05-2024 18:24,Delivered,Paid,Noida,04-05-2024 18:24
ORD002479,CUST0303,EMP014,16-04-2024 21:11,04-05-2024 21:11,Delivered,Partially Paid,Chennai,02-05-2024 21:11
ORD002480,CUST0226,EMP034,16-04-2024 23:50,27-04-2024 23:50,Delivered,Paid,Mumbai,22-04-2024 23:50
ORD002481,CUST0400,EMP030,17-04-2024 04:36,29-04-2024 04:36,Order Confirmed,Paid,Mumbai,
ORD002482,CUST0386,EMP034,17-04-2024 10:00,28-04-2024 10:00,Delivered,Paid,Noida,22-04-2024 10:00
ORD002483,CUST0236,EMP030,17-04-2024 18:53,25-04-2024 18:53,In Production,Pending,Delhi,
ORD002484,CUST0184,EMP026,17-04-2024 23:55,09-05-2024 23:55,Delivered,Partially Paid,Pune,05-05-2024 23:55
ORD002485,CUST0212,EMP034,18-04-2024 00:14,06-05-2024 00:14,In Production,Pending,Bengaluru,
ORD002486,CUST0317,EMP038,18-04-2024 02:56,27-04-2024 02:56,Quotation,Paid,Faridabad,
ORD002487,CUST0319,EMP017,18-04-2024 05:18,02-05-2024 05:18,Dispatched,Overdue,Hyderabad,26-04-2024 05:18
ORD002488,CUST0256,EMP044,18-04-2024 09:15,11-05-2024 09:15,Delivered,Paid,Pune,10-05-2024 09:15
ORD002489,CUST0266,EMP044,18-04-2024 12:52,01-05-2024 12:52,Dispatched,Paid,Pune,26-04-2024 12:52
ORD002490,CUST0496,EMP034,18-04-2024 15:10,04-05-2024 15:10,Delivered,Overdue,Delhi,01-05-2024 15:10
ORD002491,CUST0127,EMP044,19-04-2024 03:18,13-05-2024 03:18,Quotation,Partially Paid,Pune,
ORD002492,CUST0087,EMP011,19-04-2024 03:57,12-05-2024 03:57,Order Confirmed,Overdue,Kolkata,
ORD002493,CUST0400,EMP026,19-04-2024 09:14,12-05-2024 09:14,Delivered,Partially Paid,Mumbai,12-05-2024 09:14
ORD002494,CUST0468,EMP030,19-04-2024 12:43,05-05-2024 12:43,In Production,Paid,Hyderabad,
ORD002495,CUST0305,EMP044,19-04-2024 14:58,07-05-2024 14:58,Delivered,Paid,Noida,03-05-2024 14:58
ORD002496,CUST0201,EMP011,20-04-2024 12:20,17-05-2024 12:20,On Hold,Pending,Delhi,
ORD002497,CUST0175,EMP038,20-04-2024 21:45,17-05-2024 21:45,Delivered,Paid,Faridabad,11-05-2024 21:45
ORD002498,CUST0234,EMP003,20-04-2024 22:43,28-04-2024 22:43,Dispatched,Partially Paid,Bengaluru,25-04-2024 22:43
ORD002499,CUST0027,EMP017,21-04-2024 04:44,18-05-2024 04:44,Delivered,Paid,Bengaluru,17-05-2024 04:44
ORD002500,CUST0265,EMP030,21-04-2024 07:42,19-05-2024 07:42,Cancelled,Paid,Bengaluru,
ORD002501,CUST0135,EMP014,21-04-2024 11:35,20-05-2024 11:35,Delivered,Pending,Faridabad,18-05-2024 11:35
ORD002502,CUST0133,EMP038,22-04-2024 01:49,05-05-2024 01:49,Delivered,Overdue,Ahmedabad,01-05-2024 01:49
ORD002503,CUST0281,EMP044,22-04-2024 07:15,11-05-2024 07:15,In Production,Paid,Hyderabad,
ORD002504,CUST0482,EMP011,22-04-2024 08:09,30-04-2024 08:09,Delivered,Paid,Jaipur,26-04-2024 08:09
ORD002505,CUST0103,EMP014,22-04-2024 14:00,01-05-2024 14:00,Order Confirmed,Paid,Surat,
ORD002506,CUST0456,EMP003,22-04-2024 16:04,12-05-2024 16:04,Delivered,Paid,Jaipur,11-05-2024 16:04
ORD002507,CUST0260,EMP034,22-04-2024 22:26,03-05-2024 22:26,Delivered,Pending,Ahmedabad,29-04-2024 22:26
ORD002508,CUST0487,EMP038,23-04-2024 04:01,05-05-2024 04:01,Cancelled,Paid,Delhi,
ORD002509,CUST0192,EMP030,23-04-2024 08:22,07-05-2024 08:22,Order Confirmed,Paid,Kolkata,
ORD002510,CUST0499,EMP011,23-04-2024 11:38,11-05-2024 11:38,Delivered,Pending,Faridabad,06-05-2024 11:38
ORD002511,CUST0330,EMP011,23-04-2024 15:35,03-05-2024 15:35,Order Confirmed,Pending,Ahmedabad,
ORD002512,CUST0335,EMP003,23-04-2024 16:56,19-05-2024 16:56,Dispatched,Paid,Jaipur,19-05-2024 16:56
ORD002513,CUST0282,EMP019,23-04-2024 23:36,16-05-2024 23:36,Delivered,Pending,Kolkata,14-05-2024 23:36
ORD002514,CUST0226,EMP034,24-04-2024 00:39,19-05-2024 00:39,Dispatched,Paid,Mumbai,18-05-2024 00:39
ORD002515,CUST0263,EMP011,24-04-2024 02:08,23-05-2024 02:08,In Production,Paid,Vadodara,
ORD002516,CUST0426,EMP038,24-04-2024 03:21,15-05-2024 03:21,Delivered,Pending,Ahmedabad,10-05-2024 03:21
ORD002517,CUST0397,EMP014,25-04-2024 00:26,10-05-2024 00:26,Delivered,Paid,Jaipur,06-05-2024 00:26
ORD002518,CUST0012,EMP026,25-04-2024 00:38,25-05-2024 00:38,Delivered,Overdue,Gurugram,22-05-2024 00:38
ORD002519,CUST0348,EMP030,25-04-2024 06:11,15-05-2024 06:11,Dispatched,Paid,Gurugram,14-05-2024 06:11
ORD002520,CUST0418,EMP026,25-04-2024 10:47,13-05-2024 10:47,Delivered,Pending,Noida,10-05-2024 10:47
ORD002521,CUST0373,EMP019,25-04-2024 14:02,11-05-2024 14:02,In Production,Paid,Kolkata,
ORD002522,CUST0249,EMP017,25-04-2024 14:56,02-05-2024 14:56,Quotation,Paid,Jaipur,
ORD002523,CUST0168,EMP019,25-04-2024 22:37,24-05-2024 22:37,Delivered,Pending,Bengaluru,18-05-2024 22:37
ORD002524,CUST0337,EMP014,26-04-2024 04:23,22-05-2024 04:23,Delivered,Pending,Noida,16-05-2024 04:23
ORD002525,CUST0332,EMP014,26-04-2024 05:58,19-05-2024 05:58,In Production,Pending,Hyderabad,
ORD002526,CUST0188,EMP034,26-04-2024 14:32,08-05-2024 14:32,Order Confirmed,Paid,Kolkata,
ORD002527,CUST0204,EMP038,26-04-2024 16:59,25-05-2024 16:59,Cancelled,Paid,Hyderabad,
ORD002528,CUST0185,EMP038,26-04-2024 20:03,07-05-2024 20:03,Delivered,Paid,Delhi,06-05-2024 20:03
ORD002529,CUST0023,EMP017,26-04-2024 23:00,08-05-2024 23:00,Delivered,Paid,Ludhiana,05-05-2024 23:00
ORD002530,CUST0016,EMP017,27-04-2024 02:31,05-05-2024 02:31,Delivered,Paid,Faridabad,30-04-2024 02:31
ORD002531,CUST0042,EMP003,27-04-2024 03:55,10-05-2024 03:55,On Hold,Partially Paid,Faridabad,
ORD002532,CUST0212,EMP014,27-04-2024 06:20,11-05-2024 06:20,Delivered,Paid,Bengaluru,09-05-2024 06:20
ORD002533,CUST0256,EMP026,27-04-2024 11:17,23-05-2024 11:17,Order Confirmed,Paid,Pune,
ORD002534,CUST0205,EMP014,27-04-2024 16:14,11-05-2024 16:14,Delivered,Pending,Vadodara,05-05-2024 16:14
ORD002535,CUST0478,EMP034,27-04-2024 20:32,26-05-2024 20:32,Cancelled,Overdue,Mumbai,
ORD002536,CUST0113,EMP003,28-04-2024 03:27,12-05-2024 03:27,Delivered,Paid,Bengaluru,09-05-2024 03:27
ORD002537,CUST0197,EMP019,28-04-2024 05:05,17-05-2024 05:05,Quotation,Pending,Kolkata,
ORD002538,CUST0124,EMP014,28-04-2024 12:27,19-05-2024 12:27,Cancelled,Pending,Ahmedabad,
ORD002539,CUST0150,EMP019,28-04-2024 12:29,24-05-2024 12:29,Delivered,Paid,Kolkata,22-05-2024 12:29
ORD002540,CUST0293,EMP003,28-04-2024 13:13,23-05-2024 13:13,In Production,Partially Paid,Gurugram,
ORD002541,CUST0155,EMP019,28-04-2024 15:02,25-05-2024 15:02,On Hold,Overdue,Vadodara,
ORD002542,CUST0159,EMP034,28-04-2024 15:56,27-05-2024 15:56,Delivered,Partially Paid,Mumbai,21-05-2024 15:56
ORD002543,CUST0336,EMP038,28-04-2024 22:29,07-05-2024 22:29,Delivered,Paid,Pune,03-05-2024 22:29
ORD002544,CUST0416,EMP014,28-04-2024 22:51,07-05-2024 22:51,Cancelled,Paid,Jaipur,
ORD002545,CUST0107,EMP019,29-04-2024 07:45,16-05-2024 07:45,Quotation,Pending,Chennai,
ORD002546,CUST0056,EMP030,29-04-2024 08:29,09-05-2024 08:29,Delivered,Paid,Gurugram,09-05-2024 08:29
ORD002547,CUST0120,EMP019,29-04-2024 10:05,17-05-2024 10:05,In Production,Paid,Delhi,
ORD002548,CUST0289,EMP026,29-04-2024 10:42,20-05-2024 10:42,Delivered,Paid,Mumbai,20-05-2024 10:42
ORD002549,CUST0480,EMP017,29-04-2024 20:49,12-05-2024 20:49,Delivered,Pending,Jaipur,06-05-2024 20:49
ORD002550,CUST0081,EMP038,29-04-2024 21:23,08-05-2024 21:23,Delivered,Paid,Delhi,04-05-2024 21:23
ORD002551,CUST0022,EMP030,30-04-2024 00:44,30-05-2024 00:44,Delivered,Overdue,Ludhiana,24-05-2024 00:44
ORD002552,CUST0265,EMP044,30-04-2024 06:29,15-05-2024 06:29,Delivered,Paid,Bengaluru,09-05-2024 06:29
ORD002553,CUST0496,EMP034,30-04-2024 07:49,27-05-2024 07:49,In Production,Pending,Delhi,
ORD002554,CUST0277,EMP017,30-04-2024 21:30,21-05-2024 21:30,In Production,Paid,Noida,
ORD002555,CUST0463,EMP017,30-04-2024 22:10,22-05-2024 22:10,Order Confirmed,Pending,Mumbai,
ORD002556,CUST0322,EMP003,30-04-2024 23:15,25-05-2024 23:15,Delivered,Pending,Gurugram,20-05-2024 23:15
ORD002557,CUST0016,EMP030,30-04-2024 23:39,13-05-2024 23:39,Delivered,Paid,Faridabad,07-05-2024 23:39
ORD002558,CUST0214,EMP034,01-05-2024 00:12,13-05-2024 00:12,Delivered,Paid,Bengaluru,07-05-2024 00:12
ORD002559,CUST0386,EMP017,01-05-2024 06:27,31-05-2024 06:27,Order Confirmed,Pending,Noida,
ORD002560,CUST0255,EMP003,01-05-2024 06:31,24-05-2024 06:31,Delivered,Pending,Noida,22-05-2024 06:31
ORD002561,CUST0098,EMP038,01-05-2024 18:04,15-05-2024 18:04,Dispatched,Paid,Ludhiana,11-05-2024 18:04
ORD002562,CUST0091,EMP014,02-05-2024 01:23,24-05-2024 01:23,On Hold,Paid,Jaipur,
ORD002563,CUST0332,EMP026,02-05-2024 05:00,18-05-2024 05:00,Delivered,Pending,Hyderabad,13-05-2024 05:00
ORD002564,CUST0232,EMP003,02-05-2024 10:32,29-05-2024 10:32,Dispatched,Partially Paid,Gurugram,23-05-2024 10:32
ORD002565,CUST0288,EMP003,02-05-2024 12:15,21-05-2024 12:15,Delivered,Paid,Faridabad,16-05-2024 12:15
ORD002566,CUST0187,EMP038,02-05-2024 17:44,16-05-2024 17:44,Order Confirmed,Paid,Jaipur,
ORD002567,CUST0170,EMP030,02-05-2024 18:38,25-05-2024 18:38,Order Confirmed,Paid,Mumbai,
ORD002568,CUST0334,EMP003,02-05-2024 18:52,27-05-2024 18:52,Delivered,Pending,Chennai,22-05-2024 18:52
ORD002569,CUST0004,EMP011,02-05-2024 20:28,17-05-2024 20:28,Delivered,Pending,Ahmedabad,15-05-2024 20:28
ORD002570,CUST0218,EMP019,02-05-2024 23:11,27-05-2024 23:11,Quotation,Paid,Bengaluru,
ORD002571,CUST0186,EMP030,03-05-2024 00:56,15-05-2024 00:56,Order Confirmed,Paid,Delhi,
ORD002572,CUST0390,EMP019,03-05-2024 05:06,15-05-2024 05:06,Delivered,Paid,Ahmedabad,12-05-2024 05:06
ORD002573,CUST0365,EMP038,03-05-2024 07:34,29-05-2024 07:34,Quotation,Paid,Hyderabad,
ORD002574,CUST0213,EMP030,03-05-2024 09:04,24-05-2024 09:04,Dispatched,Overdue,Surat,19-05-2024 09:04
ORD002575,CUST0132,EMP030,03-05-2024 11:35,10-05-2024 11:35,Dispatched,Partially Paid,Surat,10-05-2024 11:35
ORD002576,CUST0118,EMP014,03-05-2024 18:58,26-05-2024 18:58,Cancelled,Paid,Noida,
ORD002577,CUST0106,EMP030,04-05-2024 13:37,18-05-2024 13:37,In Production,Paid,Vadodara,
ORD002578,CUST0137,EMP038,04-05-2024 18:01,17-05-2024 18:01,Order Confirmed,Paid,Vadodara,
ORD002579,CUST0381,EMP003,04-05-2024 23:25,21-05-2024 23:25,Quotation,Partially Paid,Kolkata,
ORD002580,CUST0023,EMP034,05-05-2024 09:28,22-05-2024 09:28,Order Confirmed,Paid,Ludhiana,
ORD002581,CUST0014,EMP038,05-05-2024 11:26,02-06-2024 11:26,Delivered,Paid,Jaipur,01-06-2024 11:26
ORD002582,CUST0270,EMP019,06-05-2024 02:47,23-05-2024 02:47,Dispatched,Overdue,Jaipur,18-05-2024 02:47
ORD002583,CUST0112,EMP034,06-05-2024 08:29,20-05-2024 08:29,Order Confirmed,Paid,Faridabad,
ORD002584,CUST0416,EMP017,06-05-2024 10:42,31-05-2024 10:42,Cancelled,Pending,Jaipur,
ORD002585,CUST0377,EMP011,06-05-2024 12:56,26-05-2024 12:56,Delivered,Paid,Delhi,20-05-2024 12:56
ORD002586,CUST0385,EMP038,06-05-2024 14:08,13-05-2024 14:08,Order Confirmed,Paid,Faridabad,
ORD002587,CUST0229,EMP017,06-05-2024 22:14,28-05-2024 22:14,In Production,Pending,Noida,
ORD002588,CUST0219,EMP034,06-05-2024 22:38,25-05-2024 22:38,Delivered,Pending,Chennai,23-05-2024 22:38
ORD002589,CUST0213,EMP017,07-05-2024 00:00,27-05-2024 00:00,Delivered,Partially Paid,Surat,21-05-2024 00:00
ORD002590,CUST0099,EMP017,07-05-2024 17:38,18-05-2024 17:38,Cancelled,Paid,Ludhiana,
ORD002591,CUST0284,EMP030,07-05-2024 20:30,25-05-2024 20:30,Quotation,Paid,Gurugram,
ORD002592,CUST0432,EMP017,08-05-2024 12:36,30-05-2024 12:36,Delivered,Paid,Jaipur,28-05-2024 12:36
ORD002593,CUST0129,EMP038,09-05-2024 03:43,01-06-2024 03:43,Quotation,Paid,Delhi,
ORD002594,CUST0029,EMP003,09-05-2024 10:47,01-06-2024 10:47,In Production,Paid,Surat,
ORD002595,CUST0283,EMP003,09-05-2024 11:36,08-06-2024 11:36,Delivered,Paid,Mumbai,05-06-2024 11:36
ORD002596,CUST0200,EMP003,09-05-2024 11:53,28-05-2024 11:53,Delivered,Paid,Gurugram,22-05-2024 11:53
ORD002597,CUST0399,EMP014,09-05-2024 12:00,26-05-2024 12:00,Quotation,Paid,Faridabad,
ORD002598,CUST0429,EMP003,09-05-2024 16:43,29-05-2024 16:43,Order Confirmed,Paid,Jaipur,
ORD002599,CUST0476,EMP017,09-05-2024 21:02,23-05-2024 21:02,Delivered,Paid,Vadodara,21-05-2024 21:02
ORD002600,CUST0197,EMP003,10-05-2024 03:10,24-05-2024 03:10,Order Confirmed,Pending,Kolkata,
ORD002601,CUST0451,EMP034,10-05-2024 19:47,02-06-2024 19:47,In Production,Overdue,Mumbai,
ORD002602,CUST0059,EMP011,10-05-2024 20:58,24-05-2024 20:58,Order Confirmed,Paid,Gurugram,
ORD002603,CUST0187,EMP044,10-05-2024 21:37,03-06-2024 21:37,Order Confirmed,Paid,Jaipur,
ORD002604,CUST0133,EMP038,10-05-2024 21:46,03-06-2024 21:46,Delivered,Pending,Ahmedabad,28-05-2024 21:46
ORD002605,CUST0462,EMP030,10-05-2024 22:31,08-06-2024 22:31,Quotation,Paid,Noida,
ORD002606,CUST0301,EMP034,11-05-2024 08:13,21-05-2024 08:13,Delivered,Partially Paid,Hyderabad,15-05-2024 08:13
ORD002607,CUST0183,EMP034,11-05-2024 09:36,26-05-2024 09:36,Delivered,Paid,Pune,21-05-2024 09:36
ORD002608,CUST0077,EMP038,11-05-2024 11:45,05-06-2024 11:45,Quotation,Partially Paid,Kolkata,
ORD002609,CUST0392,EMP026,11-05-2024 14:28,28-05-2024 14:28,Delivered,Paid,Kolkata,28-05-2024 14:28
ORD002610,CUST0328,EMP030,11-05-2024 18:38,02-06-2024 18:38,In Production,Partially Paid,Ludhiana,
ORD002611,CUST0427,EMP019,11-05-2024 20:08,04-06-2024 20:08,Delivered,Paid,Surat,29-05-2024 20:08
ORD002612,CUST0220,EMP030,11-05-2024 21:40,08-06-2024 21:40,Delivered,Paid,Noida,05-06-2024 21:40
ORD002613,CUST0075,EMP017,11-05-2024 21:40,23-05-2024 21:40,Delivered,Paid,Delhi,21-05-2024 21:40
ORD002614,CUST0168,EMP011,11-05-2024 22:20,24-05-2024 22:20,In Production,Paid,Bengaluru,
ORD002615,CUST0311,EMP044,12-05-2024 07:49,30-05-2024 07:49,Delivered,Overdue,Delhi,27-05-2024 07:49
ORD002616,CUST0121,EMP030,12-05-2024 18:35,31-05-2024 18:35,Delivered,Paid,Bengaluru,28-05-2024 18:35
ORD002617,CUST0036,EMP034,13-05-2024 00:12,10-06-2024 00:12,In Production,Paid,Delhi,
ORD002618,CUST0412,EMP014,13-05-2024 01:09,20-05-2024 01:09,Order Confirmed,Paid,Chennai,
ORD002619,CUST0266,EMP034,13-05-2024 05:00,25-05-2024 05:00,Quotation,Paid,Pune,
ORD002620,CUST0199,EMP026,13-05-2024 06:15,10-06-2024 06:15,Order Confirmed,Pending,Ludhiana,
ORD002621,CUST0277,EMP003,13-05-2024 09:01,03-06-2024 09:01,In Production,Pending,Noida,
ORD002622,CUST0370,EMP044,13-05-2024 09:54,05-06-2024 09:54,Cancelled,Paid,Faridabad,
ORD002623,CUST0001,EMP044,13-05-2024 11:10,25-05-2024 11:10,On Hold,Paid,Ludhiana,
ORD002624,CUST0221,EMP038,13-05-2024 15:56,03-06-2024 15:56,Order Confirmed,Partially Paid,Surat,
ORD002625,CUST0128,EMP019,13-05-2024 21:19,28-05-2024 21:19,Cancelled,Paid,Mumbai,
ORD002626,CUST0046,EMP014,14-05-2024 02:44,07-06-2024 02:44,Delivered,Partially Paid,Mumbai,05-06-2024 02:44
ORD002627,CUST0018,EMP003,14-05-2024 06:21,23-05-2024 06:21,Dispatched,Paid,Chennai,19-05-2024 06:21
ORD002628,CUST0221,EMP034,14-05-2024 15:22,27-05-2024 15:22,Cancelled,Paid,Surat,
ORD002629,CUST0272,EMP038,14-05-2024 17:06,05-06-2024 17:06,Delivered,Paid,Bengaluru,05-06-2024 17:06
ORD002630,CUST0254,EMP011,14-05-2024 18:43,04-06-2024 18:43,Delivered,Paid,Hyderabad,31-05-2024 18:43
ORD002631,CUST0392,EMP030,14-05-2024 21:55,10-06-2024 21:55,Order Confirmed,Partially Paid,Kolkata,
ORD002632,CUST0229,EMP003,15-05-2024 06:34,10-06-2024 06:34,Order Confirmed,Paid,Noida,
ORD002633,CUST0295,EMP034,15-05-2024 07:47,22-05-2024 07:47,Cancelled,Partially Paid,Kolkata,
ORD002634,CUST0409,EMP003,15-05-2024 12:37,24-05-2024 12:37,Order Confirmed,Paid,Kolkata,
ORD002635,CUST0329,EMP044,15-05-2024 23:32,30-05-2024 23:32,Quotation,Partially Paid,Jaipur,
ORD002636,CUST0456,EMP011,16-05-2024 03:53,15-06-2024 03:53,In Production,Paid,Jaipur,
ORD002637,CUST0111,EMP019,16-05-2024 06:01,03-06-2024 06:01,Dispatched,Paid,Surat,02-06-2024 06:01
ORD002638,CUST0394,EMP030,16-05-2024 08:56,13-06-2024 08:56,In Production,Paid,Kolkata,
ORD002639,CUST0349,EMP038,16-05-2024 17:21,24-05-2024 17:21,Cancelled,Paid,Pune,
ORD002640,CUST0292,EMP017,16-05-2024 18:06,15-06-2024 18:06,Dispatched,Paid,Chennai,10-06-2024 18:06
ORD002641,CUST0002,EMP044,16-05-2024 19:36,24-05-2024 19:36,Delivered,Paid,Jaipur,18-05-2024 19:36
ORD002642,CUST0271,EMP003,16-05-2024 22:58,11-06-2024 22:58,Delivered,Paid,Faridabad,08-06-2024 22:58
ORD002643,CUST0430,EMP019,16-05-2024 23:18,13-06-2024 23:18,Dispatched,Paid,Jaipur,08-06-2024 23:18
ORD002644,CUST0323,EMP044,17-05-2024 00:07,31-05-2024 00:07,Order Confirmed,Paid,Vadodara,
ORD002645,CUST0003,EMP014,17-05-2024 04:54,31-05-2024 04:54,In Production,Partially Paid,Gurugram,
ORD002646,CUST0144,EMP026,17-05-2024 07:03,06-06-2024 07:03,Delivered,Overdue,Chennai,04-06-2024 07:03
ORD002647,CUST0285,EMP019,17-05-2024 14:47,10-06-2024 14:47,Delivered,Pending,Jaipur,05-06-2024 14:47
ORD002648,CUST0406,EMP017,17-05-2024 20:50,26-05-2024 20:50,Dispatched,Overdue,Faridabad,23-05-2024 20:50
ORD002649,CUST0223,EMP034,17-05-2024 23:27,29-05-2024 23:27,Cancelled,Overdue,Jaipur,
ORD002650,CUST0429,EMP026,18-05-2024 02:03,12-06-2024 02:03,Delivered,Paid,Jaipur,09-06-2024 02:03
ORD002651,CUST0398,EMP034,18-05-2024 08:36,13-06-2024 08:36,Order Confirmed,Paid,Jaipur,
ORD002652,CUST0134,EMP026,18-05-2024 12:05,28-05-2024 12:05,Delivered,Paid,Ludhiana,28-05-2024 12:05
ORD002653,CUST0098,EMP044,18-05-2024 12:19,15-06-2024 12:19,Delivered,Paid,Ludhiana,11-06-2024 12:19
ORD002654,CUST0452,EMP019,18-05-2024 13:27,14-06-2024 13:27,Delivered,Pending,Vadodara,09-06-2024 13:27
ORD002655,CUST0295,EMP034,18-05-2024 15:06,14-06-2024 15:06,Order Confirmed,Pending,Kolkata,
ORD002656,CUST0425,EMP030,18-05-2024 16:41,30-05-2024 16:41,Order Confirmed,Paid,Pune,
ORD002657,CUST0462,EMP038,18-05-2024 17:46,10-06-2024 17:46,Dispatched,Pending,Noida,07-06-2024 17:46
ORD002658,CUST0213,EMP038,18-05-2024 19:19,28-05-2024 19:19,Order Confirmed,Partially Paid,Surat,
ORD002659,CUST0023,EMP014,19-05-2024 11:36,30-05-2024 11:36,Order Confirmed,Paid,Ludhiana,
ORD002660,CUST0455,EMP017,19-05-2024 16:23,27-05-2024 16:23,Delivered,Paid,Gurugram,26-05-2024 16:23
ORD002661,CUST0292,EMP017,19-05-2024 17:13,06-06-2024 17:13,Dispatched,Overdue,Chennai,02-06-2024 17:13
ORD002662,CUST0061,EMP019,19-05-2024 22:36,12-06-2024 22:36,Order Confirmed,Partially Paid,Mumbai,
ORD002663,CUST0265,EMP019,19-05-2024 22:48,30-05-2024 22:48,Delivered,Paid,Bengaluru,26-05-2024 22:48
ORD002664,CUST0014,EMP003,20-05-2024 03:25,31-05-2024 03:25,Quotation,Paid,Jaipur,
ORD002665,CUST0145,EMP038,20-05-2024 03:52,02-06-2024 03:52,In Production,Pending,Kolkata,
ORD002666,CUST0174,EMP038,20-05-2024 07:26,31-05-2024 07:26,Delivered,Pending,Noida,25-05-2024 07:26
ORD002667,CUST0228,EMP030,20-05-2024 10:01,15-06-2024 10:01,Delivered,Paid,Ludhiana,09-06-2024 10:01
ORD002668,CUST0283,EMP017,20-05-2024 11:21,31-05-2024 11:21,Order Confirmed,Overdue,Mumbai,
ORD002669,CUST0420,EMP038,20-05-2024 16:05,02-06-2024 16:05,Delivered,Paid,Mumbai,01-06-2024 16:05
ORD002670,CUST0176,EMP014,20-05-2024 18:05,03-06-2024 18:05,Delivered,Overdue,Pune,01-06-2024 18:05
ORD002671,CUST0368,EMP017,21-05-2024 00:02,01-06-2024 00:02,Delivered,Partially Paid,Pune,26-05-2024 00:02
ORD002672,CUST0472,EMP044,21-05-2024 00:59,19-06-2024 00:59,On Hold,Partially Paid,Mumbai,
ORD002673,CUST0375,EMP044,21-05-2024 06:12,02-06-2024 06:12,Order Confirmed,Pending,Surat,
ORD002674,CUST0128,EMP026,21-05-2024 13:10,08-06-2024 13:10,Quotation,Pending,Mumbai,
ORD002675,CUST0339,EMP011,21-05-2024 13:28,10-06-2024 13:28,Delivered,Paid,Gurugram,10-06-2024 13:28
ORD002676,CUST0141,EMP011,21-05-2024 15:57,03-06-2024 15:57,Dispatched,Pending,Ahmedabad,28-05-2024 15:57
ORD002677,CUST0239,EMP044,21-05-2024 19:32,08-06-2024 19:32,In Production,Paid,Ahmedabad,
ORD002678,CUST0318,EMP014,21-05-2024 22:40,01-06-2024 22:40,Quotation,Paid,Delhi,
ORD002679,CUST0147,EMP030,22-05-2024 21:23,09-06-2024 21:23,Quotation,Partially Paid,Bengaluru,
ORD002680,CUST0002,EMP017,23-05-2024 02:22,30-05-2024 02:22,Order Confirmed,Paid,Jaipur,
ORD002681,CUST0419,EMP019,23-05-2024 08:47,09-06-2024 08:47,Order Confirmed,Paid,Ludhiana,
ORD002682,CUST0364,EMP044,23-05-2024 14:58,07-06-2024 14:58,On Hold,Paid,Delhi,
ORD002683,CUST0062,EMP026,23-05-2024 23:52,07-06-2024 23:52,In Production,Paid,Ludhiana,
ORD002684,CUST0189,EMP019,24-05-2024 03:38,02-06-2024 03:38,Delivered,Paid,Jaipur,01-06-2024 03:38
ORD002685,CUST0131,EMP019,24-05-2024 12:10,23-06-2024 12:10,Quotation,Partially Paid,Delhi,
ORD002686,CUST0489,EMP014,24-05-2024 12:59,31-05-2024 12:59,In Production,Paid,Hyderabad,
ORD002687,CUST0471,EMP026,25-05-2024 01:17,04-06-2024 01:17,Cancelled,Partially Paid,Noida,
ORD002688,CUST0346,EMP026,25-05-2024 02:51,03-06-2024 02:51,Order Confirmed,Paid,Ludhiana,
ORD002689,CUST0221,EMP003,25-05-2024 09:41,24-06-2024 09:41,In Production,Paid,Surat,
ORD002690,CUST0027,EMP019,25-05-2024 23:58,08-06-2024 23:58,Delivered,Paid,Bengaluru,06-06-2024 23:58
ORD002691,CUST0124,EMP030,26-05-2024 01:30,12-06-2024 01:30,Order Confirmed,Paid,Ahmedabad,
ORD002692,CUST0047,EMP003,26-05-2024 06:58,20-06-2024 06:58,Quotation,Pending,Ahmedabad,
ORD002693,CUST0395,EMP044,26-05-2024 08:03,03-06-2024 08:03,On Hold,Overdue,Bengaluru,
ORD002694,CUST0045,EMP038,26-05-2024 10:10,03-06-2024 10:10,In Production,Paid,Bengaluru,
ORD002695,CUST0339,EMP030,26-05-2024 10:26,06-06-2024 10:26,Delivered,Paid,Gurugram,06-06-2024 10:26
ORD002696,CUST0477,EMP003,26-05-2024 12:29,18-06-2024 12:29,Order Confirmed,Paid,Jaipur,
ORD002697,CUST0154,EMP026,26-05-2024 12:51,25-06-2024 12:51,Order Confirmed,Paid,Jaipur,
ORD002698,CUST0343,EMP038,26-05-2024 19:28,16-06-2024 19:28,Dispatched,Paid,Ahmedabad,10-06-2024 19:28
ORD002699,CUST0440,EMP003,27-05-2024 01:43,23-06-2024 01:43,Delivered,Paid,Ahmedabad,20-06-2024 01:43
ORD002700,CUST0214,EMP034,27-05-2024 04:12,24-06-2024 04:12,In Production,Partially Paid,Bengaluru,
ORD002701,CUST0225,EMP038,27-05-2024 23:17,09-06-2024 23:17,Delivered,Paid,Noida,03-06-2024 23:17
ORD002702,CUST0101,EMP003,28-05-2024 01:26,08-06-2024 01:26,Delivered,Pending,Noida,08-06-2024 01:26
ORD002703,CUST0214,EMP014,28-05-2024 06:38,07-06-2024 06:38,Delivered,Paid,Bengaluru,07-06-2024 06:38
ORD002704,CUST0437,EMP034,28-05-2024 11:39,23-06-2024 11:39,Dispatched,Paid,Surat,20-06-2024 11:39
ORD002705,CUST0332,EMP044,28-05-2024 23:09,20-06-2024 23:09,Delivered,Overdue,Hyderabad,20-06-2024 23:09
ORD002706,CUST0101,EMP034,28-05-2024 23:30,24-06-2024 23:30,Delivered,Paid,Noida,21-06-2024 23:30
ORD002707,CUST0264,EMP026,29-05-2024 00:58,17-06-2024 00:58,Order Confirmed,Paid,Hyderabad,
ORD002708,CUST0354,EMP030,29-05-2024 04:00,28-06-2024 04:00,Delivered,Paid,Pune,24-06-2024 04:00
ORD002709,CUST0039,EMP026,29-05-2024 11:21,26-06-2024 11:21,Dispatched,Partially Paid,Gurugram,23-06-2024 11:21
ORD002710,CUST0382,EMP026,29-05-2024 22:16,24-06-2024 22:16,Cancelled,Paid,Noida,
ORD002711,CUST0101,EMP034,30-05-2024 00:10,25-06-2024 00:10,Cancelled,Paid,Noida,
ORD002712,CUST0148,EMP003,30-05-2024 02:53,08-06-2024 02:53,Quotation,Paid,Vadodara,
ORD002713,CUST0209,EMP014,30-05-2024 15:42,23-06-2024 15:42,In Production,Paid,Ahmedabad,
ORD002714,CUST0253,EMP003,30-05-2024 15:52,28-06-2024 15:52,Dispatched,Paid,Bengaluru,23-06-2024 15:52
ORD002715,CUST0459,EMP034,30-05-2024 19:15,13-06-2024 19:15,Delivered,Paid,Kolkata,13-06-2024 19:15
ORD002716,CUST0112,EMP034,30-05-2024 23:22,25-06-2024 23:22,Delivered,Paid,Faridabad,24-06-2024 23:22
ORD002717,CUST0128,EMP003,31-05-2024 15:12,15-06-2024 15:12,Order Confirmed,Paid,Mumbai,
ORD002718,CUST0190,EMP011,01-06-2024 03:52,13-06-2024 03:52,Delivered,Partially Paid,Chennai,12-06-2024 03:52
ORD002719,CUST0429,EMP014,01-06-2024 04:09,25-06-2024 04:09,Cancelled,Partially Paid,Jaipur,
ORD002720,CUST0483,EMP014,01-06-2024 04:55,11-06-2024 04:55,On Hold,Paid,Pune,
ORD002721,CUST0228,EMP026,01-06-2024 08:57,19-06-2024 08:57,Quotation,Paid,Ludhiana,
ORD002722,CUST0347,EMP019,01-06-2024 19:07,30-06-2024 19:07,On Hold,Paid,Noida,
ORD002723,CUST0459,EMP017,01-06-2024 21:19,11-06-2024 21:19,Order Confirmed,Paid,Kolkata,
ORD002724,CUST0424,EMP011,01-06-2024 21:34,11-06-2024 21:34,Delivered,Paid,Pune,08-06-2024 21:34
ORD002725,CUST0341,EMP030,02-06-2024 00:15,01-07-2024 00:15,Order Confirmed,Partially Paid,Mumbai,
ORD002726,CUST0271,EMP034,02-06-2024 09:18,27-06-2024 09:18,Delivered,Paid,Faridabad,25-06-2024 09:18
ORD002727,CUST0493,EMP030,02-06-2024 14:21,20-06-2024 14:21,Quotation,Paid,Ahmedabad,
ORD002728,CUST0120,EMP038,02-06-2024 17:03,18-06-2024 17:03,Order Confirmed,Pending,Delhi,
ORD002729,CUST0182,EMP044,02-06-2024 18:59,02-07-2024 18:59,In Production,Paid,Mumbai,
ORD002730,CUST0357,EMP038,02-06-2024 19:48,26-06-2024 19:48,Cancelled,Paid,Noida,
ORD002731,CUST0011,EMP030,02-06-2024 19:58,30-06-2024 19:58,Delivered,Pending,Kolkata,27-06-2024 19:58
ORD002732,CUST0251,EMP003,03-06-2024 00:19,12-06-2024 00:19,Delivered,Paid,Vadodara,11-06-2024 00:19
ORD002733,CUST0428,EMP017,03-06-2024 01:23,22-06-2024 01:23,Delivered,Paid,Vadodara,19-06-2024 01:23
ORD002734,CUST0089,EMP019,04-06-2024 05:21,28-06-2024 05:21,In Production,Paid,Vadodara,
ORD002735,CUST0402,EMP034,04-06-2024 10:01,11-06-2024 10:01,Quotation,Paid,Delhi,
ORD002736,CUST0207,EMP038,04-06-2024 18:30,23-06-2024 18:30,Order Confirmed,Paid,Ahmedabad,
ORD002737,CUST0431,EMP030,04-06-2024 20:22,12-06-2024 20:22,Dispatched,Pending,Ludhiana,07-06-2024 20:22
ORD002738,CUST0318,EMP017,05-06-2024 01:16,03-07-2024 01:16,Cancelled,Partially Paid,Delhi,
ORD002739,CUST0079,EMP034,05-06-2024 01:26,28-06-2024 01:26,Order Confirmed,Paid,Noida,
ORD002740,CUST0368,EMP030,05-06-2024 05:08,16-06-2024 05:08,Delivered,Partially Paid,Pune,16-06-2024 05:08
ORD002741,CUST0029,EMP034,05-06-2024 05:53,24-06-2024 05:53,Delivered,Pending,Surat,19-06-2024 05:53
ORD002742,CUST0122,EMP026,05-06-2024 08:51,14-06-2024 08:51,Cancelled,Paid,Chennai,
ORD002743,CUST0445,EMP030,05-06-2024 09:19,01-07-2024 09:19,In Production,Paid,Ahmedabad,
ORD002744,CUST0438,EMP017,05-06-2024 16:06,16-06-2024 16:06,Cancelled,Paid,Chennai,
ORD002745,CUST0024,EMP017,05-06-2024 17:47,26-06-2024 17:47,Delivered,Paid,Chennai,25-06-2024 17:47
ORD002746,CUST0190,EMP014,05-06-2024 18:18,13-06-2024 18:18,Dispatched,Partially Paid,Chennai,07-06-2024 18:18
ORD002747,CUST0048,EMP014,05-06-2024 22:23,15-06-2024 22:23,Delivered,Pending,Ahmedabad,10-06-2024 22:23
ORD002748,CUST0136,EMP030,06-06-2024 02:14,06-07-2024 02:14,Order Confirmed,Pending,Pune,
ORD002749,CUST0484,EMP017,06-06-2024 06:55,22-06-2024 06:55,Delivered,Paid,Ludhiana,19-06-2024 06:55
ORD002750,CUST0098,EMP011,06-06-2024 09:39,15-06-2024 09:39,Delivered,Paid,Ludhiana,15-06-2024 09:39
ORD002751,CUST0321,EMP003,06-06-2024 22:40,29-06-2024 22:40,Delivered,Paid,Noida,27-06-2024 22:40
ORD002752,CUST0403,EMP038,07-06-2024 01:26,18-06-2024 01:26,Delivered,Paid,Pune,14-06-2024 01:26
ORD002753,CUST0441,EMP019,07-06-2024 06:35,28-06-2024 06:35,Delivered,Paid,Hyderabad,26-06-2024 06:35
ORD002754,CUST0178,EMP026,07-06-2024 08:17,03-07-2024 08:17,Quotation,Paid,Bengaluru,
ORD002755,CUST0349,EMP044,08-06-2024 03:48,01-07-2024 03:48,In Production,Partially Paid,Pune,
ORD002756,CUST0242,EMP011,08-06-2024 09:49,20-06-2024 09:49,Delivered,Paid,Jaipur,16-06-2024 09:49
ORD002757,CUST0054,EMP044,08-06-2024 15:14,20-06-2024 15:14,Delivered,Paid,Chennai,15-06-2024 15:14
ORD002758,CUST0112,EMP034,08-06-2024 22:45,20-06-2024 22:45,Delivered,Paid,Faridabad,14-06-2024 22:45
ORD002759,CUST0375,EMP030,09-06-2024 07:05,01-07-2024 07:05,In Production,Partially Paid,Surat,
ORD002760,CUST0344,EMP019,09-06-2024 11:04,02-07-2024 11:04,Dispatched,Paid,Ahmedabad,30-06-2024 11:04
ORD002761,CUST0261,EMP034,09-06-2024 12:02,28-06-2024 12:02,Delivered,Paid,Surat,22-06-2024 12:02
ORD002762,CUST0391,EMP014,09-06-2024 13:58,25-06-2024 13:58,Delivered,Paid,Ludhiana,24-06-2024 13:58
ORD002763,CUST0346,EMP017,09-06-2024 19:04,17-06-2024 19:04,In Production,Paid,Ludhiana,
ORD002764,CUST0170,EMP044,10-06-2024 03:46,07-07-2024 03:46,Quotation,Paid,Mumbai,
ORD002765,CUST0147,EMP014,10-06-2024 10:12,02-07-2024 10:12,Delivered,Pending,Bengaluru,26-06-2024 10:12
ORD002766,CUST0473,EMP034,10-06-2024 22:02,02-07-2024 22:02,Delivered,Paid,Ludhiana,02-07-2024 22:02
ORD002767,CUST0486,EMP044,11-06-2024 09:35,20-06-2024 09:35,Dispatched,Paid,Faridabad,17-06-2024 09:35
ORD002768,CUST0016,EMP026,12-06-2024 01:25,25-06-2024 01:25,Delivered,Paid,Faridabad,21-06-2024 01:25
ORD002769,CUST0396,EMP014,12-06-2024 13:54,26-06-2024 13:54,Order Confirmed,Paid,Vadodara,
ORD002770,CUST0067,EMP038,12-06-2024 19:42,03-07-2024 19:42,Dispatched,Pending,Pune,03-07-2024 19:42
ORD002771,CUST0431,EMP038,13-06-2024 05:08,08-07-2024 05:08,Order Confirmed,Partially Paid,Ludhiana,
ORD002772,CUST0295,EMP026,13-06-2024 06:39,10-07-2024 06:39,Order Confirmed,Paid,Kolkata,
ORD002773,CUST0344,EMP011,13-06-2024 14:32,02-07-2024 14:32,Delivered,Paid,Ahmedabad,29-06-2024 14:32
ORD002774,CUST0351,EMP019,14-06-2024 15:54,29-06-2024 15:54,In Production,Paid,Faridabad,
ORD002775,CUST0303,EMP019,15-06-2024 01:14,01-07-2024 01:14,Delivered,Paid,Chennai,30-06-2024 01:14
ORD002776,CUST0126,EMP011,15-06-2024 03:20,09-07-2024 03:20,Dispatched,Paid,Gurugram,04-07-2024 03:20
ORD002777,CUST0404,EMP019,15-06-2024 03:26,29-06-2024 03:26,Quotation,Pending,Faridabad,
ORD002778,CUST0278,EMP011,15-06-2024 05:11,01-07-2024 05:11,In Production,Partially Paid,Ludhiana,
ORD002779,CUST0273,EMP030,15-06-2024 14:21,10-07-2024 14:21,Order Confirmed,Paid,Vadodara,
ORD002780,CUST0160,EMP019,15-06-2024 17:22,05-07-2024 17:22,Delivered,Partially Paid,Hyderabad,02-07-2024 17:22
ORD002781,CUST0006,EMP034,15-06-2024 23:04,03-07-2024 23:04,Cancelled,Paid,Hyderabad,
ORD002782,CUST0278,EMP019,15-06-2024 23:13,09-07-2024 23:13,Delivered,Paid,Ludhiana,09-07-2024 23:13
ORD002783,CUST0173,EMP034,16-06-2024 00:01,29-06-2024 00:01,Delivered,Paid,Ahmedabad,29-06-2024 00:01
ORD002784,CUST0330,EMP034,16-06-2024 00:54,24-06-2024 00:54,Delivered,Paid,Ahmedabad,24-06-2024 00:54
ORD002785,CUST0183,EMP011,16-06-2024 10:19,11-07-2024 10:19,Delivered,Paid,Pune,11-07-2024 10:19
ORD002786,CUST0487,EMP019,16-06-2024 11:39,03-07-2024 11:39,Delivered,Pending,Delhi,30-06-2024 11:39
ORD002787,CUST0341,EMP034,17-06-2024 02:35,01-07-2024 02:35,Delivered,Paid,Mumbai,29-06-2024 02:35
ORD002788,CUST0228,EMP026,17-06-2024 04:04,26-06-2024 04:04,Dispatched,Paid,Ludhiana,25-06-2024 04:04
ORD002789,CUST0355,EMP014,17-06-2024 05:26,16-07-2024 05:26,Quotation,Paid,Delhi,
ORD002790,CUST0325,EMP038,17-06-2024 09:31,11-07-2024 09:31,Delivered,Paid,Mumbai,09-07-2024 09:31
ORD002791,CUST0311,EMP011,17-06-2024 15:14,30-06-2024 15:14,Delivered,Paid,Delhi,27-06-2024 15:14
ORD002792,CUST0290,EMP044,18-06-2024 01:11,09-07-2024 01:11,Order Confirmed,Paid,Ahmedabad,
ORD002793,CUST0466,EMP034,18-06-2024 12:20,06-07-2024 12:20,Cancelled,Paid,Noida,
ORD002794,CUST0159,EMP017,18-06-2024 14:07,02-07-2024 14:07,Quotation,Paid,Mumbai,
ORD002795,CUST0217,EMP011,18-06-2024 15:20,02-07-2024 15:20,Delivered,Paid,Gurugram,28-06-2024 15:20
ORD002796,CUST0127,EMP044,18-06-2024 16:14,26-06-2024 16:14,On Hold,Partially Paid,Pune,
ORD002797,CUST0285,EMP026,18-06-2024 21:40,18-07-2024 21:40,In Production,Overdue,Jaipur,
ORD002798,CUST0494,EMP038,18-06-2024 23:24,17-07-2024 23:24,Cancelled,Paid,Chennai,
ORD002799,CUST0305,EMP038,19-06-2024 08:43,16-07-2024 08:43,Delivered,Partially Paid,Noida,13-07-2024 08:43
ORD002800,CUST0104,EMP003,19-06-2024 10:00,03-07-2024 10:00,Delivered,Partially Paid,Vadodara,27-06-2024 10:00
ORD002801,CUST0461,EMP030,19-06-2024 10:40,19-07-2024 10:40,Cancelled,Paid,Delhi,
ORD002802,CUST0396,EMP017,19-06-2024 20:16,02-07-2024 20:16,Delivered,Partially Paid,Vadodara,30-06-2024 20:16
ORD002803,CUST0221,EMP044,20-06-2024 08:19,16-07-2024 08:19,Dispatched,Paid,Surat,14-07-2024 08:19
ORD002804,CUST0074,EMP014,20-06-2024 11:15,29-06-2024 11:15,Delivered,Overdue,Jaipur,27-06-2024 11:15
ORD002805,CUST0202,EMP003,20-06-2024 12:25,04-07-2024 12:25,Dispatched,Paid,Kolkata,04-07-2024 12:25
ORD002806,CUST0403,EMP030,20-06-2024 15:53,10-07-2024 15:53,In Production,Paid,Pune,
ORD002807,CUST0289,EMP026,20-06-2024 16:22,20-07-2024 16:22,Order Confirmed,Partially Paid,Mumbai,
ORD002808,CUST0093,EMP026,20-06-2024 17:31,03-07-2024 17:31,In Production,Pending,Ludhiana,
ORD002809,CUST0080,EMP014,20-06-2024 20:41,07-07-2024 20:41,Delivered,Paid,Kolkata,02-07-2024 20:41
ORD002810,CUST0484,EMP019,21-06-2024 11:31,18-07-2024 11:31,Cancelled,Overdue,Ludhiana,
ORD002811,CUST0224,EMP044,21-06-2024 19:43,09-07-2024 19:43,On Hold,Partially Paid,Faridabad,
ORD002812,CUST0343,EMP034,21-06-2024 23:07,14-07-2024 23:07,Order Confirmed,Partially Paid,Ahmedabad,
ORD002813,CUST0181,EMP044,22-06-2024 04:30,09-07-2024 04:30,Delivered,Pending,Chennai,06-07-2024 04:30
ORD002814,CUST0046,EMP017,22-06-2024 17:11,29-06-2024 17:11,Delivered,Partially Paid,Mumbai,27-06-2024 17:11
ORD002815,CUST0206,EMP038,23-06-2024 00:27,06-07-2024 00:27,Order Confirmed,Paid,Kolkata,
ORD002816,CUST0347,EMP017,23-06-2024 00:36,13-07-2024 00:36,Delivered,Pending,Noida,11-07-2024 00:36
ORD002817,CUST0167,EMP044,23-06-2024 07:26,30-06-2024 07:26,In Production,Paid,Chennai,
ORD002818,CUST0302,EMP038,23-06-2024 10:15,05-07-2024 10:15,Cancelled,Overdue,Jaipur,
ORD002819,CUST0220,EMP011,24-06-2024 03:32,23-07-2024 03:32,Order Confirmed,Pending,Noida,
ORD002820,CUST0169,EMP044,24-06-2024 06:32,01-07-2024 06:32,Delivered,Partially Paid,Vadodara,28-06-2024 06:32
ORD002821,CUST0128,EMP030,24-06-2024 08:04,06-07-2024 08:04,Delivered,Paid,Mumbai,30-06-2024 08:04
ORD002822,CUST0131,EMP034,24-06-2024 15:12,15-07-2024 15:12,Delivered,Paid,Delhi,13-07-2024 15:12
ORD002823,CUST0128,EMP026,24-06-2024 16:54,14-07-2024 16:54,Order Confirmed,Paid,Mumbai,
ORD002824,CUST0360,EMP014,24-06-2024 17:05,05-07-2024 17:05,In Production,Paid,Pune,
ORD002825,CUST0169,EMP044,24-06-2024 19:30,02-07-2024 19:30,On Hold,Partially Paid,Vadodara,
ORD002826,CUST0371,EMP011,24-06-2024 20:33,22-07-2024 20:33,Quotation,Pending,Noida,
ORD002827,CUST0156,EMP038,25-06-2024 01:40,15-07-2024 01:40,Order Confirmed,Partially Paid,Hyderabad,
ORD002828,CUST0164,EMP014,25-06-2024 02:48,15-07-2024 02:48,On Hold,Paid,Hyderabad,
ORD002829,CUST0463,EMP034,25-06-2024 03:48,03-07-2024 03:48,Delivered,Overdue,Mumbai,30-06-2024 03:48
ORD002830,CUST0439,EMP019,26-06-2024 01:40,08-07-2024 01:40,Delivered,Pending,Surat,08-07-2024 01:40
ORD002831,CUST0201,EMP014,26-06-2024 09:26,04-07-2024 09:26,Order Confirmed,Partially Paid,Delhi,
ORD002832,CUST0135,EMP014,26-06-2024 09:55,26-07-2024 09:55,Dispatched,Paid,Faridabad,24-07-2024 09:55
ORD002833,CUST0358,EMP017,26-06-2024 13:43,21-07-2024 13:43,Delivered,Partially Paid,Delhi,16-07-2024 13:43
ORD002834,CUST0035,EMP044,26-06-2024 14:22,16-07-2024 14:22,In Production,Paid,Ahmedabad,
ORD002835,CUST0229,EMP034,26-06-2024 16:45,19-07-2024 16:45,Order Confirmed,Paid,Noida,
ORD002836,CUST0300,EMP030,27-06-2024 02:48,07-07-2024 02:48,Quotation,Paid,Ludhiana,
ORD002837,CUST0338,EMP030,27-06-2024 03:00,27-07-2024 03:00,Delivered,Partially Paid,Gurugram,22-07-2024 03:00
ORD002838,CUST0054,EMP019,27-06-2024 05:37,16-07-2024 05:37,In Production,Paid,Chennai,
ORD002839,CUST0002,EMP044,27-06-2024 09:15,16-07-2024 09:15,Delivered,Overdue,Jaipur,11-07-2024 09:15
ORD002840,CUST0139,EMP014,27-06-2024 13:38,27-07-2024 13:38,In Production,Pending,Gurugram,
ORD002841,CUST0060,EMP044,27-06-2024 20:39,06-07-2024 20:39,Order Confirmed,Paid,Vadodara,
ORD002842,CUST0254,EMP017,28-06-2024 04:19,15-07-2024 04:19,On Hold,Paid,Hyderabad,
ORD002843,CUST0460,EMP017,28-06-2024 14:26,07-07-2024 14:26,On Hold,Paid,Jaipur,
ORD002844,CUST0144,EMP019,28-06-2024 23:15,15-07-2024 23:15,Delivered,Partially Paid,Chennai,12-07-2024 23:15
ORD002845,CUST0227,EMP034,29-06-2024 01:02,12-07-2024 01:02,Cancelled,Pending,Noida,
ORD002846,CUST0108,EMP034,29-06-2024 10:37,17-07-2024 10:37,Order Confirmed,Paid,Ludhiana,
ORD002847,CUST0022,EMP034,29-06-2024 22:13,22-07-2024 22:13,Dispatched,Paid,Ludhiana,16-07-2024 22:13
ORD002848,CUST0352,EMP003,30-06-2024 00:29,13-07-2024 00:29,Order Confirmed,Paid,Ludhiana,
ORD002849,CUST0129,EMP011,30-06-2024 03:47,08-07-2024 03:47,Dispatched,Paid,Delhi,05-07-2024 03:47
ORD002850,CUST0274,EMP038,30-06-2024 05:19,10-07-2024 05:19,Delivered,Partially Paid,Mumbai,10-07-2024 05:19
ORD002851,CUST0342,EMP044,30-06-2024 13:50,24-07-2024 13:50,Delivered,Paid,Delhi,23-07-2024 13:50
ORD002852,CUST0420,EMP011,30-06-2024 20:12,20-07-2024 20:12,Quotation,Paid,Mumbai,
ORD002853,CUST0093,EMP044,01-07-2024 03:57,31-07-2024 03:57,In Production,Paid,Ludhiana,
ORD002854,CUST0291,EMP014,01-07-2024 13:35,29-07-2024 13:35,On Hold,Pending,Pune,
ORD002855,CUST0456,EMP044,01-07-2024 15:58,11-07-2024 15:58,Delivered,Paid,Jaipur,08-07-2024 15:58
ORD002856,CUST0242,EMP044,01-07-2024 18:10,25-07-2024 18:10,In Production,Paid,Jaipur,
ORD002857,CUST0021,EMP030,02-07-2024 07:35,11-07-2024 07:35,In Production,Paid,Ahmedabad,
ORD002858,CUST0131,EMP011,02-07-2024 07:36,11-07-2024 07:36,In Production,Overdue,Delhi,
ORD002859,CUST0398,EMP034,02-07-2024 09:13,28-07-2024 09:13,Dispatched,Paid,Jaipur,26-07-2024 09:13
ORD002860,CUST0397,EMP011,02-07-2024 14:26,18-07-2024 14:26,Dispatched,Paid,Jaipur,18-07-2024 14:26
ORD002861,CUST0158,EMP017,03-07-2024 08:52,02-08-2024 08:52,Dispatched,Paid,Surat,02-08-2024 08:52
ORD002862,CUST0099,EMP030,03-07-2024 13:55,10-07-2024 13:55,Dispatched,Paid,Ludhiana,06-07-2024 13:55
ORD002863,CUST0146,EMP003,03-07-2024 15:29,22-07-2024 15:29,Dispatched,Pending,Ludhiana,17-07-2024 15:29
ORD002864,CUST0122,EMP017,03-07-2024 17:40,17-07-2024 17:40,Quotation,Partially Paid,Chennai,
ORD002865,CUST0371,EMP034,03-07-2024 17:55,02-08-2024 17:55,Quotation,Paid,Noida,
ORD002866,CUST0421,EMP003,03-07-2024 23:06,26-07-2024 23:06,In Production,Pending,Bengaluru,
ORD002867,CUST0024,EMP017,04-07-2024 02:23,29-07-2024 02:23,Delivered,Partially Paid,Chennai,28-07-2024 02:23
ORD002868,CUST0371,EMP003,04-07-2024 09:51,17-07-2024 09:51,Delivered,Paid,Noida,16-07-2024 09:51
ORD002869,CUST0377,EMP030,04-07-2024 11:32,01-08-2024 11:32,Order Confirmed,Paid,Delhi,
ORD002870,CUST0307,EMP003,04-07-2024 15:42,31-07-2024 15:42,Dispatched,Partially Paid,Mumbai,28-07-2024 15:42
ORD002871,CUST0436,EMP014,04-07-2024 16:02,29-07-2024 16:02,Delivered,Pending,Delhi,29-07-2024 16:02
ORD002872,CUST0020,EMP026,05-07-2024 19:48,23-07-2024 19:48,Dispatched,Paid,Jaipur,18-07-2024 19:48
ORD002873,CUST0350,EMP014,05-07-2024 20:43,03-08-2024 20:43,Delivered,Paid,Bengaluru,30-07-2024 20:43
ORD002874,CUST0064,EMP014,05-07-2024 21:38,28-07-2024 21:38,On Hold,Overdue,Hyderabad,
ORD002875,CUST0449,EMP038,06-07-2024 10:08,14-07-2024 10:08,Order Confirmed,Paid,Ahmedabad,
ORD002876,CUST0250,EMP034,06-07-2024 10:17,03-08-2024 10:17,Dispatched,Paid,Hyderabad,01-08-2024 10:17
ORD002877,CUST0046,EMP003,06-07-2024 14:52,13-07-2024 14:52,Dispatched,Paid,Mumbai,09-07-2024 14:52
ORD002878,CUST0374,EMP038,06-07-2024 19:27,29-07-2024 19:27,Delivered,Partially Paid,Bengaluru,28-07-2024 19:27
ORD002879,CUST0375,EMP019,07-07-2024 02:38,19-07-2024 02:38,Order Confirmed,Partially Paid,Surat,
ORD002880,CUST0233,EMP011,07-07-2024 09:48,04-08-2024 09:48,Delivered,Paid,Pune,02-08-2024 09:48
ORD002881,CUST0156,EMP044,07-07-2024 12:32,31-07-2024 12:32,Quotation,Paid,Hyderabad,
ORD002882,CUST0009,EMP017,07-07-2024 14:50,02-08-2024 14:50,Delivered,Paid,Surat,30-07-2024 14:50
ORD002883,CUST0454,EMP017,07-07-2024 17:28,30-07-2024 17:28,Delivered,Partially Paid,Gurugram,24-07-2024 17:28
ORD002884,CUST0093,EMP011,08-07-2024 09:21,28-07-2024 09:21,In Production,Paid,Ludhiana,
ORD002885,CUST0422,EMP038,08-07-2024 09:46,04-08-2024 09:46,On Hold,Paid,Surat,
ORD002886,CUST0295,EMP014,08-07-2024 11:24,22-07-2024 11:24,Delivered,Paid,Kolkata,17-07-2024 11:24
ORD002887,CUST0343,EMP026,08-07-2024 19:08,27-07-2024 19:08,Delivered,Paid,Ahmedabad,23-07-2024 19:08
ORD002888,CUST0348,EMP014,08-07-2024 23:00,22-07-2024 23:00,On Hold,Paid,Gurugram,
ORD002889,CUST0430,EMP038,09-07-2024 03:27,18-07-2024 03:27,Delivered,Pending,Jaipur,16-07-2024 03:27
ORD002890,CUST0017,EMP034,09-07-2024 06:02,06-08-2024 06:02,Order Confirmed,Pending,Pune,
ORD002891,CUST0496,EMP026,09-07-2024 20:29,27-07-2024 20:29,Delivered,Paid,Delhi,21-07-2024 20:29
ORD002892,CUST0022,EMP017,09-07-2024 21:35,17-07-2024 21:35,Delivered,Pending,Ludhiana,17-07-2024 21:35
ORD002893,CUST0500,EMP030,10-07-2024 04:08,05-08-2024 04:08,Delivered,Partially Paid,Surat,03-08-2024 04:08
ORD002894,CUST0131,EMP019,10-07-2024 17:00,08-08-2024 17:00,Cancelled,Overdue,Delhi,
ORD002895,CUST0423,EMP044,10-07-2024 17:07,01-08-2024 17:07,Dispatched,Overdue,Chennai,29-07-2024 17:07
ORD002896,CUST0042,EMP030,10-07-2024 18:27,24-07-2024 18:27,Quotation,Paid,Faridabad,
ORD002897,CUST0231,EMP003,10-07-2024 20:36,06-08-2024 20:36,Dispatched,Paid,Bengaluru,03-08-2024 20:36
ORD002898,CUST0271,EMP038,11-07-2024 12:54,04-08-2024 12:54,Delivered,Paid,Faridabad,31-07-2024 12:54
ORD002899,CUST0478,EMP011,11-07-2024 16:52,24-07-2024 16:52,In Production,Paid,Mumbai,
ORD002900,CUST0062,EMP017,11-07-2024 18:19,25-07-2024 18:19,Quotation,Paid,Ludhiana,
ORD002901,CUST0019,EMP019,12-07-2024 08:28,11-08-2024 08:28,In Production,Partially Paid,Vadodara,
ORD002902,CUST0325,EMP014,12-07-2024 08:59,10-08-2024 08:59,Delivered,Paid,Mumbai,08-08-2024 08:59
ORD002903,CUST0025,EMP044,12-07-2024 16:14,04-08-2024 16:14,Order Confirmed,Pending,Kolkata,
ORD002904,CUST0389,EMP044,12-07-2024 18:03,19-07-2024 18:03,In Production,Overdue,Hyderabad,
ORD002905,CUST0020,EMP011,12-07-2024 18:35,24-07-2024 18:35,Order Confirmed,Paid,Jaipur,
ORD002906,CUST0486,EMP017,13-07-2024 00:08,28-07-2024 00:08,Dispatched,Partially Paid,Faridabad,22-07-2024 00:08
ORD002907,CUST0267,EMP017,13-07-2024 04:14,01-08-2024 04:14,Order Confirmed,Pending,Bengaluru,
ORD002908,CUST0475,EMP030,14-07-2024 10:11,10-08-2024 10:11,Order Confirmed,Paid,Surat,
ORD002909,CUST0064,EMP026,14-07-2024 11:25,10-08-2024 11:25,Delivered,Overdue,Hyderabad,08-08-2024 11:25
ORD002910,CUST0137,EMP030,14-07-2024 13:40,27-07-2024 13:40,Order Confirmed,Paid,Vadodara,
ORD002911,CUST0228,EMP003,14-07-2024 22:38,23-07-2024 22:38,Order Confirmed,Paid,Ludhiana,
ORD002912,CUST0015,EMP026,15-07-2024 02:06,28-07-2024 02:06,Delivered,Paid,Hyderabad,24-07-2024 02:06
ORD002913,CUST0052,EMP014,15-07-2024 11:07,27-07-2024 11:07,Quotation,Paid,Gurugram,
ORD002914,CUST0165,EMP014,15-07-2024 15:58,12-08-2024 15:58,Quotation,Paid,Bengaluru,
ORD002915,CUST0369,EMP034,15-07-2024 19:12,22-07-2024 19:12,Dispatched,Pending,Jaipur,22-07-2024 19:12
ORD002916,CUST0355,EMP011,15-07-2024 21:58,10-08-2024 21:58,In Production,Paid,Delhi,
ORD002917,CUST0044,EMP003,15-07-2024 23:19,06-08-2024 23:19,Delivered,Paid,Mumbai,05-08-2024 23:19
ORD002918,CUST0030,EMP019,16-07-2024 04:25,25-07-2024 04:25,On Hold,Paid,Mumbai,
ORD002919,CUST0329,EMP034,16-07-2024 11:03,08-08-2024 11:03,Dispatched,Paid,Jaipur,07-08-2024 11:03
ORD002920,CUST0180,EMP026,16-07-2024 16:54,05-08-2024 16:54,Delivered,Paid,Jaipur,05-08-2024 16:54
ORD002921,CUST0397,EMP011,16-07-2024 21:53,23-07-2024 21:53,Cancelled,Paid,Jaipur,
ORD002922,CUST0150,EMP034,17-07-2024 17:46,29-07-2024 17:46,Dispatched,Paid,Kolkata,23-07-2024 17:46
ORD002923,CUST0182,EMP017,18-07-2024 02:32,02-08-2024 02:32,Delivered,Pending,Mumbai,29-07-2024 02:32
ORD002924,CUST0110,EMP034,18-07-2024 06:09,30-07-2024 06:09,Delivered,Overdue,Mumbai,25-07-2024 06:09
ORD002925,CUST0134,EMP014,18-07-2024 12:00,07-08-2024 12:00,Delivered,Paid,Ludhiana,05-08-2024 12:00
ORD002926,CUST0354,EMP044,18-07-2024 14:09,08-08-2024 14:09,Cancelled,Partially Paid,Pune,
ORD002927,CUST0236,EMP014,18-07-2024 19:21,29-07-2024 19:21,Quotation,Overdue,Delhi,
ORD002928,CUST0330,EMP044,19-07-2024 01:04,28-07-2024 01:04,Cancelled,Paid,Ahmedabad,
ORD002929,CUST0040,EMP017,19-07-2024 04:34,10-08-2024 04:34,Dispatched,Paid,Jaipur,10-08-2024 04:34
ORD002930,CUST0268,EMP034,19-07-2024 14:14,06-08-2024 14:14,Delivered,Paid,Jaipur,04-08-2024 14:14
ORD002931,CUST0230,EMP026,19-07-2024 18:01,01-08-2024 18:01,Dispatched,Paid,Bengaluru,01-08-2024 18:01
ORD002932,CUST0456,EMP003,19-07-2024 19:07,01-08-2024 19:07,In Production,Paid,Jaipur,
ORD002933,CUST0212,EMP003,19-07-2024 20:48,26-07-2024 20:48,Quotation,Paid,Bengaluru,
ORD002934,CUST0052,EMP019,19-07-2024 22:46,15-08-2024 22:46,Cancelled,Paid,Gurugram,
ORD002935,CUST0349,EMP011,20-07-2024 00:13,16-08-2024 00:13,Delivered,Paid,Pune,14-08-2024 00:13
ORD002936,CUST0075,EMP030,20-07-2024 06:45,09-08-2024 06:45,Delivered,Paid,Delhi,09-08-2024 06:45
ORD002937,CUST0455,EMP011,20-07-2024 13:23,04-08-2024 13:23,In Production,Paid,Gurugram,
ORD002938,CUST0192,EMP026,20-07-2024 20:35,01-08-2024 20:35,In Production,Paid,Kolkata,
ORD002939,CUST0393,EMP014,21-07-2024 04:51,04-08-2024 04:51,In Production,Paid,Faridabad,
ORD002940,CUST0328,EMP011,21-07-2024 05:43,19-08-2024 05:43,Order Confirmed,Paid,Ludhiana,
ORD002941,CUST0233,EMP017,21-07-2024 09:32,30-07-2024 09:32,Dispatched,Paid,Pune,29-07-2024 09:32
ORD002942,CUST0293,EMP026,21-07-2024 10:15,16-08-2024 10:15,Cancelled,Partially Paid,Gurugram,
ORD002943,CUST0092,EMP017,21-07-2024 19:32,04-08-2024 19:32,Delivered,Paid,Bengaluru,31-07-2024 19:32
ORD002944,CUST0038,EMP017,22-07-2024 00:11,04-08-2024 00:11,Dispatched,Partially Paid,Ludhiana,29-07-2024 00:11
ORD002945,CUST0384,EMP017,22-07-2024 08:29,17-08-2024 08:29,In Production,Pending,Jaipur,
ORD002946,CUST0480,EMP017,22-07-2024 10:01,21-08-2024 10:01,Delivered,Paid,Jaipur,20-08-2024 10:01
ORD002947,CUST0431,EMP019,22-07-2024 10:15,21-08-2024 10:15,Delivered,Paid,Ludhiana,15-08-2024 10:15
ORD002948,CUST0153,EMP038,22-07-2024 10:56,04-08-2024 10:56,Delivered,Paid,Surat,30-07-2024 10:56
ORD002949,CUST0180,EMP026,22-07-2024 15:42,12-08-2024 15:42,Delivered,Paid,Jaipur,12-08-2024 15:42
ORD002950,CUST0180,EMP019,22-07-2024 17:41,05-08-2024 17:41,Quotation,Pending,Jaipur,
ORD002951,CUST0352,EMP034,22-07-2024 22:04,02-08-2024 22:04,Quotation,Partially Paid,Ludhiana,
ORD002952,CUST0312,EMP026,23-07-2024 01:40,08-08-2024 01:40,On Hold,Paid,Pune,
ORD002953,CUST0399,EMP044,23-07-2024 18:15,31-07-2024 18:15,Delivered,Paid,Faridabad,31-07-2024 18:15
ORD002954,CUST0473,EMP026,23-07-2024 18:39,02-08-2024 18:39,Cancelled,Partially Paid,Ludhiana,
ORD002955,CUST0197,EMP014,23-07-2024 19:16,13-08-2024 19:16,In Production,Paid,Kolkata,
ORD002956,CUST0332,EMP026,23-07-2024 19:45,15-08-2024 19:45,Delivered,Paid,Hyderabad,15-08-2024 19:45
ORD002957,CUST0251,EMP034,24-07-2024 01:14,06-08-2024 01:14,In Production,Partially Paid,Vadodara,
ORD002958,CUST0478,EMP014,24-07-2024 02:35,13-08-2024 02:35,Cancelled,Paid,Mumbai,
ORD002959,CUST0178,EMP014,24-07-2024 05:57,18-08-2024 05:57,In Production,Pending,Bengaluru,
ORD002960,CUST0094,EMP026,24-07-2024 07:30,21-08-2024 07:30,Delivered,Pending,Kolkata,16-08-2024 07:30
ORD002961,CUST0190,EMP038,24-07-2024 19:15,13-08-2024 19:15,Order Confirmed,Paid,Chennai,
ORD002962,CUST0310,EMP017,24-07-2024 22:46,05-08-2024 22:46,Order Confirmed,Paid,Hyderabad,
ORD002963,CUST0477,EMP026,25-07-2024 12:21,18-08-2024 12:21,Order Confirmed,Paid,Jaipur,
ORD002964,CUST0415,EMP030,25-07-2024 22:06,05-08-2024 22:06,Dispatched,Pending,Noida,01-08-2024 22:06
ORD002965,CUST0010,EMP030,26-07-2024 05:22,05-08-2024 05:22,Delivered,Paid,Ahmedabad,30-07-2024 05:22
ORD002966,CUST0255,EMP011,26-07-2024 05:38,10-08-2024 05:38,On Hold,Paid,Noida,
ORD002967,CUST0080,EMP017,26-07-2024 09:10,09-08-2024 09:10,Delivered,Partially Paid,Kolkata,06-08-2024 09:10
ORD002968,CUST0182,EMP044,26-07-2024 14:52,05-08-2024 14:52,Delivered,Paid,Mumbai,05-08-2024 14:52
ORD002969,CUST0472,EMP038,26-07-2024 17:36,03-08-2024 17:36,Delivered,Paid,Mumbai,28-07-2024 17:36
ORD002970,CUST0493,EMP034,27-07-2024 00:47,25-08-2024 00:47,Quotation,Partially Paid,Ahmedabad,
ORD002971,CUST0077,EMP003,27-07-2024 08:33,19-08-2024 08:33,Delivered,Paid,Kolkata,13-08-2024 08:33
ORD002972,CUST0071,EMP019,27-07-2024 09:05,20-08-2024 09:05,Delivered,Paid,Surat,15-08-2024 09:05
ORD002973,CUST0349,EMP003,27-07-2024 10:01,04-08-2024 10:01,Dispatched,Paid,Pune,29-07-2024 10:01
ORD002974,CUST0206,EMP017,27-07-2024 13:44,22-08-2024 13:44,Quotation,Paid,Kolkata,
ORD002975,CUST0217,EMP038,28-07-2024 03:29,12-08-2024 03:29,Order Confirmed,Paid,Gurugram,
ORD002976,CUST0437,EMP017,28-07-2024 05:17,21-08-2024 05:17,In Production,Paid,Surat,
ORD002977,CUST0461,EMP011,28-07-2024 07:15,15-08-2024 07:15,Cancelled,Overdue,Delhi,
ORD002978,CUST0451,EMP034,28-07-2024 10:44,09-08-2024 10:44,Delivered,Paid,Mumbai,08-08-2024 10:44
ORD002979,CUST0392,EMP034,28-07-2024 12:13,10-08-2024 12:13,Dispatched,Paid,Kolkata,07-08-2024 12:13
ORD002980,CUST0491,EMP030,28-07-2024 17:37,07-08-2024 17:37,Dispatched,Pending,Faridabad,04-08-2024 17:37
ORD002981,CUST0360,EMP038,28-07-2024 21:44,23-08-2024 21:44,Delivered,Paid,Pune,22-08-2024 21:44
ORD002982,CUST0443,EMP034,28-07-2024 23:58,14-08-2024 23:58,In Production,Overdue,Kolkata,
ORD002983,CUST0271,EMP030,29-07-2024 08:03,23-08-2024 08:03,Order Confirmed,Paid,Faridabad,
ORD002984,CUST0026,EMP038,30-07-2024 11:13,25-08-2024 11:13,Delivered,Paid,Ludhiana,19-08-2024 11:13
ORD002985,CUST0409,EMP017,30-07-2024 20:50,10-08-2024 20:50,In Production,Paid,Kolkata,
ORD002986,CUST0465,EMP019,30-07-2024 21:02,13-08-2024 21:02,In Production,Paid,Vadodara,
ORD002987,CUST0157,EMP026,31-07-2024 01:04,09-08-2024 01:04,Dispatched,Pending,Noida,06-08-2024 01:04
ORD002988,CUST0215,EMP030,31-07-2024 02:25,07-08-2024 02:25,Order Confirmed,Overdue,Vadodara,
ORD002989,CUST0287,EMP019,31-07-2024 04:12,30-08-2024 04:12,Cancelled,Paid,Delhi,
ORD002990,CUST0326,EMP019,31-07-2024 16:15,22-08-2024 16:15,Delivered,Paid,Delhi,16-08-2024 16:15
ORD002991,CUST0338,EMP011,31-07-2024 19:40,17-08-2024 19:40,On Hold,Paid,Gurugram,
ORD002992,CUST0198,EMP030,01-08-2024 00:03,12-08-2024 00:03,On Hold,Paid,Gurugram,
ORD002993,CUST0428,EMP011,01-08-2024 00:46,22-08-2024 00:46,In Production,Paid,Vadodara,
ORD002994,CUST0407,EMP019,01-08-2024 02:41,21-08-2024 02:41,In Production,Paid,Surat,
ORD002995,CUST0472,EMP019,01-08-2024 05:54,13-08-2024 05:54,Delivered,Paid,Mumbai,11-08-2024 05:54
ORD002996,CUST0288,EMP034,01-08-2024 08:58,08-08-2024 08:58,Quotation,Paid,Faridabad,
ORD002997,CUST0039,EMP019,01-08-2024 16:26,19-08-2024 16:26,On Hold,Partially Paid,Gurugram,
ORD002998,CUST0423,EMP003,02-08-2024 03:10,21-08-2024 03:10,Quotation,Paid,Chennai,
ORD002999,CUST0040,EMP026,02-08-2024 11:12,28-08-2024 11:12,Delivered,Paid,Jaipur,25-08-2024 11:12
ORD003000,CUST0097,EMP014,02-08-2024 11:58,18-08-2024 11:58,Delivered,Paid,Ahmedabad,12-08-2024 11:58
ORD003001,CUST0143,EMP017,02-08-2024 13:17,11-08-2024 13:17,Cancelled,Partially Paid,Jaipur,
ORD003002,CUST0093,EMP014,02-08-2024 16:54,30-08-2024 16:54,Delivered,Partially Paid,Ludhiana,29-08-2024 16:54
ORD003003,CUST0362,EMP011,03-08-2024 02:34,19-08-2024 02:34,Delivered,Paid,Chennai,16-08-2024 02:34
ORD003004,CUST0221,EMP044,03-08-2024 04:03,27-08-2024 04:03,In Production,Pending,Surat,
ORD003005,CUST0110,EMP014,03-08-2024 06:09,11-08-2024 06:09,Delivered,Partially Paid,Mumbai,06-08-2024 06:09
ORD003006,CUST0003,EMP026,03-08-2024 07:29,10-08-2024 07:29,Delivered,Paid,Gurugram,05-08-2024 07:29
ORD003007,CUST0109,EMP038,03-08-2024 19:03,10-08-2024 19:03,Dispatched,Paid,Pune,05-08-2024 19:03
ORD003008,CUST0347,EMP017,03-08-2024 23:37,28-08-2024 23:37,Delivered,Overdue,Noida,24-08-2024 23:37
ORD003009,CUST0398,EMP044,04-08-2024 00:11,16-08-2024 00:11,Quotation,Paid,Jaipur,
ORD003010,CUST0149,EMP019,04-08-2024 06:00,29-08-2024 06:00,In Production,Paid,Chennai,
ORD003011,CUST0037,EMP044,04-08-2024 16:47,02-09-2024 16:47,Cancelled,Paid,Hyderabad,
ORD003012,CUST0279,EMP019,04-08-2024 18:20,26-08-2024 18:20,In Production,Paid,Hyderabad,
ORD003013,CUST0392,EMP003,04-08-2024 18:30,03-09-2024 18:30,Delivered,Pending,Kolkata,03-09-2024 18:30
ORD003014,CUST0036,EMP038,05-08-2024 00:30,03-09-2024 00:30,Dispatched,Pending,Delhi,01-09-2024 00:30
ORD003015,CUST0398,EMP038,05-08-2024 01:12,29-08-2024 01:12,Cancelled,Pending,Jaipur,
ORD003016,CUST0086,EMP044,05-08-2024 02:31,31-08-2024 02:31,Order Confirmed,Paid,Pune,
ORD003017,CUST0129,EMP011,05-08-2024 07:27,26-08-2024 07:27,In Production,Partially Paid,Delhi,
ORD003018,CUST0312,EMP038,05-08-2024 07:31,17-08-2024 07:31,Delivered,Paid,Pune,12-08-2024 07:31
ORD003019,CUST0026,EMP017,06-08-2024 22:17,15-08-2024 22:17,Delivered,Pending,Ludhiana,12-08-2024 22:17
ORD003020,CUST0153,EMP038,07-08-2024 00:52,23-08-2024 00:52,Delivered,Paid,Surat,21-08-2024 00:52
ORD003021,CUST0070,EMP044,07-08-2024 02:19,25-08-2024 02:19,In Production,Paid,Bengaluru,
ORD003022,CUST0108,EMP011,07-08-2024 07:25,22-08-2024 07:25,Dispatched,Overdue,Ludhiana,16-08-2024 07:25
ORD003023,CUST0387,EMP017,07-08-2024 16:02,16-08-2024 16:02,Cancelled,Overdue,Pune,
ORD003024,CUST0115,EMP014,08-08-2024 01:06,27-08-2024 01:06,Delivered,Paid,Kolkata,25-08-2024 01:06
ORD003025,CUST0022,EMP017,08-08-2024 15:54,26-08-2024 15:54,Cancelled,Paid,Ludhiana,
ORD003026,CUST0108,EMP026,08-08-2024 21:46,06-09-2024 21:46,On Hold,Paid,Ludhiana,
ORD003027,CUST0044,EMP019,09-08-2024 01:41,07-09-2024 01:41,Delivered,Partially Paid,Mumbai,05-09-2024 01:41
ORD003028,CUST0312,EMP030,09-08-2024 08:37,30-08-2024 08:37,Delivered,Paid,Pune,28-08-2024 08:37
ORD003029,CUST0487,EMP030,09-08-2024 11:31,05-09-2024 11:31,Delivered,Paid,Delhi,03-09-2024 11:31
ORD003030,CUST0084,EMP014,10-08-2024 04:00,24-08-2024 04:00,Delivered,Paid,Chennai,21-08-2024 04:00
ORD003031,CUST0365,EMP003,10-08-2024 16:37,09-09-2024 16:37,Delivered,Pending,Hyderabad,03-09-2024 16:37
ORD003032,CUST0182,EMP034,10-08-2024 19:33,08-09-2024 19:33,Order Confirmed,Overdue,Mumbai,
ORD003033,CUST0036,EMP011,11-08-2024 00:45,21-08-2024 00:45,Cancelled,Overdue,Delhi,
ORD003034,CUST0344,EMP011,11-08-2024 03:29,03-09-2024 03:29,Delivered,Pending,Ahmedabad,28-08-2024 03:29
ORD003035,CUST0105,EMP030,11-08-2024 03:39,28-08-2024 03:39,Delivered,Paid,Ludhiana,26-08-2024 03:39
ORD003036,CUST0257,EMP014,11-08-2024 06:40,24-08-2024 06:40,Dispatched,Paid,Bengaluru,22-08-2024 06:40
ORD003037,CUST0254,EMP011,11-08-2024 07:48,27-08-2024 07:48,Dispatched,Paid,Hyderabad,21-08-2024 07:48
ORD003038,CUST0299,EMP017,11-08-2024 09:03,08-09-2024 09:03,Delivered,Paid,Jaipur,04-09-2024 09:03
ORD003039,CUST0068,EMP026,11-08-2024 10:49,09-09-2024 10:49,Delivered,Partially Paid,Hyderabad,08-09-2024 10:49
ORD003040,CUST0126,EMP038,11-08-2024 13:24,26-08-2024 13:24,Quotation,Paid,Gurugram,
ORD003041,CUST0369,EMP044,11-08-2024 14:08,29-08-2024 14:08,In Production,Pending,Jaipur,
ORD003042,CUST0467,EMP034,12-08-2024 04:20,31-08-2024 04:20,Delivered,Paid,Delhi,28-08-2024 04:20
ORD003043,CUST0006,EMP038,12-08-2024 06:04,05-09-2024 06:04,On Hold,Paid,Hyderabad,
ORD003044,CUST0207,EMP026,12-08-2024 08:16,30-08-2024 08:16,Quotation,Partially Paid,Ahmedabad,
ORD003045,CUST0441,EMP019,12-08-2024 16:23,28-08-2024 16:23,In Production,Paid,Hyderabad,
ORD003046,CUST0144,EMP038,12-08-2024 16:31,10-09-2024 16:31,Dispatched,Paid,Chennai,05-09-2024 16:31
ORD003047,CUST0224,EMP017,12-08-2024 22:08,27-08-2024 22:08,Order Confirmed,Partially Paid,Faridabad,
ORD003048,CUST0453,EMP038,13-08-2024 01:32,26-08-2024 01:32,Quotation,Paid,Bengaluru,
ORD003049,CUST0485,EMP044,13-08-2024 01:34,27-08-2024 01:34,Delivered,Paid,Chennai,25-08-2024 01:34
ORD003050,CUST0328,EMP017,13-08-2024 08:52,27-08-2024 08:52,Delivered,Paid,Ludhiana,23-08-2024 08:52
ORD003051,CUST0348,EMP030,13-08-2024 16:46,02-09-2024 16:46,Dispatched,Pending,Gurugram,28-08-2024 16:46
ORD003052,CUST0307,EMP034,13-08-2024 19:07,04-09-2024 19:07,In Production,Paid,Mumbai,
ORD003053,CUST0142,EMP034,13-08-2024 22:12,23-08-2024 22:12,On Hold,Paid,Jaipur,
ORD003054,CUST0444,EMP014,13-08-2024 22:23,10-09-2024 22:23,Dispatched,Paid,Vadodara,10-09-2024 22:23
ORD003055,CUST0018,EMP044,14-08-2024 08:08,27-08-2024 08:08,Delivered,Paid,Chennai,21-08-2024 08:08
ORD003056,CUST0030,EMP026,14-08-2024 15:37,23-08-2024 15:37,In Production,Overdue,Mumbai,
ORD003057,CUST0301,EMP003,14-08-2024 21:04,06-09-2024 21:04,Delivered,Paid,Hyderabad,06-09-2024 21:04
ORD003058,CUST0419,EMP011,15-08-2024 09:56,27-08-2024 09:56,Delivered,Pending,Ludhiana,27-08-2024 09:56
ORD003059,CUST0408,EMP034,15-08-2024 11:08,09-09-2024 11:08,In Production,Pending,Vadodara,
ORD003060,CUST0339,EMP019,15-08-2024 16:17,13-09-2024 16:17,Delivered,Paid,Gurugram,11-09-2024 16:17
ORD003061,CUST0189,EMP011,15-08-2024 16:48,07-09-2024 16:48,Delivered,Pending,Jaipur,07-09-2024 16:48
ORD003062,CUST0180,EMP026,15-08-2024 23:19,09-09-2024 23:19,Dispatched,Overdue,Jaipur,05-09-2024 23:19
ORD003063,CUST0213,EMP026,16-08-2024 11:50,03-09-2024 11:50,Delivered,Overdue,Surat,31-08-2024 11:50
ORD003064,CUST0129,EMP003,16-08-2024 15:11,31-08-2024 15:11,In Production,Paid,Delhi,
ORD003065,CUST0210,EMP017,17-08-2024 01:17,07-09-2024 01:17,Dispatched,Paid,Hyderabad,05-09-2024 01:17
ORD003066,CUST0053,EMP019,17-08-2024 07:52,01-09-2024 07:52,On Hold,Paid,Kolkata,
ORD003067,CUST0160,EMP034,17-08-2024 18:19,14-09-2024 18:19,Order Confirmed,Paid,Hyderabad,
ORD003068,CUST0471,EMP030,18-08-2024 01:12,05-09-2024 01:12,Order Confirmed,Paid,Noida,
ORD003069,CUST0354,EMP003,18-08-2024 06:58,05-09-2024 06:58,Order Confirmed,Paid,Pune,
ORD003070,CUST0071,EMP030,18-08-2024 13:40,10-09-2024 13:40,On Hold,Partially Paid,Surat,
ORD003071,CUST0144,EMP044,19-08-2024 04:46,30-08-2024 04:46,Order Confirmed,Pending,Chennai,
ORD003072,CUST0130,EMP003,19-08-2024 10:25,08-09-2024 10:25,Order Confirmed,Paid,Noida,
ORD003073,CUST0141,EMP044,19-08-2024 13:22,13-09-2024 13:22,Delivered,Pending,Ahmedabad,07-09-2024 13:22
ORD003074,CUST0346,EMP003,19-08-2024 22:47,13-09-2024 22:47,Delivered,Paid,Ludhiana,12-09-2024 22:47
ORD003075,CUST0448,EMP030,20-08-2024 16:42,01-09-2024 16:42,Dispatched,Paid,Bengaluru,26-08-2024 16:42
ORD003076,CUST0356,EMP017,20-08-2024 20:57,28-08-2024 20:57,On Hold,Pending,Chennai,
ORD003077,CUST0245,EMP034,21-08-2024 03:55,01-09-2024 03:55,Quotation,Paid,Gurugram,
ORD003078,CUST0081,EMP038,21-08-2024 09:22,16-09-2024 09:22,Delivered,Paid,Delhi,12-09-2024 09:22
ORD003079,CUST0072,EMP038,21-08-2024 15:26,03-09-2024 15:26,Delivered,Overdue,Kolkata,30-08-2024 15:26
ORD003080,CUST0408,EMP038,21-08-2024 16:10,29-08-2024 16:10,In Production,Pending,Vadodara,
ORD003081,CUST0339,EMP038,21-08-2024 18:05,11-09-2024 18:05,Delivered,Pending,Gurugram,05-09-2024 18:05
ORD003082,CUST0256,EMP017,21-08-2024 18:23,18-09-2024 18:23,Delivered,Paid,Pune,17-09-2024 18:23
ORD003083,CUST0289,EMP019,22-08-2024 02:21,03-09-2024 02:21,Order Confirmed,Paid,Mumbai,
ORD003084,CUST0425,EMP034,22-08-2024 05:45,30-08-2024 05:45,Order Confirmed,Paid,Pune,
ORD003085,CUST0407,EMP011,22-08-2024 05:52,01-09-2024 05:52,Order Confirmed,Paid,Surat,
ORD003086,CUST0044,EMP026,22-08-2024 13:54,01-09-2024 13:54,Delivered,Overdue,Mumbai,01-09-2024 13:54
ORD003087,CUST0198,EMP026,22-08-2024 14:46,02-09-2024 14:46,Order Confirmed,Paid,Gurugram,
ORD003088,CUST0022,EMP044,22-08-2024 18:58,02-09-2024 18:58,Cancelled,Partially Paid,Ludhiana,
ORD003089,CUST0193,EMP003,23-08-2024 01:53,14-09-2024 01:53,Order Confirmed,Paid,Jaipur,
ORD003090,CUST0319,EMP003,23-08-2024 11:16,04-09-2024 11:16,On Hold,Paid,Hyderabad,
ORD003091,CUST0105,EMP003,23-08-2024 18:02,12-09-2024 18:02,Delivered,Paid,Ludhiana,07-09-2024 18:02
ORD003092,CUST0076,EMP026,23-08-2024 21:58,08-09-2024 21:58,Order Confirmed,Paid,Pune,
ORD003093,CUST0246,EMP026,23-08-2024 23:04,14-09-2024 23:04,Order Confirmed,Paid,Gurugram,
ORD003094,CUST0263,EMP026,24-08-2024 00:01,15-09-2024 00:01,Delivered,Overdue,Vadodara,11-09-2024 00:01
ORD003095,CUST0358,EMP014,24-08-2024 00:24,14-09-2024 00:24,Quotation,Partially Paid,Delhi,
ORD003096,CUST0008,EMP017,24-08-2024 00:55,21-09-2024 00:55,In Production,Partially Paid,Noida,
ORD003097,CUST0124,EMP019,24-08-2024 04:10,04-09-2024 04:10,Delivered,Paid,Ahmedabad,03-09-2024 04:10
ORD003098,CUST0390,EMP003,24-08-2024 11:35,12-09-2024 11:35,Cancelled,Partially Paid,Ahmedabad,
ORD003099,CUST0341,EMP034,24-08-2024 11:43,09-09-2024 11:43,Delivered,Partially Paid,Mumbai,03-09-2024 11:43
ORD003100,CUST0450,EMP003,24-08-2024 12:12,12-09-2024 12:12,Delivered,Paid,Faridabad,07-09-2024 12:12
ORD003101,CUST0408,EMP030,24-08-2024 16:09,03-09-2024 16:09,Delivered,Partially Paid,Vadodara,31-08-2024 16:09
ORD003102,CUST0420,EMP019,24-08-2024 20:33,07-09-2024 20:33,Delivered,Pending,Mumbai,07-09-2024 20:33
ORD003103,CUST0256,EMP044,24-08-2024 22:32,22-09-2024 22:32,In Production,Overdue,Pune,
ORD003104,CUST0480,EMP030,24-08-2024 23:22,19-09-2024 23:22,Delivered,Overdue,Jaipur,13-09-2024 23:22
ORD003105,CUST0208,EMP019,25-08-2024 15:09,11-09-2024 15:09,Delivered,Paid,Mumbai,08-09-2024 15:09
ORD003106,CUST0452,EMP034,25-08-2024 22:54,03-09-2024 22:54,Delivered,Paid,Vadodara,30-08-2024 22:54
ORD003107,CUST0196,EMP011,26-08-2024 00:54,17-09-2024 00:54,On Hold,Paid,Delhi,
ORD003108,CUST0223,EMP011,26-08-2024 09:46,09-09-2024 09:46,Dispatched,Paid,Jaipur,09-09-2024 09:46
ORD003109,CUST0343,EMP019,26-08-2024 11:19,09-09-2024 11:19,Delivered,Paid,Ahmedabad,05-09-2024 11:19
ORD003110,CUST0200,EMP038,26-08-2024 17:05,04-09-2024 17:05,Dispatched,Paid,Gurugram,30-08-2024 17:05
ORD003111,CUST0074,EMP038,26-08-2024 20:39,08-09-2024 20:39,In Production,Partially Paid,Jaipur,
ORD003112,CUST0449,EMP017,26-08-2024 22:48,07-09-2024 22:48,In Production,Paid,Ahmedabad,
ORD003113,CUST0227,EMP014,26-08-2024 22:52,02-09-2024 22:52,On Hold,Partially Paid,Noida,
ORD003114,CUST0464,EMP044,27-08-2024 00:48,17-09-2024 00:48,In Production,Overdue,Pune,
ORD003115,CUST0200,EMP026,27-08-2024 01:31,26-09-2024 01:31,Delivered,Paid,Gurugram,21-09-2024 01:31
ORD003116,CUST0487,EMP011,27-08-2024 03:32,06-09-2024 03:32,Delivered,Paid,Delhi,04-09-2024 03:32
ORD003117,CUST0302,EMP014,27-08-2024 08:10,04-09-2024 08:10,Delivered,Partially Paid,Jaipur,03-09-2024 08:10
ORD003118,CUST0385,EMP038,27-08-2024 10:07,05-09-2024 10:07,Delivered,Paid,Faridabad,02-09-2024 10:07
ORD003119,CUST0378,EMP038,27-08-2024 11:31,16-09-2024 11:31,Order Confirmed,Paid,Jaipur,
ORD003120,CUST0101,EMP044,27-08-2024 20:08,22-09-2024 20:08,In Production,Pending,Noida,
ORD003121,CUST0408,EMP003,28-08-2024 01:31,11-09-2024 01:31,Delivered,Paid,Vadodara,08-09-2024 01:31
ORD003122,CUST0473,EMP038,28-08-2024 05:45,06-09-2024 05:45,Order Confirmed,Paid,Ludhiana,
ORD003123,CUST0331,EMP011,28-08-2024 12:59,06-09-2024 12:59,Dispatched,Overdue,Bengaluru,05-09-2024 12:59
ORD003124,CUST0474,EMP038,28-08-2024 14:56,18-09-2024 14:56,In Production,Paid,Bengaluru,
ORD003125,CUST0424,EMP038,28-08-2024 16:24,12-09-2024 16:24,Quotation,Paid,Pune,
ORD003126,CUST0334,EMP017,28-08-2024 17:47,12-09-2024 17:47,On Hold,Paid,Chennai,
ORD003127,CUST0239,EMP011,28-08-2024 18:18,09-09-2024 18:18,Cancelled,Paid,Ahmedabad,
ORD003128,CUST0429,EMP034,29-08-2024 01:21,26-09-2024 01:21,Delivered,Paid,Jaipur,22-09-2024 01:21
ORD003129,CUST0093,EMP003,29-08-2024 01:49,13-09-2024 01:49,Order Confirmed,Paid,Ludhiana,
ORD003130,CUST0281,EMP026,29-08-2024 07:27,21-09-2024 07:27,On Hold,Paid,Hyderabad,
ORD003131,CUST0408,EMP017,29-08-2024 12:37,22-09-2024 12:37,Delivered,Overdue,Vadodara,16-09-2024 12:37
ORD003132,CUST0473,EMP019,29-08-2024 18:25,06-09-2024 18:25,On Hold,Partially Paid,Ludhiana,
ORD003133,CUST0134,EMP038,29-08-2024 21:21,10-09-2024 21:21,Quotation,Paid,Ludhiana,
ORD003134,CUST0047,EMP044,29-08-2024 21:32,26-09-2024 21:32,Order Confirmed,Pending,Ahmedabad,
ORD003135,CUST0167,EMP019,30-08-2024 12:55,27-09-2024 12:55,Delivered,Paid,Chennai,27-09-2024 12:55
ORD003136,CUST0432,EMP014,30-08-2024 16:04,15-09-2024 16:04,Cancelled,Partially Paid,Jaipur,
ORD003137,CUST0262,EMP038,30-08-2024 19:37,09-09-2024 19:37,Order Confirmed,Paid,Ludhiana,
ORD003138,CUST0028,EMP019,30-08-2024 22:29,13-09-2024 22:29,In Production,Partially Paid,Gurugram,
ORD003139,CUST0060,EMP011,31-08-2024 08:05,29-09-2024 08:05,Delivered,Overdue,Vadodara,28-09-2024 08:05
ORD003140,CUST0170,EMP044,31-08-2024 09:12,23-09-2024 09:12,On Hold,Paid,Mumbai,
ORD003141,CUST0172,EMP044,31-08-2024 09:18,08-09-2024 09:18,Delivered,Paid,Delhi,05-09-2024 09:18
ORD003142,CUST0068,EMP014,31-08-2024 10:17,24-09-2024 10:17,Cancelled,Paid,Hyderabad,
ORD003143,CUST0248,EMP011,31-08-2024 17:17,10-09-2024 17:17,Delivered,Paid,Pune,09-09-2024 17:17
ORD003144,CUST0240,EMP011,31-08-2024 21:31,14-09-2024 21:31,Delivered,Paid,Noida,09-09-2024 21:31
ORD003145,CUST0100,EMP026,01-09-2024 05:51,19-09-2024 05:51,Dispatched,Partially Paid,Pune,19-09-2024 05:51
ORD003146,CUST0117,EMP017,02-09-2024 16:26,17-09-2024 16:26,Order Confirmed,Paid,Delhi,
ORD003147,CUST0333,EMP030,02-09-2024 18:31,25-09-2024 18:31,Delivered,Paid,Pune,25-09-2024 18:31
ORD003148,CUST0477,EMP034,02-09-2024 20:54,12-09-2024 20:54,Delivered,Partially Paid,Jaipur,10-09-2024 20:54
ORD003149,CUST0499,EMP003,03-09-2024 00:02,01-10-2024 00:02,Dispatched,Partially Paid,Faridabad,29-09-2024 00:02
ORD003150,CUST0280,EMP038,03-09-2024 01:19,24-09-2024 01:19,In Production,Paid,Delhi,
ORD003151,CUST0020,EMP003,03-09-2024 03:15,17-09-2024 03:15,Delivered,Overdue,Jaipur,13-09-2024 03:15
ORD003152,CUST0449,EMP011,03-09-2024 12:16,02-10-2024 12:16,Delivered,Pending,Ahmedabad,01-10-2024 12:16
ORD003153,CUST0476,EMP034,03-09-2024 12:50,21-09-2024 12:50,In Production,Overdue,Vadodara,
ORD003154,CUST0140,EMP030,03-09-2024 13:33,19-09-2024 13:33,Cancelled,Paid,Surat,
ORD003155,CUST0201,EMP044,03-09-2024 16:27,10-09-2024 16:27,In Production,Paid,Delhi,
ORD003156,CUST0013,EMP026,04-09-2024 12:59,04-10-2024 12:59,Order Confirmed,Paid,Mumbai,
ORD003157,CUST0401,EMP019,04-09-2024 16:50,01-10-2024 16:50,Order Confirmed,Overdue,Vadodara,
ORD003158,CUST0388,EMP030,04-09-2024 20:25,15-09-2024 20:25,Dispatched,Pending,Chennai,10-09-2024 20:25
ORD003159,CUST0011,EMP034,04-09-2024 22:09,03-10-2024 22:09,Quotation,Partially Paid,Kolkata,
ORD003160,CUST0352,EMP030,05-09-2024 06:45,01-10-2024 06:45,Delivered,Paid,Ludhiana,30-09-2024 06:45
ORD003161,CUST0206,EMP017,05-09-2024 07:43,22-09-2024 07:43,Delivered,Paid,Kolkata,16-09-2024 07:43
ORD003162,CUST0273,EMP044,06-09-2024 00:42,05-10-2024 00:42,Delivered,Partially Paid,Vadodara,02-10-2024 00:42
ORD003163,CUST0110,EMP017,06-09-2024 06:30,26-09-2024 06:30,Delivered,Paid,Mumbai,21-09-2024 06:30
ORD003164,CUST0408,EMP017,06-09-2024 07:00,29-09-2024 07:00,Cancelled,Paid,Vadodara,
ORD003165,CUST0203,EMP014,06-09-2024 09:23,17-09-2024 09:23,Dispatched,Partially Paid,Bengaluru,17-09-2024 09:23
ORD003166,CUST0421,EMP014,06-09-2024 12:44,15-09-2024 12:44,Order Confirmed,Partially Paid,Bengaluru,
ORD003167,CUST0075,EMP014,06-09-2024 13:06,25-09-2024 13:06,Order Confirmed,Paid,Delhi,
ORD003168,CUST0294,EMP026,06-09-2024 16:15,20-09-2024 16:15,Delivered,Partially Paid,Ahmedabad,15-09-2024 16:15
ORD003169,CUST0156,EMP034,06-09-2024 16:22,06-10-2024 16:22,In Production,Paid,Hyderabad,
ORD003170,CUST0483,EMP019,06-09-2024 17:45,15-09-2024 17:45,Delivered,Paid,Pune,13-09-2024 17:45
ORD003171,CUST0279,EMP044,06-09-2024 22:08,01-10-2024 22:08,Delivered,Paid,Hyderabad,28-09-2024 22:08
ORD003172,CUST0360,EMP019,07-09-2024 01:25,28-09-2024 01:25,Delivered,Paid,Pune,28-09-2024 01:25
ORD003173,CUST0044,EMP019,07-09-2024 09:48,05-10-2024 09:48,Order Confirmed,Paid,Mumbai,
ORD003174,CUST0339,EMP003,07-09-2024 11:33,07-10-2024 11:33,In Production,Paid,Gurugram,
ORD003175,CUST0051,EMP044,07-09-2024 13:56,04-10-2024 13:56,In Production,Paid,Delhi,
ORD003176,CUST0181,EMP011,07-09-2024 15:01,22-09-2024 15:01,Delivered,Paid,Chennai,18-09-2024 15:01
ORD003177,CUST0112,EMP011,07-09-2024 15:58,30-09-2024 15:58,Delivered,Paid,Faridabad,24-09-2024 15:58
ORD003178,CUST0002,EMP044,07-09-2024 19:15,17-09-2024 19:15,Delivered,Partially Paid,Jaipur,11-09-2024 19:15
ORD003179,CUST0294,EMP026,08-09-2024 04:05,26-09-2024 04:05,Delivered,Paid,Ahmedabad,20-09-2024 04:05
ORD003180,CUST0121,EMP003,08-09-2024 11:03,21-09-2024 11:03,Dispatched,Paid,Bengaluru,16-09-2024 11:03
ORD003181,CUST0257,EMP019,08-09-2024 13:05,21-09-2024 13:05,Quotation,Paid,Bengaluru,
ORD003182,CUST0382,EMP026,08-09-2024 17:34,28-09-2024 17:34,Order Confirmed,Paid,Noida,
ORD003183,CUST0090,EMP003,08-09-2024 20:59,18-09-2024 20:59,Order Confirmed,Paid,Bengaluru,
ORD003184,CUST0355,EMP034,09-09-2024 05:24,29-09-2024 05:24,Quotation,Pending,Delhi,
ORD003185,CUST0149,EMP030,09-09-2024 07:54,25-09-2024 07:54,In Production,Paid,Chennai,
ORD003186,CUST0166,EMP003,09-09-2024 09:43,21-09-2024 09:43,Delivered,Paid,Hyderabad,20-09-2024 09:43
ORD003187,CUST0289,EMP030,09-09-2024 10:37,29-09-2024 10:37,Order Confirmed,Paid,Mumbai,
ORD003188,CUST0313,EMP014,09-09-2024 10:58,04-10-2024 10:58,Order Confirmed,Paid,Pune,
ORD003189,CUST0328,EMP034,09-09-2024 15:10,30-09-2024 15:10,Order Confirmed,Pending,Ludhiana,
ORD003190,CUST0098,EMP017,09-09-2024 16:56,18-09-2024 16:56,In Production,Paid,Ludhiana,
ORD003191,CUST0290,EMP014,10-09-2024 01:21,30-09-2024 01:21,Order Confirmed,Partially Paid,Ahmedabad,
ORD003192,CUST0132,EMP026,10-09-2024 10:25,01-10-2024 10:25,Quotation,Pending,Surat,
ORD003193,CUST0139,EMP019,10-09-2024 17:12,03-10-2024 17:12,In Production,Paid,Gurugram,
ORD003194,CUST0474,EMP017,10-09-2024 19:48,27-09-2024 19:48,On Hold,Paid,Bengaluru,
ORD003195,CUST0051,EMP038,11-09-2024 01:33,20-09-2024 01:33,In Production,Partially Paid,Delhi,
ORD003196,CUST0207,EMP030,11-09-2024 12:16,21-09-2024 12:16,Order Confirmed,Partially Paid,Ahmedabad,
ORD003197,CUST0220,EMP019,11-09-2024 12:44,25-09-2024 12:44,Dispatched,Paid,Noida,23-09-2024 12:44
ORD003198,CUST0123,EMP014,11-09-2024 16:16,03-10-2024 16:16,Order Confirmed,Paid,Faridabad,
ORD003199,CUST0393,EMP026,12-09-2024 03:30,06-10-2024 03:30,Delivered,Paid,Faridabad,06-10-2024 03:30
ORD003200,CUST0244,EMP003,12-09-2024 06:48,05-10-2024 06:48,In Production,Paid,Hyderabad,
ORD003201,CUST0360,EMP038,12-09-2024 10:31,26-09-2024 10:31,Delivered,Partially Paid,Pune,25-09-2024 10:31
ORD003202,CUST0194,EMP003,12-09-2024 11:21,29-09-2024 11:21,Cancelled,Paid,Kolkata,
ORD003203,CUST0449,EMP030,12-09-2024 23:14,20-09-2024 23:14,Delivered,Paid,Ahmedabad,19-09-2024 23:14
ORD003204,CUST0365,EMP017,13-09-2024 02:33,09-10-2024 02:33,Order Confirmed,Paid,Hyderabad,
ORD003205,CUST0167,EMP034,13-09-2024 02:48,28-09-2024 02:48,Dispatched,Paid,Chennai,24-09-2024 02:48
ORD003206,CUST0482,EMP017,13-09-2024 03:41,02-10-2024 03:41,In Production,Pending,Jaipur,
ORD003207,CUST0433,EMP003,13-09-2024 07:03,30-09-2024 07:03,Delivered,Paid,Noida,30-09-2024 07:03
ORD003208,CUST0296,EMP044,13-09-2024 12:58,26-09-2024 12:58,Quotation,Partially Paid,Hyderabad,
ORD003209,CUST0009,EMP034,13-09-2024 13:45,24-09-2024 13:45,Delivered,Paid,Surat,18-09-2024 13:45
ORD003210,CUST0296,EMP003,13-09-2024 18:21,12-10-2024 18:21,In Production,Paid,Hyderabad,
ORD003211,CUST0346,EMP003,14-09-2024 06:09,23-09-2024 06:09,Dispatched,Paid,Ludhiana,18-09-2024 06:09
ORD003212,CUST0183,EMP026,14-09-2024 11:14,13-10-2024 11:14,In Production,Paid,Pune,
ORD003213,CUST0072,EMP044,14-09-2024 13:04,23-09-2024 13:04,In Production,Partially Paid,Kolkata,
ORD003214,CUST0283,EMP026,14-09-2024 21:17,23-09-2024 21:17,Delivered,Paid,Mumbai,19-09-2024 21:17
ORD003215,CUST0401,EMP003,15-09-2024 00:36,13-10-2024 00:36,Delivered,Pending,Vadodara,09-10-2024 00:36
ORD003216,CUST0160,EMP030,15-09-2024 02:55,14-10-2024 02:55,Order Confirmed,Paid,Hyderabad,
ORD003217,CUST0229,EMP019,15-09-2024 07:41,13-10-2024 07:41,Quotation,Partially Paid,Noida,
ORD003218,CUST0001,EMP030,15-09-2024 18:01,10-10-2024 18:01,Delivered,Paid,Ludhiana,09-10-2024 18:01
ORD003219,CUST0352,EMP017,16-09-2024 00:56,04-10-2024 00:56,Dispatched,Partially Paid,Ludhiana,01-10-2024 00:56
ORD003220,CUST0434,EMP003,16-09-2024 01:07,25-09-2024 01:07,Delivered,Paid,Ludhiana,21-09-2024 01:07
ORD003221,CUST0389,EMP003,16-09-2024 04:34,07-10-2024 04:34,Dispatched,Paid,Hyderabad,02-10-2024 04:34
ORD003222,CUST0215,EMP030,16-09-2024 14:35,05-10-2024 14:35,Delivered,Overdue,Vadodara,01-10-2024 14:35
ORD003223,CUST0023,EMP030,16-09-2024 15:53,10-10-2024 15:53,Delivered,Partially Paid,Ludhiana,05-10-2024 15:53
ORD003224,CUST0247,EMP017,16-09-2024 17:24,23-09-2024 17:24,Quotation,Paid,Kolkata,
ORD003225,CUST0471,EMP003,16-09-2024 19:13,24-09-2024 19:13,Delivered,Partially Paid,Noida,21-09-2024 19:13
ORD003226,CUST0042,EMP034,16-09-2024 22:06,07-10-2024 22:06,Dispatched,Paid,Faridabad,05-10-2024 22:06
ORD003227,CUST0107,EMP011,17-09-2024 00:27,14-10-2024 00:27,Order Confirmed,Partially Paid,Chennai,
ORD003228,CUST0419,EMP011,17-09-2024 01:05,16-10-2024 01:05,Delivered,Paid,Ludhiana,11-10-2024 01:05
ORD003229,CUST0285,EMP019,17-09-2024 05:13,07-10-2024 05:13,Order Confirmed,Pending,Jaipur,
ORD003230,CUST0086,EMP034,17-09-2024 11:12,02-10-2024 11:12,Quotation,Paid,Pune,
ORD003231,CUST0013,EMP044,17-09-2024 17:11,05-10-2024 17:11,Delivered,Pending,Mumbai,01-10-2024 17:11
ORD003232,CUST0206,EMP030,17-09-2024 22:03,06-10-2024 22:03,Delivered,Pending,Kolkata,04-10-2024 22:03
ORD003233,CUST0298,EMP044,18-09-2024 10:47,09-10-2024 10:47,Order Confirmed,Overdue,Ahmedabad,
ORD003234,CUST0421,EMP030,18-09-2024 10:54,30-09-2024 10:54,Delivered,Pending,Bengaluru,27-09-2024 10:54
ORD003235,CUST0442,EMP038,18-09-2024 13:28,04-10-2024 13:28,Quotation,Partially Paid,Bengaluru,
ORD003236,CUST0229,EMP011,18-09-2024 16:21,07-10-2024 16:21,Delivered,Paid,Noida,04-10-2024 16:21
ORD003237,CUST0212,EMP003,18-09-2024 17:41,15-10-2024 17:41,Dispatched,Paid,Bengaluru,11-10-2024 17:41
ORD003238,CUST0466,EMP030,18-09-2024 20:27,14-10-2024 20:27,Delivered,Paid,Noida,12-10-2024 20:27
ORD003239,CUST0389,EMP044,18-09-2024 21:54,13-10-2024 21:54,In Production,Paid,Hyderabad,
ORD003240,CUST0105,EMP034,18-09-2024 22:59,30-09-2024 22:59,In Production,Paid,Ludhiana,
ORD003241,CUST0341,EMP017,19-09-2024 06:12,05-10-2024 06:12,Delivered,Partially Paid,Mumbai,04-10-2024 06:12
ORD003242,CUST0358,EMP019,19-09-2024 12:38,09-10-2024 12:38,Quotation,Paid,Delhi,
ORD003243,CUST0117,EMP011,19-09-2024 14:49,19-10-2024 14:49,Order Confirmed,Paid,Delhi,
ORD003244,CUST0489,EMP017,19-09-2024 20:07,04-10-2024 20:07,Dispatched,Paid,Hyderabad,28-09-2024 20:07
ORD003245,CUST0149,EMP030,20-09-2024 02:25,19-10-2024 02:25,Delivered,Pending,Chennai,17-10-2024 02:25
ORD003246,CUST0275,EMP011,20-09-2024 03:08,14-10-2024 03:08,Quotation,Paid,Bengaluru,
ORD003247,CUST0247,EMP019,20-09-2024 12:48,12-10-2024 12:48,Delivered,Paid,Kolkata,11-10-2024 12:48
ORD003248,CUST0347,EMP014,20-09-2024 16:34,13-10-2024 16:34,In Production,Paid,Noida,
ORD003249,CUST0451,EMP019,20-09-2024 23:07,16-10-2024 23:07,Delivered,Paid,Mumbai,15-10-2024 23:07
ORD003250,CUST0197,EMP034,20-09-2024 23:20,13-10-2024 23:20,Cancelled,Paid,Kolkata,
ORD003251,CUST0193,EMP038,21-09-2024 02:12,14-10-2024 02:12,Dispatched,Paid,Jaipur,08-10-2024 02:12
ORD003252,CUST0376,EMP019,21-09-2024 13:46,07-10-2024 13:46,Delivered,Pending,Hyderabad,06-10-2024 13:46
ORD003253,CUST0477,EMP038,21-09-2024 17:23,08-10-2024 17:23,Dispatched,Partially Paid,Jaipur,04-10-2024 17:23
ORD003254,CUST0455,EMP034,21-09-2024 18:50,12-10-2024 18:50,Order Confirmed,Paid,Gurugram,
ORD003255,CUST0377,EMP044,21-09-2024 22:14,18-10-2024 22:14,Delivered,Paid,Delhi,16-10-2024 22:14
ORD003256,CUST0352,EMP034,22-09-2024 05:01,14-10-2024 05:01,Delivered,Paid,Ludhiana,10-10-2024 05:01
ORD003257,CUST0385,EMP026,22-09-2024 06:06,22-10-2024 06:06,Delivered,Partially Paid,Faridabad,17-10-2024 06:06
ORD003258,CUST0468,EMP030,22-09-2024 11:57,15-10-2024 11:57,Cancelled,Overdue,Hyderabad,
ORD003259,CUST0006,EMP017,22-09-2024 16:05,08-10-2024 16:05,Dispatched,Paid,Hyderabad,07-10-2024 16:05
ORD003260,CUST0295,EMP030,22-09-2024 18:35,12-10-2024 18:35,Delivered,Paid,Kolkata,10-10-2024 18:35
ORD003261,CUST0018,EMP034,22-09-2024 20:26,13-10-2024 20:26,Order Confirmed,Overdue,Chennai,
ORD003262,CUST0289,EMP030,22-09-2024 23:39,19-10-2024 23:39,On Hold,Paid,Mumbai,
ORD003263,CUST0198,EMP011,23-09-2024 04:40,06-10-2024 04:40,Delivered,Overdue,Gurugram,01-10-2024 04:40
ORD003264,CUST0153,EMP026,23-09-2024 05:01,05-10-2024 05:01,In Production,Paid,Surat,
ORD003265,CUST0446,EMP034,23-09-2024 07:55,04-10-2024 07:55,Delivered,Partially Paid,Kolkata,28-09-2024 07:55
ORD003266,CUST0355,EMP011,23-09-2024 09:32,01-10-2024 09:32,Delivered,Paid,Delhi,26-09-2024 09:32
ORD003267,CUST0284,EMP034,23-09-2024 13:32,16-10-2024 13:32,Cancelled,Pending,Gurugram,
ORD003268,CUST0441,EMP038,24-09-2024 04:15,24-10-2024 04:15,Delivered,Pending,Hyderabad,22-10-2024 04:15
ORD003269,CUST0049,EMP026,24-09-2024 09:20,15-10-2024 09:20,Delivered,Paid,Noida,14-10-2024 09:20
ORD003270,CUST0324,EMP044,24-09-2024 10:59,02-10-2024 10:59,Delivered,Partially Paid,Ludhiana,26-09-2024 10:59
ORD003271,CUST0079,EMP038,24-09-2024 13:22,09-10-2024 13:22,Dispatched,Paid,Noida,05-10-2024 13:22
ORD003272,CUST0117,EMP019,24-09-2024 17:25,22-10-2024 17:25,Delivered,Paid,Delhi,21-10-2024 17:25
ORD003273,CUST0093,EMP038,24-09-2024 19:01,02-10-2024 19:01,Order Confirmed,Paid,Ludhiana,
ORD003274,CUST0273,EMP044,25-09-2024 06:04,16-10-2024 06:04,Quotation,Paid,Vadodara,
ORD003275,CUST0315,EMP011,25-09-2024 06:34,12-10-2024 06:34,On Hold,Paid,Delhi,
ORD003276,CUST0378,EMP044,25-09-2024 14:47,24-10-2024 14:47,Cancelled,Paid,Jaipur,
ORD003277,CUST0221,EMP003,25-09-2024 15:22,14-10-2024 15:22,Cancelled,Paid,Surat,
ORD003278,CUST0470,EMP019,25-09-2024 15:31,15-10-2024 15:31,Quotation,Paid,Jaipur,
ORD003279,CUST0187,EMP044,25-09-2024 16:36,19-10-2024 16:36,In Production,Paid,Jaipur,
ORD003280,CUST0079,EMP034,26-09-2024 01:41,22-10-2024 01:41,Cancelled,Paid,Noida,
ORD003281,CUST0019,EMP014,26-09-2024 02:26,15-10-2024 02:26,Order Confirmed,Pending,Vadodara,
ORD003282,CUST0064,EMP030,26-09-2024 05:36,20-10-2024 05:36,Dispatched,Paid,Hyderabad,16-10-2024 05:36
ORD003283,CUST0223,EMP014,26-09-2024 10:13,22-10-2024 10:13,In Production,Pending,Jaipur,
ORD003284,CUST0207,EMP014,26-09-2024 12:31,15-10-2024 12:31,Delivered,Paid,Ahmedabad,13-10-2024 12:31
ORD003285,CUST0428,EMP044,26-09-2024 12:32,20-10-2024 12:32,Dispatched,Paid,Vadodara,19-10-2024 12:32
ORD003286,CUST0063,EMP003,26-09-2024 12:44,11-10-2024 12:44,In Production,Paid,Faridabad,
ORD003287,CUST0132,EMP044,26-09-2024 13:55,11-10-2024 13:55,Dispatched,Paid,Surat,10-10-2024 13:55
ORD003288,CUST0491,EMP019,26-09-2024 19:15,03-10-2024 19:15,Order Confirmed,Partially Paid,Faridabad,
ORD003289,CUST0015,EMP003,26-09-2024 20:10,19-10-2024 20:10,Delivered,Paid,Hyderabad,17-10-2024 20:10
ORD003290,CUST0213,EMP034,26-09-2024 22:20,09-10-2024 22:20,Delivered,Paid,Surat,08-10-2024 22:20
ORD003291,CUST0100,EMP003,27-09-2024 03:09,23-10-2024 03:09,Delivered,Paid,Pune,18-10-2024 03:09
ORD003292,CUST0267,EMP017,27-09-2024 04:13,26-10-2024 04:13,Dispatched,Pending,Bengaluru,25-10-2024 04:13
ORD003293,CUST0487,EMP014,27-09-2024 05:28,25-10-2024 05:28,In Production,Paid,Delhi,
ORD003294,CUST0114,EMP034,27-09-2024 16:15,10-10-2024 16:15,Quotation,Paid,Noida,
ORD003295,CUST0186,EMP017,27-09-2024 21:14,19-10-2024 21:14,Cancelled,Paid,Delhi,
ORD003296,CUST0225,EMP030,28-09-2024 01:26,23-10-2024 01:26,Dispatched,Paid,Noida,22-10-2024 01:26
ORD003297,CUST0400,EMP003,28-09-2024 05:38,17-10-2024 05:38,Dispatched,Overdue,Mumbai,13-10-2024 05:38
ORD003298,CUST0493,EMP030,28-09-2024 22:04,17-10-2024 22:04,In Production,Paid,Ahmedabad,
ORD003299,CUST0049,EMP034,29-09-2024 02:01,16-10-2024 02:01,On Hold,Paid,Noida,
ORD003300,CUST0245,EMP014,29-09-2024 04:40,13-10-2024 04:40,Delivered,Paid,Gurugram,10-10-2024 04:40
ORD003301,CUST0377,EMP038,29-09-2024 04:53,19-10-2024 04:53,Order Confirmed,Overdue,Delhi,
ORD003302,CUST0005,EMP019,29-09-2024 17:33,29-10-2024 17:33,Delivered,Paid,Surat,28-10-2024 17:33
ORD003303,CUST0404,EMP030,29-09-2024 17:45,11-10-2024 17:45,Dispatched,Pending,Faridabad,11-10-2024 17:45
ORD003304,CUST0122,EMP011,29-09-2024 19:02,07-10-2024 19:02,Delivered,Partially Paid,Chennai,07-10-2024 19:02
ORD003305,CUST0260,EMP044,29-09-2024 19:17,07-10-2024 19:17,On Hold,Paid,Ahmedabad,
ORD003306,CUST0490,EMP014,30-09-2024 01:43,20-10-2024 01:43,Delivered,Pending,Mumbai,18-10-2024 01:43
ORD003307,CUST0318,EMP030,30-09-2024 12:29,13-10-2024 12:29,Delivered,Paid,Delhi,12-10-2024 12:29
ORD003308,CUST0495,EMP003,30-09-2024 16:03,18-10-2024 16:03,Dispatched,Paid,Delhi,14-10-2024 16:03
ORD003309,CUST0302,EMP003,30-09-2024 17:12,29-10-2024 17:12,In Production,Paid,Jaipur,
ORD003310,CUST0106,EMP011,30-09-2024 19:16,08-10-2024 19:16,Delivered,Paid,Vadodara,04-10-2024 19:16
ORD003311,CUST0347,EMP044,30-09-2024 21:55,11-10-2024 21:55,Delivered,Paid,Noida,10-10-2024 21:55
ORD003312,CUST0308,EMP014,01-10-2024 00:01,13-10-2024 00:01,Order Confirmed,Partially Paid,Mumbai,
ORD003313,CUST0156,EMP038,01-10-2024 03:24,18-10-2024 03:24,Dispatched,Partially Paid,Hyderabad,15-10-2024 03:24
ORD003314,CUST0039,EMP026,01-10-2024 06:16,24-10-2024 06:16,Order Confirmed,Pending,Gurugram,
ORD003315,CUST0325,EMP003,01-10-2024 10:50,12-10-2024 10:50,Order Confirmed,Paid,Mumbai,
ORD003316,CUST0289,EMP019,01-10-2024 12:27,10-10-2024 12:27,Delivered,Paid,Mumbai,07-10-2024 12:27
ORD003317,CUST0387,EMP019,01-10-2024 19:52,10-10-2024 19:52,Order Confirmed,Paid,Pune,
ORD003318,CUST0063,EMP014,01-10-2024 22:36,27-10-2024 22:36,Delivered,Pending,Faridabad,26-10-2024 22:36
ORD003319,CUST0270,EMP030,02-10-2024 01:47,09-10-2024 01:47,In Production,Paid,Jaipur,
ORD003320,CUST0410,EMP038,02-10-2024 02:27,24-10-2024 02:27,Delivered,Paid,Ahmedabad,21-10-2024 02:27
ORD003321,CUST0446,EMP038,02-10-2024 13:58,22-10-2024 13:58,Cancelled,Partially Paid,Kolkata,
ORD003322,CUST0470,EMP026,02-10-2024 15:58,11-10-2024 15:58,Delivered,Partially Paid,Jaipur,11-10-2024 15:58
ORD003323,CUST0106,EMP038,02-10-2024 16:14,22-10-2024 16:14,Delivered,Paid,Vadodara,20-10-2024 16:14
ORD003324,CUST0087,EMP044,02-10-2024 22:30,15-10-2024 22:30,In Production,Paid,Kolkata,
ORD003325,CUST0289,EMP003,02-10-2024 23:47,21-10-2024 23:47,In Production,Paid,Mumbai,
ORD003326,CUST0232,EMP030,03-10-2024 01:58,13-10-2024 01:58,Delivered,Partially Paid,Gurugram,08-10-2024 01:58
ORD003327,CUST0118,EMP034,03-10-2024 03:08,26-10-2024 03:08,Delivered,Partially Paid,Noida,25-10-2024 03:08
ORD003328,CUST0052,EMP003,03-10-2024 05:59,29-10-2024 05:59,Delivered,Partially Paid,Gurugram,25-10-2024 05:59
ORD003329,CUST0072,EMP030,03-10-2024 06:58,10-10-2024 06:58,Delivered,Paid,Kolkata,10-10-2024 06:58
ORD003330,CUST0170,EMP044,03-10-2024 08:05,22-10-2024 08:05,Order Confirmed,Paid,Mumbai,
ORD003331,CUST0370,EMP014,03-10-2024 10:49,25-10-2024 10:49,In Production,Paid,Faridabad,
ORD003332,CUST0033,EMP038,03-10-2024 15:26,10-10-2024 15:26,Cancelled,Paid,Delhi,
ORD003333,CUST0053,EMP044,03-10-2024 19:08,27-10-2024 19:08,Delivered,Overdue,Kolkata,24-10-2024 19:08
ORD003334,CUST0133,EMP030,03-10-2024 23:37,23-10-2024 23:37,Delivered,Paid,Ahmedabad,17-10-2024 23:37
ORD003335,CUST0437,EMP030,04-10-2024 01:35,18-10-2024 01:35,Delivered,Paid,Surat,15-10-2024 01:35
ORD003336,CUST0496,EMP026,04-10-2024 04:27,22-10-2024 04:27,Cancelled,Paid,Delhi,
ORD003337,CUST0221,EMP019,04-10-2024 05:17,27-10-2024 05:17,Delivered,Paid,Surat,22-10-2024 05:17
ORD003338,CUST0023,EMP019,04-10-2024 15:11,26-10-2024 15:11,In Production,Paid,Ludhiana,
ORD003339,CUST0006,EMP026,04-10-2024 19:51,29-10-2024 19:51,Delivered,Paid,Hyderabad,28-10-2024 19:51
ORD003340,CUST0430,EMP019,05-10-2024 01:27,12-10-2024 01:27,In Production,Partially Paid,Jaipur,
ORD003341,CUST0223,EMP038,05-10-2024 03:16,30-10-2024 03:16,Dispatched,Overdue,Jaipur,29-10-2024 03:16
ORD003342,CUST0039,EMP034,05-10-2024 15:54,12-10-2024 15:54,Delivered,Pending,Gurugram,09-10-2024 15:54
ORD003343,CUST0417,EMP017,05-10-2024 20:25,27-10-2024 20:25,In Production,Overdue,Ludhiana,
ORD003344,CUST0265,EMP026,05-10-2024 21:17,20-10-2024 21:17,In Production,Paid,Bengaluru,
ORD003345,CUST0175,EMP014,05-10-2024 22:06,13-10-2024 22:06,Delivered,Overdue,Faridabad,12-10-2024 22:06
ORD003346,CUST0227,EMP011,06-10-2024 04:11,29-10-2024 04:11,On Hold,Paid,Noida,
ORD003347,CUST0113,EMP017,07-10-2024 00:49,27-10-2024 00:49,Order Confirmed,Paid,Bengaluru,
ORD003348,CUST0466,EMP003,07-10-2024 04:12,29-10-2024 04:12,Delivered,Paid,Noida,24-10-2024 04:12
ORD003349,CUST0394,EMP038,07-10-2024 11:24,23-10-2024 11:24,Dispatched,Paid,Kolkata,21-10-2024 11:24
ORD003350,CUST0100,EMP011,07-10-2024 12:53,20-10-2024 12:53,Dispatched,Partially Paid,Pune,15-10-2024 12:53
ORD003351,CUST0368,EMP017,07-10-2024 17:34,28-10-2024 17:34,Delivered,Paid,Pune,28-10-2024 17:34
ORD003352,CUST0090,EMP014,07-10-2024 21:19,19-10-2024 21:19,Delivered,Paid,Bengaluru,17-10-2024 21:19
ORD003353,CUST0227,EMP014,08-10-2024 09:37,03-11-2024 09:37,Delivered,Paid,Noida,02-11-2024 09:37
ORD003354,CUST0375,EMP017,08-10-2024 15:31,31-10-2024 15:31,Delivered,Paid,Surat,27-10-2024 15:31
ORD003355,CUST0019,EMP034,08-10-2024 15:42,07-11-2024 15:42,On Hold,Pending,Vadodara,
ORD003356,CUST0363,EMP038,08-10-2024 20:32,15-10-2024 20:32,Delivered,Paid,Vadodara,14-10-2024 20:32
ORD003357,CUST0113,EMP011,09-10-2024 00:57,30-10-2024 00:57,Quotation,Paid,Bengaluru,
ORD003358,CUST0350,EMP014,09-10-2024 06:04,29-10-2024 06:04,Delivered,Partially Paid,Bengaluru,26-10-2024 06:04
ORD003359,CUST0250,EMP019,09-10-2024 15:15,05-11-2024 15:15,Delivered,Pending,Hyderabad,03-11-2024 15:15
ORD003360,CUST0014,EMP017,09-10-2024 18:10,26-10-2024 18:10,Order Confirmed,Paid,Jaipur,
ORD003361,CUST0381,EMP034,09-10-2024 21:06,07-11-2024 21:06,Delivered,Paid,Kolkata,02-11-2024 21:06
ORD003362,CUST0130,EMP014,09-10-2024 22:04,21-10-2024 22:04,Delivered,Overdue,Noida,19-10-2024 22:04
ORD003363,CUST0477,EMP019,10-10-2024 10:37,06-11-2024 10:37,Order Confirmed,Paid,Jaipur,
ORD003364,CUST0420,EMP026,10-10-2024 18:35,29-10-2024 18:35,Dispatched,Paid,Mumbai,25-10-2024 18:35
ORD003365,CUST0097,EMP017,10-10-2024 21:45,08-11-2024 21:45,Delivered,Paid,Ahmedabad,08-11-2024 21:45
ORD003366,CUST0301,EMP030,11-10-2024 04:42,23-10-2024 04:42,Dispatched,Paid,Hyderabad,18-10-2024 04:42
ORD003367,CUST0182,EMP034,11-10-2024 05:18,24-10-2024 05:18,Delivered,Overdue,Mumbai,20-10-2024 05:18
ORD003368,CUST0302,EMP026,11-10-2024 11:02,31-10-2024 11:02,Order Confirmed,Overdue,Jaipur,
ORD003369,CUST0279,EMP019,11-10-2024 13:19,31-10-2024 13:19,Delivered,Paid,Hyderabad,30-10-2024 13:19
ORD003370,CUST0148,EMP044,11-10-2024 16:03,21-10-2024 16:03,Delivered,Partially Paid,Vadodara,21-10-2024 16:03
ORD003371,CUST0326,EMP044,11-10-2024 18:02,02-11-2024 18:02,Dispatched,Pending,Delhi,31-10-2024 18:02
ORD003372,CUST0131,EMP044,12-10-2024 02:06,28-10-2024 02:06,Delivered,Paid,Delhi,22-10-2024 02:06
ORD003373,CUST0454,EMP003,12-10-2024 09:15,22-10-2024 09:15,Order Confirmed,Partially Paid,Gurugram,
ORD003374,CUST0474,EMP038,12-10-2024 09:21,31-10-2024 09:21,Order Confirmed,Overdue,Bengaluru,
ORD003375,CUST0083,EMP038,12-10-2024 13:49,04-11-2024 13:49,Delivered,Paid,Kolkata,03-11-2024 13:49
ORD003376,CUST0364,EMP038,12-10-2024 18:28,19-10-2024 18:28,Order Confirmed,Paid,Delhi,
ORD003377,CUST0465,EMP034,12-10-2024 19:28,10-11-2024 19:28,Delivered,Partially Paid,Vadodara,07-11-2024 19:28
ORD003378,CUST0064,EMP017,13-10-2024 01:20,03-11-2024 01:20,Delivered,Partially Paid,Hyderabad,31-10-2024 01:20
ORD003379,CUST0370,EMP034,13-10-2024 02:45,26-10-2024 02:45,Quotation,Paid,Faridabad,
ORD003380,CUST0469,EMP026,13-10-2024 04:57,07-11-2024 04:57,In Production,Paid,Ludhiana,
ORD003381,CUST0113,EMP038,13-10-2024 05:58,09-11-2024 05:58,Delivered,Partially Paid,Bengaluru,07-11-2024 05:58
ORD003382,CUST0292,EMP017,13-10-2024 08:55,11-11-2024 08:55,In Production,Paid,Chennai,
ORD003383,CUST0399,EMP034,13-10-2024 23:36,07-11-2024 23:36,Delivered,Pending,Faridabad,04-11-2024 23:36
ORD003384,CUST0167,EMP034,14-10-2024 00:12,25-10-2024 00:12,Order Confirmed,Pending,Chennai,
ORD003385,CUST0119,EMP038,14-10-2024 00:44,24-10-2024 00:44,Cancelled,Paid,Hyderabad,
ORD003386,CUST0199,EMP011,14-10-2024 07:41,26-10-2024 07:41,Dispatched,Partially Paid,Ludhiana,25-10-2024 07:41
ORD003387,CUST0168,EMP038,14-10-2024 07:44,11-11-2024 07:44,Dispatched,Partially Paid,Bengaluru,07-11-2024 07:44
ORD003388,CUST0363,EMP014,14-10-2024 14:13,28-10-2024 14:13,Delivered,Paid,Vadodara,27-10-2024 14:13
ORD003389,CUST0186,EMP044,14-10-2024 15:30,28-10-2024 15:30,In Production,Paid,Delhi,
ORD003390,CUST0189,EMP003,14-10-2024 18:12,11-11-2024 18:12,Delivered,Paid,Jaipur,08-11-2024 18:12
ORD003391,CUST0473,EMP014,14-10-2024 19:16,25-10-2024 19:16,Quotation,Pending,Ludhiana,
ORD003392,CUST0290,EMP030,14-10-2024 21:51,30-10-2024 21:51,Order Confirmed,Pending,Ahmedabad,
ORD003393,CUST0465,EMP026,15-10-2024 00:32,29-10-2024 00:32,Order Confirmed,Paid,Vadodara,
ORD003394,CUST0356,EMP030,15-10-2024 04:20,29-10-2024 04:20,Delivered,Pending,Chennai,27-10-2024 04:20
ORD003395,CUST0443,EMP019,15-10-2024 09:54,05-11-2024 09:54,Delivered,Paid,Kolkata,01-11-2024 09:54
ORD003396,CUST0098,EMP003,16-10-2024 02:04,09-11-2024 02:04,Quotation,Paid,Ludhiana,
ORD003397,CUST0470,EMP030,16-10-2024 04:15,29-10-2024 04:15,Delivered,Paid,Jaipur,26-10-2024 04:15
ORD003398,CUST0473,EMP026,16-10-2024 12:41,23-10-2024 12:41,Delivered,Pending,Ludhiana,19-10-2024 12:41
ORD003399,CUST0021,EMP026,16-10-2024 13:58,07-11-2024 13:58,Quotation,Paid,Ahmedabad,
ORD003400,CUST0179,EMP017,16-10-2024 14:27,05-11-2024 14:27,Order Confirmed,Partially Paid,Hyderabad,
ORD003401,CUST0207,EMP038,16-10-2024 17:58,07-11-2024 17:58,In Production,Paid,Ahmedabad,
ORD003402,CUST0210,EMP034,16-10-2024 20:17,02-11-2024 20:17,Order Confirmed,Paid,Hyderabad,
ORD003403,CUST0390,EMP011,16-10-2024 20:40,10-11-2024 20:40,Delivered,Paid,Ahmedabad,06-11-2024 20:40
ORD003404,CUST0350,EMP003,16-10-2024 22:52,06-11-2024 22:52,Dispatched,Paid,Bengaluru,05-11-2024 22:52
ORD003405,CUST0107,EMP011,17-10-2024 03:33,11-11-2024 03:33,Dispatched,Pending,Chennai,07-11-2024 03:33
ORD003406,CUST0305,EMP003,17-10-2024 06:10,10-11-2024 06:10,Delivered,Paid,Noida,09-11-2024 06:10
ORD003407,CUST0488,EMP034,17-10-2024 06:54,04-11-2024 06:54,In Production,Paid,Delhi,
ORD003408,CUST0221,EMP030,17-10-2024 14:24,31-10-2024 14:24,Delivered,Paid,Surat,29-10-2024 14:24
ORD003409,CUST0465,EMP019,17-10-2024 14:45,06-11-2024 14:45,Delivered,Partially Paid,Vadodara,05-11-2024 14:45
ORD003410,CUST0325,EMP026,18-10-2024 01:21,09-11-2024 01:21,In Production,Paid,Mumbai,
ORD003411,CUST0463,EMP038,18-10-2024 03:54,07-11-2024 03:54,Delivered,Partially Paid,Mumbai,04-11-2024 03:54
ORD003412,CUST0452,EMP038,18-10-2024 04:40,06-11-2024 04:40,Order Confirmed,Paid,Vadodara,
ORD003413,CUST0009,EMP019,18-10-2024 16:05,02-11-2024 16:05,On Hold,Paid,Surat,
ORD003414,CUST0401,EMP026,19-10-2024 15:20,29-10-2024 15:20,Dispatched,Pending,Vadodara,24-10-2024 15:20
ORD003415,CUST0095,EMP026,19-10-2024 16:34,05-11-2024 16:34,Delivered,Paid,Surat,01-11-2024 16:34
ORD003416,CUST0413,EMP044,19-10-2024 18:54,16-11-2024 18:54,On Hold,Partially Paid,Ludhiana,
ORD003417,CUST0405,EMP034,19-10-2024 22:44,12-11-2024 22:44,Delivered,Partially Paid,Vadodara,12-11-2024 22:44
ORD003418,CUST0130,EMP017,20-10-2024 00:17,14-11-2024 00:17,Delivered,Partially Paid,Noida,14-11-2024 00:17
ORD003419,CUST0034,EMP038,20-10-2024 00:59,13-11-2024 00:59,Delivered,Paid,Noida,11-11-2024 00:59
ORD003420,CUST0210,EMP017,20-10-2024 01:50,18-11-2024 01:50,Order Confirmed,Partially Paid,Hyderabad,
ORD003421,CUST0152,EMP034,20-10-2024 08:04,01-11-2024 08:04,Cancelled,Paid,Mumbai,
ORD003422,CUST0277,EMP044,20-10-2024 08:24,13-11-2024 08:24,Dispatched,Paid,Noida,09-11-2024 08:24
ORD003423,CUST0042,EMP038,20-10-2024 08:44,28-10-2024 08:44,Delivered,Paid,Faridabad,27-10-2024 08:44
ORD003424,CUST0023,EMP011,20-10-2024 09:16,01-11-2024 09:16,Delivered,Paid,Ludhiana,26-10-2024 09:16
ORD003425,CUST0219,EMP014,20-10-2024 16:08,27-10-2024 16:08,Order Confirmed,Paid,Chennai,
ORD003426,CUST0385,EMP034,20-10-2024 16:41,06-11-2024 16:41,Dispatched,Partially Paid,Faridabad,02-11-2024 16:41
ORD003427,CUST0158,EMP011,20-10-2024 17:26,30-10-2024 17:26,Order Confirmed,Paid,Surat,
ORD003428,CUST0162,EMP003,20-10-2024 17:38,05-11-2024 17:38,Order Confirmed,Paid,Hyderabad,
ORD003429,CUST0083,EMP014,20-10-2024 18:35,30-10-2024 18:35,Delivered,Paid,Kolkata,24-10-2024 18:35
ORD003430,CUST0142,EMP019,20-10-2024 20:52,27-10-2024 20:52,Quotation,Paid,Jaipur,
ORD003431,CUST0150,EMP011,20-10-2024 21:30,07-11-2024 21:30,On Hold,Paid,Kolkata,
ORD003432,CUST0130,EMP011,21-10-2024 00:34,06-11-2024 00:34,Dispatched,Partially Paid,Noida,31-10-2024 00:34
ORD003433,CUST0172,EMP017,21-10-2024 03:12,07-11-2024 03:12,Dispatched,Paid,Delhi,07-11-2024 03:12
ORD003434,CUST0142,EMP026,21-10-2024 10:32,05-11-2024 10:32,In Production,Pending,Jaipur,
ORD003435,CUST0341,EMP026,21-10-2024 14:30,06-11-2024 14:30,Order Confirmed,Paid,Mumbai,
ORD003436,CUST0170,EMP034,22-10-2024 06:30,29-10-2024 06:30,Delivered,Paid,Mumbai,23-10-2024 06:30
ORD003437,CUST0378,EMP044,22-10-2024 06:42,09-11-2024 06:42,In Production,Paid,Jaipur,
ORD003438,CUST0303,EMP003,22-10-2024 11:29,18-11-2024 11:29,Delivered,Paid,Chennai,18-11-2024 11:29
ORD003439,CUST0321,EMP030,23-10-2024 00:23,02-11-2024 00:23,Delivered,Overdue,Noida,02-11-2024 00:23
ORD003440,CUST0292,EMP011,23-10-2024 01:07,02-11-2024 01:07,Order Confirmed,Pending,Chennai,
ORD003441,CUST0462,EMP017,23-10-2024 06:26,17-11-2024 06:26,Dispatched,Paid,Noida,14-11-2024 06:26
ORD003442,CUST0128,EMP017,23-10-2024 11:59,11-11-2024 11:59,In Production,Paid,Mumbai,
ORD003443,CUST0492,EMP034,23-10-2024 15:50,05-11-2024 15:50,Order Confirmed,Pending,Gurugram,
ORD003444,CUST0104,EMP014,23-10-2024 19:07,17-11-2024 19:07,Delivered,Paid,Vadodara,14-11-2024 19:07
ORD003445,CUST0070,EMP038,23-10-2024 19:08,06-11-2024 19:08,Quotation,Overdue,Bengaluru,
ORD003446,CUST0414,EMP017,23-10-2024 20:18,13-11-2024 20:18,In Production,Paid,Ahmedabad,
ORD003447,CUST0448,EMP038,24-10-2024 04:53,13-11-2024 04:53,Delivered,Paid,Bengaluru,09-11-2024 04:53
ORD003448,CUST0047,EMP044,24-10-2024 06:38,04-11-2024 06:38,Dispatched,Paid,Ahmedabad,04-11-2024 06:38
ORD003449,CUST0300,EMP026,24-10-2024 15:56,18-11-2024 15:56,Cancelled,Paid,Ludhiana,
ORD003450,CUST0257,EMP011,24-10-2024 19:44,14-11-2024 19:44,Delivered,Paid,Bengaluru,14-11-2024 19:44
ORD003451,CUST0111,EMP034,25-10-2024 02:05,06-11-2024 02:05,Delivered,Paid,Surat,01-11-2024 02:05
ORD003452,CUST0261,EMP019,25-10-2024 02:25,19-11-2024 02:25,Dispatched,Pending,Surat,15-11-2024 02:25
ORD003453,CUST0343,EMP017,25-10-2024 05:25,15-11-2024 05:25,Dispatched,Paid,Ahmedabad,13-11-2024 05:25
ORD003454,CUST0288,EMP019,25-10-2024 08:04,21-11-2024 08:04,Quotation,Partially Paid,Faridabad,
ORD003455,CUST0260,EMP014,25-10-2024 10:25,20-11-2024 10:25,Delivered,Paid,Ahmedabad,19-11-2024 10:25
ORD003456,CUST0443,EMP014,25-10-2024 23:06,08-11-2024 23:06,Dispatched,Paid,Kolkata,07-11-2024 23:06
ORD003457,CUST0113,EMP044,25-10-2024 23:56,23-11-2024 23:56,In Production,Paid,Bengaluru,
ORD003458,CUST0312,EMP014,26-10-2024 00:16,02-11-2024 00:16,Delivered,Partially Paid,Pune,31-10-2024 00:16
ORD003459,CUST0159,EMP019,26-10-2024 04:34,10-11-2024 04:34,Delivered,Pending,Mumbai,07-11-2024 04:34
ORD003460,CUST0487,EMP034,26-10-2024 07:57,16-11-2024 07:57,Dispatched,Pending,Delhi,11-11-2024 07:57
ORD003461,CUST0126,EMP014,26-10-2024 15:16,14-11-2024 15:16,Order Confirmed,Pending,Gurugram,
ORD003462,CUST0436,EMP030,26-10-2024 20:01,07-11-2024 20:01,Cancelled,Paid,Delhi,
ORD003463,CUST0317,EMP038,26-10-2024 23:53,06-11-2024 23:53,Order Confirmed,Paid,Faridabad,
ORD003464,CUST0108,EMP038,27-10-2024 01:48,21-11-2024 01:48,On Hold,Paid,Ludhiana,
ORD003465,CUST0380,EMP003,27-10-2024 07:44,24-11-2024 07:44,Dispatched,Partially Paid,Faridabad,21-11-2024 07:44
ORD003466,CUST0121,EMP019,27-10-2024 09:09,19-11-2024 09:09,Cancelled,Paid,Bengaluru,
ORD003467,CUST0132,EMP003,27-10-2024 17:42,15-11-2024 17:42,Cancelled,Pending,Surat,
ORD003468,CUST0173,EMP030,27-10-2024 19:25,21-11-2024 19:25,In Production,Overdue,Ahmedabad,
ORD003469,CUST0341,EMP017,28-10-2024 02:54,09-11-2024 02:54,Delivered,Paid,Mumbai,06-11-2024 02:54
ORD003470,CUST0196,EMP038,29-10-2024 12:08,28-11-2024 12:08,Order Confirmed,Paid,Delhi,
ORD003471,CUST0285,EMP011,30-10-2024 01:56,08-11-2024 01:56,Order Confirmed,Paid,Jaipur,
ORD003472,CUST0277,EMP038,30-10-2024 07:02,20-11-2024 07:02,In Production,Paid,Noida,
ORD003473,CUST0099,EMP017,30-10-2024 08:04,14-11-2024 08:04,Delivered,Paid,Ludhiana,08-11-2024 08:04
ORD003474,CUST0117,EMP044,30-10-2024 08:45,27-11-2024 08:45,Quotation,Paid,Delhi,
ORD003475,CUST0154,EMP011,30-10-2024 12:43,11-11-2024 12:43,Dispatched,Pending,Jaipur,11-11-2024 12:43
ORD003476,CUST0112,EMP014,30-10-2024 14:57,21-11-2024 14:57,On Hold,Partially Paid,Faridabad,
ORD003477,CUST0460,EMP017,30-10-2024 18:04,09-11-2024 18:04,Delivered,Paid,Jaipur,09-11-2024 18:04
ORD003478,CUST0191,EMP044,30-10-2024 18:22,10-11-2024 18:22,Order Confirmed,Paid,Gurugram,
ORD003479,CUST0203,EMP034,31-10-2024 23:54,16-11-2024 23:54,Dispatched,Partially Paid,Bengaluru,10-11-2024 23:54
ORD003480,CUST0337,EMP038,01-11-2024 00:01,27-11-2024 00:01,Order Confirmed,Paid,Noida,
ORD003481,CUST0395,EMP026,01-11-2024 09:33,14-11-2024 09:33,In Production,Pending,Bengaluru,
ORD003482,CUST0345,EMP034,01-11-2024 10:13,24-11-2024 10:13,Cancelled,Paid,Faridabad,
ORD003483,CUST0276,EMP030,01-11-2024 13:05,21-11-2024 13:05,On Hold,Overdue,Mumbai,
ORD003484,CUST0489,EMP030,01-11-2024 21:24,01-12-2024 21:24,Order Confirmed,Pending,Hyderabad,
ORD003485,CUST0450,EMP038,01-11-2024 22:31,15-11-2024 22:31,Order Confirmed,Pending,Faridabad,
ORD003486,CUST0102,EMP044,02-11-2024 12:36,14-11-2024 12:36,In Production,Partially Paid,Pune,
ORD003487,CUST0081,EMP026,02-11-2024 15:42,30-11-2024 15:42,Dispatched,Paid,Delhi,24-11-2024 15:42
ORD003488,CUST0197,EMP019,02-11-2024 16:25,16-11-2024 16:25,Order Confirmed,Paid,Kolkata,
ORD003489,CUST0418,EMP030,02-11-2024 18:10,14-11-2024 18:10,Order Confirmed,Partially Paid,Noida,
ORD003490,CUST0483,EMP034,02-11-2024 21:33,28-11-2024 21:33,Dispatched,Paid,Pune,26-11-2024 21:33
ORD003491,CUST0352,EMP044,02-11-2024 22:50,28-11-2024 22:50,Order Confirmed,Paid,Ludhiana,
ORD003492,CUST0346,EMP030,03-11-2024 04:15,11-11-2024 04:15,Delivered,Paid,Ludhiana,10-11-2024 04:15
ORD003493,CUST0117,EMP044,03-11-2024 07:26,30-11-2024 07:26,Delivered,Paid,Delhi,30-11-2024 07:26
ORD003494,CUST0297,EMP034,03-11-2024 17:04,25-11-2024 17:04,Delivered,Paid,Bengaluru,24-11-2024 17:04
ORD003495,CUST0093,EMP044,04-11-2024 00:46,17-11-2024 00:46,Dispatched,Paid,Ludhiana,11-11-2024 00:46
ORD003496,CUST0270,EMP034,04-11-2024 01:42,23-11-2024 01:42,Delivered,Paid,Jaipur,18-11-2024 01:42
ORD003497,CUST0097,EMP038,04-11-2024 10:45,16-11-2024 10:45,Order Confirmed,Paid,Ahmedabad,
ORD003498,CUST0038,EMP011,04-11-2024 11:40,15-11-2024 11:40,Delivered,Pending,Ludhiana,10-11-2024 11:40
ORD003499,CUST0484,EMP044,04-11-2024 12:30,14-11-2024 12:30,Quotation,Paid,Ludhiana,
ORD003500,CUST0447,EMP017,04-11-2024 13:34,14-11-2024 13:34,Cancelled,Pending,Jaipur,
ORD003501,CUST0343,EMP034,04-11-2024 17:52,24-11-2024 17:52,Order Confirmed,Overdue,Ahmedabad,
ORD003502,CUST0313,EMP017,05-11-2024 02:41,01-12-2024 02:41,Delivered,Paid,Pune,28-11-2024 02:41
ORD003503,CUST0120,EMP019,05-11-2024 22:07,23-11-2024 22:07,Quotation,Paid,Delhi,
ORD003504,CUST0286,EMP034,06-11-2024 04:24,13-11-2024 04:24,Delivered,Paid,Delhi,09-11-2024 04:24
ORD003505,CUST0375,EMP026,06-11-2024 10:33,23-11-2024 10:33,Delivered,Pending,Surat,17-11-2024 10:33
ORD003506,CUST0270,EMP034,06-11-2024 16:28,30-11-2024 16:28,Quotation,Paid,Jaipur,
ORD003507,CUST0141,EMP003,06-11-2024 17:15,03-12-2024 17:15,Delivered,Paid,Ahmedabad,01-12-2024 17:15
ORD003508,CUST0196,EMP038,07-11-2024 00:27,01-12-2024 00:27,Order Confirmed,Paid,Delhi,
ORD003509,CUST0421,EMP019,07-11-2024 01:09,22-11-2024 01:09,Delivered,Partially Paid,Bengaluru,19-11-2024 01:09
ORD003510,CUST0128,EMP034,07-11-2024 02:21,29-11-2024 02:21,In Production,Paid,Mumbai,
ORD003511,CUST0481,EMP014,07-11-2024 04:45,15-11-2024 04:45,Delivered,Paid,Mumbai,13-11-2024 04:45
ORD003512,CUST0378,EMP026,07-11-2024 11:12,23-11-2024 11:12,Delivered,Pending,Jaipur,20-11-2024 11:12
ORD003513,CUST0446,EMP026,07-11-2024 18:14,26-11-2024 18:14,Dispatched,Paid,Kolkata,25-11-2024 18:14
ORD003514,CUST0255,EMP011,07-11-2024 20:46,14-11-2024 20:46,Delivered,Partially Paid,Noida,13-11-2024 20:46
ORD003515,CUST0112,EMP019,07-11-2024 21:26,14-11-2024 21:26,Cancelled,Partially Paid,Faridabad,
ORD003516,CUST0017,EMP030,08-11-2024 00:12,04-12-2024 00:12,Delivered,Paid,Pune,02-12-2024 00:12
ORD003517,CUST0268,EMP038,08-11-2024 00:26,20-11-2024 00:26,In Production,Paid,Jaipur,
ORD003518,CUST0200,EMP038,08-11-2024 03:49,18-11-2024 03:49,Dispatched,Paid,Gurugram,12-11-2024 03:49
ORD003519,CUST0057,EMP017,08-11-2024 08:49,29-11-2024 08:49,Order Confirmed,Overdue,Ludhiana,
ORD003520,CUST0465,EMP030,08-11-2024 09:53,21-11-2024 09:53,Dispatched,Partially Paid,Vadodara,20-11-2024 09:53
ORD003521,CUST0486,EMP011,08-11-2024 14:12,08-12-2024 14:12,Order Confirmed,Paid,Faridabad,
ORD003522,CUST0187,EMP038,09-11-2024 01:44,08-12-2024 01:44,Delivered,Pending,Jaipur,04-12-2024 01:44
ORD003523,CUST0335,EMP038,09-11-2024 04:23,05-12-2024 04:23,Delivered,Paid,Jaipur,01-12-2024 04:23
ORD003524,CUST0207,EMP044,09-11-2024 07:40,23-11-2024 07:40,Delivered,Paid,Ahmedabad,19-11-2024 07:40
ORD003525,CUST0249,EMP019,09-11-2024 17:05,07-12-2024 17:05,Order Confirmed,Paid,Jaipur,
ORD003526,CUST0312,EMP017,09-11-2024 21:35,22-11-2024 21:35,Quotation,Partially Paid,Pune,
ORD003527,CUST0209,EMP034,10-11-2024 01:10,22-11-2024 01:10,Delivered,Paid,Ahmedabad,22-11-2024 01:10
ORD003528,CUST0401,EMP034,10-11-2024 03:29,10-12-2024 03:29,Delivered,Partially Paid,Vadodara,05-12-2024 03:29
ORD003529,CUST0095,EMP014,10-11-2024 05:02,03-12-2024 05:02,Cancelled,Paid,Surat,
ORD003530,CUST0335,EMP026,10-11-2024 06:32,19-11-2024 06:32,Delivered,Pending,Jaipur,14-11-2024 06:32
ORD003531,CUST0492,EMP030,10-11-2024 15:07,08-12-2024 15:07,Order Confirmed,Pending,Gurugram,
ORD003532,CUST0426,EMP019,10-11-2024 18:55,20-11-2024 18:55,Delivered,Paid,Ahmedabad,20-11-2024 18:55
ORD003533,CUST0023,EMP017,10-11-2024 23:55,03-12-2024 23:55,Delivered,Paid,Ludhiana,01-12-2024 23:55
ORD003534,CUST0057,EMP014,11-11-2024 01:59,28-11-2024 01:59,Quotation,Partially Paid,Ludhiana,
ORD003535,CUST0315,EMP019,11-11-2024 04:24,18-11-2024 04:24,Delivered,Paid,Delhi,12-11-2024 04:24
ORD003536,CUST0463,EMP014,11-11-2024 12:06,06-12-2024 12:06,Order Confirmed,Paid,Mumbai,
ORD003537,CUST0423,EMP017,11-11-2024 12:43,04-12-2024 12:43,Order Confirmed,Paid,Chennai,
ORD003538,CUST0452,EMP011,11-11-2024 17:06,09-12-2024 17:06,Quotation,Paid,Vadodara,
ORD003539,CUST0075,EMP017,12-11-2024 04:01,03-12-2024 04:01,Delivered,Pending,Delhi,02-12-2024 04:01
ORD003540,CUST0260,EMP030,12-11-2024 11:01,07-12-2024 11:01,Delivered,Paid,Ahmedabad,04-12-2024 11:01
ORD003541,CUST0363,EMP017,12-11-2024 20:19,10-12-2024 20:19,Order Confirmed,Paid,Vadodara,
ORD003542,CUST0313,EMP011,12-11-2024 21:09,12-12-2024 21:09,Delivered,Partially Paid,Pune,07-12-2024 21:09
ORD003543,CUST0389,EMP038,13-11-2024 05:15,03-12-2024 05:15,Delivered,Partially Paid,Hyderabad,28-11-2024 05:15
ORD003544,CUST0107,EMP019,13-11-2024 08:13,20-11-2024 08:13,In Production,Paid,Chennai,
ORD003545,CUST0229,EMP026,13-11-2024 16:39,28-11-2024 16:39,Quotation,Paid,Noida,
ORD003546,CUST0224,EMP026,14-11-2024 00:10,05-12-2024 00:10,In Production,Paid,Faridabad,
ORD003547,CUST0470,EMP026,14-11-2024 05:00,23-11-2024 05:00,Order Confirmed,Paid,Jaipur,
ORD003548,CUST0102,EMP019,14-11-2024 09:42,23-11-2024 09:42,Cancelled,Overdue,Pune,
ORD003549,CUST0164,EMP034,14-11-2024 09:53,30-11-2024 09:53,Delivered,Paid,Hyderabad,28-11-2024 09:53
ORD003550,CUST0011,EMP038,14-11-2024 11:06,12-12-2024 11:06,Quotation,Paid,Kolkata,
ORD003551,CUST0076,EMP044,14-11-2024 15:14,28-11-2024 15:14,Dispatched,Paid,Pune,24-11-2024 15:14
ORD003552,CUST0491,EMP019,14-11-2024 18:33,13-12-2024 18:33,In Production,Paid,Faridabad,
ORD003553,CUST0424,EMP017,14-11-2024 20:55,10-12-2024 20:55,Quotation,Partially Paid,Pune,
ORD003554,CUST0130,EMP003,14-11-2024 22:03,28-11-2024 22:03,In Production,Paid,Noida,
ORD003555,CUST0352,EMP019,15-11-2024 00:49,27-11-2024 00:49,Order Confirmed,Paid,Ludhiana,
ORD003556,CUST0297,EMP044,15-11-2024 01:49,11-12-2024 01:49,Order Confirmed,Paid,Bengaluru,
ORD003557,CUST0454,EMP014,15-11-2024 07:23,10-12-2024 07:23,In Production,Paid,Gurugram,
ORD003558,CUST0151,EMP038,15-11-2024 20:49,07-12-2024 20:49,In Production,Paid,Ludhiana,
ORD003559,CUST0498,EMP034,15-11-2024 21:38,15-12-2024 21:38,Dispatched,Partially Paid,Noida,09-12-2024 21:38
ORD003560,CUST0186,EMP030,15-11-2024 22:02,24-11-2024 22:02,Dispatched,Paid,Delhi,21-11-2024 22:02
ORD003561,CUST0359,EMP026,15-11-2024 22:26,01-12-2024 22:26,In Production,Paid,Surat,
ORD003562,CUST0199,EMP034,16-11-2024 07:08,07-12-2024 07:08,Dispatched,Paid,Ludhiana,01-12-2024 07:08
ORD003563,CUST0336,EMP003,16-11-2024 10:54,24-11-2024 10:54,Dispatched,Pending,Pune,19-11-2024 10:54
ORD003564,CUST0168,EMP011,16-11-2024 13:12,16-12-2024 13:12,On Hold,Paid,Bengaluru,
ORD003565,CUST0422,EMP011,16-11-2024 16:48,06-12-2024 16:48,Quotation,Paid,Surat,
ORD003566,CUST0319,EMP034,17-11-2024 01:24,01-12-2024 01:24,Delivered,Paid,Hyderabad,27-11-2024 01:24
ORD003567,CUST0145,EMP019,17-11-2024 03:35,29-11-2024 03:35,Order Confirmed,Paid,Kolkata,
ORD003568,CUST0481,EMP014,17-11-2024 11:11,24-11-2024 11:11,In Production,Paid,Mumbai,
ORD003569,CUST0355,EMP003,17-11-2024 11:31,08-12-2024 11:31,Delivered,Partially Paid,Delhi,03-12-2024 11:31
ORD003570,CUST0215,EMP019,17-11-2024 12:58,17-12-2024 12:58,Delivered,Paid,Vadodara,16-12-2024 12:58
ORD003571,CUST0068,EMP017,18-11-2024 11:07,25-11-2024 11:07,On Hold,Overdue,Hyderabad,
ORD003572,CUST0487,EMP011,18-11-2024 14:09,04-12-2024 14:09,Dispatched,Paid,Delhi,04-12-2024 14:09
ORD003573,CUST0378,EMP003,18-11-2024 14:25,10-12-2024 14:25,Order Confirmed,Pending,Jaipur,
ORD003574,CUST0334,EMP034,18-11-2024 21:03,05-12-2024 21:03,Delivered,Paid,Chennai,30-11-2024 21:03
ORD003575,CUST0417,EMP034,19-11-2024 01:45,11-12-2024 01:45,Order Confirmed,Paid,Ludhiana,
ORD003576,CUST0304,EMP014,19-11-2024 02:48,13-12-2024 02:48,Dispatched,Partially Paid,Faridabad,09-12-2024 02:48
ORD003577,CUST0117,EMP019,19-11-2024 08:14,19-12-2024 08:14,Delivered,Paid,Delhi,13-12-2024 08:14
ORD003578,CUST0119,EMP014,19-11-2024 12:57,10-12-2024 12:57,In Production,Paid,Hyderabad,
ORD003579,CUST0040,EMP019,19-11-2024 13:41,13-12-2024 13:41,Delivered,Pending,Jaipur,10-12-2024 13:41
ORD003580,CUST0032,EMP011,19-11-2024 17:07,03-12-2024 17:07,Order Confirmed,Partially Paid,Jaipur,
ORD003581,CUST0365,EMP044,19-11-2024 17:45,29-11-2024 17:45,Quotation,Pending,Hyderabad,
ORD003582,CUST0426,EMP034,19-11-2024 19:22,28-11-2024 19:22,On Hold,Paid,Ahmedabad,
ORD003583,CUST0082,EMP044,19-11-2024 19:34,28-11-2024 19:34,Order Confirmed,Paid,Ahmedabad,
ORD003584,CUST0287,EMP014,19-11-2024 22:42,15-12-2024 22:42,In Production,Paid,Delhi,
ORD003585,CUST0062,EMP038,20-11-2024 04:51,27-11-2024 04:51,Dispatched,Paid,Ludhiana,25-11-2024 04:51
ORD003586,CUST0208,EMP026,20-11-2024 07:56,08-12-2024 07:56,In Production,Paid,Mumbai,
ORD003587,CUST0396,EMP011,20-11-2024 18:55,11-12-2024 18:55,Order Confirmed,Partially Paid,Vadodara,
ORD003588,CUST0406,EMP017,20-11-2024 22:58,13-12-2024 22:58,Order Confirmed,Pending,Faridabad,
ORD003589,CUST0475,EMP038,20-11-2024 23:08,28-11-2024 23:08,Dispatched,Paid,Surat,23-11-2024 23:08
ORD003590,CUST0156,EMP034,20-11-2024 23:38,17-12-2024 23:38,Dispatched,Paid,Hyderabad,11-12-2024 23:38
ORD003591,CUST0475,EMP034,21-11-2024 01:08,08-12-2024 01:08,Delivered,Paid,Surat,03-12-2024 01:08
ORD003592,CUST0392,EMP014,21-11-2024 08:09,28-11-2024 08:09,In Production,Paid,Kolkata,
ORD003593,CUST0170,EMP030,21-11-2024 09:58,01-12-2024 09:58,Cancelled,Partially Paid,Mumbai,
ORD003594,CUST0164,EMP044,21-11-2024 18:11,18-12-2024 18:11,In Production,Paid,Hyderabad,
ORD003595,CUST0054,EMP003,21-11-2024 21:48,20-12-2024 21:48,In Production,Paid,Chennai,
ORD003596,CUST0461,EMP017,21-11-2024 23:06,16-12-2024 23:06,Cancelled,Pending,Delhi,
ORD003597,CUST0102,EMP003,22-11-2024 01:16,07-12-2024 01:16,Delivered,Pending,Pune,02-12-2024 01:16
ORD003598,CUST0134,EMP011,22-11-2024 02:34,21-12-2024 02:34,In Production,Paid,Ludhiana,
ORD003599,CUST0207,EMP044,22-11-2024 06:34,05-12-2024 06:34,In Production,Paid,Ahmedabad,
ORD003600,CUST0069,EMP014,22-11-2024 11:14,04-12-2024 11:14,Delivered,Paid,Faridabad,03-12-2024 11:14
ORD003601,CUST0403,EMP011,22-11-2024 16:49,17-12-2024 16:49,Order Confirmed,Paid,Pune,
ORD003602,CUST0350,EMP003,22-11-2024 19:06,06-12-2024 19:06,In Production,Paid,Bengaluru,
ORD003603,CUST0079,EMP044,22-11-2024 22:30,11-12-2024 22:30,Delivered,Paid,Noida,05-12-2024 22:30
ORD003604,CUST0082,EMP019,22-11-2024 22:39,14-12-2024 22:39,Delivered,Partially Paid,Ahmedabad,14-12-2024 22:39
ORD003605,CUST0011,EMP034,23-11-2024 00:24,03-12-2024 00:24,Delivered,Paid,Kolkata,28-11-2024 00:24
ORD003606,CUST0475,EMP014,23-11-2024 01:01,22-12-2024 01:01,Dispatched,Paid,Surat,21-12-2024 01:01
ORD003607,CUST0218,EMP030,23-11-2024 02:55,03-12-2024 02:55,On Hold,Partially Paid,Bengaluru,
ORD003608,CUST0328,EMP038,23-11-2024 09:27,23-12-2024 09:27,Order Confirmed,Paid,Ludhiana,
ORD003609,CUST0075,EMP030,23-11-2024 14:20,06-12-2024 14:20,Delivered,Paid,Delhi,06-12-2024 14:20
ORD003610,CUST0116,EMP026,23-11-2024 15:32,10-12-2024 15:32,Order Confirmed,Paid,Vadodara,
ORD003611,CUST0271,EMP014,23-11-2024 15:34,06-12-2024 15:34,Delivered,Paid,Faridabad,01-12-2024 15:34
ORD003612,CUST0105,EMP014,23-11-2024 19:01,12-12-2024 19:01,Delivered,Paid,Ludhiana,10-12-2024 19:01
ORD003613,CUST0307,EMP026,23-11-2024 19:32,30-11-2024 19:32,In Production,Paid,Mumbai,
ORD003614,CUST0462,EMP019,24-11-2024 04:22,05-12-2024 04:22,Delivered,Paid,Noida,29-11-2024 04:22
ORD003615,CUST0153,EMP003,24-11-2024 10:28,13-12-2024 10:28,Delivered,Pending,Surat,12-12-2024 10:28
ORD003616,CUST0304,EMP011,24-11-2024 11:54,17-12-2024 11:54,Dispatched,Pending,Faridabad,13-12-2024 11:54
ORD003617,CUST0458,EMP019,24-11-2024 12:23,24-12-2024 12:23,Quotation,Paid,Noida,
ORD003618,CUST0447,EMP011,24-11-2024 14:14,21-12-2024 14:14,Quotation,Pending,Jaipur,
ORD003619,CUST0004,EMP026,24-11-2024 15:47,23-12-2024 15:47,Delivered,Paid,Ahmedabad,19-12-2024 15:47
ORD003620,CUST0056,EMP017,24-11-2024 19:15,20-12-2024 19:15,Delivered,Paid,Gurugram,15-12-2024 19:15
ORD003621,CUST0494,EMP014,24-11-2024 21:23,19-12-2024 21:23,In Production,Paid,Chennai,
ORD003622,CUST0463,EMP011,24-11-2024 23:41,09-12-2024 23:41,Order Confirmed,Paid,Mumbai,
ORD003623,CUST0161,EMP026,25-11-2024 07:28,23-12-2024 07:28,Delivered,Paid,Kolkata,17-12-2024 07:28
ORD003624,CUST0261,EMP011,25-11-2024 11:50,25-12-2024 11:50,In Production,Overdue,Surat,
ORD003625,CUST0287,EMP030,25-11-2024 12:06,14-12-2024 12:06,Quotation,Paid,Delhi,
ORD003626,CUST0335,EMP044,25-11-2024 15:08,04-12-2024 15:08,In Production,Paid,Jaipur,
ORD003627,CUST0376,EMP044,25-11-2024 17:23,03-12-2024 17:23,Delivered,Paid,Hyderabad,29-11-2024 17:23
ORD003628,CUST0187,EMP030,25-11-2024 17:37,13-12-2024 17:37,On Hold,Pending,Jaipur,
ORD003629,CUST0445,EMP038,25-11-2024 19:58,17-12-2024 19:58,Delivered,Paid,Ahmedabad,15-12-2024 19:58
ORD003630,CUST0030,EMP044,26-11-2024 04:32,16-12-2024 04:32,Order Confirmed,Pending,Mumbai,
ORD003631,CUST0017,EMP030,26-11-2024 04:53,24-12-2024 04:53,Delivered,Paid,Pune,21-12-2024 04:53
ORD003632,CUST0479,EMP014,26-11-2024 05:08,15-12-2024 05:08,In Production,Partially Paid,Gurugram,
ORD003633,CUST0089,EMP026,26-11-2024 09:00,18-12-2024 09:00,Cancelled,Paid,Vadodara,
ORD003634,CUST0498,EMP038,26-11-2024 15:52,21-12-2024 15:52,In Production,Paid,Noida,
ORD003635,CUST0143,EMP030,26-11-2024 19:46,24-12-2024 19:46,Cancelled,Paid,Jaipur,
ORD003636,CUST0183,EMP017,27-11-2024 01:04,18-12-2024 01:04,Delivered,Paid,Pune,14-12-2024 01:04
ORD003637,CUST0014,EMP011,27-11-2024 05:06,17-12-2024 05:06,Delivered,Paid,Jaipur,11-12-2024 05:06
ORD003638,CUST0472,EMP011,27-11-2024 08:40,05-12-2024 08:40,Quotation,Paid,Mumbai,
ORD003639,CUST0180,EMP017,27-11-2024 12:59,19-12-2024 12:59,Delivered,Paid,Jaipur,18-12-2024 12:59
ORD003640,CUST0084,EMP038,27-11-2024 14:12,08-12-2024 14:12,Delivered,Paid,Chennai,08-12-2024 14:12
ORD003641,CUST0242,EMP026,27-11-2024 14:53,12-12-2024 14:53,In Production,Paid,Jaipur,
ORD003642,CUST0078,EMP003,27-11-2024 23:14,16-12-2024 23:14,Dispatched,Partially Paid,Noida,13-12-2024 23:14
ORD003643,CUST0395,EMP044,28-11-2024 12:26,06-12-2024 12:26,Delivered,Partially Paid,Bengaluru,04-12-2024 12:26
ORD003644,CUST0037,EMP019,28-11-2024 13:47,21-12-2024 13:47,Cancelled,Overdue,Hyderabad,
ORD003645,CUST0250,EMP017,28-11-2024 21:01,11-12-2024 21:01,Delivered,Paid,Hyderabad,05-12-2024 21:01
ORD003646,CUST0196,EMP038,28-11-2024 23:01,17-12-2024 23:01,Dispatched,Paid,Delhi,16-12-2024 23:01
ORD003647,CUST0019,EMP017,29-11-2024 02:55,14-12-2024 02:55,Delivered,Overdue,Vadodara,13-12-2024 02:55
ORD003648,CUST0027,EMP030,29-11-2024 14:24,14-12-2024 14:24,Order Confirmed,Overdue,Bengaluru,
ORD003649,CUST0260,EMP044,29-11-2024 15:04,15-12-2024 15:04,Dispatched,Overdue,Ahmedabad,15-12-2024 15:04
ORD003650,CUST0198,EMP026,29-11-2024 22:27,07-12-2024 22:27,Delivered,Paid,Gurugram,01-12-2024 22:27
ORD003651,CUST0065,EMP030,30-11-2024 05:18,11-12-2024 05:18,Delivered,Paid,Bengaluru,07-12-2024 05:18
ORD003652,CUST0070,EMP017,30-11-2024 15:37,25-12-2024 15:37,Delivered,Overdue,Bengaluru,19-12-2024 15:37
ORD003653,CUST0403,EMP038,30-11-2024 15:57,09-12-2024 15:57,Dispatched,Paid,Pune,08-12-2024 15:57
ORD003654,CUST0366,EMP003,30-11-2024 17:44,18-12-2024 17:44,In Production,Paid,Pune,
ORD003655,CUST0304,EMP014,30-11-2024 18:50,10-12-2024 18:50,Delivered,Overdue,Faridabad,10-12-2024 18:50
ORD003656,CUST0417,EMP044,30-11-2024 22:56,19-12-2024 22:56,Order Confirmed,Pending,Ludhiana,
ORD003657,CUST0035,EMP019,30-11-2024 23:08,22-12-2024 23:08,On Hold,Paid,Ahmedabad,
ORD003658,CUST0344,EMP011,01-12-2024 07:16,19-12-2024 07:16,Cancelled,Paid,Ahmedabad,
ORD003659,CUST0377,EMP019,01-12-2024 20:17,26-12-2024 20:17,Delivered,Pending,Delhi,23-12-2024 20:17
ORD003660,CUST0101,EMP014,01-12-2024 22:00,14-12-2024 22:00,Delivered,Paid,Noida,13-12-2024 22:00
ORD003661,CUST0269,EMP026,02-12-2024 13:12,22-12-2024 13:12,Dispatched,Partially Paid,Faridabad,22-12-2024 13:12
ORD003662,CUST0384,EMP014,02-12-2024 14:49,15-12-2024 14:49,Dispatched,Paid,Jaipur,09-12-2024 14:49
ORD003663,CUST0302,EMP017,02-12-2024 16:32,21-12-2024 16:32,Delivered,Paid,Jaipur,19-12-2024 16:32
ORD003664,CUST0125,EMP044,03-12-2024 03:01,11-12-2024 03:01,In Production,Partially Paid,Chennai,
ORD003665,CUST0333,EMP003,03-12-2024 10:56,16-12-2024 10:56,Delivered,Overdue,Pune,16-12-2024 10:56
ORD003666,CUST0380,EMP034,03-12-2024 13:11,26-12-2024 13:11,Order Confirmed,Paid,Faridabad,
ORD003667,CUST0005,EMP003,03-12-2024 20:07,28-12-2024 20:07,Delivered,Paid,Surat,27-12-2024 20:07
ORD003668,CUST0284,EMP019,03-12-2024 23:04,16-12-2024 23:04,Delivered,Paid,Gurugram,14-12-2024 23:04
ORD003669,CUST0253,EMP030,05-12-2024 00:02,18-12-2024 00:02,Delivered,Paid,Bengaluru,12-12-2024 00:02
ORD003670,CUST0184,EMP044,05-12-2024 00:24,19-12-2024 00:24,Dispatched,Overdue,Pune,15-12-2024 00:24
ORD003671,CUST0023,EMP014,05-12-2024 02:28,18-12-2024 02:28,Delivered,Paid,Ludhiana,15-12-2024 02:28
ORD003672,CUST0042,EMP003,05-12-2024 12:06,04-01-2025 12:06,Cancelled,Overdue,Faridabad,
ORD003673,CUST0376,EMP034,05-12-2024 14:29,27-12-2024 14:29,Dispatched,Pending,Hyderabad,23-12-2024 14:29
ORD003674,CUST0414,EMP038,05-12-2024 19:37,21-12-2024 19:37,Order Confirmed,Paid,Ahmedabad,
ORD003675,CUST0210,EMP026,05-12-2024 22:59,23-12-2024 22:59,Order Confirmed,Paid,Hyderabad,
ORD003676,CUST0470,EMP003,06-12-2024 01:05,25-12-2024 01:05,Delivered,Overdue,Jaipur,20-12-2024 01:05
ORD003677,CUST0464,EMP026,06-12-2024 02:50,26-12-2024 02:50,Delivered,Paid,Pune,25-12-2024 02:50
ORD003678,CUST0333,EMP017,06-12-2024 10:50,22-12-2024 10:50,Delivered,Pending,Pune,19-12-2024 10:50
ORD003679,CUST0291,EMP019,06-12-2024 13:31,05-01-2025 13:31,Quotation,Paid,Pune,
ORD003680,CUST0483,EMP003,06-12-2024 15:44,19-12-2024 15:44,Quotation,Paid,Pune,
ORD003681,CUST0305,EMP017,06-12-2024 16:03,23-12-2024 16:03,Delivered,Paid,Noida,21-12-2024 16:03
ORD003682,CUST0468,EMP044,06-12-2024 19:21,13-12-2024 19:21,Delivered,Paid,Hyderabad,13-12-2024 19:21
ORD003683,CUST0490,EMP003,06-12-2024 20:44,24-12-2024 20:44,Order Confirmed,Partially Paid,Mumbai,
ORD003684,CUST0098,EMP044,06-12-2024 22:14,02-01-2025 22:14,Quotation,Paid,Ludhiana,
ORD003685,CUST0331,EMP026,06-12-2024 23:35,05-01-2025 23:35,Order Confirmed,Paid,Bengaluru,
ORD003686,CUST0366,EMP026,07-12-2024 14:49,25-12-2024 14:49,Delivered,Paid,Pune,22-12-2024 14:49
ORD003687,CUST0411,EMP044,07-12-2024 22:50,17-12-2024 22:50,Delivered,Paid,Pune,13-12-2024 22:50
ORD003688,CUST0175,EMP014,08-12-2024 02:25,01-01-2025 02:25,Delivered,Overdue,Faridabad,28-12-2024 02:25
ORD003689,CUST0431,EMP044,08-12-2024 04:49,30-12-2024 04:49,Delivered,Pending,Ludhiana,30-12-2024 04:49
ORD003690,CUST0244,EMP014,08-12-2024 16:37,07-01-2025 16:37,Delivered,Paid,Hyderabad,05-01-2025 16:37
ORD003691,CUST0194,EMP017,09-12-2024 01:00,28-12-2024 01:00,In Production,Overdue,Kolkata,
ORD003692,CUST0079,EMP019,09-12-2024 20:10,16-12-2024 20:10,In Production,Paid,Noida,
ORD003693,CUST0161,EMP030,09-12-2024 21:24,06-01-2025 21:24,Dispatched,Paid,Kolkata,04-01-2025 21:24
ORD003694,CUST0488,EMP017,10-12-2024 06:44,02-01-2025 06:44,On Hold,Paid,Delhi,
ORD003695,CUST0359,EMP034,10-12-2024 09:55,05-01-2025 09:55,Delivered,Pending,Surat,04-01-2025 09:55
ORD003696,CUST0364,EMP003,10-12-2024 12:16,19-12-2024 12:16,Delivered,Paid,Delhi,16-12-2024 12:16
ORD003697,CUST0448,EMP030,10-12-2024 12:22,27-12-2024 12:22,Delivered,Pending,Bengaluru,24-12-2024 12:22
ORD003698,CUST0134,EMP030,10-12-2024 18:59,27-12-2024 18:59,Order Confirmed,Paid,Ludhiana,
ORD003699,CUST0331,EMP026,11-12-2024 01:59,24-12-2024 01:59,In Production,Paid,Bengaluru,
ORD003700,CUST0186,EMP030,11-12-2024 07:36,07-01-2025 07:36,Delivered,Paid,Delhi,02-01-2025 07:36
ORD003701,CUST0424,EMP034,11-12-2024 08:31,22-12-2024 08:31,On Hold,Paid,Pune,
ORD003702,CUST0212,EMP044,11-12-2024 14:18,19-12-2024 14:18,Order Confirmed,Paid,Bengaluru,
ORD003703,CUST0428,EMP014,11-12-2024 14:38,23-12-2024 14:38,Dispatched,Pending,Vadodara,18-12-2024 14:38
ORD003704,CUST0374,EMP019,11-12-2024 23:51,10-01-2025 23:51,Cancelled,Partially Paid,Bengaluru,
ORD003705,CUST0386,EMP026,12-12-2024 02:04,21-12-2024 02:04,Delivered,Paid,Noida,15-12-2024 02:04
ORD003706,CUST0463,EMP017,13-12-2024 06:58,02-01-2025 06:58,Delivered,Partially Paid,Mumbai,31-12-2024 06:58
ORD003707,CUST0396,EMP044,13-12-2024 08:35,24-12-2024 08:35,Order Confirmed,Paid,Vadodara,
ORD003708,CUST0161,EMP026,13-12-2024 10:41,29-12-2024 10:41,Order Confirmed,Pending,Kolkata,
ORD003709,CUST0261,EMP026,14-12-2024 05:57,03-01-2025 05:57,In Production,Paid,Surat,
ORD003710,CUST0237,EMP011,14-12-2024 13:28,21-12-2024 13:28,Order Confirmed,Partially Paid,Bengaluru,
ORD003711,CUST0033,EMP019,14-12-2024 19:30,26-12-2024 19:30,Delivered,Paid,Delhi,25-12-2024 19:30
ORD003712,CUST0297,EMP030,14-12-2024 19:43,04-01-2025 19:43,Delivered,Paid,Bengaluru,01-01-2025 19:43
ORD003713,CUST0219,EMP019,14-12-2024 20:10,21-12-2024 20:10,Delivered,Partially Paid,Chennai,17-12-2024 20:10
ORD003714,CUST0197,EMP034,14-12-2024 21:42,01-01-2025 21:42,Order Confirmed,Paid,Kolkata,
ORD003715,CUST0055,EMP011,15-12-2024 06:35,05-01-2025 06:35,In Production,Partially Paid,Gurugram,
ORD003716,CUST0253,EMP011,15-12-2024 07:51,27-12-2024 07:51,Delivered,Paid,Bengaluru,25-12-2024 07:51
ORD003717,CUST0290,EMP017,15-12-2024 11:08,25-12-2024 11:08,Order Confirmed,Paid,Ahmedabad,
ORD003718,CUST0053,EMP017,15-12-2024 11:34,02-01-2025 11:34,Order Confirmed,Paid,Kolkata,
ORD003719,CUST0318,EMP038,15-12-2024 13:37,08-01-2025 13:37,In Production,Partially Paid,Delhi,
ORD003720,CUST0084,EMP038,15-12-2024 17:05,22-12-2024 17:05,Order Confirmed,Paid,Chennai,
ORD003721,CUST0073,EMP019,15-12-2024 19:31,30-12-2024 19:31,Quotation,Paid,Noida,
ORD003722,CUST0201,EMP026,16-12-2024 01:25,15-01-2025 01:25,In Production,Paid,Delhi,
ORD003723,CUST0195,EMP014,16-12-2024 03:03,31-12-2024 03:03,Delivered,Paid,Pune,28-12-2024 03:03
ORD003724,CUST0458,EMP026,16-12-2024 07:20,30-12-2024 07:20,Quotation,Partially Paid,Noida,
ORD003725,CUST0034,EMP034,16-12-2024 13:41,09-01-2025 13:41,Delivered,Pending,Noida,03-01-2025 13:41
ORD003726,CUST0175,EMP034,16-12-2024 16:06,03-01-2025 16:06,Delivered,Paid,Faridabad,29-12-2024 16:06
ORD003727,CUST0368,EMP044,16-12-2024 19:43,01-01-2025 19:43,Delivered,Paid,Pune,28-12-2024 19:43
ORD003728,CUST0125,EMP026,16-12-2024 23:33,10-01-2025 23:33,Dispatched,Paid,Chennai,04-01-2025 23:33
ORD003729,CUST0491,EMP017,17-12-2024 16:26,24-12-2024 16:26,Quotation,Partially Paid,Faridabad,
ORD003730,CUST0372,EMP003,17-12-2024 23:30,10-01-2025 23:30,Quotation,Pending,Pune,
ORD003731,CUST0474,EMP030,18-12-2024 00:40,03-01-2025 00:40,Dispatched,Paid,Bengaluru,03-01-2025 00:40
ORD003732,CUST0475,EMP038,18-12-2024 07:16,15-01-2025 07:16,On Hold,Partially Paid,Surat,
ORD003733,CUST0055,EMP026,18-12-2024 10:30,11-01-2025 10:30,In Production,Paid,Gurugram,
ORD003734,CUST0230,EMP044,18-12-2024 13:00,16-01-2025 13:00,Dispatched,Paid,Bengaluru,13-01-2025 13:00
ORD003735,CUST0373,EMP017,18-12-2024 14:37,28-12-2024 14:37,On Hold,Paid,Kolkata,
ORD003736,CUST0005,EMP003,18-12-2024 16:27,29-12-2024 16:27,Delivered,Paid,Surat,28-12-2024 16:27
ORD003737,CUST0227,EMP030,18-12-2024 17:49,15-01-2025 17:49,Delivered,Paid,Noida,13-01-2025 17:49
ORD003738,CUST0345,EMP011,18-12-2024 18:00,03-01-2025 18:00,Dispatched,Paid,Faridabad,29-12-2024 18:00
ORD003739,CUST0397,EMP003,19-12-2024 14:33,14-01-2025 14:33,Delivered,Paid,Jaipur,09-01-2025 14:33
ORD003740,CUST0208,EMP034,19-12-2024 23:54,11-01-2025 23:54,Delivered,Paid,Mumbai,08-01-2025 23:54
ORD003741,CUST0432,EMP019,20-12-2024 00:49,07-01-2025 00:49,Delivered,Paid,Jaipur,04-01-2025 00:49
ORD003742,CUST0337,EMP030,20-12-2024 01:11,28-12-2024 01:11,Delivered,Paid,Noida,24-12-2024 01:11
ORD003743,CUST0023,EMP034,20-12-2024 03:41,28-12-2024 03:41,In Production,Pending,Ludhiana,
ORD003744,CUST0139,EMP017,20-12-2024 04:34,13-01-2025 04:34,Cancelled,Paid,Gurugram,
ORD003745,CUST0469,EMP030,21-12-2024 02:03,30-12-2024 02:03,On Hold,Paid,Ludhiana,
ORD003746,CUST0002,EMP026,21-12-2024 03:18,28-12-2024 03:18,Delivered,Paid,Jaipur,22-12-2024 03:18
ORD003747,CUST0055,EMP026,21-12-2024 11:14,02-01-2025 11:14,Order Confirmed,Paid,Gurugram,
ORD003748,CUST0173,EMP034,21-12-2024 11:41,18-01-2025 11:41,Delivered,Paid,Ahmedabad,18-01-2025 11:41
ORD003749,CUST0497,EMP017,22-12-2024 02:35,13-01-2025 02:35,In Production,Paid,Vadodara,
ORD003750,CUST0353,EMP026,22-12-2024 15:15,15-01-2025 15:15,Delivered,Paid,Hyderabad,12-01-2025 15:15
ORD003751,CUST0074,EMP026,22-12-2024 15:44,13-01-2025 15:44,Order Confirmed,Paid,Jaipur,
ORD003752,CUST0197,EMP011,23-12-2024 00:31,12-01-2025 00:31,Delivered,Partially Paid,Kolkata,12-01-2025 00:31
ORD003753,CUST0470,EMP014,23-12-2024 08:50,05-01-2025 08:50,Cancelled,Paid,Jaipur,
ORD003754,CUST0110,EMP003,23-12-2024 11:29,09-01-2025 11:29,Order Confirmed,Paid,Mumbai,
ORD003755,CUST0288,EMP011,24-12-2024 03:20,13-01-2025 03:20,Delivered,Paid,Faridabad,07-01-2025 03:20
ORD003756,CUST0233,EMP019,24-12-2024 10:00,23-01-2025 10:00,Delivered,Pending,Pune,22-01-2025 10:00
ORD003757,CUST0381,EMP044,24-12-2024 11:32,21-01-2025 11:32,Order Confirmed,Partially Paid,Kolkata,
ORD003758,CUST0377,EMP044,24-12-2024 15:42,17-01-2025 15:42,Order Confirmed,Partially Paid,Delhi,
ORD003759,CUST0417,EMP034,24-12-2024 16:36,19-01-2025 16:36,In Production,Pending,Ludhiana,
ORD003760,CUST0060,EMP026,25-12-2024 04:26,20-01-2025 04:26,Delivered,Paid,Vadodara,20-01-2025 04:26
ORD003761,CUST0227,EMP014,25-12-2024 08:07,17-01-2025 08:07,Dispatched,Paid,Noida,12-01-2025 08:07
ORD003762,CUST0346,EMP017,25-12-2024 23:25,20-01-2025 23:25,Order Confirmed,Partially Paid,Ludhiana,
ORD003763,CUST0210,EMP034,26-12-2024 05:41,03-01-2025 05:41,Order Confirmed,Paid,Hyderabad,
ORD003764,CUST0334,EMP044,26-12-2024 14:09,02-01-2025 14:09,Dispatched,Partially Paid,Chennai,28-12-2024 14:09
ORD003765,CUST0318,EMP044,26-12-2024 15:47,12-01-2025 15:47,Quotation,Paid,Delhi,
ORD003766,CUST0186,EMP017,26-12-2024 18:03,03-01-2025 18:03,Delivered,Paid,Delhi,28-12-2024 18:03
ORD003767,CUST0051,EMP019,27-12-2024 06:30,11-01-2025 06:30,Quotation,Paid,Delhi,
ORD003768,CUST0486,EMP026,27-12-2024 10:29,07-01-2025 10:29,Delivered,Paid,Faridabad,05-01-2025 10:29
ORD003769,CUST0413,EMP003,27-12-2024 15:18,25-01-2025 15:18,Delivered,Paid,Ludhiana,24-01-2025 15:18
ORD003770,CUST0448,EMP011,27-12-2024 15:39,18-01-2025 15:39,Delivered,Paid,Bengaluru,14-01-2025 15:39
ORD003771,CUST0150,EMP003,27-12-2024 20:14,04-01-2025 20:14,Order Confirmed,Paid,Kolkata,
ORD003772,CUST0159,EMP034,27-12-2024 20:47,17-01-2025 20:47,Delivered,Paid,Mumbai,11-01-2025 20:47
ORD003773,CUST0162,EMP014,28-12-2024 00:46,21-01-2025 00:46,Delivered,Pending,Hyderabad,15-01-2025 00:46
ORD003774,CUST0016,EMP034,28-12-2024 11:42,11-01-2025 11:42,Dispatched,Pending,Faridabad,09-01-2025 11:42
ORD003775,CUST0085,EMP017,28-12-2024 13:16,25-01-2025 13:16,Order Confirmed,Partially Paid,Faridabad,
ORD003776,CUST0155,EMP034,28-12-2024 15:02,27-01-2025 15:02,Order Confirmed,Paid,Vadodara,
ORD003777,CUST0494,EMP011,29-12-2024 01:19,28-01-2025 01:19,Delivered,Paid,Chennai,24-01-2025 01:19
ORD003778,CUST0103,EMP017,29-12-2024 06:57,07-01-2025 06:57,Dispatched,Paid,Surat,02-01-2025 06:57
ORD003779,CUST0254,EMP014,29-12-2024 21:29,15-01-2025 21:29,Cancelled,Paid,Hyderabad,
ORD003780,CUST0274,EMP019,29-12-2024 21:48,23-01-2025 21:48,Delivered,Paid,Mumbai,18-01-2025 21:48
ORD003781,CUST0180,EMP026,30-12-2024 01:50,16-01-2025 01:50,Delivered,Pending,Jaipur,12-01-2025 01:50
ORD003782,CUST0460,EMP011,30-12-2024 09:07,17-01-2025 09:07,On Hold,Paid,Jaipur,
ORD003783,CUST0047,EMP030,30-12-2024 12:35,13-01-2025 12:35,Delivered,Paid,Ahmedabad,12-01-2025 12:35
ORD003784,CUST0436,EMP044,30-12-2024 19:51,16-01-2025 19:51,Order Confirmed,Paid,Delhi,
ORD003785,CUST0372,EMP003,31-12-2024 00:27,23-01-2025 00:27,Quotation,Paid,Pune,
ORD003786,CUST0153,EMP003,31-12-2024 01:16,07-01-2025 01:16,Delivered,Paid,Surat,03-01-2025 01:16
ORD003787,CUST0384,EMP044,31-12-2024 06:40,26-01-2025 06:40,In Production,Partially Paid,Jaipur,
ORD003788,CUST0215,EMP030,31-12-2024 11:03,24-01-2025 11:03,Cancelled,Pending,Vadodara,
ORD003789,CUST0486,EMP044,31-12-2024 16:07,10-01-2025 16:07,Order Confirmed,Partially Paid,Faridabad,
ORD003790,CUST0019,EMP034,31-12-2024 20:53,25-01-2025 20:53,Order Confirmed,Pending,Vadodara,
ORD003791,CUST0015,EMP034,31-12-2024 21:15,19-01-2025 21:15,Delivered,Paid,Hyderabad,18-01-2025 21:15
ORD003792,CUST0273,EMP011,01-01-2025 06:26,15-01-2025 06:26,Delivered,Partially Paid,Vadodara,12-01-2025 06:26
ORD003793,CUST0466,EMP026,01-01-2025 06:57,18-01-2025 06:57,Delivered,Pending,Noida,14-01-2025 06:57
ORD003794,CUST0032,EMP017,01-01-2025 09:30,20-01-2025 09:30,Order Confirmed,Paid,Jaipur,
ORD003795,CUST0389,EMP038,01-01-2025 10:27,13-01-2025 10:27,In Production,Pending,Hyderabad,
ORD003796,CUST0470,EMP003,01-01-2025 18:22,22-01-2025 18:22,Delivered,Overdue,Jaipur,22-01-2025 18:22
ORD003797,CUST0244,EMP003,01-01-2025 19:12,23-01-2025 19:12,Cancelled,Partially Paid,Hyderabad,
ORD003798,CUST0434,EMP026,01-01-2025 19:27,16-01-2025 19:27,Order Confirmed,Paid,Ludhiana,
ORD003799,CUST0379,EMP044,01-01-2025 21:37,19-01-2025 21:37,Delivered,Paid,Bengaluru,16-01-2025 21:37
ORD003800,CUST0108,EMP044,01-01-2025 21:48,22-01-2025 21:48,Order Confirmed,Partially Paid,Ludhiana,
ORD003801,CUST0428,EMP026,02-01-2025 08:20,21-01-2025 08:20,Delivered,Pending,Vadodara,19-01-2025 08:20
ORD003802,CUST0350,EMP019,02-01-2025 10:13,19-01-2025 10:13,Order Confirmed,Paid,Bengaluru,
ORD003803,CUST0007,EMP014,02-01-2025 15:03,31-01-2025 15:03,On Hold,Paid,Gurugram,
ORD003804,CUST0285,EMP044,02-01-2025 22:08,30-01-2025 22:08,Order Confirmed,Paid,Jaipur,
ORD003805,CUST0328,EMP011,03-01-2025 02:43,19-01-2025 02:43,Delivered,Paid,Ludhiana,19-01-2025 02:43
ORD003806,CUST0401,EMP011,03-01-2025 02:51,27-01-2025 02:51,Delivered,Partially Paid,Vadodara,23-01-2025 02:51
ORD003807,CUST0386,EMP026,03-01-2025 02:58,29-01-2025 02:58,Order Confirmed,Paid,Noida,
ORD003808,CUST0238,EMP017,03-01-2025 04:44,12-01-2025 04:44,Order Confirmed,Paid,Delhi,
ORD003809,CUST0150,EMP019,03-01-2025 10:50,24-01-2025 10:50,Delivered,Paid,Kolkata,19-01-2025 10:50
ORD003810,CUST0096,EMP044,03-01-2025 13:44,29-01-2025 13:44,Delivered,Paid,Jaipur,23-01-2025 13:44
ORD003811,CUST0045,EMP014,04-01-2025 08:57,12-01-2025 08:57,Delivered,Partially Paid,Bengaluru,08-01-2025 08:57
ORD003812,CUST0320,EMP038,04-01-2025 14:41,19-01-2025 14:41,Delivered,Paid,Jaipur,18-01-2025 14:41
ORD003813,CUST0480,EMP014,04-01-2025 15:19,30-01-2025 15:19,Order Confirmed,Paid,Jaipur,
ORD003814,CUST0041,EMP017,04-01-2025 15:22,02-02-2025 15:22,Cancelled,Pending,Mumbai,
ORD003815,CUST0352,EMP003,04-01-2025 19:06,03-02-2025 19:06,Order Confirmed,Paid,Ludhiana,
ORD003816,CUST0293,EMP030,04-01-2025 19:31,25-01-2025 19:31,Delivered,Paid,Gurugram,25-01-2025 19:31
ORD003817,CUST0086,EMP038,05-01-2025 11:37,13-01-2025 11:37,Cancelled,Paid,Pune,
ORD003818,CUST0107,EMP038,05-01-2025 17:48,12-01-2025 17:48,Cancelled,Partially Paid,Chennai,
ORD003819,CUST0143,EMP011,06-01-2025 03:31,01-02-2025 03:31,Order Confirmed,Paid,Jaipur,
ORD003820,CUST0343,EMP034,06-01-2025 08:13,30-01-2025 08:13,Order Confirmed,Paid,Ahmedabad,
ORD003821,CUST0150,EMP011,06-01-2025 17:09,17-01-2025 17:09,Delivered,Paid,Kolkata,12-01-2025 17:09
ORD003822,CUST0415,EMP030,06-01-2025 19:28,16-01-2025 19:28,In Production,Pending,Noida,
ORD003823,CUST0185,EMP034,06-01-2025 20:03,16-01-2025 20:03,Delivered,Paid,Delhi,16-01-2025 20:03
ORD003824,CUST0055,EMP011,06-01-2025 23:34,03-02-2025 23:34,Dispatched,Pending,Gurugram,01-02-2025 23:34
ORD003825,CUST0048,EMP011,07-01-2025 21:08,01-02-2025 21:08,In Production,Partially Paid,Ahmedabad,
ORD003826,CUST0201,EMP003,08-01-2025 03:13,06-02-2025 03:13,Dispatched,Pending,Delhi,04-02-2025 03:13
ORD003827,CUST0204,EMP034,08-01-2025 08:35,17-01-2025 08:35,Delivered,Paid,Hyderabad,16-01-2025 08:35
ORD003828,CUST0367,EMP030,08-01-2025 08:54,31-01-2025 08:54,Delivered,Paid,Delhi,27-01-2025 08:54
ORD003829,CUST0240,EMP011,08-01-2025 09:46,06-02-2025 09:46,In Production,Pending,Noida,
ORD003830,CUST0082,EMP026,08-01-2025 11:45,27-01-2025 11:45,Order Confirmed,Pending,Ahmedabad,
ORD003831,CUST0107,EMP034,08-01-2025 12:19,02-02-2025 12:19,In Production,Pending,Chennai,
ORD003832,CUST0284,EMP014,08-01-2025 15:26,29-01-2025 15:26,Delivered,Overdue,Gurugram,24-01-2025 15:26
ORD003833,CUST0168,EMP030,08-01-2025 16:59,15-01-2025 16:59,Delivered,Paid,Bengaluru,09-01-2025 16:59
ORD003834,CUST0336,EMP014,08-01-2025 17:22,25-01-2025 17:22,Delivered,Paid,Pune,22-01-2025 17:22
ORD003835,CUST0462,EMP014,08-01-2025 18:25,21-01-2025 18:25,On Hold,Pending,Noida,
ORD003836,CUST0178,EMP017,08-01-2025 22:41,17-01-2025 22:41,Dispatched,Paid,Bengaluru,14-01-2025 22:41
ORD003837,CUST0276,EMP017,08-01-2025 23:25,29-01-2025 23:25,Delivered,Pending,Mumbai,28-01-2025 23:25
ORD003838,CUST0416,EMP019,09-01-2025 07:04,07-02-2025 07:04,In Production,Pending,Jaipur,
ORD003839,CUST0106,EMP014,09-01-2025 07:20,17-01-2025 07:20,Delivered,Paid,Vadodara,17-01-2025 07:20
ORD003840,CUST0256,EMP017,09-01-2025 10:44,23-01-2025 10:44,Delivered,Paid,Pune,18-01-2025 10:44
ORD003841,CUST0153,EMP030,09-01-2025 10:49,01-02-2025 10:49,Delivered,Partially Paid,Surat,27-01-2025 10:49
ORD003842,CUST0314,EMP017,09-01-2025 13:19,23-01-2025 13:19,Delivered,Pending,Mumbai,17-01-2025 13:19
ORD003843,CUST0372,EMP030,09-01-2025 14:02,18-01-2025 14:02,In Production,Paid,Pune,
ORD003844,CUST0071,EMP011,09-01-2025 15:39,20-01-2025 15:39,Delivered,Paid,Surat,20-01-2025 15:39
ORD003845,CUST0094,EMP011,09-01-2025 17:45,16-01-2025 17:45,Delivered,Partially Paid,Kolkata,14-01-2025 17:45
ORD003846,CUST0012,EMP038,09-01-2025 19:00,08-02-2025 19:00,Cancelled,Pending,Gurugram,
ORD003847,CUST0007,EMP019,09-01-2025 19:47,27-01-2025 19:47,Dispatched,Partially Paid,Gurugram,23-01-2025 19:47
ORD003848,CUST0026,EMP030,09-01-2025 23:13,07-02-2025 23:13,On Hold,Paid,Ludhiana,
ORD003849,CUST0354,EMP034,10-01-2025 00:44,02-02-2025 00:44,Delivered,Paid,Pune,27-01-2025 00:44
ORD003850,CUST0452,EMP011,10-01-2025 07:38,25-01-2025 07:38,Delivered,Paid,Vadodara,23-01-2025 07:38
ORD003851,CUST0205,EMP044,10-01-2025 13:29,08-02-2025 13:29,Dispatched,Pending,Vadodara,08-02-2025 13:29
ORD003852,CUST0442,EMP019,10-01-2025 13:59,23-01-2025 13:59,Delivered,Paid,Bengaluru,17-01-2025 13:59
ORD003853,CUST0365,EMP038,10-01-2025 16:37,21-01-2025 16:37,Delivered,Paid,Hyderabad,21-01-2025 16:37
ORD003854,CUST0404,EMP019,11-01-2025 06:07,06-02-2025 06:07,Delivered,Paid,Faridabad,02-02-2025 06:07
ORD003855,CUST0370,EMP019,11-01-2025 06:37,31-01-2025 06:37,On Hold,Paid,Faridabad,
ORD003856,CUST0100,EMP030,11-01-2025 06:41,28-01-2025 06:41,Order Confirmed,Paid,Pune,
ORD003857,CUST0262,EMP011,11-01-2025 08:43,01-02-2025 08:43,Delivered,Pending,Ludhiana,30-01-2025 08:43
ORD003858,CUST0263,EMP030,11-01-2025 10:42,10-02-2025 10:42,In Production,Paid,Vadodara,
ORD003859,CUST0321,EMP044,11-01-2025 15:07,24-01-2025 15:07,Dispatched,Paid,Noida,24-01-2025 15:07
ORD003860,CUST0399,EMP030,11-01-2025 23:29,08-02-2025 23:29,In Production,Paid,Faridabad,
ORD003861,CUST0057,EMP003,12-01-2025 00:19,09-02-2025 00:19,In Production,Pending,Ludhiana,
ORD003862,CUST0338,EMP030,12-01-2025 04:22,06-02-2025 04:22,In Production,Paid,Gurugram,
ORD003863,CUST0417,EMP003,12-01-2025 15:44,22-01-2025 15:44,Quotation,Paid,Ludhiana,
ORD003864,CUST0058,EMP011,12-01-2025 18:03,21-01-2025 18:03,Quotation,Paid,Vadodara,
ORD003865,CUST0208,EMP014,12-01-2025 18:58,21-01-2025 18:58,Delivered,Overdue,Mumbai,18-01-2025 18:58
ORD003866,CUST0448,EMP017,12-01-2025 20:06,04-02-2025 20:06,In Production,Partially Paid,Bengaluru,
ORD003867,CUST0013,EMP003,13-01-2025 10:41,29-01-2025 10:41,Quotation,Paid,Mumbai,
ORD003868,CUST0081,EMP003,13-01-2025 13:52,12-02-2025 13:52,Order Confirmed,Paid,Delhi,
ORD003869,CUST0402,EMP034,13-01-2025 17:01,20-01-2025 17:01,Order Confirmed,Paid,Delhi,
ORD003870,CUST0086,EMP019,13-01-2025 18:24,28-01-2025 18:24,Quotation,Overdue,Pune,
ORD003871,CUST0351,EMP011,14-01-2025 05:36,27-01-2025 05:36,Cancelled,Paid,Faridabad,
ORD003872,CUST0451,EMP019,14-01-2025 12:17,11-02-2025 12:17,Delivered,Partially Paid,Mumbai,09-02-2025 12:17
ORD003873,CUST0250,EMP030,14-01-2025 14:00,23-01-2025 14:00,In Production,Pending,Hyderabad,
ORD003874,CUST0243,EMP034,14-01-2025 20:13,30-01-2025 20:13,Delivered,Partially Paid,Ahmedabad,27-01-2025 20:13
ORD003875,CUST0215,EMP014,15-01-2025 01:49,11-02-2025 01:49,Order Confirmed,Paid,Vadodara,
ORD003876,CUST0187,EMP011,15-01-2025 13:25,14-02-2025 13:25,Delivered,Paid,Jaipur,13-02-2025 13:25
ORD003877,CUST0191,EMP044,15-01-2025 13:32,12-02-2025 13:32,On Hold,Paid,Gurugram,
ORD003878,CUST0277,EMP030,15-01-2025 16:54,06-02-2025 16:54,Order Confirmed,Overdue,Noida,
ORD003879,CUST0448,EMP044,15-01-2025 21:08,25-01-2025 21:08,Order Confirmed,Pending,Bengaluru,
ORD003880,CUST0491,EMP017,16-01-2025 06:28,25-01-2025 06:28,Delivered,Paid,Faridabad,21-01-2025 06:28
ORD003881,CUST0433,EMP011,16-01-2025 07:30,01-02-2025 07:30,Order Confirmed,Pending,Noida,
ORD003882,CUST0060,EMP017,16-01-2025 09:23,03-02-2025 09:23,Order Confirmed,Paid,Vadodara,
ORD003883,CUST0154,EMP017,16-01-2025 10:54,04-02-2025 10:54,Delivered,Paid,Jaipur,03-02-2025 10:54
ORD003884,CUST0379,EMP034,16-01-2025 12:09,24-01-2025 12:09,Delivered,Paid,Bengaluru,23-01-2025 12:09
ORD003885,CUST0273,EMP034,16-01-2025 13:29,08-02-2025 13:29,Order Confirmed,Pending,Vadodara,
ORD003886,CUST0168,EMP003,16-01-2025 18:21,01-02-2025 18:21,Delivered,Paid,Bengaluru,30-01-2025 18:21
ORD003887,CUST0156,EMP026,16-01-2025 20:03,25-01-2025 20:03,Order Confirmed,Paid,Hyderabad,
ORD003888,CUST0059,EMP017,16-01-2025 21:32,13-02-2025 21:32,In Production,Paid,Gurugram,
ORD003889,CUST0167,EMP030,17-01-2025 06:15,01-02-2025 06:15,Delivered,Paid,Chennai,31-01-2025 06:15
ORD003890,CUST0211,EMP017,17-01-2025 07:42,29-01-2025 07:42,Delivered,Paid,Noida,26-01-2025 07:42
ORD003891,CUST0208,EMP026,17-01-2025 13:56,04-02-2025 13:56,Delivered,Paid,Mumbai,01-02-2025 13:56
ORD003892,CUST0275,EMP034,17-01-2025 17:29,15-02-2025 17:29,Delivered,Pending,Bengaluru,10-02-2025 17:29
ORD003893,CUST0137,EMP014,17-01-2025 19:00,12-02-2025 19:00,Delivered,Overdue,Vadodara,06-02-2025 19:00
ORD003894,CUST0103,EMP011,17-01-2025 22:36,26-01-2025 22:36,Delivered,Paid,Surat,26-01-2025 22:36
ORD003895,CUST0444,EMP034,18-01-2025 07:51,10-02-2025 07:51,Delivered,Overdue,Vadodara,10-02-2025 07:51
ORD003896,CUST0203,EMP044,18-01-2025 07:57,09-02-2025 07:57,In Production,Pending,Bengaluru,
ORD003897,CUST0128,EMP019,18-01-2025 09:58,15-02-2025 09:58,Delivered,Pending,Mumbai,12-02-2025 09:58
ORD003898,CUST0318,EMP044,18-01-2025 18:06,17-02-2025 18:06,Order Confirmed,Paid,Delhi,
ORD003899,CUST0272,EMP011,18-01-2025 20:49,11-02-2025 20:49,Delivered,Pending,Bengaluru,11-02-2025 20:49
ORD003900,CUST0289,EMP038,18-01-2025 21:55,09-02-2025 21:55,In Production,Paid,Mumbai,
ORD003901,CUST0111,EMP044,19-01-2025 01:44,03-02-2025 01:44,Dispatched,Paid,Surat,29-01-2025 01:44
ORD003902,CUST0362,EMP014,19-01-2025 02:53,16-02-2025 02:53,Delivered,Partially Paid,Chennai,11-02-2025 02:53
ORD003903,CUST0097,EMP011,19-01-2025 21:24,17-02-2025 21:24,Delivered,Paid,Ahmedabad,14-02-2025 21:24
ORD003904,CUST0419,EMP030,20-01-2025 00:41,19-02-2025 00:41,Order Confirmed,Pending,Ludhiana,
ORD003905,CUST0213,EMP038,20-01-2025 02:09,18-02-2025 02:09,Dispatched,Partially Paid,Surat,12-02-2025 02:09
ORD003906,CUST0205,EMP003,20-01-2025 11:58,11-02-2025 11:58,Delivered,Paid,Vadodara,08-02-2025 11:58
ORD003907,CUST0195,EMP030,20-01-2025 12:14,18-02-2025 12:14,On Hold,Paid,Pune,
ORD003908,CUST0212,EMP038,20-01-2025 17:07,14-02-2025 17:07,Dispatched,Pending,Bengaluru,11-02-2025 17:07
ORD003909,CUST0333,EMP003,20-01-2025 21:02,01-02-2025 21:02,Order Confirmed,Paid,Pune,
ORD003910,CUST0249,EMP026,20-01-2025 21:44,27-01-2025 21:44,In Production,Pending,Jaipur,
ORD003911,CUST0064,EMP003,21-01-2025 00:03,20-02-2025 00:03,Dispatched,Partially Paid,Hyderabad,15-02-2025 00:03
ORD003912,CUST0284,EMP011,21-01-2025 06:06,07-02-2025 06:06,Quotation,Paid,Gurugram,
ORD003913,CUST0134,EMP019,21-01-2025 17:52,17-02-2025 17:52,Delivered,Paid,Ludhiana,14-02-2025 17:52
ORD003914,CUST0055,EMP017,21-01-2025 18:35,03-02-2025 18:35,Delivered,Overdue,Gurugram,30-01-2025 18:35
ORD003915,CUST0420,EMP003,21-01-2025 19:29,05-02-2025 19:29,Dispatched,Overdue,Mumbai,04-02-2025 19:29
ORD003916,CUST0157,EMP038,22-01-2025 17:59,17-02-2025 17:59,In Production,Paid,Noida,
ORD003917,CUST0298,EMP014,22-01-2025 23:11,10-02-2025 23:11,Quotation,Paid,Ahmedabad,
ORD003918,CUST0086,EMP038,23-01-2025 03:42,15-02-2025 03:42,Dispatched,Paid,Pune,12-02-2025 03:42
ORD003919,CUST0170,EMP011,23-01-2025 04:47,06-02-2025 04:47,Dispatched,Partially Paid,Mumbai,01-02-2025 04:47
ORD003920,CUST0193,EMP026,23-01-2025 05:05,13-02-2025 05:05,In Production,Paid,Jaipur,
ORD003921,CUST0067,EMP034,23-01-2025 12:55,10-02-2025 12:55,Delivered,Paid,Pune,04-02-2025 12:55
ORD003922,CUST0487,EMP019,23-01-2025 13:31,21-02-2025 13:31,Dispatched,Paid,Delhi,20-02-2025 13:31
ORD003923,CUST0156,EMP019,23-01-2025 20:42,10-02-2025 20:42,Delivered,Overdue,Hyderabad,10-02-2025 20:42
ORD003924,CUST0292,EMP034,24-01-2025 00:08,02-02-2025 00:08,Delivered,Paid,Chennai,29-01-2025 00:08
ORD003925,CUST0283,EMP003,24-01-2025 01:03,17-02-2025 01:03,In Production,Partially Paid,Mumbai,
ORD003926,CUST0215,EMP038,24-01-2025 10:43,22-02-2025 10:43,In Production,Paid,Vadodara,
ORD003927,CUST0293,EMP030,24-01-2025 10:46,21-02-2025 10:46,Delivered,Partially Paid,Gurugram,21-02-2025 10:46
ORD003928,CUST0283,EMP034,24-01-2025 11:22,02-02-2025 11:22,In Production,Paid,Mumbai,
ORD003929,CUST0041,EMP019,24-01-2025 15:27,23-02-2025 15:27,Dispatched,Pending,Mumbai,19-02-2025 15:27
ORD003930,CUST0335,EMP017,24-01-2025 15:49,08-02-2025 15:49,Delivered,Partially Paid,Jaipur,06-02-2025 15:49
ORD003931,CUST0058,EMP026,25-01-2025 12:14,21-02-2025 12:14,Delivered,Paid,Vadodara,16-02-2025 12:14
ORD003932,CUST0218,EMP030,25-01-2025 13:23,16-02-2025 13:23,Cancelled,Paid,Bengaluru,
ORD003933,CUST0183,EMP044,25-01-2025 16:47,24-02-2025 16:47,Dispatched,Paid,Pune,23-02-2025 16:47
ORD003934,CUST0224,EMP038,25-01-2025 21:36,09-02-2025 21:36,Dispatched,Paid,Faridabad,09-02-2025 21:36
ORD003935,CUST0036,EMP003,25-01-2025 22:08,15-02-2025 22:08,Quotation,Overdue,Delhi,
ORD003936,CUST0351,EMP011,26-01-2025 00:53,18-02-2025 00:53,Order Confirmed,Paid,Faridabad,
ORD003937,CUST0210,EMP044,26-01-2025 02:27,05-02-2025 02:27,Delivered,Pending,Hyderabad,04-02-2025 02:27
ORD003938,CUST0031,EMP017,26-01-2025 02:45,20-02-2025 02:45,Order Confirmed,Paid,Delhi,
ORD003939,CUST0002,EMP026,26-01-2025 05:56,05-02-2025 05:56,Dispatched,Pending,Jaipur,05-02-2025 05:56
ORD003940,CUST0271,EMP003,26-01-2025 13:16,21-02-2025 13:16,In Production,Pending,Faridabad,
ORD003941,CUST0334,EMP011,26-01-2025 17:22,05-02-2025 17:22,Quotation,Partially Paid,Chennai,
ORD003942,CUST0274,EMP019,26-01-2025 20:03,06-02-2025 20:03,Dispatched,Paid,Mumbai,05-02-2025 20:03
ORD003943,CUST0361,EMP034,27-01-2025 03:03,14-02-2025 03:03,Delivered,Pending,Vadodara,09-02-2025 03:03
ORD003944,CUST0379,EMP034,27-01-2025 07:18,07-02-2025 07:18,In Production,Pending,Bengaluru,
ORD003945,CUST0436,EMP038,27-01-2025 09:43,04-02-2025 09:43,Delivered,Paid,Delhi,31-01-2025 09:43
ORD003946,CUST0492,EMP011,27-01-2025 11:15,04-02-2025 11:15,Order Confirmed,Overdue,Gurugram,
ORD003947,CUST0443,EMP014,27-01-2025 11:22,09-02-2025 11:22,Order Confirmed,Pending,Kolkata,
ORD003948,CUST0398,EMP026,27-01-2025 12:36,14-02-2025 12:36,Cancelled,Paid,Jaipur,
ORD003949,CUST0216,EMP026,27-01-2025 15:19,04-02-2025 15:19,Cancelled,Paid,Hyderabad,
ORD003950,CUST0252,EMP003,27-01-2025 20:57,06-02-2025 20:57,In Production,Paid,Faridabad,
ORD003951,CUST0309,EMP019,27-01-2025 22:41,17-02-2025 22:41,Dispatched,Paid,Surat,13-02-2025 22:41
ORD003952,CUST0085,EMP038,28-01-2025 01:40,11-02-2025 01:40,Delivered,Pending,Faridabad,09-02-2025 01:40
ORD003953,CUST0339,EMP011,28-01-2025 04:45,22-02-2025 04:45,Delivered,Pending,Gurugram,21-02-2025 04:45
ORD003954,CUST0295,EMP038,28-01-2025 06:56,24-02-2025 06:56,Order Confirmed,Paid,Kolkata,
ORD003955,CUST0261,EMP019,28-01-2025 13:36,04-02-2025 13:36,Order Confirmed,Paid,Surat,
ORD003956,CUST0418,EMP026,28-01-2025 14:17,26-02-2025 14:17,Order Confirmed,Paid,Noida,
ORD003957,CUST0344,EMP030,28-01-2025 14:56,20-02-2025 14:56,Delivered,Paid,Ahmedabad,15-02-2025 14:56
ORD003958,CUST0467,EMP034,28-01-2025 19:38,23-02-2025 19:38,Delivered,Partially Paid,Delhi,17-02-2025 19:38
ORD003959,CUST0489,EMP030,29-01-2025 06:35,16-02-2025 06:35,In Production,Partially Paid,Hyderabad,
ORD003960,CUST0413,EMP011,29-01-2025 16:17,05-02-2025 16:17,Order Confirmed,Paid,Ludhiana,
ORD003961,CUST0149,EMP014,29-01-2025 16:39,26-02-2025 16:39,Order Confirmed,Paid,Chennai,
ORD003962,CUST0095,EMP038,29-01-2025 17:14,18-02-2025 17:14,Delivered,Pending,Surat,17-02-2025 17:14
ORD003963,CUST0150,EMP003,29-01-2025 20:07,05-02-2025 20:07,Delivered,Paid,Kolkata,30-01-2025 20:07
ORD003964,CUST0357,EMP034,30-01-2025 04:35,09-02-2025 04:35,Delivered,Paid,Noida,05-02-2025 04:35
ORD003965,CUST0433,EMP026,30-01-2025 07:48,10-02-2025 07:48,Delivered,Overdue,Noida,08-02-2025 07:48
ORD003966,CUST0441,EMP011,30-01-2025 08:12,15-02-2025 08:12,In Production,Pending,Hyderabad,
ORD003967,CUST0342,EMP011,30-01-2025 10:50,16-02-2025 10:50,Delivered,Partially Paid,Delhi,15-02-2025 10:50
ORD003968,CUST0341,EMP044,30-01-2025 15:51,16-02-2025 15:51,Dispatched,Paid,Mumbai,12-02-2025 15:51
ORD003969,CUST0476,EMP003,30-01-2025 23:06,26-02-2025 23:06,Order Confirmed,Partially Paid,Vadodara,
ORD003970,CUST0343,EMP003,31-01-2025 04:36,01-03-2025 04:36,Dispatched,Partially Paid,Ahmedabad,01-03-2025 04:36
ORD003971,CUST0071,EMP003,31-01-2025 06:26,23-02-2025 06:26,Delivered,Paid,Surat,21-02-2025 06:26
ORD003972,CUST0251,EMP030,31-01-2025 08:54,22-02-2025 08:54,Quotation,Paid,Vadodara,
ORD003973,CUST0180,EMP044,31-01-2025 22:07,27-02-2025 22:07,Dispatched,Paid,Jaipur,23-02-2025 22:07
ORD003974,CUST0319,EMP011,31-01-2025 22:55,13-02-2025 22:55,Delivered,Paid,Hyderabad,10-02-2025 22:55
ORD003975,CUST0318,EMP034,01-02-2025 02:47,21-02-2025 02:47,Delivered,Overdue,Delhi,20-02-2025 02:47
ORD003976,CUST0148,EMP034,01-02-2025 05:15,23-02-2025 05:15,Dispatched,Partially Paid,Vadodara,22-02-2025 05:15
ORD003977,CUST0150,EMP014,01-02-2025 22:15,14-02-2025 22:15,Order Confirmed,Paid,Kolkata,
ORD003978,CUST0045,EMP003,02-02-2025 07:10,03-03-2025 07:10,Delivered,Paid,Bengaluru,27-02-2025 07:10
ORD003979,CUST0147,EMP019,02-02-2025 14:55,14-02-2025 14:55,Order Confirmed,Paid,Bengaluru,
ORD003980,CUST0414,EMP003,02-02-2025 19:34,10-02-2025 19:34,In Production,Paid,Ahmedabad,
ORD003981,CUST0328,EMP011,02-02-2025 19:48,16-02-2025 19:48,Order Confirmed,Paid,Ludhiana,
ORD003982,CUST0472,EMP019,02-02-2025 21:50,28-02-2025 21:50,Dispatched,Overdue,Mumbai,23-02-2025 21:50
ORD003983,CUST0464,EMP038,03-02-2025 04:46,18-02-2025 04:46,Delivered,Pending,Pune,14-02-2025 04:46
ORD003984,CUST0429,EMP044,03-02-2025 05:28,15-02-2025 05:28,Delivered,Overdue,Jaipur,14-02-2025 05:28
ORD003985,CUST0090,EMP030,03-02-2025 06:16,02-03-2025 06:16,Dispatched,Paid,Bengaluru,26-02-2025 06:16
ORD003986,CUST0167,EMP014,03-02-2025 08:34,13-02-2025 08:34,On Hold,Pending,Chennai,
ORD003987,CUST0029,EMP017,03-02-2025 11:53,13-02-2025 11:53,Delivered,Partially Paid,Surat,12-02-2025 11:53
ORD003988,CUST0047,EMP030,03-02-2025 17:20,03-03-2025 17:20,Delivered,Paid,Ahmedabad,27-02-2025 17:20
ORD003989,CUST0116,EMP011,03-02-2025 22:21,17-02-2025 22:21,Order Confirmed,Paid,Vadodara,
ORD003990,CUST0141,EMP026,04-02-2025 15:09,11-02-2025 15:09,Order Confirmed,Paid,Ahmedabad,
ORD003991,CUST0008,EMP034,04-02-2025 19:58,21-02-2025 19:58,Delivered,Paid,Noida,17-02-2025 19:58
ORD003992,CUST0422,EMP038,04-02-2025 23:10,28-02-2025 23:10,Delivered,Pending,Surat,22-02-2025 23:10
ORD003993,CUST0264,EMP003,05-02-2025 00:20,02-03-2025 00:20,Order Confirmed,Partially Paid,Hyderabad,
ORD003994,CUST0328,EMP014,05-02-2025 04:49,14-02-2025 04:49,Dispatched,Overdue,Ludhiana,09-02-2025 04:49
ORD003995,CUST0327,EMP014,05-02-2025 05:23,18-02-2025 05:23,In Production,Paid,Kolkata,
ORD003996,CUST0484,EMP026,05-02-2025 08:51,26-02-2025 08:51,Dispatched,Paid,Ludhiana,26-02-2025 08:51
ORD003997,CUST0074,EMP011,05-02-2025 09:16,27-02-2025 09:16,Order Confirmed,Paid,Jaipur,
ORD003998,CUST0172,EMP044,05-02-2025 12:03,26-02-2025 12:03,Order Confirmed,Paid,Delhi,
ORD003999,CUST0155,EMP044,05-02-2025 15:16,20-02-2025 15:16,In Production,Pending,Vadodara,
ORD004000,CUST0276,EMP017,05-02-2025 19:36,04-03-2025 19:36,Delivered,Paid,Mumbai,04-03-2025 19:36
ORD004001,CUST0264,EMP019,05-02-2025 21:55,13-02-2025 21:55,Delivered,Paid,Hyderabad,07-02-2025 21:55
ORD004002,CUST0396,EMP019,06-02-2025 01:33,04-03-2025 01:33,Order Confirmed,Paid,Vadodara,
ORD004003,CUST0281,EMP003,06-02-2025 02:42,07-03-2025 02:42,Order Confirmed,Pending,Hyderabad,
ORD004004,CUST0117,EMP038,06-02-2025 09:14,01-03-2025 09:14,Dispatched,Paid,Delhi,27-02-2025 09:14
ORD004005,CUST0283,EMP034,06-02-2025 09:36,23-02-2025 09:36,In Production,Paid,Mumbai,
ORD004006,CUST0483,EMP017,06-02-2025 11:20,22-02-2025 11:20,Delivered,Partially Paid,Pune,22-02-2025 11:20
ORD004007,CUST0290,EMP026,06-02-2025 21:14,23-02-2025 21:14,Dispatched,Paid,Ahmedabad,22-02-2025 21:14
ORD004008,CUST0297,EMP017,07-02-2025 06:19,17-02-2025 06:19,Delivered,Paid,Bengaluru,14-02-2025 06:19
ORD004009,CUST0088,EMP014,07-02-2025 12:03,19-02-2025 12:03,Order Confirmed,Paid,Jaipur,
ORD004010,CUST0004,EMP017,07-02-2025 16:01,01-03-2025 16:01,On Hold,Paid,Ahmedabad,
ORD004011,CUST0105,EMP011,07-02-2025 21:27,27-02-2025 21:27,Delivered,Paid,Ludhiana,21-02-2025 21:27
ORD004012,CUST0013,EMP038,08-02-2025 04:13,26-02-2025 04:13,Delivered,Paid,Mumbai,20-02-2025 04:13
ORD004013,CUST0227,EMP030,08-02-2025 10:51,26-02-2025 10:51,Cancelled,Paid,Noida,
ORD004014,CUST0442,EMP044,08-02-2025 15:34,16-02-2025 15:34,Dispatched,Paid,Bengaluru,12-02-2025 15:34
ORD004015,CUST0224,EMP003,09-02-2025 02:44,08-03-2025 02:44,Order Confirmed,Paid,Faridabad,
ORD004016,CUST0323,EMP030,09-02-2025 03:26,10-03-2025 03:26,Dispatched,Paid,Vadodara,09-03-2025 03:26
ORD004017,CUST0428,EMP026,09-02-2025 04:40,21-02-2025 04:40,Delivered,Partially Paid,Vadodara,17-02-2025 04:40
ORD004018,CUST0382,EMP030,09-02-2025 10:30,23-02-2025 10:30,Delivered,Partially Paid,Noida,18-02-2025 10:30
ORD004019,CUST0326,EMP044,09-02-2025 10:38,03-03-2025 10:38,Dispatched,Pending,Delhi,01-03-2025 10:38
ORD004020,CUST0393,EMP017,09-02-2025 12:59,16-02-2025 12:59,Delivered,Pending,Faridabad,12-02-2025 12:59
ORD004021,CUST0141,EMP011,09-02-2025 13:40,18-02-2025 13:40,Order Confirmed,Paid,Ahmedabad,
ORD004022,CUST0211,EMP003,09-02-2025 14:41,09-03-2025 14:41,Order Confirmed,Paid,Noida,
ORD004023,CUST0200,EMP019,09-02-2025 14:49,20-02-2025 14:49,Delivered,Paid,Gurugram,17-02-2025 14:49
ORD004024,CUST0400,EMP011,09-02-2025 17:15,01-03-2025 17:15,Dispatched,Pending,Mumbai,23-02-2025 17:15
ORD004025,CUST0205,EMP011,09-02-2025 17:27,09-03-2025 17:27,Order Confirmed,Paid,Vadodara,
ORD004026,CUST0469,EMP011,09-02-2025 20:24,05-03-2025 20:24,Delivered,Overdue,Ludhiana,01-03-2025 20:24
ORD004027,CUST0094,EMP014,10-02-2025 08:08,23-02-2025 08:08,Delivered,Partially Paid,Kolkata,23-02-2025 08:08
ORD004028,CUST0087,EMP011,10-02-2025 08:33,20-02-2025 08:33,Dispatched,Paid,Kolkata,14-02-2025 08:33
ORD004029,CUST0359,EMP019,10-02-2025 09:59,06-03-2025 09:59,Order Confirmed,Pending,Surat,
ORD004030,CUST0383,EMP030,10-02-2025 13:19,26-02-2025 13:19,Order Confirmed,Paid,Surat,
ORD004031,CUST0340,EMP014,10-02-2025 15:08,12-03-2025 15:08,Delivered,Overdue,Chennai,09-03-2025 15:08
ORD004032,CUST0154,EMP011,10-02-2025 16:47,04-03-2025 16:47,Delivered,Paid,Jaipur,01-03-2025 16:47
ORD004033,CUST0005,EMP026,10-02-2025 20:19,17-02-2025 20:19,Order Confirmed,Partially Paid,Surat,
ORD004034,CUST0161,EMP003,10-02-2025 21:19,23-02-2025 21:19,Delivered,Partially Paid,Kolkata,22-02-2025 21:19
ORD004035,CUST0234,EMP034,11-02-2025 07:13,07-03-2025 07:13,Delivered,Paid,Bengaluru,03-03-2025 07:13
ORD004036,CUST0207,EMP017,11-02-2025 08:07,06-03-2025 08:07,Delivered,Partially Paid,Ahmedabad,06-03-2025 08:07
ORD004037,CUST0462,EMP019,11-02-2025 08:31,07-03-2025 08:31,Delivered,Paid,Noida,06-03-2025 08:31
ORD004038,CUST0432,EMP014,11-02-2025 09:32,23-02-2025 09:32,In Production,Paid,Jaipur,
ORD004039,CUST0388,EMP014,11-02-2025 14:20,23-02-2025 14:20,Delivered,Paid,Chennai,19-02-2025 14:20
ORD004040,CUST0012,EMP011,11-02-2025 17:01,23-02-2025 17:01,Dispatched,Pending,Gurugram,22-02-2025 17:01
ORD004041,CUST0064,EMP026,11-02-2025 21:15,06-03-2025 21:15,Order Confirmed,Pending,Hyderabad,
ORD004042,CUST0217,EMP011,11-02-2025 22:06,18-02-2025 22:06,In Production,Paid,Gurugram,
ORD004043,CUST0311,EMP030,12-02-2025 02:53,10-03-2025 02:53,Dispatched,Pending,Delhi,05-03-2025 02:53
ORD004044,CUST0341,EMP014,12-02-2025 06:04,25-02-2025 06:04,Dispatched,Pending,Mumbai,24-02-2025 06:04
ORD004045,CUST0149,EMP026,12-02-2025 12:12,02-03-2025 12:12,Delivered,Paid,Chennai,25-02-2025 12:12
ORD004046,CUST0056,EMP026,12-02-2025 13:22,24-02-2025 13:22,Dispatched,Overdue,Gurugram,20-02-2025 13:22
ORD004047,CUST0165,EMP030,13-02-2025 07:17,02-03-2025 07:17,In Production,Paid,Bengaluru,
ORD004048,CUST0397,EMP034,13-02-2025 07:19,10-03-2025 07:19,On Hold,Pending,Jaipur,
ORD004049,CUST0494,EMP026,13-02-2025 09:11,24-02-2025 09:11,Order Confirmed,Paid,Chennai,
ORD004050,CUST0471,EMP038,13-02-2025 11:50,05-03-2025 11:50,Quotation,Overdue,Noida,
ORD004051,CUST0297,EMP014,13-02-2025 21:42,21-02-2025 21:42,Delivered,Paid,Bengaluru,16-02-2025 21:42
ORD004052,CUST0046,EMP034,13-02-2025 23:21,24-02-2025 23:21,Cancelled,Paid,Mumbai,
ORD004053,CUST0484,EMP017,14-02-2025 13:28,09-03-2025 13:28,Delivered,Pending,Ludhiana,04-03-2025 13:28
ORD004054,CUST0077,EMP030,14-02-2025 15:20,06-03-2025 15:20,In Production,Partially Paid,Kolkata,
ORD004055,CUST0135,EMP019,14-02-2025 21:14,07-03-2025 21:14,Delivered,Paid,Faridabad,02-03-2025 21:14
ORD004056,CUST0488,EMP044,14-02-2025 23:44,26-02-2025 23:44,Delivered,Partially Paid,Delhi,24-02-2025 23:44
ORD004057,CUST0252,EMP014,14-02-2025 23:55,25-02-2025 23:55,Delivered,Partially Paid,Faridabad,22-02-2025 23:55
ORD004058,CUST0099,EMP026,15-02-2025 05:14,04-03-2025 05:14,Order Confirmed,Paid,Ludhiana,
ORD004059,CUST0252,EMP011,15-02-2025 09:31,25-02-2025 09:31,Delivered,Paid,Faridabad,25-02-2025 09:31
ORD004060,CUST0040,EMP030,16-02-2025 11:28,16-03-2025 11:28,Delivered,Paid,Jaipur,14-03-2025 11:28
ORD004061,CUST0158,EMP003,16-02-2025 11:47,01-03-2025 11:47,Quotation,Paid,Surat,
ORD004062,CUST0477,EMP019,16-02-2025 15:16,12-03-2025 15:16,Order Confirmed,Pending,Jaipur,
ORD004063,CUST0150,EMP003,16-02-2025 19:13,26-02-2025 19:13,Quotation,Paid,Kolkata,
ORD004064,CUST0447,EMP017,17-02-2025 05:44,11-03-2025 05:44,Cancelled,Paid,Jaipur,
ORD004065,CUST0272,EMP019,17-02-2025 06:14,28-02-2025 06:14,Dispatched,Paid,Bengaluru,25-02-2025 06:14
ORD004066,CUST0328,EMP017,17-02-2025 11:14,02-03-2025 11:14,Delivered,Pending,Ludhiana,25-02-2025 11:14
ORD004067,CUST0352,EMP017,17-02-2025 14:42,05-03-2025 14:42,Quotation,Paid,Ludhiana,
ORD004068,CUST0276,EMP011,17-02-2025 16:53,26-02-2025 16:53,Delivered,Paid,Mumbai,20-02-2025 16:53
ORD004069,CUST0018,EMP034,17-02-2025 17:53,26-02-2025 17:53,Dispatched,Pending,Chennai,22-02-2025 17:53
ORD004070,CUST0460,EMP034,17-02-2025 17:54,14-03-2025 17:54,Cancelled,Paid,Jaipur,
ORD004071,CUST0238,EMP019,17-02-2025 23:33,04-03-2025 23:33,Dispatched,Pending,Delhi,04-03-2025 23:33
ORD004072,CUST0328,EMP003,18-02-2025 00:06,10-03-2025 00:06,Delivered,Paid,Ludhiana,09-03-2025 00:06
ORD004073,CUST0277,EMP003,18-02-2025 02:02,12-03-2025 02:02,Delivered,Pending,Noida,09-03-2025 02:02
ORD004074,CUST0330,EMP030,18-02-2025 14:37,11-03-2025 14:37,Dispatched,Paid,Ahmedabad,08-03-2025 14:37
ORD004075,CUST0178,EMP044,18-02-2025 19:59,12-03-2025 19:59,Cancelled,Paid,Bengaluru,
ORD004076,CUST0422,EMP038,19-02-2025 01:22,21-03-2025 01:22,Dispatched,Paid,Surat,15-03-2025 01:22
ORD004077,CUST0113,EMP019,19-02-2025 04:37,13-03-2025 04:37,Delivered,Partially Paid,Bengaluru,12-03-2025 04:37
ORD004078,CUST0327,EMP019,19-02-2025 06:02,06-03-2025 06:02,Quotation,Pending,Kolkata,
ORD004079,CUST0289,EMP011,19-02-2025 14:58,04-03-2025 14:58,Delivered,Paid,Mumbai,01-03-2025 14:58
ORD004080,CUST0252,EMP003,19-02-2025 16:28,17-03-2025 16:28,Cancelled,Partially Paid,Faridabad,
ORD004081,CUST0011,EMP034,19-02-2025 19:27,08-03-2025 19:27,Delivered,Paid,Kolkata,03-03-2025 19:27
ORD004082,CUST0195,EMP019,20-02-2025 04:15,12-03-2025 04:15,Dispatched,Pending,Pune,09-03-2025 04:15
ORD004083,CUST0024,EMP019,20-02-2025 18:00,18-03-2025 18:00,Dispatched,Overdue,Chennai,17-03-2025 18:00
ORD004084,CUST0252,EMP017,21-02-2025 00:43,05-03-2025 00:43,Delivered,Paid,Faridabad,05-03-2025 00:43
ORD004085,CUST0344,EMP017,21-02-2025 01:14,05-03-2025 01:14,In Production,Paid,Ahmedabad,
ORD004086,CUST0262,EMP044,21-02-2025 02:29,01-03-2025 02:29,Cancelled,Pending,Ludhiana,
ORD004087,CUST0379,EMP038,21-02-2025 14:34,01-03-2025 14:34,Order Confirmed,Pending,Bengaluru,
ORD004088,CUST0181,EMP030,21-02-2025 15:58,14-03-2025 15:58,Quotation,Partially Paid,Chennai,
ORD004089,CUST0154,EMP017,21-02-2025 18:48,12-03-2025 18:48,Delivered,Paid,Jaipur,08-03-2025 18:48
ORD004090,CUST0225,EMP034,22-02-2025 00:19,08-03-2025 00:19,In Production,Partially Paid,Noida,
ORD004091,CUST0115,EMP017,22-02-2025 00:38,06-03-2025 00:38,In Production,Paid,Kolkata,
ORD004092,CUST0401,EMP026,22-02-2025 06:29,17-03-2025 06:29,In Production,Overdue,Vadodara,
ORD004093,CUST0405,EMP011,22-02-2025 10:59,03-03-2025 10:59,On Hold,Pending,Vadodara,
ORD004094,CUST0209,EMP034,23-02-2025 00:28,18-03-2025 00:28,Delivered,Pending,Ahmedabad,14-03-2025 00:28
ORD004095,CUST0397,EMP003,23-02-2025 02:49,23-03-2025 02:49,On Hold,Pending,Jaipur,
ORD004096,CUST0013,EMP034,23-02-2025 03:00,12-03-2025 03:00,In Production,Overdue,Mumbai,
ORD004097,CUST0078,EMP030,23-02-2025 07:02,13-03-2025 07:02,Dispatched,Paid,Noida,08-03-2025 07:02
ORD004098,CUST0142,EMP003,23-02-2025 08:52,14-03-2025 08:52,Order Confirmed,Pending,Jaipur,
ORD004099,CUST0194,EMP026,23-02-2025 10:18,04-03-2025 10:18,Dispatched,Paid,Kolkata,27-02-2025 10:18
ORD004100,CUST0116,EMP014,23-02-2025 14:26,17-03-2025 14:26,Quotation,Paid,Vadodara,
ORD004101,CUST0257,EMP019,23-02-2025 19:18,10-03-2025 19:18,Quotation,Paid,Bengaluru,
ORD004102,CUST0397,EMP003,24-02-2025 01:00,14-03-2025 01:00,Dispatched,Paid,Jaipur,08-03-2025 01:00
ORD004103,CUST0229,EMP034,24-02-2025 05:34,03-03-2025 05:34,Delivered,Paid,Noida,02-03-2025 05:34
ORD004104,CUST0225,EMP026,24-02-2025 11:18,24-03-2025 11:18,Dispatched,Paid,Noida,21-03-2025 11:18
ORD004105,CUST0030,EMP017,24-02-2025 13:15,11-03-2025 13:15,Dispatched,Paid,Mumbai,09-03-2025 13:15
ORD004106,CUST0141,EMP038,24-02-2025 23:36,04-03-2025 23:36,Dispatched,Paid,Ahmedabad,26-02-2025 23:36
ORD004107,CUST0404,EMP030,25-02-2025 00:09,22-03-2025 00:09,Dispatched,Paid,Faridabad,22-03-2025 00:09
ORD004108,CUST0406,EMP030,25-02-2025 01:18,27-03-2025 01:18,Delivered,Partially Paid,Faridabad,23-03-2025 01:18
ORD004109,CUST0053,EMP011,25-02-2025 01:31,16-03-2025 01:31,Delivered,Paid,Kolkata,14-03-2025 01:31
ORD004110,CUST0010,EMP026,25-02-2025 09:21,04-03-2025 09:21,Delivered,Partially Paid,Ahmedabad,04-03-2025 09:21
ORD004111,CUST0416,EMP034,25-02-2025 22:35,27-03-2025 22:35,Order Confirmed,Pending,Jaipur,
ORD004112,CUST0088,EMP044,26-02-2025 04:27,09-03-2025 04:27,Dispatched,Partially Paid,Jaipur,05-03-2025 04:27
ORD004113,CUST0288,EMP030,26-02-2025 04:49,10-03-2025 04:49,Delivered,Paid,Faridabad,08-03-2025 04:49
ORD004114,CUST0414,EMP011,26-02-2025 05:14,21-03-2025 05:14,Cancelled,Paid,Ahmedabad,
ORD004115,CUST0394,EMP030,26-02-2025 06:38,12-03-2025 06:38,Delivered,Paid,Kolkata,08-03-2025 06:38
ORD004116,CUST0276,EMP003,26-02-2025 07:26,07-03-2025 07:26,Dispatched,Paid,Mumbai,05-03-2025 07:26
ORD004117,CUST0189,EMP017,26-02-2025 08:13,21-03-2025 08:13,Delivered,Pending,Jaipur,20-03-2025 08:13
ORD004118,CUST0387,EMP044,26-02-2025 13:56,11-03-2025 13:56,On Hold,Paid,Pune,
ORD004119,CUST0348,EMP038,26-02-2025 17:06,25-03-2025 17:06,Dispatched,Overdue,Gurugram,25-03-2025 17:06
ORD004120,CUST0420,EMP044,27-02-2025 02:18,09-03-2025 02:18,Order Confirmed,Paid,Mumbai,
ORD004121,CUST0257,EMP017,27-02-2025 04:13,27-03-2025 04:13,Delivered,Partially Paid,Bengaluru,26-03-2025 04:13
ORD004122,CUST0471,EMP030,27-02-2025 11:00,23-03-2025 11:00,Delivered,Paid,Noida,20-03-2025 11:00
ORD004123,CUST0385,EMP034,27-02-2025 14:33,11-03-2025 14:33,Order Confirmed,Pending,Faridabad,
ORD004124,CUST0032,EMP014,27-02-2025 14:34,19-03-2025 14:34,In Production,Pending,Jaipur,
ORD004125,CUST0147,EMP044,27-02-2025 18:50,28-03-2025 18:50,Delivered,Paid,Bengaluru,27-03-2025 18:50
ORD004126,CUST0400,EMP044,28-02-2025 00:19,08-03-2025 00:19,Delivered,Paid,Mumbai,08-03-2025 00:19
ORD004127,CUST0059,EMP011,28-02-2025 01:30,26-03-2025 01:30,Delivered,Paid,Gurugram,24-03-2025 01:30
ORD004128,CUST0355,EMP034,28-02-2025 05:38,18-03-2025 05:38,Order Confirmed,Paid,Delhi,
ORD004129,CUST0171,EMP019,28-02-2025 06:12,29-03-2025 06:12,Order Confirmed,Paid,Pune,
ORD004130,CUST0104,EMP030,28-02-2025 11:57,12-03-2025 11:57,Delivered,Overdue,Vadodara,07-03-2025 11:57
ORD004131,CUST0270,EMP026,01-03-2025 22:31,25-03-2025 22:31,Order Confirmed,Partially Paid,Jaipur,
ORD004132,CUST0466,EMP014,02-03-2025 02:22,01-04-2025 02:22,Dispatched,Paid,Noida,27-03-2025 02:22
ORD004133,CUST0449,EMP003,02-03-2025 06:12,17-03-2025 06:12,Delivered,Paid,Ahmedabad,15-03-2025 06:12
ORD004134,CUST0203,EMP026,02-03-2025 09:40,11-03-2025 09:40,In Production,Paid,Bengaluru,
ORD004135,CUST0002,EMP038,03-03-2025 02:44,19-03-2025 02:44,Delivered,Pending,Jaipur,16-03-2025 02:44
ORD004136,CUST0444,EMP038,03-03-2025 09:15,24-03-2025 09:15,Quotation,Paid,Vadodara,
ORD004137,CUST0449,EMP014,03-03-2025 14:18,25-03-2025 14:18,Delivered,Paid,Ahmedabad,24-03-2025 14:18
ORD004138,CUST0303,EMP038,03-03-2025 14:28,21-03-2025 14:28,Delivered,Paid,Chennai,19-03-2025 14:28
ORD004139,CUST0315,EMP017,03-03-2025 15:03,01-04-2025 15:03,Dispatched,Overdue,Delhi,28-03-2025 15:03
ORD004140,CUST0264,EMP026,03-03-2025 16:40,23-03-2025 16:40,Delivered,Paid,Hyderabad,23-03-2025 16:40
ORD004141,CUST0007,EMP017,03-03-2025 21:03,25-03-2025 21:03,Order Confirmed,Partially Paid,Gurugram,
ORD004142,CUST0080,EMP026,03-03-2025 21:59,01-04-2025 21:59,Delivered,Paid,Kolkata,26-03-2025 21:59
ORD004143,CUST0072,EMP026,04-03-2025 07:02,02-04-2025 07:02,Order Confirmed,Pending,Kolkata,
ORD004144,CUST0458,EMP030,04-03-2025 09:50,19-03-2025 09:50,On Hold,Paid,Noida,
ORD004145,CUST0025,EMP019,04-03-2025 10:17,17-03-2025 10:17,Quotation,Pending,Kolkata,
ORD004146,CUST0279,EMP026,05-03-2025 02:12,29-03-2025 02:12,Delivered,Overdue,Hyderabad,23-03-2025 02:12
ORD004147,CUST0182,EMP030,05-03-2025 07:33,24-03-2025 07:33,Order Confirmed,Paid,Mumbai,
ORD004148,CUST0004,EMP019,05-03-2025 09:07,22-03-2025 09:07,In Production,Paid,Ahmedabad,
ORD004149,CUST0460,EMP026,05-03-2025 09:11,28-03-2025 09:11,Order Confirmed,Overdue,Jaipur,
ORD004150,CUST0010,EMP003,05-03-2025 09:21,27-03-2025 09:21,Order Confirmed,Paid,Ahmedabad,
ORD004151,CUST0428,EMP038,05-03-2025 13:08,02-04-2025 13:08,Quotation,Pending,Vadodara,
ORD004152,CUST0389,EMP011,06-03-2025 11:32,21-03-2025 11:32,Quotation,Pending,Hyderabad,
ORD004153,CUST0397,EMP038,06-03-2025 13:00,31-03-2025 13:00,Delivered,Paid,Jaipur,25-03-2025 13:00
ORD004154,CUST0081,EMP034,06-03-2025 16:12,18-03-2025 16:12,Dispatched,Paid,Delhi,17-03-2025 16:12
ORD004155,CUST0441,EMP044,06-03-2025 18:01,04-04-2025 18:01,Quotation,Paid,Hyderabad,
ORD004156,CUST0300,EMP003,06-03-2025 23:05,15-03-2025 23:05,Cancelled,Paid,Ludhiana,
ORD004157,CUST0201,EMP014,07-03-2025 12:16,01-04-2025 12:16,Delivered,Paid,Delhi,26-03-2025 12:16
ORD004158,CUST0341,EMP003,07-03-2025 15:15,16-03-2025 15:15,In Production,Partially Paid,Mumbai,
ORD004159,CUST0171,EMP019,07-03-2025 17:46,04-04-2025 17:46,Dispatched,Paid,Pune,04-04-2025 17:46
ORD004160,CUST0140,EMP044,07-03-2025 21:36,06-04-2025 21:36,Dispatched,Pending,Surat,31-03-2025 21:36
ORD004161,CUST0145,EMP034,08-03-2025 05:40,03-04-2025 05:40,Delivered,Paid,Kolkata,03-04-2025 05:40
ORD004162,CUST0285,EMP034,08-03-2025 05:44,02-04-2025 05:44,Delivered,Paid,Jaipur,31-03-2025 05:44
ORD004163,CUST0301,EMP038,08-03-2025 08:43,26-03-2025 08:43,Delivered,Paid,Hyderabad,20-03-2025 08:43
ORD004164,CUST0121,EMP003,09-03-2025 01:53,21-03-2025 01:53,On Hold,Paid,Bengaluru,
ORD004165,CUST0123,EMP034,09-03-2025 08:20,08-04-2025 08:20,Delivered,Paid,Faridabad,05-04-2025 08:20
ORD004166,CUST0474,EMP017,09-03-2025 15:26,28-03-2025 15:26,On Hold,Pending,Bengaluru,
ORD004167,CUST0258,EMP030,09-03-2025 16:59,04-04-2025 16:59,Delivered,Paid,Bengaluru,03-04-2025 16:59
ORD004168,CUST0431,EMP034,09-03-2025 20:36,02-04-2025 20:36,Delivered,Paid,Ludhiana,31-03-2025 20:36
ORD004169,CUST0166,EMP030,09-03-2025 20:42,01-04-2025 20:42,Delivered,Partially Paid,Hyderabad,30-03-2025 20:42
ORD004170,CUST0145,EMP019,10-03-2025 00:30,25-03-2025 00:30,Delivered,Partially Paid,Kolkata,19-03-2025 00:30
ORD004171,CUST0142,EMP030,10-03-2025 04:02,27-03-2025 04:02,Quotation,Paid,Jaipur,
ORD004172,CUST0265,EMP019,11-03-2025 04:00,28-03-2025 04:00,Order Confirmed,Paid,Bengaluru,
ORD004173,CUST0390,EMP030,11-03-2025 09:37,01-04-2025 09:37,Order Confirmed,Paid,Ahmedabad,
ORD004174,CUST0251,EMP019,11-03-2025 11:09,04-04-2025 11:09,In Production,Paid,Vadodara,
ORD004175,CUST0148,EMP017,11-03-2025 12:43,22-03-2025 12:43,Cancelled,Paid,Vadodara,
ORD004176,CUST0481,EMP014,11-03-2025 16:29,23-03-2025 16:29,Delivered,Paid,Mumbai,21-03-2025 16:29
ORD004177,CUST0287,EMP017,11-03-2025 19:33,19-03-2025 19:33,Order Confirmed,Partially Paid,Delhi,
ORD004178,CUST0198,EMP034,11-03-2025 20:27,30-03-2025 20:27,Dispatched,Pending,Gurugram,30-03-2025 20:27
ORD004179,CUST0005,EMP038,12-03-2025 09:01,04-04-2025 09:01,Order Confirmed,Paid,Surat,
ORD004180,CUST0282,EMP011,12-03-2025 11:22,24-03-2025 11:22,Delivered,Paid,Kolkata,23-03-2025 11:22
ORD004181,CUST0311,EMP011,12-03-2025 12:11,05-04-2025 12:11,Cancelled,Pending,Delhi,
ORD004182,CUST0465,EMP026,12-03-2025 12:18,19-03-2025 12:18,Order Confirmed,Paid,Vadodara,
ORD004183,CUST0116,EMP034,12-03-2025 17:53,08-04-2025 17:53,Dispatched,Partially Paid,Vadodara,05-04-2025 17:53
ORD004184,CUST0082,EMP011,12-03-2025 22:25,04-04-2025 22:25,Cancelled,Pending,Ahmedabad,
ORD004185,CUST0500,EMP017,13-03-2025 00:06,05-04-2025 00:06,Delivered,Partially Paid,Surat,05-04-2025 00:06
ORD004186,CUST0276,EMP003,13-03-2025 05:20,05-04-2025 05:20,Delivered,Partially Paid,Mumbai,04-04-2025 05:20
ORD004187,CUST0014,EMP003,13-03-2025 11:00,28-03-2025 11:00,In Production,Paid,Jaipur,
ORD004188,CUST0053,EMP011,13-03-2025 11:10,12-04-2025 11:10,Order Confirmed,Overdue,Kolkata,
ORD004189,CUST0238,EMP034,13-03-2025 11:58,06-04-2025 11:58,Delivered,Partially Paid,Delhi,02-04-2025 11:58
ORD004190,CUST0309,EMP038,13-03-2025 12:33,24-03-2025 12:33,Order Confirmed,Paid,Surat,
ORD004191,CUST0122,EMP019,13-03-2025 23:33,11-04-2025 23:33,Delivered,Paid,Chennai,06-04-2025 23:33
ORD004192,CUST0183,EMP011,14-03-2025 07:16,07-04-2025 07:16,Delivered,Paid,Pune,07-04-2025 07:16
ORD004193,CUST0369,EMP044,14-03-2025 10:38,28-03-2025 10:38,In Production,Paid,Jaipur,
ORD004194,CUST0484,EMP014,14-03-2025 16:05,12-04-2025 16:05,Dispatched,Paid,Ludhiana,10-04-2025 16:05
ORD004195,CUST0246,EMP011,14-03-2025 17:11,26-03-2025 17:11,Delivered,Partially Paid,Gurugram,24-03-2025 17:11
ORD004196,CUST0208,EMP011,14-03-2025 18:40,05-04-2025 18:40,Cancelled,Paid,Mumbai,
ORD004197,CUST0181,EMP017,14-03-2025 22:28,06-04-2025 22:28,In Production,Paid,Chennai,
ORD004198,CUST0069,EMP034,15-03-2025 02:35,14-04-2025 02:35,Delivered,Partially Paid,Faridabad,08-04-2025 02:35
ORD004199,CUST0027,EMP017,15-03-2025 05:08,04-04-2025 05:08,Order Confirmed,Paid,Bengaluru,
ORD004200,CUST0417,EMP019,15-03-2025 06:22,14-04-2025 06:22,Cancelled,Paid,Ludhiana,
ORD004201,CUST0019,EMP017,15-03-2025 09:47,28-03-2025 09:47,Delivered,Paid,Vadodara,23-03-2025 09:47
ORD004202,CUST0411,EMP044,15-03-2025 21:12,10-04-2025 21:12,Order Confirmed,Paid,Pune,
ORD004203,CUST0124,EMP030,15-03-2025 23:17,27-03-2025 23:17,Delivered,Overdue,Ahmedabad,21-03-2025 23:17
ORD004204,CUST0348,EMP030,16-03-2025 06:42,15-04-2025 06:42,Delivered,Paid,Gurugram,11-04-2025 06:42
ORD004205,CUST0476,EMP019,16-03-2025 10:47,10-04-2025 10:47,Delivered,Paid,Vadodara,09-04-2025 10:47
ORD004206,CUST0375,EMP026,16-03-2025 12:47,07-04-2025 12:47,In Production,Overdue,Surat,
ORD004207,CUST0365,EMP038,16-03-2025 15:22,24-03-2025 15:22,Delivered,Partially Paid,Hyderabad,18-03-2025 15:22
ORD004208,CUST0133,EMP030,17-03-2025 04:36,04-04-2025 04:36,Delivered,Paid,Ahmedabad,30-03-2025 04:36
ORD004209,CUST0300,EMP038,17-03-2025 05:55,27-03-2025 05:55,In Production,Paid,Ludhiana,
ORD004210,CUST0322,EMP003,17-03-2025 09:44,15-04-2025 09:44,Order Confirmed,Pending,Gurugram,
ORD004211,CUST0213,EMP038,17-03-2025 10:38,02-04-2025 10:38,Delivered,Paid,Surat,29-03-2025 10:38
ORD004212,CUST0020,EMP044,17-03-2025 11:33,12-04-2025 11:33,Delivered,Paid,Jaipur,10-04-2025 11:33
ORD004213,CUST0457,EMP030,17-03-2025 17:16,14-04-2025 17:16,Dispatched,Paid,Delhi,09-04-2025 17:16
ORD004214,CUST0099,EMP044,17-03-2025 21:15,26-03-2025 21:15,Delivered,Paid,Ludhiana,24-03-2025 21:15
ORD004215,CUST0487,EMP026,17-03-2025 21:36,11-04-2025 21:36,Order Confirmed,Paid,Delhi,
ORD004216,CUST0467,EMP014,18-03-2025 00:23,01-04-2025 00:23,Delivered,Overdue,Delhi,30-03-2025 00:23
ORD004217,CUST0010,EMP030,18-03-2025 04:17,27-03-2025 04:17,Dispatched,Overdue,Ahmedabad,26-03-2025 04:17
ORD004218,CUST0370,EMP030,18-03-2025 04:59,31-03-2025 04:59,Quotation,Paid,Faridabad,
ORD004219,CUST0318,EMP011,18-03-2025 09:34,07-04-2025 09:34,On Hold,Pending,Delhi,
ORD004220,CUST0116,EMP014,18-03-2025 16:04,14-04-2025 16:04,Delivered,Pending,Vadodara,10-04-2025 16:04
ORD004221,CUST0407,EMP014,18-03-2025 19:55,10-04-2025 19:55,Order Confirmed,Overdue,Surat,
ORD004222,CUST0056,EMP026,18-03-2025 23:04,30-03-2025 23:04,Cancelled,Pending,Gurugram,
ORD004223,CUST0125,EMP011,19-03-2025 00:14,02-04-2025 00:14,Cancelled,Pending,Chennai,
ORD004224,CUST0475,EMP034,19-03-2025 03:08,02-04-2025 03:08,Delivered,Paid,Surat,29-03-2025 03:08
ORD004225,CUST0372,EMP011,19-03-2025 11:49,12-04-2025 11:49,Order Confirmed,Paid,Pune,
ORD004226,CUST0057,EMP044,19-03-2025 17:49,07-04-2025 17:49,Order Confirmed,Paid,Ludhiana,
ORD004227,CUST0073,EMP030,19-03-2025 20:50,26-03-2025 20:50,Delivered,Partially Paid,Noida,25-03-2025 20:50
ORD004228,CUST0129,EMP017,20-03-2025 06:36,28-03-2025 06:36,Cancelled,Overdue,Delhi,
ORD004229,CUST0036,EMP017,20-03-2025 10:51,28-03-2025 10:51,Order Confirmed,Overdue,Delhi,
ORD004230,CUST0092,EMP030,20-03-2025 11:55,19-04-2025 11:55,Dispatched,Pending,Bengaluru,17-04-2025 11:55
ORD004231,CUST0286,EMP003,20-03-2025 14:06,08-04-2025 14:06,Order Confirmed,Pending,Delhi,
ORD004232,CUST0004,EMP034,20-03-2025 19:13,07-04-2025 19:13,Dispatched,Paid,Ahmedabad,06-04-2025 19:13
ORD004233,CUST0144,EMP026,20-03-2025 21:22,14-04-2025 21:22,Delivered,Paid,Chennai,09-04-2025 21:22
ORD004234,CUST0158,EMP014,20-03-2025 21:25,31-03-2025 21:25,Quotation,Partially Paid,Surat,
ORD004235,CUST0486,EMP038,20-03-2025 23:34,27-03-2025 23:34,Delivered,Paid,Faridabad,25-03-2025 23:34
ORD004236,CUST0488,EMP030,21-03-2025 01:04,03-04-2025 01:04,Delivered,Pending,Delhi,29-03-2025 01:04
ORD004237,CUST0423,EMP011,21-03-2025 04:06,02-04-2025 04:06,Dispatched,Partially Paid,Chennai,01-04-2025 04:06
ORD004238,CUST0171,EMP030,21-03-2025 07:33,16-04-2025 07:33,Delivered,Paid,Pune,14-04-2025 07:33
ORD004239,CUST0264,EMP019,21-03-2025 08:40,16-04-2025 08:40,Order Confirmed,Partially Paid,Hyderabad,
ORD004240,CUST0253,EMP034,21-03-2025 08:55,12-04-2025 08:55,Quotation,Paid,Bengaluru,
ORD004241,CUST0431,EMP019,21-03-2025 19:27,18-04-2025 19:27,Dispatched,Pending,Ludhiana,18-04-2025 19:27
ORD004242,CUST0373,EMP044,22-03-2025 01:05,09-04-2025 01:05,Delivered,Pending,Kolkata,09-04-2025 01:05
ORD004243,CUST0454,EMP044,22-03-2025 02:46,03-04-2025 02:46,In Production,Paid,Gurugram,
ORD004244,CUST0276,EMP003,22-03-2025 04:43,05-04-2025 04:43,On Hold,Pending,Mumbai,
ORD004245,CUST0460,EMP019,23-03-2025 01:53,02-04-2025 01:53,Order Confirmed,Paid,Jaipur,
ORD004246,CUST0372,EMP014,23-03-2025 11:16,20-04-2025 11:16,In Production,Paid,Pune,
ORD004247,CUST0370,EMP019,23-03-2025 13:15,13-04-2025 13:15,Delivered,Paid,Faridabad,13-04-2025 13:15
ORD004248,CUST0331,EMP011,23-03-2025 13:42,17-04-2025 13:42,Cancelled,Pending,Bengaluru,
ORD004249,CUST0168,EMP026,23-03-2025 17:20,05-04-2025 17:20,Delivered,Pending,Bengaluru,05-04-2025 17:20
ORD004250,CUST0305,EMP011,23-03-2025 19:49,16-04-2025 19:49,Quotation,Paid,Noida,
ORD004251,CUST0179,EMP030,23-03-2025 23:24,06-04-2025 23:24,In Production,Partially Paid,Hyderabad,
ORD004252,CUST0325,EMP019,24-03-2025 00:37,10-04-2025 00:37,Order Confirmed,Pending,Mumbai,
ORD004253,CUST0128,EMP044,24-03-2025 02:57,15-04-2025 02:57,Dispatched,Overdue,Mumbai,09-04-2025 02:57
ORD004254,CUST0400,EMP038,24-03-2025 07:48,23-04-2025 07:48,Delivered,Paid,Mumbai,22-04-2025 07:48
ORD004255,CUST0286,EMP030,24-03-2025 21:39,13-04-2025 21:39,In Production,Paid,Delhi,
ORD004256,CUST0356,EMP019,25-03-2025 02:15,18-04-2025 02:15,Delivered,Paid,Chennai,15-04-2025 02:15
ORD004257,CUST0111,EMP034,25-03-2025 11:37,15-04-2025 11:37,Delivered,Pending,Surat,09-04-2025 11:37
ORD004258,CUST0396,EMP030,25-03-2025 12:20,11-04-2025 12:20,Order Confirmed,Paid,Vadodara,
ORD004259,CUST0402,EMP011,25-03-2025 12:50,23-04-2025 12:50,Order Confirmed,Paid,Delhi,
ORD004260,CUST0073,EMP017,25-03-2025 15:10,24-04-2025 15:10,Delivered,Overdue,Noida,21-04-2025 15:10
ORD004261,CUST0176,EMP044,25-03-2025 16:11,08-04-2025 16:11,Quotation,Paid,Pune,
ORD004262,CUST0339,EMP017,26-03-2025 06:54,23-04-2025 06:54,Order Confirmed,Partially Paid,Gurugram,
ORD004263,CUST0437,EMP003,26-03-2025 07:10,12-04-2025 07:10,Quotation,Overdue,Surat,
ORD004264,CUST0369,EMP038,26-03-2025 12:05,19-04-2025 12:05,Delivered,Paid,Jaipur,17-04-2025 12:05
ORD004265,CUST0236,EMP044,26-03-2025 13:15,14-04-2025 13:15,Delivered,Paid,Delhi,09-04-2025 13:15
ORD004266,CUST0150,EMP030,26-03-2025 15:56,20-04-2025 15:56,Delivered,Paid,Kolkata,15-04-2025 15:56
ORD004267,CUST0455,EMP030,26-03-2025 19:11,22-04-2025 19:11,Dispatched,Paid,Gurugram,22-04-2025 19:11
ORD004268,CUST0438,EMP017,26-03-2025 20:07,12-04-2025 20:07,Dispatched,Paid,Chennai,06-04-2025 20:07
ORD004269,CUST0449,EMP017,27-03-2025 10:09,19-04-2025 10:09,Order Confirmed,Paid,Ahmedabad,
ORD004270,CUST0153,EMP044,27-03-2025 11:50,15-04-2025 11:50,Delivered,Paid,Surat,15-04-2025 11:50
ORD004271,CUST0219,EMP038,27-03-2025 23:12,22-04-2025 23:12,On Hold,Paid,Chennai,
ORD004272,CUST0122,EMP019,28-03-2025 04:41,08-04-2025 04:41,Delivered,Pending,Chennai,06-04-2025 04:41
ORD004273,CUST0478,EMP017,28-03-2025 11:19,21-04-2025 11:19,In Production,Paid,Mumbai,
ORD004274,CUST0434,EMP011,28-03-2025 12:36,18-04-2025 12:36,Delivered,Pending,Ludhiana,12-04-2025 12:36
ORD004275,CUST0087,EMP003,28-03-2025 12:38,14-04-2025 12:38,Order Confirmed,Overdue,Kolkata,
ORD004276,CUST0124,EMP019,28-03-2025 16:24,12-04-2025 16:24,In Production,Partially Paid,Ahmedabad,
ORD004277,CUST0277,EMP026,28-03-2025 21:45,20-04-2025 21:45,Cancelled,Partially Paid,Noida,
ORD004278,CUST0208,EMP030,29-03-2025 08:52,13-04-2025 08:52,Order Confirmed,Paid,Mumbai,
ORD004279,CUST0230,EMP038,29-03-2025 11:24,05-04-2025 11:24,Order Confirmed,Paid,Bengaluru,
ORD004280,CUST0184,EMP017,29-03-2025 13:16,27-04-2025 13:16,Delivered,Paid,Pune,24-04-2025 13:16
ORD004281,CUST0337,EMP011,29-03-2025 15:56,15-04-2025 15:56,Delivered,Paid,Noida,12-04-2025 15:56
ORD004282,CUST0450,EMP038,29-03-2025 20:35,08-04-2025 20:35,Delivered,Overdue,Faridabad,03-04-2025 20:35
ORD004283,CUST0459,EMP034,29-03-2025 21:39,10-04-2025 21:39,Order Confirmed,Paid,Kolkata,
ORD004284,CUST0228,EMP026,30-03-2025 18:38,25-04-2025 18:38,Delivered,Paid,Ludhiana,22-04-2025 18:38
ORD004285,CUST0414,EMP003,30-03-2025 18:44,13-04-2025 18:44,Order Confirmed,Pending,Ahmedabad,
ORD004286,CUST0348,EMP019,30-03-2025 21:37,12-04-2025 21:37,Cancelled,Overdue,Gurugram,
ORD004287,CUST0099,EMP030,31-03-2025 02:42,18-04-2025 02:42,Order Confirmed,Pending,Ludhiana,
ORD004288,CUST0398,EMP038,31-03-2025 07:07,07-04-2025 07:07,Quotation,Paid,Jaipur,
ORD004289,CUST0176,EMP026,31-03-2025 08:11,20-04-2025 08:11,Delivered,Paid,Pune,16-04-2025 08:11
ORD004290,CUST0314,EMP019,31-03-2025 10:24,07-04-2025 10:24,Order Confirmed,Paid,Mumbai,
ORD004291,CUST0361,EMP017,31-03-2025 12:30,27-04-2025 12:30,Delivered,Partially Paid,Vadodara,24-04-2025 12:30
ORD004292,CUST0472,EMP019,31-03-2025 14:10,17-04-2025 14:10,Order Confirmed,Partially Paid,Mumbai,
ORD004293,CUST0475,EMP003,01-04-2025 00:01,13-04-2025 00:01,Dispatched,Pending,Surat,13-04-2025 00:01
ORD004294,CUST0402,EMP011,01-04-2025 06:59,18-04-2025 06:59,Order Confirmed,Paid,Delhi,
ORD004295,CUST0253,EMP034,01-04-2025 08:18,12-04-2025 08:18,Dispatched,Overdue,Bengaluru,10-04-2025 08:18
ORD004296,CUST0201,EMP017,01-04-2025 08:28,15-04-2025 08:28,Order Confirmed,Paid,Delhi,
ORD004297,CUST0221,EMP038,01-04-2025 13:06,11-04-2025 13:06,In Production,Paid,Surat,
ORD004298,CUST0476,EMP017,01-04-2025 14:27,24-04-2025 14:27,Order Confirmed,Pending,Vadodara,
ORD004299,CUST0103,EMP044,01-04-2025 22:02,01-05-2025 22:02,Delivered,Paid,Surat,26-04-2025 22:02
ORD004300,CUST0263,EMP011,01-04-2025 22:19,19-04-2025 22:19,Delivered,Paid,Vadodara,17-04-2025 22:19
ORD004301,CUST0340,EMP011,01-04-2025 22:53,10-04-2025 22:53,Order Confirmed,Paid,Chennai,
ORD004302,CUST0012,EMP026,01-04-2025 23:53,09-04-2025 23:53,Order Confirmed,Paid,Gurugram,
ORD004303,CUST0318,EMP038,02-04-2025 04:16,28-04-2025 04:16,Quotation,Paid,Delhi,
ORD004304,CUST0131,EMP011,02-04-2025 08:29,17-04-2025 08:29,Order Confirmed,Partially Paid,Delhi,
ORD004305,CUST0141,EMP026,02-04-2025 17:55,16-04-2025 17:55,Dispatched,Paid,Ahmedabad,10-04-2025 17:55
ORD004306,CUST0311,EMP014,02-04-2025 18:31,11-04-2025 18:31,In Production,Overdue,Delhi,
ORD004307,CUST0005,EMP034,03-04-2025 03:45,25-04-2025 03:45,On Hold,Pending,Surat,
ORD004308,CUST0079,EMP026,03-04-2025 13:04,11-04-2025 13:04,Delivered,Pending,Noida,05-04-2025 13:04
ORD004309,CUST0228,EMP030,03-04-2025 18:40,01-05-2025 18:40,Quotation,Pending,Ludhiana,
ORD004310,CUST0293,EMP014,03-04-2025 20:56,14-04-2025 20:56,Order Confirmed,Partially Paid,Gurugram,
ORD004311,CUST0055,EMP014,03-04-2025 22:56,11-04-2025 22:56,Quotation,Paid,Gurugram,
ORD004312,CUST0181,EMP030,04-04-2025 15:35,27-04-2025 15:35,Order Confirmed,Pending,Chennai,
ORD004313,CUST0154,EMP017,04-04-2025 18:52,19-04-2025 18:52,Dispatched,Paid,Jaipur,14-04-2025 18:52
ORD004314,CUST0268,EMP030,04-04-2025 23:19,27-04-2025 23:19,Quotation,Paid,Jaipur,
ORD004315,CUST0151,EMP011,05-04-2025 01:32,12-04-2025 01:32,Quotation,Paid,Ludhiana,
ORD004316,CUST0001,EMP017,05-04-2025 02:47,02-05-2025 02:47,Order Confirmed,Paid,Ludhiana,
ORD004317,CUST0266,EMP011,05-04-2025 08:41,19-04-2025 08:41,Delivered,Partially Paid,Pune,19-04-2025 08:41
ORD004318,CUST0425,EMP003,05-04-2025 15:22,30-04-2025 15:22,Quotation,Overdue,Pune,
ORD004319,CUST0293,EMP014,05-04-2025 15:30,04-05-2025 15:30,On Hold,Partially Paid,Gurugram,
ORD004320,CUST0181,EMP019,06-04-2025 04:51,25-04-2025 04:51,In Production,Paid,Chennai,
ORD004321,CUST0242,EMP011,06-04-2025 05:39,21-04-2025 05:39,In Production,Paid,Jaipur,
ORD004322,CUST0071,EMP003,06-04-2025 09:15,20-04-2025 09:15,Dispatched,Paid,Surat,15-04-2025 09:15
ORD004323,CUST0119,EMP038,06-04-2025 18:34,29-04-2025 18:34,Dispatched,Paid,Hyderabad,23-04-2025 18:34
ORD004324,CUST0219,EMP026,06-04-2025 20:27,13-04-2025 20:27,Dispatched,Paid,Chennai,08-04-2025 20:27
ORD004325,CUST0297,EMP034,06-04-2025 22:49,16-04-2025 22:49,Dispatched,Pending,Bengaluru,12-04-2025 22:49
ORD004326,CUST0244,EMP034,07-04-2025 08:41,29-04-2025 08:41,In Production,Partially Paid,Hyderabad,
ORD004327,CUST0482,EMP011,07-04-2025 12:00,14-04-2025 12:00,In Production,Paid,Jaipur,
ORD004328,CUST0319,EMP030,07-04-2025 15:39,20-04-2025 15:39,Quotation,Paid,Hyderabad,
ORD004329,CUST0012,EMP038,07-04-2025 17:11,29-04-2025 17:11,Delivered,Paid,Gurugram,25-04-2025 17:11
ORD004330,CUST0263,EMP019,07-04-2025 17:58,20-04-2025 17:58,Delivered,Partially Paid,Vadodara,17-04-2025 17:58
ORD004331,CUST0292,EMP038,07-04-2025 22:43,06-05-2025 22:43,Delivered,Paid,Chennai,05-05-2025 22:43
ORD004332,CUST0022,EMP044,07-04-2025 23:30,07-05-2025 23:30,Cancelled,Paid,Ludhiana,
ORD004333,CUST0193,EMP026,08-04-2025 03:47,15-04-2025 03:47,Dispatched,Partially Paid,Jaipur,12-04-2025 03:47
ORD004334,CUST0436,EMP011,08-04-2025 04:24,19-04-2025 04:24,Delivered,Paid,Delhi,13-04-2025 04:24
ORD004335,CUST0179,EMP030,08-04-2025 04:40,06-05-2025 04:40,Dispatched,Paid,Hyderabad,06-05-2025 04:40
ORD004336,CUST0229,EMP038,08-04-2025 08:18,15-04-2025 08:18,Dispatched,Paid,Noida,15-04-2025 08:18
ORD004337,CUST0111,EMP026,08-04-2025 09:55,26-04-2025 09:55,Delivered,Paid,Surat,20-04-2025 09:55
ORD004338,CUST0039,EMP038,08-04-2025 14:57,07-05-2025 14:57,Order Confirmed,Partially Paid,Gurugram,
ORD004339,CUST0160,EMP026,08-04-2025 22:10,29-04-2025 22:10,Order Confirmed,Paid,Hyderabad,
ORD004340,CUST0387,EMP019,08-04-2025 22:41,22-04-2025 22:41,Dispatched,Pending,Pune,17-04-2025 22:41
ORD004341,CUST0492,EMP044,08-04-2025 22:46,15-04-2025 22:46,Quotation,Paid,Gurugram,
ORD004342,CUST0331,EMP011,09-04-2025 00:06,25-04-2025 00:06,Order Confirmed,Paid,Bengaluru,
ORD004343,CUST0416,EMP019,09-04-2025 07:52,29-04-2025 07:52,Delivered,Paid,Jaipur,26-04-2025 07:52
ORD004344,CUST0325,EMP011,10-04-2025 01:52,18-04-2025 01:52,Dispatched,Overdue,Mumbai,16-04-2025 01:52
ORD004345,CUST0330,EMP030,10-04-2025 05:50,29-04-2025 05:50,Quotation,Paid,Ahmedabad,
ORD004346,CUST0214,EMP044,10-04-2025 07:00,26-04-2025 07:00,Quotation,Partially Paid,Bengaluru,
ORD004347,CUST0031,EMP044,10-04-2025 08:29,24-04-2025 08:29,Cancelled,Pending,Delhi,
ORD004348,CUST0206,EMP014,10-04-2025 11:39,10-05-2025 11:39,Cancelled,Paid,Kolkata,
ORD004349,CUST0433,EMP034,10-04-2025 15:14,08-05-2025 15:14,Delivered,Paid,Noida,08-05-2025 15:14
ORD004350,CUST0269,EMP038,10-04-2025 23:50,03-05-2025 23:50,Order Confirmed,Partially Paid,Faridabad,
ORD004351,CUST0381,EMP038,11-04-2025 16:08,02-05-2025 16:08,In Production,Pending,Kolkata,
ORD004352,CUST0026,EMP026,11-04-2025 16:11,29-04-2025 16:11,In Production,Paid,Ludhiana,
ORD004353,CUST0101,EMP011,11-04-2025 16:21,19-04-2025 16:21,Delivered,Overdue,Noida,15-04-2025 16:21
ORD004354,CUST0150,EMP019,11-04-2025 23:11,25-04-2025 23:11,Delivered,Paid,Kolkata,22-04-2025 23:11
ORD004355,CUST0180,EMP034,12-04-2025 09:53,19-04-2025 09:53,Delivered,Pending,Jaipur,14-04-2025 09:53
ORD004356,CUST0494,EMP030,12-04-2025 11:33,27-04-2025 11:33,In Production,Paid,Chennai,
ORD004357,CUST0231,EMP017,12-04-2025 21:43,30-04-2025 21:43,Delivered,Paid,Bengaluru,28-04-2025 21:43
ORD004358,CUST0332,EMP014,12-04-2025 22:38,03-05-2025 22:38,Dispatched,Paid,Hyderabad,28-04-2025 22:38
ORD004359,CUST0323,EMP030,12-04-2025 23:39,27-04-2025 23:39,Dispatched,Pending,Vadodara,21-04-2025 23:39
ORD004360,CUST0210,EMP019,13-04-2025 02:51,26-04-2025 02:51,Dispatched,Paid,Hyderabad,25-04-2025 02:51
ORD004361,CUST0484,EMP019,13-04-2025 06:24,07-05-2025 06:24,Delivered,Partially Paid,Ludhiana,02-05-2025 06:24
ORD004362,CUST0112,EMP044,13-04-2025 12:44,23-04-2025 12:44,Delivered,Paid,Faridabad,19-04-2025 12:44
ORD004363,CUST0018,EMP003,13-04-2025 19:17,23-04-2025 19:17,Dispatched,Paid,Chennai,21-04-2025 19:17
ORD004364,CUST0373,EMP014,13-04-2025 22:29,06-05-2025 22:29,Cancelled,Paid,Kolkata,
ORD004365,CUST0327,EMP044,14-04-2025 03:03,05-05-2025 03:03,In Production,Pending,Kolkata,
ORD004366,CUST0131,EMP044,14-04-2025 07:41,11-05-2025 07:41,In Production,Paid,Delhi,
ORD004367,CUST0434,EMP017,14-04-2025 08:31,08-05-2025 08:31,In Production,Pending,Ludhiana,
ORD004368,CUST0082,EMP044,14-04-2025 09:54,12-05-2025 09:54,Quotation,Pending,Ahmedabad,
ORD004369,CUST0126,EMP014,15-04-2025 01:30,07-05-2025 01:30,Delivered,Overdue,Gurugram,06-05-2025 01:30
ORD004370,CUST0078,EMP003,15-04-2025 08:36,12-05-2025 08:36,Quotation,Partially Paid,Noida,
ORD004371,CUST0094,EMP017,15-04-2025 10:37,26-04-2025 10:37,In Production,Partially Paid,Kolkata,
ORD004372,CUST0365,EMP026,15-04-2025 20:02,04-05-2025 20:02,Order Confirmed,Paid,Hyderabad,
ORD004373,CUST0352,EMP003,16-04-2025 01:22,15-05-2025 01:22,Delivered,Paid,Ludhiana,14-05-2025 01:22
ORD004374,CUST0322,EMP011,16-04-2025 03:33,11-05-2025 03:33,Cancelled,Paid,Gurugram,
ORD004375,CUST0431,EMP034,16-04-2025 12:35,02-05-2025 12:35,Delivered,Pending,Ludhiana,02-05-2025 12:35
ORD004376,CUST0035,EMP030,16-04-2025 17:17,15-05-2025 17:17,In Production,Paid,Ahmedabad,
ORD004377,CUST0311,EMP030,17-04-2025 01:36,01-05-2025 01:36,Dispatched,Paid,Delhi,30-04-2025 01:36
ORD004378,CUST0058,EMP044,17-04-2025 08:20,24-04-2025 08:20,Order Confirmed,Paid,Vadodara,
ORD004379,CUST0478,EMP014,17-04-2025 19:32,13-05-2025 19:32,Cancelled,Pending,Mumbai,
ORD004380,CUST0317,EMP038,18-04-2025 00:24,04-05-2025 00:24,Order Confirmed,Paid,Faridabad,
ORD004381,CUST0380,EMP017,18-04-2025 02:54,25-04-2025 02:54,Cancelled,Pending,Faridabad,
ORD004382,CUST0286,EMP044,18-04-2025 11:22,29-04-2025 11:22,Delivered,Paid,Delhi,26-04-2025 11:22
ORD004383,CUST0192,EMP034,18-04-2025 17:09,26-04-2025 17:09,Delivered,Paid,Kolkata,23-04-2025 17:09
ORD004384,CUST0343,EMP014,18-04-2025 17:20,18-05-2025 17:20,Delivered,Overdue,Ahmedabad,12-05-2025 17:20
ORD004385,CUST0418,EMP014,18-04-2025 20:08,15-05-2025 20:08,In Production,Paid,Noida,
ORD004386,CUST0090,EMP026,18-04-2025 22:04,17-05-2025 22:04,In Production,Paid,Bengaluru,
ORD004387,CUST0436,EMP026,19-04-2025 00:42,30-04-2025 00:42,In Production,Overdue,Delhi,
ORD004388,CUST0364,EMP014,19-04-2025 02:17,15-05-2025 02:17,Order Confirmed,Paid,Delhi,
ORD004389,CUST0043,EMP014,19-04-2025 05:16,09-05-2025 05:16,Delivered,Paid,Ludhiana,04-05-2025 05:16
ORD004390,CUST0469,EMP038,19-04-2025 05:43,03-05-2025 05:43,Dispatched,Overdue,Ludhiana,27-04-2025 05:43
ORD004391,CUST0091,EMP034,19-04-2025 22:20,12-05-2025 22:20,Delivered,Paid,Jaipur,07-05-2025 22:20
ORD004392,CUST0301,EMP011,20-04-2025 05:48,19-05-2025 05:48,Delivered,Overdue,Hyderabad,15-05-2025 05:48
ORD004393,CUST0065,EMP034,20-04-2025 06:17,08-05-2025 06:17,Order Confirmed,Pending,Bengaluru,
ORD004394,CUST0099,EMP011,20-04-2025 16:47,27-04-2025 16:47,Order Confirmed,Paid,Ludhiana,
ORD004395,CUST0322,EMP019,20-04-2025 17:12,17-05-2025 17:12,Dispatched,Paid,Gurugram,12-05-2025 17:12
ORD004396,CUST0340,EMP003,20-04-2025 18:44,01-05-2025 18:44,Order Confirmed,Paid,Chennai,
ORD004397,CUST0344,EMP030,21-04-2025 22:33,02-05-2025 22:33,Delivered,Paid,Ahmedabad,27-04-2025 22:33
ORD004398,CUST0172,EMP011,22-04-2025 07:29,13-05-2025 07:29,Delivered,Paid,Delhi,08-05-2025 07:29
ORD004399,CUST0411,EMP014,22-04-2025 17:52,18-05-2025 17:52,Delivered,Pending,Pune,17-05-2025 17:52
ORD004400,CUST0025,EMP011,22-04-2025 20:54,18-05-2025 20:54,Dispatched,Overdue,Kolkata,13-05-2025 20:54
ORD004401,CUST0428,EMP011,22-04-2025 21:57,19-05-2025 21:57,Delivered,Overdue,Vadodara,18-05-2025 21:57
ORD004402,CUST0152,EMP003,23-04-2025 16:31,21-05-2025 16:31,Delivered,Overdue,Mumbai,19-05-2025 16:31
ORD004403,CUST0311,EMP026,23-04-2025 22:39,03-05-2025 22:39,On Hold,Paid,Delhi,
ORD004404,CUST0453,EMP038,23-04-2025 23:14,07-05-2025 23:14,Delivered,Paid,Bengaluru,03-05-2025 23:14
ORD004405,CUST0128,EMP017,24-04-2025 02:28,18-05-2025 02:28,Delivered,Paid,Mumbai,15-05-2025 02:28
ORD004406,CUST0206,EMP034,24-04-2025 10:40,10-05-2025 10:40,Order Confirmed,Paid,Kolkata,
ORD004407,CUST0415,EMP026,24-04-2025 12:23,18-05-2025 12:23,Delivered,Overdue,Noida,13-05-2025 12:23
ORD004408,CUST0433,EMP014,25-04-2025 00:37,12-05-2025 00:37,In Production,Pending,Noida,
ORD004409,CUST0118,EMP003,25-04-2025 03:17,12-05-2025 03:17,Dispatched,Pending,Noida,07-05-2025 03:17
ORD004410,CUST0255,EMP034,25-04-2025 08:43,02-05-2025 08:43,Dispatched,Paid,Noida,27-04-2025 08:43
ORD004411,CUST0167,EMP003,25-04-2025 09:05,16-05-2025 09:05,In Production,Paid,Chennai,
ORD004412,CUST0259,EMP019,25-04-2025 09:42,22-05-2025 09:42,Order Confirmed,Paid,Pune,
ORD004413,CUST0190,EMP003,25-04-2025 13:22,21-05-2025 13:22,Order Confirmed,Paid,Chennai,
ORD004414,CUST0003,EMP034,25-04-2025 13:31,10-05-2025 13:31,Delivered,Paid,Gurugram,09-05-2025 13:31
ORD004415,CUST0463,EMP044,25-04-2025 17:04,18-05-2025 17:04,Delivered,Pending,Mumbai,18-05-2025 17:04
ORD004416,CUST0319,EMP017,26-04-2025 07:10,07-05-2025 07:10,Cancelled,Paid,Hyderabad,
ORD004417,CUST0231,EMP017,26-04-2025 07:24,18-05-2025 07:24,Delivered,Partially Paid,Bengaluru,17-05-2025 07:24
ORD004418,CUST0054,EMP026,26-04-2025 07:27,12-05-2025 07:27,In Production,Pending,Chennai,
ORD004419,CUST0036,EMP026,26-04-2025 07:32,25-05-2025 07:32,Delivered,Paid,Delhi,23-05-2025 07:32
ORD004420,CUST0240,EMP017,26-04-2025 17:01,20-05-2025 17:01,Delivered,Partially Paid,Noida,15-05-2025 17:01
ORD004421,CUST0325,EMP017,26-04-2025 22:27,04-05-2025 22:27,In Production,Pending,Mumbai,
ORD004422,CUST0131,EMP011,26-04-2025 23:55,23-05-2025 23:55,On Hold,Overdue,Delhi,
ORD004423,CUST0373,EMP014,27-04-2025 08:17,21-05-2025 08:17,Cancelled,Paid,Kolkata,
ORD004424,CUST0197,EMP026,27-04-2025 09:27,09-05-2025 09:27,Order Confirmed,Partially Paid,Kolkata,
ORD004425,CUST0006,EMP034,27-04-2025 11:44,10-05-2025 11:44,Delivered,Paid,Hyderabad,10-05-2025 11:44
ORD004426,CUST0269,EMP034,27-04-2025 18:56,08-05-2025 18:56,Quotation,Paid,Faridabad,
ORD004427,CUST0091,EMP026,28-04-2025 01:43,12-05-2025 01:43,Cancelled,Paid,Jaipur,
ORD004428,CUST0008,EMP034,28-04-2025 03:09,27-05-2025 03:09,Delivered,Paid,Noida,24-05-2025 03:09
ORD004429,CUST0066,EMP026,28-04-2025 14:53,26-05-2025 14:53,Order Confirmed,Paid,Gurugram,
ORD004430,CUST0143,EMP017,28-04-2025 18:32,18-05-2025 18:32,Delivered,Partially Paid,Jaipur,13-05-2025 18:32
ORD004431,CUST0258,EMP017,28-04-2025 20:30,13-05-2025 20:30,Dispatched,Paid,Bengaluru,11-05-2025 20:30
ORD004432,CUST0495,EMP026,29-04-2025 03:55,14-05-2025 03:55,Quotation,Paid,Delhi,
ORD004433,CUST0110,EMP017,29-04-2025 17:14,28-05-2025 17:14,Delivered,Partially Paid,Mumbai,26-05-2025 17:14
ORD004434,CUST0029,EMP034,29-04-2025 17:14,10-05-2025 17:14,Delivered,Paid,Surat,09-05-2025 17:14
ORD004435,CUST0096,EMP011,29-04-2025 23:08,24-05-2025 23:08,Dispatched,Paid,Jaipur,21-05-2025 23:08
ORD004436,CUST0160,EMP003,30-04-2025 01:10,30-05-2025 01:10,Delivered,Paid,Hyderabad,26-05-2025 01:10
ORD004437,CUST0103,EMP019,30-04-2025 02:48,27-05-2025 02:48,Quotation,Paid,Surat,
ORD004438,CUST0161,EMP003,30-04-2025 08:20,24-05-2025 08:20,In Production,Paid,Kolkata,
ORD004439,CUST0485,EMP011,30-04-2025 11:58,28-05-2025 11:58,Delivered,Pending,Chennai,24-05-2025 11:58
ORD004440,CUST0190,EMP017,30-04-2025 12:34,12-05-2025 12:34,Order Confirmed,Partially Paid,Chennai,
ORD004441,CUST0318,EMP003,30-04-2025 17:11,30-05-2025 17:11,Dispatched,Paid,Delhi,25-05-2025 17:11
ORD004442,CUST0343,EMP014,30-04-2025 18:56,09-05-2025 18:56,Cancelled,Paid,Ahmedabad,
ORD004443,CUST0066,EMP026,30-04-2025 23:01,07-05-2025 23:01,Delivered,Pending,Gurugram,07-05-2025 23:01
ORD004444,CUST0124,EMP017,01-05-2025 05:49,12-05-2025 05:49,Delivered,Paid,Ahmedabad,10-05-2025 05:49
ORD004445,CUST0208,EMP038,01-05-2025 21:36,22-05-2025 21:36,Delivered,Paid,Mumbai,20-05-2025 21:36
ORD004446,CUST0231,EMP003,01-05-2025 22:33,13-05-2025 22:33,Delivered,Paid,Bengaluru,11-05-2025 22:33
ORD004447,CUST0007,EMP034,02-05-2025 09:52,24-05-2025 09:52,Delivered,Pending,Gurugram,19-05-2025 09:52
ORD004448,CUST0323,EMP026,02-05-2025 15:37,11-05-2025 15:37,Order Confirmed,Partially Paid,Vadodara,
ORD004449,CUST0151,EMP030,02-05-2025 17:03,25-05-2025 17:03,Dispatched,Paid,Ludhiana,25-05-2025 17:03
ORD004450,CUST0162,EMP030,02-05-2025 17:34,14-05-2025 17:34,Order Confirmed,Paid,Hyderabad,
ORD004451,CUST0302,EMP003,03-05-2025 07:52,22-05-2025 07:52,Order Confirmed,Pending,Jaipur,
ORD004452,CUST0475,EMP034,03-05-2025 09:44,12-05-2025 09:44,In Production,Paid,Surat,
ORD004453,CUST0433,EMP017,03-05-2025 12:50,02-06-2025 12:50,Delivered,Paid,Noida,31-05-2025 12:50
ORD004454,CUST0490,EMP030,04-05-2025 04:48,20-05-2025 04:48,Delivered,Pending,Mumbai,20-05-2025 04:48
ORD004455,CUST0207,EMP014,04-05-2025 07:34,25-05-2025 07:34,Cancelled,Paid,Ahmedabad,
ORD004456,CUST0060,EMP017,04-05-2025 13:15,22-05-2025 13:15,Dispatched,Paid,Vadodara,19-05-2025 13:15
ORD004457,CUST0108,EMP034,05-05-2025 11:44,26-05-2025 11:44,Dispatched,Partially Paid,Ludhiana,20-05-2025 11:44
ORD004458,CUST0172,EMP044,05-05-2025 17:16,22-05-2025 17:16,Order Confirmed,Partially Paid,Delhi,
ORD004459,CUST0151,EMP038,05-05-2025 18:14,13-05-2025 18:14,Order Confirmed,Paid,Ludhiana,
ORD004460,CUST0104,EMP034,05-05-2025 19:18,31-05-2025 19:18,Order Confirmed,Paid,Vadodara,
ORD004461,CUST0076,EMP026,06-05-2025 02:03,28-05-2025 02:03,On Hold,Paid,Pune,
ORD004462,CUST0094,EMP026,06-05-2025 03:03,19-05-2025 03:03,Order Confirmed,Paid,Kolkata,
ORD004463,CUST0330,EMP044,06-05-2025 03:08,15-05-2025 03:08,Delivered,Paid,Ahmedabad,09-05-2025 03:08
ORD004464,CUST0246,EMP014,07-05-2025 03:07,04-06-2025 03:07,In Production,Paid,Gurugram,
ORD004465,CUST0019,EMP044,07-05-2025 14:04,21-05-2025 14:04,Delivered,Paid,Vadodara,21-05-2025 14:04
ORD004466,CUST0282,EMP030,07-05-2025 17:15,04-06-2025 17:15,Delivered,Paid,Kolkata,04-06-2025 17:15
ORD004467,CUST0422,EMP030,07-05-2025 18:16,01-06-2025 18:16,Cancelled,Paid,Surat,
ORD004468,CUST0213,EMP026,08-05-2025 05:16,07-06-2025 05:16,Order Confirmed,Paid,Surat,
ORD004469,CUST0160,EMP038,08-05-2025 16:38,30-05-2025 16:38,Cancelled,Partially Paid,Hyderabad,
ORD004470,CUST0137,EMP030,08-05-2025 20:55,19-05-2025 20:55,Order Confirmed,Overdue,Vadodara,
ORD004471,CUST0190,EMP003,08-05-2025 22:42,15-05-2025 22:42,Delivered,Paid,Chennai,12-05-2025 22:42
ORD004472,CUST0140,EMP034,09-05-2025 05:31,21-05-2025 05:31,Quotation,Partially Paid,Surat,
ORD004473,CUST0463,EMP034,09-05-2025 06:46,26-05-2025 06:46,Delivered,Paid,Mumbai,25-05-2025 06:46
ORD004474,CUST0497,EMP044,09-05-2025 14:31,30-05-2025 14:31,Delivered,Partially Paid,Vadodara,29-05-2025 14:31
ORD004475,CUST0172,EMP044,09-05-2025 15:37,06-06-2025 15:37,Delivered,Paid,Delhi,02-06-2025 15:37
ORD004476,CUST0462,EMP044,09-05-2025 22:06,19-05-2025 22:06,Delivered,Pending,Noida,17-05-2025 22:06
ORD004477,CUST0427,EMP003,09-05-2025 23:17,31-05-2025 23:17,In Production,Overdue,Surat,
ORD004478,CUST0038,EMP030,10-05-2025 02:43,19-05-2025 02:43,Delivered,Paid,Ludhiana,15-05-2025 02:43
ORD004479,CUST0246,EMP044,10-05-2025 08:38,28-05-2025 08:38,In Production,Overdue,Gurugram,
ORD004480,CUST0329,EMP044,10-05-2025 16:18,18-05-2025 16:18,Order Confirmed,Partially Paid,Jaipur,
ORD004481,CUST0212,EMP026,10-05-2025 17:09,25-05-2025 17:09,Quotation,Partially Paid,Bengaluru,
ORD004482,CUST0229,EMP044,10-05-2025 17:48,31-05-2025 17:48,Order Confirmed,Paid,Noida,
ORD004483,CUST0248,EMP038,10-05-2025 18:04,03-06-2025 18:04,Order Confirmed,Paid,Pune,
ORD004484,CUST0345,EMP003,10-05-2025 20:25,05-06-2025 20:25,Delivered,Pending,Faridabad,05-06-2025 20:25
ORD004485,CUST0147,EMP038,10-05-2025 20:27,29-05-2025 20:27,Order Confirmed,Paid,Bengaluru,
ORD004486,CUST0299,EMP030,11-05-2025 02:14,24-05-2025 02:14,Delivered,Paid,Jaipur,18-05-2025 02:14
ORD004487,CUST0122,EMP026,11-05-2025 05:50,08-06-2025 05:50,Order Confirmed,Paid,Chennai,
ORD004488,CUST0445,EMP011,11-05-2025 09:04,09-06-2025 09:04,Delivered,Paid,Ahmedabad,09-06-2025 09:04
ORD004489,CUST0043,EMP044,11-05-2025 17:04,10-06-2025 17:04,In Production,Partially Paid,Ludhiana,
ORD004490,CUST0034,EMP014,11-05-2025 20:31,06-06-2025 20:31,In Production,Partially Paid,Noida,
ORD004491,CUST0019,EMP019,11-05-2025 22:32,05-06-2025 22:32,Delivered,Pending,Vadodara,05-06-2025 22:32
ORD004492,CUST0175,EMP014,12-05-2025 04:25,20-05-2025 04:25,Cancelled,Partially Paid,Faridabad,
ORD004493,CUST0304,EMP044,12-05-2025 06:13,01-06-2025 06:13,On Hold,Partially Paid,Faridabad,
ORD004494,CUST0493,EMP019,12-05-2025 12:42,28-05-2025 12:42,In Production,Overdue,Ahmedabad,
ORD004495,CUST0228,EMP011,12-05-2025 23:21,25-05-2025 23:21,Cancelled,Paid,Ludhiana,
ORD004496,CUST0092,EMP003,13-05-2025 03:17,21-05-2025 03:17,Delivered,Partially Paid,Bengaluru,19-05-2025 03:17
ORD004497,CUST0185,EMP044,13-05-2025 05:54,25-05-2025 05:54,Cancelled,Pending,Delhi,
ORD004498,CUST0064,EMP014,13-05-2025 07:13,10-06-2025 07:13,Quotation,Partially Paid,Hyderabad,
ORD004499,CUST0236,EMP034,13-05-2025 12:10,10-06-2025 12:10,Quotation,Partially Paid,Delhi,
ORD004500,CUST0365,EMP003,13-05-2025 12:20,06-06-2025 12:20,Quotation,Paid,Hyderabad,
ORD004501,CUST0018,EMP038,13-05-2025 13:43,22-05-2025 13:43,Delivered,Paid,Chennai,16-05-2025 13:43
ORD004502,CUST0389,EMP030,13-05-2025 23:21,05-06-2025 23:21,Order Confirmed,Partially Paid,Hyderabad,
ORD004503,CUST0115,EMP014,14-05-2025 07:46,24-05-2025 07:46,Order Confirmed,Partially Paid,Kolkata,
ORD004504,CUST0337,EMP038,14-05-2025 13:52,06-06-2025 13:52,Delivered,Paid,Noida,02-06-2025 13:52
ORD004505,CUST0408,EMP014,14-05-2025 13:56,21-05-2025 13:56,Cancelled,Paid,Vadodara,
ORD004506,CUST0389,EMP044,14-05-2025 14:56,27-05-2025 14:56,Delivered,Paid,Hyderabad,24-05-2025 14:56
ORD004507,CUST0335,EMP026,15-05-2025 04:49,24-05-2025 04:49,Delivered,Paid,Jaipur,23-05-2025 04:49
ORD004508,CUST0347,EMP019,15-05-2025 06:32,13-06-2025 06:32,Order Confirmed,Paid,Noida,
ORD004509,CUST0094,EMP003,15-05-2025 16:47,04-06-2025 16:47,Cancelled,Paid,Kolkata,
ORD004510,CUST0068,EMP014,16-05-2025 06:38,14-06-2025 06:38,Quotation,Paid,Hyderabad,
ORD004511,CUST0191,EMP003,16-05-2025 08:27,23-05-2025 08:27,In Production,Paid,Gurugram,
ORD004512,CUST0305,EMP038,16-05-2025 14:35,09-06-2025 14:35,Dispatched,Pending,Noida,08-06-2025 14:35
ORD004513,CUST0310,EMP011,16-05-2025 16:12,03-06-2025 16:12,Order Confirmed,Paid,Hyderabad,
ORD004514,CUST0389,EMP011,16-05-2025 17:15,03-06-2025 17:15,Delivered,Pending,Hyderabad,30-05-2025 17:15
ORD004515,CUST0155,EMP011,16-05-2025 18:29,12-06-2025 18:29,Delivered,Paid,Vadodara,09-06-2025 18:29
ORD004516,CUST0433,EMP044,16-05-2025 19:54,24-05-2025 19:54,Order Confirmed,Paid,Noida,
ORD004517,CUST0225,EMP044,17-05-2025 07:05,15-06-2025 07:05,Quotation,Paid,Noida,
ORD004518,CUST0124,EMP034,17-05-2025 09:07,24-05-2025 09:07,Quotation,Paid,Ahmedabad,
ORD004519,CUST0368,EMP003,17-05-2025 16:04,01-06-2025 16:04,Quotation,Paid,Pune,
ORD004520,CUST0064,EMP026,17-05-2025 17:04,27-05-2025 17:04,Cancelled,Paid,Hyderabad,
ORD004521,CUST0203,EMP044,17-05-2025 23:03,05-06-2025 23:03,Delivered,Paid,Bengaluru,01-06-2025 23:03
ORD004522,CUST0391,EMP003,18-05-2025 02:18,08-06-2025 02:18,Order Confirmed,Pending,Ludhiana,
ORD004523,CUST0386,EMP034,18-05-2025 03:21,09-06-2025 03:21,Order Confirmed,Paid,Noida,
ORD004524,CUST0129,EMP003,18-05-2025 06:22,13-06-2025 06:22,Delivered,Paid,Delhi,11-06-2025 06:22
ORD004525,CUST0084,EMP038,18-05-2025 07:04,12-06-2025 07:04,Delivered,Pending,Chennai,10-06-2025 07:04
ORD004526,CUST0016,EMP026,18-05-2025 08:28,16-06-2025 08:28,Cancelled,Paid,Faridabad,
ORD004527,CUST0045,EMP038,18-05-2025 21:36,04-06-2025 21:36,Order Confirmed,Paid,Bengaluru,
ORD004528,CUST0413,EMP019,18-05-2025 23:08,29-05-2025 23:08,Dispatched,Paid,Ludhiana,28-05-2025 23:08
ORD004529,CUST0392,EMP034,19-05-2025 00:21,29-05-2025 00:21,Order Confirmed,Partially Paid,Kolkata,
ORD004530,CUST0253,EMP038,19-05-2025 03:11,01-06-2025 03:11,Delivered,Paid,Bengaluru,30-05-2025 03:11
ORD004531,CUST0286,EMP017,19-05-2025 05:58,09-06-2025 05:58,Dispatched,Overdue,Delhi,08-06-2025 05:58
ORD004532,CUST0164,EMP030,19-05-2025 10:18,27-05-2025 10:18,Delivered,Paid,Hyderabad,24-05-2025 10:18
ORD004533,CUST0097,EMP019,19-05-2025 11:52,17-06-2025 11:52,Quotation,Paid,Ahmedabad,
ORD004534,CUST0006,EMP019,19-05-2025 13:56,18-06-2025 13:56,Delivered,Pending,Hyderabad,16-06-2025 13:56
ORD004535,CUST0336,EMP034,19-05-2025 15:08,29-05-2025 15:08,Order Confirmed,Partially Paid,Pune,
ORD004536,CUST0018,EMP014,19-05-2025 18:46,13-06-2025 18:46,Delivered,Overdue,Chennai,08-06-2025 18:46
ORD004537,CUST0053,EMP011,19-05-2025 19:20,09-06-2025 19:20,Order Confirmed,Pending,Kolkata,
ORD004538,CUST0397,EMP019,19-05-2025 19:27,06-06-2025 19:27,Delivered,Paid,Jaipur,03-06-2025 19:27
ORD004539,CUST0292,EMP038,19-05-2025 20:52,12-06-2025 20:52,Order Confirmed,Partially Paid,Chennai,
ORD004540,CUST0245,EMP011,19-05-2025 22:51,08-06-2025 22:51,Delivered,Paid,Gurugram,06-06-2025 22:51
ORD004541,CUST0110,EMP017,20-05-2025 06:13,03-06-2025 06:13,Delivered,Paid,Mumbai,03-06-2025 06:13
ORD004542,CUST0075,EMP030,20-05-2025 12:13,09-06-2025 12:13,In Production,Paid,Delhi,
ORD004543,CUST0234,EMP019,20-05-2025 18:59,30-05-2025 18:59,Order Confirmed,Paid,Bengaluru,
ORD004544,CUST0180,EMP030,21-05-2025 05:17,03-06-2025 05:17,In Production,Partially Paid,Jaipur,
ORD004545,CUST0268,EMP026,21-05-2025 09:10,20-06-2025 09:10,In Production,Partially Paid,Jaipur,
ORD004546,CUST0083,EMP038,21-05-2025 11:04,01-06-2025 11:04,Delivered,Overdue,Kolkata,01-06-2025 11:04
ORD004547,CUST0116,EMP038,21-05-2025 17:37,11-06-2025 17:37,Quotation,Paid,Vadodara,
ORD004548,CUST0057,EMP019,22-05-2025 00:38,05-06-2025 00:38,Quotation,Paid,Ludhiana,
ORD004549,CUST0213,EMP019,22-05-2025 01:13,09-06-2025 01:13,In Production,Paid,Surat,
ORD004550,CUST0139,EMP014,22-05-2025 02:39,03-06-2025 02:39,In Production,Paid,Gurugram,
ORD004551,CUST0112,EMP019,22-05-2025 10:22,11-06-2025 10:22,Order Confirmed,Paid,Faridabad,
ORD004552,CUST0275,EMP038,22-05-2025 11:02,11-06-2025 11:02,Delivered,Paid,Bengaluru,11-06-2025 11:02
ORD004553,CUST0249,EMP026,22-05-2025 18:11,12-06-2025 18:11,Quotation,Partially Paid,Jaipur,
ORD004554,CUST0106,EMP030,23-05-2025 00:11,06-06-2025 00:11,Cancelled,Paid,Vadodara,
ORD004555,CUST0350,EMP019,23-05-2025 06:06,12-06-2025 06:06,Delivered,Partially Paid,Bengaluru,10-06-2025 06:06
ORD004556,CUST0172,EMP034,23-05-2025 10:03,16-06-2025 10:03,In Production,Paid,Delhi,
ORD004557,CUST0171,EMP034,23-05-2025 17:04,16-06-2025 17:04,Delivered,Paid,Pune,14-06-2025 17:04
ORD004558,CUST0239,EMP026,23-05-2025 20:26,12-06-2025 20:26,Delivered,Pending,Ahmedabad,12-06-2025 20:26
ORD004559,CUST0070,EMP044,24-05-2025 02:01,07-06-2025 02:01,Delivered,Paid,Bengaluru,03-06-2025 02:01
ORD004560,CUST0211,EMP038,24-05-2025 07:41,12-06-2025 07:41,In Production,Paid,Noida,
ORD004561,CUST0292,EMP011,24-05-2025 07:59,12-06-2025 07:59,Delivered,Overdue,Chennai,09-06-2025 07:59
ORD004562,CUST0065,EMP014,24-05-2025 12:50,22-06-2025 12:50,Order Confirmed,Paid,Bengaluru,
ORD004563,CUST0283,EMP044,25-05-2025 10:38,10-06-2025 10:38,Dispatched,Paid,Mumbai,04-06-2025 10:38
ORD004564,CUST0020,EMP019,25-05-2025 20:11,08-06-2025 20:11,Order Confirmed,Paid,Jaipur,
ORD004565,CUST0302,EMP017,25-05-2025 23:06,18-06-2025 23:06,Dispatched,Partially Paid,Jaipur,12-06-2025 23:06
ORD004566,CUST0018,EMP034,26-05-2025 09:34,17-06-2025 09:34,Delivered,Paid,Chennai,17-06-2025 09:34
ORD004567,CUST0088,EMP030,26-05-2025 11:15,12-06-2025 11:15,Order Confirmed,Partially Paid,Jaipur,
ORD004568,CUST0176,EMP011,26-05-2025 11:26,02-06-2025 11:26,Order Confirmed,Overdue,Pune,
ORD004569,CUST0308,EMP003,27-05-2025 04:12,19-06-2025 04:12,Delivered,Paid,Mumbai,15-06-2025 04:12
ORD004570,CUST0360,EMP038,27-05-2025 05:45,20-06-2025 05:45,Order Confirmed,Paid,Pune,
ORD004571,CUST0235,EMP034,27-05-2025 11:03,25-06-2025 11:03,Order Confirmed,Overdue,Ahmedabad,
ORD004572,CUST0066,EMP017,27-05-2025 15:17,15-06-2025 15:17,In Production,Paid,Gurugram,
ORD004573,CUST0194,EMP038,28-05-2025 03:25,16-06-2025 03:25,Cancelled,Overdue,Kolkata,
ORD004574,CUST0394,EMP011,28-05-2025 09:24,09-06-2025 09:24,Delivered,Overdue,Kolkata,03-06-2025 09:24
ORD004575,CUST0046,EMP038,28-05-2025 14:58,15-06-2025 14:58,Delivered,Overdue,Mumbai,10-06-2025 14:58
ORD004576,CUST0358,EMP003,29-05-2025 01:09,05-06-2025 01:09,Delivered,Paid,Delhi,01-06-2025 01:09
ORD004577,CUST0193,EMP030,29-05-2025 04:40,17-06-2025 04:40,Delivered,Paid,Jaipur,17-06-2025 04:40
ORD004578,CUST0002,EMP038,29-05-2025 07:42,21-06-2025 07:42,Delivered,Pending,Jaipur,15-06-2025 07:42
ORD004579,CUST0348,EMP030,29-05-2025 07:52,23-06-2025 07:52,Delivered,Paid,Gurugram,18-06-2025 07:52
ORD004580,CUST0014,EMP034,29-05-2025 12:41,20-06-2025 12:41,Delivered,Paid,Jaipur,17-06-2025 12:41
ORD004581,CUST0185,EMP017,29-05-2025 14:58,24-06-2025 14:58,Delivered,Paid,Delhi,18-06-2025 14:58
ORD004582,CUST0098,EMP014,29-05-2025 17:35,20-06-2025 17:35,In Production,Paid,Ludhiana,
ORD004583,CUST0292,EMP014,29-05-2025 18:33,23-06-2025 18:33,Quotation,Pending,Chennai,
ORD004584,CUST0029,EMP011,29-05-2025 20:31,15-06-2025 20:31,Order Confirmed,Overdue,Surat,
ORD004585,CUST0046,EMP014,29-05-2025 21:21,19-06-2025 21:21,Dispatched,Paid,Mumbai,16-06-2025 21:21
ORD004586,CUST0266,EMP014,29-05-2025 21:33,20-06-2025 21:33,On Hold,Paid,Pune,
ORD004587,CUST0497,EMP034,30-05-2025 03:40,19-06-2025 03:40,Delivered,Paid,Vadodara,16-06-2025 03:40
ORD004588,CUST0020,EMP014,30-05-2025 16:17,19-06-2025 16:17,Delivered,Paid,Jaipur,14-06-2025 16:17
ORD004589,CUST0231,EMP011,30-05-2025 23:44,24-06-2025 23:44,Delivered,Partially Paid,Bengaluru,19-06-2025 23:44
ORD004590,CUST0402,EMP034,31-05-2025 13:44,12-06-2025 13:44,Cancelled,Partially Paid,Delhi,
ORD004591,CUST0146,EMP026,31-05-2025 15:24,14-06-2025 15:24,Delivered,Paid,Ludhiana,11-06-2025 15:24
ORD004592,CUST0247,EMP014,31-05-2025 16:26,19-06-2025 16:26,Order Confirmed,Partially Paid,Kolkata,
ORD004593,CUST0420,EMP034,31-05-2025 18:58,22-06-2025 18:58,Dispatched,Paid,Mumbai,17-06-2025 18:58
ORD004594,CUST0364,EMP014,01-06-2025 00:51,20-06-2025 00:51,In Production,Paid,Delhi,
ORD004595,CUST0147,EMP034,01-06-2025 02:43,12-06-2025 02:43,Order Confirmed,Pending,Bengaluru,
ORD004596,CUST0376,EMP003,01-06-2025 05:46,27-06-2025 05:46,Order Confirmed,Paid,Hyderabad,
ORD004597,CUST0338,EMP026,01-06-2025 06:55,21-06-2025 06:55,In Production,Paid,Gurugram,
ORD004598,CUST0254,EMP026,01-06-2025 13:30,18-06-2025 13:30,Order Confirmed,Partially Paid,Hyderabad,
ORD004599,CUST0221,EMP017,01-06-2025 19:42,29-06-2025 19:42,Order Confirmed,Paid,Surat,
ORD004600,CUST0463,EMP030,01-06-2025 21:05,18-06-2025 21:05,Cancelled,Paid,Mumbai,
ORD004601,CUST0438,EMP017,01-06-2025 22:23,11-06-2025 22:23,In Production,Pending,Chennai,
ORD004602,CUST0496,EMP030,02-06-2025 13:23,02-07-2025 13:23,Delivered,Paid,Delhi,26-06-2025 13:23
ORD004603,CUST0338,EMP014,02-06-2025 15:45,18-06-2025 15:45,Quotation,Paid,Gurugram,
ORD004604,CUST0180,EMP026,03-06-2025 03:55,01-07-2025 03:55,On Hold,Paid,Jaipur,
ORD004605,CUST0055,EMP034,03-06-2025 08:50,22-06-2025 08:50,Delivered,Partially Paid,Gurugram,18-06-2025 08:50
ORD004606,CUST0063,EMP044,03-06-2025 15:58,15-06-2025 15:58,Cancelled,Paid,Faridabad,
ORD004607,CUST0476,EMP017,03-06-2025 22:04,19-06-2025 22:04,Dispatched,Pending,Vadodara,13-06-2025 22:04
ORD004608,CUST0182,EMP019,04-06-2025 00:10,02-07-2025 00:10,Delivered,Paid,Mumbai,30-06-2025 00:10
ORD004609,CUST0056,EMP019,04-06-2025 03:01,03-07-2025 03:01,In Production,Pending,Gurugram,
ORD004610,CUST0112,EMP038,04-06-2025 05:25,14-06-2025 05:25,Dispatched,Pending,Faridabad,11-06-2025 05:25
ORD004611,CUST0011,EMP044,04-06-2025 05:59,04-07-2025 05:59,Delivered,Pending,Kolkata,30-06-2025 05:59
ORD004612,CUST0266,EMP030,04-06-2025 18:00,01-07-2025 18:00,Quotation,Partially Paid,Pune,
ORD004613,CUST0296,EMP038,05-06-2025 04:17,27-06-2025 04:17,Quotation,Paid,Hyderabad,
ORD004614,CUST0190,EMP003,05-06-2025 04:56,16-06-2025 04:56,Delivered,Paid,Chennai,12-06-2025 04:56
ORD004615,CUST0373,EMP034,05-06-2025 09:55,26-06-2025 09:55,Order Confirmed,Paid,Kolkata,
ORD004616,CUST0241,EMP038,05-06-2025 18:26,22-06-2025 18:26,Delivered,Paid,Noida,21-06-2025 18:26
ORD004617,CUST0480,EMP034,05-06-2025 18:47,14-06-2025 18:47,Order Confirmed,Paid,Jaipur,
ORD004618,CUST0382,EMP026,05-06-2025 21:39,05-07-2025 21:39,In Production,Partially Paid,Noida,
ORD004619,CUST0038,EMP038,06-06-2025 02:46,27-06-2025 02:46,In Production,Paid,Ludhiana,
ORD004620,CUST0138,EMP030,06-06-2025 05:05,15-06-2025 05:05,Dispatched,Overdue,Jaipur,12-06-2025 05:05
ORD004621,CUST0378,EMP038,06-06-2025 05:39,21-06-2025 05:39,Delivered,Partially Paid,Jaipur,21-06-2025 05:39
ORD004622,CUST0269,EMP011,06-06-2025 06:20,03-07-2025 06:20,Delivered,Paid,Faridabad,29-06-2025 06:20
ORD004623,CUST0377,EMP030,06-06-2025 06:47,23-06-2025 06:47,Order Confirmed,Paid,Delhi,
ORD004624,CUST0168,EMP019,06-06-2025 18:36,24-06-2025 18:36,In Production,Paid,Bengaluru,
ORD004625,CUST0020,EMP038,06-06-2025 20:50,16-06-2025 20:50,Delivered,Paid,Jaipur,11-06-2025 20:50
ORD004626,CUST0393,EMP038,07-06-2025 02:51,16-06-2025 02:51,Order Confirmed,Paid,Faridabad,
ORD004627,CUST0393,EMP038,07-06-2025 06:55,07-07-2025 06:55,Order Confirmed,Paid,Faridabad,
ORD004628,CUST0320,EMP014,07-06-2025 08:06,06-07-2025 08:06,Dispatched,Partially Paid,Jaipur,02-07-2025 08:06
ORD004629,CUST0203,EMP019,07-06-2025 15:06,16-06-2025 15:06,Delivered,Paid,Bengaluru,10-06-2025 15:06
ORD004630,CUST0005,EMP003,07-06-2025 18:51,27-06-2025 18:51,In Production,Paid,Surat,
ORD004631,CUST0364,EMP044,07-06-2025 19:13,30-06-2025 19:13,Quotation,Paid,Delhi,
ORD004632,CUST0331,EMP014,07-06-2025 20:37,05-07-2025 20:37,On Hold,Paid,Bengaluru,
ORD004633,CUST0334,EMP030,08-06-2025 10:19,28-06-2025 10:19,Cancelled,Paid,Chennai,
ORD004634,CUST0086,EMP019,08-06-2025 18:24,05-07-2025 18:24,Delivered,Partially Paid,Pune,01-07-2025 18:24
ORD004635,CUST0366,EMP044,08-06-2025 20:29,17-06-2025 20:29,Delivered,Partially Paid,Pune,15-06-2025 20:29
ORD004636,CUST0363,EMP038,09-06-2025 03:04,16-06-2025 03:04,Cancelled,Paid,Vadodara,
ORD004637,CUST0429,EMP034,09-06-2025 06:23,27-06-2025 06:23,Delivered,Overdue,Jaipur,27-06-2025 06:23
ORD004638,CUST0284,EMP030,09-06-2025 08:57,22-06-2025 08:57,Delivered,Partially Paid,Gurugram,22-06-2025 08:57
ORD004639,CUST0366,EMP011,09-06-2025 15:15,04-07-2025 15:15,Dispatched,Paid,Pune,28-06-2025 15:15
ORD004640,CUST0201,EMP044,10-06-2025 00:33,25-06-2025 00:33,Order Confirmed,Pending,Delhi,
ORD004641,CUST0349,EMP003,10-06-2025 04:40,26-06-2025 04:40,Delivered,Partially Paid,Pune,21-06-2025 04:40
ORD004642,CUST0348,EMP019,10-06-2025 19:17,29-06-2025 19:17,Delivered,Paid,Gurugram,27-06-2025 19:17
ORD004643,CUST0390,EMP017,10-06-2025 21:35,10-07-2025 21:35,In Production,Paid,Ahmedabad,
ORD004644,CUST0429,EMP017,10-06-2025 23:39,18-06-2025 23:39,Delivered,Pending,Jaipur,12-06-2025 23:39
ORD004645,CUST0002,EMP044,10-06-2025 23:59,30-06-2025 23:59,Delivered,Paid,Jaipur,29-06-2025 23:59
ORD004646,CUST0390,EMP014,11-06-2025 04:06,27-06-2025 04:06,In Production,Paid,Ahmedabad,
ORD004647,CUST0397,EMP026,11-06-2025 10:54,18-06-2025 10:54,Delivered,Pending,Jaipur,13-06-2025 10:54
ORD004648,CUST0273,EMP014,11-06-2025 14:27,07-07-2025 14:27,Quotation,Pending,Vadodara,
ORD004649,CUST0260,EMP044,11-06-2025 16:30,09-07-2025 16:30,Delivered,Partially Paid,Ahmedabad,08-07-2025 16:30
ORD004650,CUST0362,EMP034,11-06-2025 16:54,22-06-2025 16:54,On Hold,Paid,Chennai,
ORD004651,CUST0228,EMP019,11-06-2025 21:52,06-07-2025 21:52,Delivered,Paid,Ludhiana,02-07-2025 21:52
ORD004652,CUST0207,EMP003,11-06-2025 22:14,04-07-2025 22:14,Delivered,Pending,Ahmedabad,04-07-2025 22:14
ORD004653,CUST0402,EMP011,12-06-2025 02:34,05-07-2025 02:34,Delivered,Partially Paid,Delhi,01-07-2025 02:34
ORD004654,CUST0395,EMP014,12-06-2025 04:04,30-06-2025 04:04,Dispatched,Pending,Bengaluru,27-06-2025 04:04
ORD004655,CUST0104,EMP019,12-06-2025 08:47,26-06-2025 08:47,Delivered,Paid,Vadodara,22-06-2025 08:47
ORD004656,CUST0415,EMP038,12-06-2025 09:52,20-06-2025 09:52,In Production,Overdue,Noida,
ORD004657,CUST0164,EMP011,12-06-2025 12:11,19-06-2025 12:11,Delivered,Paid,Hyderabad,19-06-2025 12:11
ORD004658,CUST0069,EMP026,12-06-2025 15:21,23-06-2025 15:21,Delivered,Paid,Faridabad,21-06-2025 15:21
ORD004659,CUST0440,EMP017,12-06-2025 16:11,01-07-2025 16:11,Delivered,Pending,Ahmedabad,30-06-2025 16:11
ORD004660,CUST0120,EMP003,12-06-2025 16:14,22-06-2025 16:14,Dispatched,Paid,Delhi,18-06-2025 16:14
ORD004661,CUST0102,EMP030,12-06-2025 17:43,05-07-2025 17:43,In Production,Partially Paid,Pune,
ORD004662,CUST0135,EMP034,12-06-2025 20:18,03-07-2025 20:18,In Production,Paid,Faridabad,
ORD004663,CUST0246,EMP044,13-06-2025 02:12,28-06-2025 02:12,Order Confirmed,Pending,Gurugram,
ORD004664,CUST0084,EMP026,13-06-2025 02:47,22-06-2025 02:47,Dispatched,Paid,Chennai,22-06-2025 02:47
ORD004665,CUST0080,EMP017,13-06-2025 03:31,02-07-2025 03:31,Order Confirmed,Paid,Kolkata,
ORD004666,CUST0197,EMP038,13-06-2025 04:05,09-07-2025 04:05,Cancelled,Partially Paid,Kolkata,
ORD004667,CUST0109,EMP014,13-06-2025 05:12,29-06-2025 05:12,Quotation,Pending,Pune,
ORD004668,CUST0097,EMP030,13-06-2025 10:06,09-07-2025 10:06,Delivered,Overdue,Ahmedabad,03-07-2025 10:06
ORD004669,CUST0457,EMP044,13-06-2025 10:29,26-06-2025 10:29,Order Confirmed,Paid,Delhi,
ORD004670,CUST0298,EMP003,13-06-2025 14:29,21-06-2025 14:29,Delivered,Partially Paid,Ahmedabad,20-06-2025 14:29
ORD004671,CUST0007,EMP044,14-06-2025 07:31,06-07-2025 07:31,Delivered,Paid,Gurugram,03-07-2025 07:31
ORD004672,CUST0051,EMP014,14-06-2025 12:06,12-07-2025 12:06,Cancelled,Paid,Delhi,
ORD004673,CUST0407,EMP019,14-06-2025 19:06,12-07-2025 19:06,Delivered,Paid,Surat,06-07-2025 19:06
ORD004674,CUST0135,EMP014,14-06-2025 20:19,14-07-2025 20:19,Delivered,Paid,Faridabad,12-07-2025 20:19
ORD004675,CUST0077,EMP011,14-06-2025 20:44,23-06-2025 20:44,Order Confirmed,Paid,Kolkata,
ORD004676,CUST0333,EMP034,14-06-2025 20:56,22-06-2025 20:56,Delivered,Paid,Pune,19-06-2025 20:56
ORD004677,CUST0420,EMP019,15-06-2025 00:31,05-07-2025 00:31,In Production,Paid,Mumbai,
ORD004678,CUST0200,EMP026,15-06-2025 04:17,14-07-2025 04:17,Delivered,Pending,Gurugram,08-07-2025 04:17
ORD004679,CUST0372,EMP019,15-06-2025 20:26,15-07-2025 20:26,Delivered,Paid,Pune,15-07-2025 20:26
ORD004680,CUST0211,EMP034,15-06-2025 20:46,28-06-2025 20:46,In Production,Pending,Noida,
ORD004681,CUST0055,EMP044,15-06-2025 21:55,01-07-2025 21:55,Delivered,Pending,Gurugram,28-06-2025 21:55
ORD004682,CUST0399,EMP026,16-06-2025 00:41,08-07-2025 00:41,In Production,Paid,Faridabad,
ORD004683,CUST0460,EMP011,16-06-2025 01:32,14-07-2025 01:32,Delivered,Partially Paid,Jaipur,11-07-2025 01:32
ORD004684,CUST0493,EMP017,16-06-2025 06:19,27-06-2025 06:19,Delivered,Paid,Ahmedabad,22-06-2025 06:19
ORD004685,CUST0051,EMP019,16-06-2025 07:48,16-07-2025 07:48,Dispatched,Paid,Delhi,12-07-2025 07:48
ORD004686,CUST0283,EMP011,16-06-2025 21:10,12-07-2025 21:10,Delivered,Partially Paid,Mumbai,09-07-2025 21:10
ORD004687,CUST0312,EMP014,16-06-2025 22:27,24-06-2025 22:27,Order Confirmed,Paid,Pune,
ORD004688,CUST0040,EMP014,17-06-2025 02:21,14-07-2025 02:21,Delivered,Paid,Jaipur,11-07-2025 02:21
ORD004689,CUST0476,EMP044,17-06-2025 04:14,09-07-2025 04:14,Delivered,Pending,Vadodara,08-07-2025 04:14
ORD004690,CUST0052,EMP019,17-06-2025 05:39,17-07-2025 05:39,In Production,Partially Paid,Gurugram,
ORD004691,CUST0135,EMP038,17-06-2025 14:35,29-06-2025 14:35,Dispatched,Paid,Faridabad,27-06-2025 14:35
ORD004692,CUST0485,EMP026,17-06-2025 15:42,17-07-2025 15:42,Quotation,Paid,Chennai,
ORD004693,CUST0279,EMP026,18-06-2025 06:26,26-06-2025 06:26,Delivered,Pending,Hyderabad,20-06-2025 06:26
ORD004694,CUST0340,EMP044,18-06-2025 09:46,26-06-2025 09:46,Delivered,Overdue,Chennai,22-06-2025 09:46
ORD004695,CUST0247,EMP030,18-06-2025 11:41,05-07-2025 11:41,Order Confirmed,Partially Paid,Kolkata,
ORD004696,CUST0377,EMP014,18-06-2025 17:39,10-07-2025 17:39,Order Confirmed,Partially Paid,Delhi,
ORD004697,CUST0041,EMP014,18-06-2025 17:49,29-06-2025 17:49,Dispatched,Paid,Mumbai,25-06-2025 17:49
ORD004698,CUST0338,EMP030,18-06-2025 19:24,01-07-2025 19:24,In Production,Paid,Gurugram,
ORD004699,CUST0034,EMP003,18-06-2025 23:10,04-07-2025 23:10,In Production,Pending,Noida,
ORD004700,CUST0090,EMP011,19-06-2025 00:35,29-06-2025 00:35,Delivered,Partially Paid,Bengaluru,29-06-2025 00:35
ORD004701,CUST0254,EMP003,19-06-2025 04:55,30-06-2025 04:55,Dispatched,Paid,Hyderabad,28-06-2025 04:55
ORD004702,CUST0225,EMP034,19-06-2025 07:01,29-06-2025 07:01,Delivered,Partially Paid,Noida,28-06-2025 07:01
ORD004703,CUST0077,EMP019,19-06-2025 14:24,18-07-2025 14:24,Dispatched,Paid,Kolkata,12-07-2025 14:24
ORD004704,CUST0400,EMP003,19-06-2025 18:09,18-07-2025 18:09,Delivered,Paid,Mumbai,12-07-2025 18:09
ORD004705,CUST0151,EMP034,19-06-2025 20:28,11-07-2025 20:28,In Production,Partially Paid,Ludhiana,
ORD004706,CUST0434,EMP030,19-06-2025 20:50,12-07-2025 20:50,Order Confirmed,Paid,Ludhiana,
ORD004707,CUST0008,EMP034,20-06-2025 00:11,30-06-2025 00:11,Dispatched,Paid,Noida,28-06-2025 00:11
ORD004708,CUST0119,EMP011,20-06-2025 00:54,28-06-2025 00:54,Delivered,Paid,Hyderabad,26-06-2025 00:54
ORD004709,CUST0149,EMP038,20-06-2025 03:43,06-07-2025 03:43,Cancelled,Paid,Chennai,
ORD004710,CUST0298,EMP011,20-06-2025 07:50,20-07-2025 07:50,Quotation,Pending,Ahmedabad,
ORD004711,CUST0201,EMP026,20-06-2025 08:03,08-07-2025 08:03,Delivered,Paid,Delhi,04-07-2025 08:03
ORD004712,CUST0079,EMP026,20-06-2025 10:18,16-07-2025 10:18,Delivered,Paid,Noida,15-07-2025 10:18
ORD004713,CUST0286,EMP014,20-06-2025 10:54,05-07-2025 10:54,Order Confirmed,Partially Paid,Delhi,
ORD004714,CUST0480,EMP017,20-06-2025 18:48,04-07-2025 18:48,Delivered,Pending,Jaipur,01-07-2025 18:48
ORD004715,CUST0067,EMP003,20-06-2025 23:13,16-07-2025 23:13,In Production,Partially Paid,Pune,
ORD004716,CUST0127,EMP019,20-06-2025 23:15,08-07-2025 23:15,Delivered,Overdue,Pune,07-07-2025 23:15
ORD004717,CUST0240,EMP030,21-06-2025 00:34,15-07-2025 00:34,Delivered,Partially Paid,Noida,12-07-2025 00:34
ORD004718,CUST0364,EMP017,21-06-2025 03:57,15-07-2025 03:57,Order Confirmed,Partially Paid,Delhi,
ORD004719,CUST0069,EMP026,21-06-2025 09:18,15-07-2025 09:18,Delivered,Paid,Faridabad,10-07-2025 09:18
ORD004720,CUST0116,EMP044,21-06-2025 18:52,14-07-2025 18:52,Order Confirmed,Paid,Vadodara,
ORD004721,CUST0118,EMP014,21-06-2025 19:35,17-07-2025 19:35,Delivered,Paid,Noida,12-07-2025 19:35
ORD004722,CUST0309,EMP014,22-06-2025 01:38,10-07-2025 01:38,Delivered,Partially Paid,Surat,10-07-2025 01:38
ORD004723,CUST0042,EMP011,22-06-2025 10:48,06-07-2025 10:48,Delivered,Partially Paid,Faridabad,04-07-2025 10:48
ORD004724,CUST0330,EMP026,22-06-2025 13:55,11-07-2025 13:55,In Production,Pending,Ahmedabad,
ORD004725,CUST0213,EMP014,23-06-2025 00:36,07-07-2025 00:36,Dispatched,Partially Paid,Surat,05-07-2025 00:36
ORD004726,CUST0165,EMP038,23-06-2025 17:29,01-07-2025 17:29,Dispatched,Partially Paid,Bengaluru,26-06-2025 17:29
ORD004727,CUST0432,EMP014,23-06-2025 18:47,08-07-2025 18:47,Delivered,Paid,Jaipur,06-07-2025 18:47
ORD004728,CUST0410,EMP030,24-06-2025 05:54,13-07-2025 05:54,Delivered,Paid,Ahmedabad,10-07-2025 05:54
ORD004729,CUST0402,EMP011,24-06-2025 07:38,13-07-2025 07:38,In Production,Paid,Delhi,
ORD004730,CUST0443,EMP017,24-06-2025 08:44,09-07-2025 08:44,Delivered,Paid,Kolkata,08-07-2025 08:44
ORD004731,CUST0117,EMP011,24-06-2025 10:44,18-07-2025 10:44,Delivered,Pending,Delhi,16-07-2025 10:44
ORD004732,CUST0428,EMP026,24-06-2025 10:56,07-07-2025 10:56,Delivered,Paid,Vadodara,04-07-2025 10:56
ORD004733,CUST0088,EMP003,25-06-2025 01:17,17-07-2025 01:17,In Production,Paid,Jaipur,
ORD004734,CUST0166,EMP003,25-06-2025 08:48,08-07-2025 08:48,Dispatched,Partially Paid,Hyderabad,07-07-2025 08:48
ORD004735,CUST0278,EMP026,25-06-2025 09:55,25-07-2025 09:55,Dispatched,Paid,Ludhiana,25-07-2025 09:55
ORD004736,CUST0373,EMP026,25-06-2025 11:03,17-07-2025 11:03,Delivered,Paid,Kolkata,17-07-2025 11:03
ORD004737,CUST0289,EMP017,25-06-2025 13:05,15-07-2025 13:05,Delivered,Paid,Mumbai,12-07-2025 13:05
ORD004738,CUST0280,EMP019,26-06-2025 00:00,13-07-2025 00:00,Delivered,Paid,Delhi,12-07-2025 00:00
ORD004739,CUST0189,EMP019,26-06-2025 07:54,21-07-2025 07:54,Order Confirmed,Partially Paid,Jaipur,
ORD004740,CUST0297,EMP034,26-06-2025 08:40,13-07-2025 08:40,Delivered,Paid,Bengaluru,13-07-2025 08:40
ORD004741,CUST0238,EMP019,26-06-2025 15:15,22-07-2025 15:15,Delivered,Paid,Delhi,17-07-2025 15:15
ORD004742,CUST0239,EMP038,26-06-2025 19:23,06-07-2025 19:23,Order Confirmed,Paid,Ahmedabad,
ORD004743,CUST0293,EMP014,26-06-2025 19:44,22-07-2025 19:44,Quotation,Paid,Gurugram,
ORD004744,CUST0301,EMP011,26-06-2025 20:16,26-07-2025 20:16,Order Confirmed,Paid,Hyderabad,
ORD004745,CUST0165,EMP019,27-06-2025 07:50,09-07-2025 07:50,Delivered,Paid,Bengaluru,03-07-2025 07:50
ORD004746,CUST0068,EMP003,27-06-2025 18:03,09-07-2025 18:03,Dispatched,Partially Paid,Hyderabad,06-07-2025 18:03
ORD004747,CUST0150,EMP030,28-06-2025 00:56,27-07-2025 00:56,Order Confirmed,Paid,Kolkata,
ORD004748,CUST0205,EMP017,28-06-2025 03:06,14-07-2025 03:06,Dispatched,Overdue,Vadodara,10-07-2025 03:06
ORD004749,CUST0081,EMP017,28-06-2025 03:53,21-07-2025 03:53,Delivered,Pending,Delhi,20-07-2025 03:53
ORD004750,CUST0089,EMP026,28-06-2025 04:25,09-07-2025 04:25,Delivered,Paid,Vadodara,09-07-2025 04:25
ORD004751,CUST0476,EMP003,28-06-2025 08:41,15-07-2025 08:41,Delivered,Paid,Vadodara,15-07-2025 08:41
ORD004752,CUST0141,EMP017,28-06-2025 09:31,21-07-2025 09:31,Delivered,Partially Paid,Ahmedabad,20-07-2025 09:31
ORD004753,CUST0370,EMP044,28-06-2025 13:07,26-07-2025 13:07,Delivered,Paid,Faridabad,26-07-2025 13:07
ORD004754,CUST0064,EMP030,28-06-2025 16:09,15-07-2025 16:09,Delivered,Pending,Hyderabad,10-07-2025 16:09
ORD004755,CUST0487,EMP026,28-06-2025 16:25,06-07-2025 16:25,Dispatched,Paid,Delhi,01-07-2025 16:25
ORD004756,CUST0107,EMP026,28-06-2025 16:54,14-07-2025 16:54,Delivered,Paid,Chennai,09-07-2025 16:54
ORD004757,CUST0197,EMP019,29-06-2025 08:26,21-07-2025 08:26,Delivered,Pending,Kolkata,19-07-2025 08:26
ORD004758,CUST0391,EMP044,29-06-2025 08:42,27-07-2025 08:42,Delivered,Pending,Ludhiana,25-07-2025 08:42
ORD004759,CUST0101,EMP044,29-06-2025 09:40,26-07-2025 09:40,Dispatched,Paid,Noida,24-07-2025 09:40
ORD004760,CUST0275,EMP019,29-06-2025 09:46,24-07-2025 09:46,In Production,Partially Paid,Bengaluru,
ORD004761,CUST0393,EMP044,29-06-2025 10:04,09-07-2025 10:04,In Production,Paid,Faridabad,
ORD004762,CUST0012,EMP003,30-06-2025 11:23,19-07-2025 11:23,Order Confirmed,Paid,Gurugram,
ORD004763,CUST0013,EMP017,30-06-2025 13:39,20-07-2025 13:39,Quotation,Pending,Mumbai,
ORD004764,CUST0395,EMP017,30-06-2025 20:27,18-07-2025 20:27,Dispatched,Paid,Bengaluru,17-07-2025 20:27
ORD004765,CUST0132,EMP030,01-07-2025 03:36,30-07-2025 03:36,Quotation,Paid,Surat,
ORD004766,CUST0455,EMP030,01-07-2025 10:44,31-07-2025 10:44,Delivered,Paid,Gurugram,28-07-2025 10:44
ORD004767,CUST0464,EMP019,01-07-2025 22:28,13-07-2025 22:28,Delivered,Pending,Pune,10-07-2025 22:28
ORD004768,CUST0441,EMP014,02-07-2025 04:15,31-07-2025 04:15,Delivered,Paid,Hyderabad,30-07-2025 04:15
ORD004769,CUST0499,EMP026,02-07-2025 11:55,29-07-2025 11:55,Dispatched,Partially Paid,Faridabad,28-07-2025 11:55
ORD004770,CUST0412,EMP014,02-07-2025 13:57,25-07-2025 13:57,Order Confirmed,Pending,Chennai,
ORD004771,CUST0192,EMP019,02-07-2025 13:58,18-07-2025 13:58,In Production,Pending,Kolkata,
ORD004772,CUST0497,EMP017,02-07-2025 17:32,27-07-2025 17:32,Delivered,Paid,Vadodara,24-07-2025 17:32
ORD004773,CUST0173,EMP038,02-07-2025 23:46,23-07-2025 23:46,Order Confirmed,Paid,Ahmedabad,
ORD004774,CUST0294,EMP034,03-07-2025 00:45,31-07-2025 00:45,Delivered,Overdue,Ahmedabad,31-07-2025 00:45
ORD004775,CUST0003,EMP011,03-07-2025 01:53,27-07-2025 01:53,Order Confirmed,Paid,Gurugram,
ORD004776,CUST0482,EMP044,03-07-2025 02:04,02-08-2025 02:04,In Production,Paid,Jaipur,
ORD004777,CUST0296,EMP030,03-07-2025 02:12,20-07-2025 02:12,Quotation,Paid,Hyderabad,
ORD004778,CUST0475,EMP017,03-07-2025 02:37,11-07-2025 02:37,Dispatched,Pending,Surat,07-07-2025 02:37
ORD004779,CUST0177,EMP026,03-07-2025 05:22,21-07-2025 05:22,Order Confirmed,Pending,Faridabad,
ORD004780,CUST0157,EMP011,03-07-2025 13:17,02-08-2025 13:17,Delivered,Paid,Noida,31-07-2025 13:17
ORD004781,CUST0262,EMP003,03-07-2025 16:46,25-07-2025 16:46,Order Confirmed,Paid,Ludhiana,
ORD004782,CUST0432,EMP019,03-07-2025 21:59,26-07-2025 21:59,Order Confirmed,Partially Paid,Jaipur,
ORD004783,CUST0275,EMP034,04-07-2025 01:52,26-07-2025 01:52,Quotation,Paid,Bengaluru,
ORD004784,CUST0397,EMP017,04-07-2025 03:38,25-07-2025 03:38,On Hold,Pending,Jaipur,
ORD004785,CUST0108,EMP017,04-07-2025 06:15,12-07-2025 06:15,Delivered,Paid,Ludhiana,08-07-2025 06:15
ORD004786,CUST0388,EMP044,04-07-2025 07:20,20-07-2025 07:20,Delivered,Paid,Chennai,15-07-2025 07:20
ORD004787,CUST0367,EMP044,04-07-2025 13:08,13-07-2025 13:08,Dispatched,Paid,Delhi,11-07-2025 13:08
ORD004788,CUST0449,EMP019,04-07-2025 14:29,19-07-2025 14:29,Delivered,Paid,Ahmedabad,17-07-2025 14:29
ORD004789,CUST0029,EMP003,04-07-2025 18:24,28-07-2025 18:24,Order Confirmed,Paid,Surat,
ORD004790,CUST0193,EMP030,05-07-2025 01:42,31-07-2025 01:42,Delivered,Partially Paid,Jaipur,28-07-2025 01:42
ORD004791,CUST0045,EMP034,05-07-2025 04:49,17-07-2025 04:49,Delivered,Paid,Bengaluru,17-07-2025 04:49
ORD004792,CUST0201,EMP044,05-07-2025 11:18,27-07-2025 11:18,Quotation,Partially Paid,Delhi,
ORD004793,CUST0380,EMP044,05-07-2025 12:26,17-07-2025 12:26,Order Confirmed,Paid,Faridabad,
ORD004794,CUST0321,EMP030,05-07-2025 16:17,16-07-2025 16:17,Delivered,Paid,Noida,15-07-2025 16:17
ORD004795,CUST0377,EMP011,06-07-2025 13:49,05-08-2025 13:49,Order Confirmed,Paid,Delhi,
ORD004796,CUST0369,EMP014,07-07-2025 00:21,28-07-2025 00:21,In Production,Paid,Jaipur,
ORD004797,CUST0497,EMP034,07-07-2025 01:46,18-07-2025 01:46,In Production,Paid,Vadodara,
ORD004798,CUST0440,EMP030,07-07-2025 10:47,17-07-2025 10:47,Order Confirmed,Pending,Ahmedabad,
ORD004799,CUST0294,EMP019,07-07-2025 12:00,15-07-2025 12:00,Delivered,Paid,Ahmedabad,15-07-2025 12:00
ORD004800,CUST0438,EMP019,08-07-2025 02:15,26-07-2025 02:15,Dispatched,Paid,Chennai,25-07-2025 02:15
ORD004801,CUST0024,EMP034,08-07-2025 04:40,17-07-2025 04:40,Delivered,Paid,Chennai,13-07-2025 04:40
ORD004802,CUST0361,EMP019,08-07-2025 11:45,29-07-2025 11:45,Dispatched,Partially Paid,Vadodara,28-07-2025 11:45
ORD004803,CUST0262,EMP011,09-07-2025 00:03,26-07-2025 00:03,Dispatched,Paid,Ludhiana,23-07-2025 00:03
ORD004804,CUST0479,EMP044,09-07-2025 03:27,31-07-2025 03:27,Dispatched,Paid,Gurugram,27-07-2025 03:27
ORD004805,CUST0252,EMP017,09-07-2025 09:32,20-07-2025 09:32,Delivered,Paid,Faridabad,16-07-2025 09:32
ORD004806,CUST0090,EMP014,09-07-2025 17:51,19-07-2025 17:51,In Production,Paid,Bengaluru,
ORD004807,CUST0363,EMP003,10-07-2025 07:13,19-07-2025 07:13,Delivered,Paid,Vadodara,16-07-2025 07:13
ORD004808,CUST0476,EMP019,10-07-2025 09:02,19-07-2025 09:02,Delivered,Partially Paid,Vadodara,15-07-2025 09:02
ORD004809,CUST0009,EMP044,10-07-2025 17:22,18-07-2025 17:22,Delivered,Partially Paid,Surat,15-07-2025 17:22
ORD004810,CUST0033,EMP011,10-07-2025 22:49,23-07-2025 22:49,Order Confirmed,Paid,Delhi,
ORD004811,CUST0331,EMP014,11-07-2025 04:30,06-08-2025 04:30,Order Confirmed,Paid,Bengaluru,
ORD004812,CUST0278,EMP011,11-07-2025 05:39,01-08-2025 05:39,Delivered,Paid,Ludhiana,29-07-2025 05:39
ORD004813,CUST0275,EMP003,11-07-2025 06:36,24-07-2025 06:36,Delivered,Overdue,Bengaluru,19-07-2025 06:36
ORD004814,CUST0046,EMP030,12-07-2025 01:19,10-08-2025 01:19,Delivered,Partially Paid,Mumbai,07-08-2025 01:19
ORD004815,CUST0287,EMP014,12-07-2025 08:54,06-08-2025 08:54,Delivered,Paid,Delhi,04-08-2025 08:54
ORD004816,CUST0285,EMP034,12-07-2025 12:20,06-08-2025 12:20,Quotation,Overdue,Jaipur,
ORD004817,CUST0425,EMP019,12-07-2025 13:17,09-08-2025 13:17,Delivered,Paid,Pune,03-08-2025 13:17
ORD004818,CUST0196,EMP030,12-07-2025 13:20,05-08-2025 13:20,Delivered,Paid,Delhi,30-07-2025 13:20
ORD004819,CUST0174,EMP003,12-07-2025 17:38,10-08-2025 17:38,On Hold,Overdue,Noida,
ORD004820,CUST0041,EMP017,13-07-2025 00:12,27-07-2025 00:12,Delivered,Partially Paid,Mumbai,21-07-2025 00:12
ORD004821,CUST0284,EMP019,13-07-2025 08:01,09-08-2025 08:01,Dispatched,Paid,Gurugram,04-08-2025 08:01
ORD004822,CUST0325,EMP003,13-07-2025 19:33,22-07-2025 19:33,Delivered,Paid,Mumbai,20-07-2025 19:33
ORD004823,CUST0141,EMP019,14-07-2025 01:28,28-07-2025 01:28,Delivered,Overdue,Ahmedabad,22-07-2025 01:28
ORD004824,CUST0366,EMP019,14-07-2025 01:53,11-08-2025 01:53,In Production,Paid,Pune,
ORD004825,CUST0470,EMP019,14-07-2025 02:34,24-07-2025 02:34,Delivered,Paid,Jaipur,20-07-2025 02:34
ORD004826,CUST0088,EMP026,14-07-2025 21:46,02-08-2025 21:46,Order Confirmed,Paid,Jaipur,
ORD004827,CUST0287,EMP034,15-07-2025 01:18,30-07-2025 01:18,Order Confirmed,Overdue,Delhi,
ORD004828,CUST0348,EMP034,15-07-2025 03:44,24-07-2025 03:44,Delivered,Paid,Gurugram,18-07-2025 03:44
ORD004829,CUST0010,EMP003,15-07-2025 15:37,27-07-2025 15:37,In Production,Paid,Ahmedabad,
ORD004830,CUST0090,EMP030,16-07-2025 02:40,04-08-2025 02:40,Delivered,Paid,Bengaluru,04-08-2025 02:40
ORD004831,CUST0198,EMP044,16-07-2025 06:21,07-08-2025 06:21,Dispatched,Paid,Gurugram,07-08-2025 06:21
ORD004832,CUST0069,EMP038,16-07-2025 11:58,08-08-2025 11:58,Delivered,Partially Paid,Faridabad,08-08-2025 11:58
ORD004833,CUST0178,EMP017,16-07-2025 13:09,26-07-2025 13:09,Delivered,Paid,Bengaluru,20-07-2025 13:09
ORD004834,CUST0074,EMP034,16-07-2025 14:06,30-07-2025 14:06,Delivered,Pending,Jaipur,28-07-2025 14:06
ORD004835,CUST0449,EMP038,16-07-2025 15:18,25-07-2025 15:18,Dispatched,Partially Paid,Ahmedabad,25-07-2025 15:18
ORD004836,CUST0300,EMP017,16-07-2025 17:26,23-07-2025 17:26,On Hold,Paid,Ludhiana,
ORD004837,CUST0165,EMP038,16-07-2025 21:22,01-08-2025 21:22,In Production,Pending,Bengaluru,
ORD004838,CUST0390,EMP030,17-07-2025 00:20,07-08-2025 00:20,Delivered,Paid,Ahmedabad,02-08-2025 00:20
ORD004839,CUST0010,EMP034,17-07-2025 02:19,01-08-2025 02:19,Dispatched,Paid,Ahmedabad,27-07-2025 02:19
ORD004840,CUST0299,EMP034,17-07-2025 10:36,24-07-2025 10:36,Order Confirmed,Paid,Jaipur,
ORD004841,CUST0342,EMP034,17-07-2025 11:16,29-07-2025 11:16,Delivered,Paid,Delhi,23-07-2025 11:16
ORD004842,CUST0405,EMP044,19-07-2025 04:16,05-08-2025 04:16,Dispatched,Paid,Vadodara,01-08-2025 04:16
ORD004843,CUST0112,EMP038,19-07-2025 10:13,03-08-2025 10:13,In Production,Paid,Faridabad,
ORD004844,CUST0296,EMP019,19-07-2025 20:53,14-08-2025 20:53,In Production,Paid,Hyderabad,
ORD004845,CUST0384,EMP026,20-07-2025 04:09,10-08-2025 04:09,Order Confirmed,Partially Paid,Jaipur,
ORD004846,CUST0399,EMP030,20-07-2025 08:50,19-08-2025 08:50,On Hold,Paid,Faridabad,
ORD004847,CUST0088,EMP038,20-07-2025 09:12,31-07-2025 09:12,Delivered,Paid,Jaipur,27-07-2025 09:12
ORD004848,CUST0489,EMP017,20-07-2025 13:41,04-08-2025 13:41,Order Confirmed,Overdue,Hyderabad,
ORD004849,CUST0137,EMP017,20-07-2025 18:45,29-07-2025 18:45,Delivered,Paid,Vadodara,25-07-2025 18:45
ORD004850,CUST0196,EMP034,20-07-2025 19:33,27-07-2025 19:33,Delivered,Overdue,Delhi,23-07-2025 19:33
ORD004851,CUST0097,EMP044,20-07-2025 21:34,18-08-2025 21:34,Delivered,Partially Paid,Ahmedabad,15-08-2025 21:34
ORD004852,CUST0075,EMP044,20-07-2025 23:25,07-08-2025 23:25,Delivered,Partially Paid,Delhi,07-08-2025 23:25
ORD004853,CUST0128,EMP011,20-07-2025 23:40,11-08-2025 23:40,Quotation,Paid,Mumbai,
ORD004854,CUST0068,EMP044,21-07-2025 08:14,03-08-2025 08:14,Order Confirmed,Pending,Hyderabad,
ORD004855,CUST0367,EMP034,21-07-2025 13:07,29-07-2025 13:07,Delivered,Pending,Delhi,28-07-2025 13:07
ORD004856,CUST0299,EMP011,21-07-2025 13:59,18-08-2025 13:59,Delivered,Partially Paid,Jaipur,12-08-2025 13:59
ORD004857,CUST0196,EMP003,21-07-2025 18:13,12-08-2025 18:13,Delivered,Partially Paid,Delhi,12-08-2025 18:13
ORD004858,CUST0274,EMP014,21-07-2025 23:57,14-08-2025 23:57,Quotation,Paid,Mumbai,
ORD004859,CUST0303,EMP044,22-07-2025 04:58,10-08-2025 04:58,Delivered,Paid,Chennai,10-08-2025 04:58
ORD004860,CUST0093,EMP034,22-07-2025 12:49,07-08-2025 12:49,Dispatched,Overdue,Ludhiana,02-08-2025 12:49
ORD004861,CUST0149,EMP026,22-07-2025 15:53,08-08-2025 15:53,Delivered,Paid,Chennai,02-08-2025 15:53
ORD004862,CUST0442,EMP030,22-07-2025 19:20,16-08-2025 19:20,In Production,Paid,Bengaluru,
ORD004863,CUST0007,EMP019,23-07-2025 06:20,04-08-2025 06:20,Delivered,Paid,Gurugram,01-08-2025 06:20
ORD004864,CUST0479,EMP044,23-07-2025 06:52,07-08-2025 06:52,On Hold,Pending,Gurugram,
ORD004865,CUST0483,EMP011,23-07-2025 08:32,06-08-2025 08:32,Order Confirmed,Partially Paid,Pune,
ORD004866,CUST0127,EMP017,23-07-2025 12:08,11-08-2025 12:08,Delivered,Partially Paid,Pune,11-08-2025 12:08
ORD004867,CUST0161,EMP014,23-07-2025 15:36,22-08-2025 15:36,Delivered,Paid,Kolkata,18-08-2025 15:36
ORD004868,CUST0104,EMP038,23-07-2025 16:25,21-08-2025 16:25,In Production,Paid,Vadodara,
ORD004869,CUST0281,EMP026,23-07-2025 21:32,12-08-2025 21:32,In Production,Paid,Hyderabad,
ORD004870,CUST0107,EMP030,23-07-2025 22:44,03-08-2025 22:44,Delivered,Overdue,Chennai,03-08-2025 22:44
ORD004871,CUST0396,EMP044,24-07-2025 03:46,22-08-2025 03:46,In Production,Paid,Vadodara,
ORD004872,CUST0194,EMP011,24-07-2025 04:54,07-08-2025 04:54,Quotation,Overdue,Kolkata,
ORD004873,CUST0484,EMP044,24-07-2025 07:52,08-08-2025 07:52,Delivered,Paid,Ludhiana,06-08-2025 07:52
ORD004874,CUST0427,EMP011,24-07-2025 07:54,21-08-2025 07:54,Delivered,Pending,Surat,18-08-2025 07:54
ORD004875,CUST0201,EMP034,24-07-2025 18:44,06-08-2025 18:44,Delivered,Paid,Delhi,31-07-2025 18:44
ORD004876,CUST0298,EMP034,24-07-2025 19:09,11-08-2025 19:09,Delivered,Pending,Ahmedabad,11-08-2025 19:09
ORD004877,CUST0013,EMP038,24-07-2025 20:10,22-08-2025 20:10,Dispatched,Partially Paid,Mumbai,18-08-2025 20:10
ORD004878,CUST0034,EMP011,24-07-2025 21:47,07-08-2025 21:47,Delivered,Partially Paid,Noida,07-08-2025 21:47
ORD004879,CUST0254,EMP044,24-07-2025 22:53,14-08-2025 22:53,Quotation,Partially Paid,Hyderabad,
ORD004880,CUST0237,EMP034,25-07-2025 03:17,01-08-2025 03:17,In Production,Paid,Bengaluru,
ORD004881,CUST0200,EMP011,25-07-2025 16:22,24-08-2025 16:22,Delivered,Overdue,Gurugram,21-08-2025 16:22
ORD004882,CUST0046,EMP026,25-07-2025 19:15,11-08-2025 19:15,Cancelled,Partially Paid,Mumbai,
ORD004883,CUST0420,EMP038,25-07-2025 19:46,17-08-2025 19:46,In Production,Paid,Mumbai,
ORD004884,CUST0204,EMP019,25-07-2025 23:35,13-08-2025 23:35,On Hold,Paid,Hyderabad,
ORD004885,CUST0236,EMP017,26-07-2025 01:05,12-08-2025 01:05,Delivered,Paid,Delhi,08-08-2025 01:05
ORD004886,CUST0202,EMP014,26-07-2025 08:11,11-08-2025 08:11,Dispatched,Pending,Kolkata,11-08-2025 08:11
ORD004887,CUST0249,EMP026,26-07-2025 21:47,02-08-2025 21:47,Dispatched,Pending,Jaipur,28-07-2025 21:47
ORD004888,CUST0325,EMP044,27-07-2025 02:06,09-08-2025 02:06,Order Confirmed,Paid,Mumbai,
ORD004889,CUST0382,EMP030,27-07-2025 04:34,12-08-2025 04:34,Delivered,Partially Paid,Noida,06-08-2025 04:34
ORD004890,CUST0275,EMP034,27-07-2025 09:05,11-08-2025 09:05,Quotation,Paid,Bengaluru,
ORD004891,CUST0083,EMP034,27-07-2025 09:14,09-08-2025 09:14,Dispatched,Paid,Kolkata,07-08-2025 09:14
ORD004892,CUST0438,EMP034,27-07-2025 11:50,18-08-2025 11:50,Order Confirmed,Pending,Chennai,
ORD004893,CUST0143,EMP019,27-07-2025 21:59,22-08-2025 21:59,Cancelled,Paid,Jaipur,
ORD004894,CUST0009,EMP034,28-07-2025 00:35,25-08-2025 00:35,In Production,Paid,Surat,
ORD004895,CUST0020,EMP017,28-07-2025 04:18,27-08-2025 04:18,Dispatched,Paid,Jaipur,22-08-2025 04:18
ORD004896,CUST0387,EMP026,28-07-2025 10:55,19-08-2025 10:55,In Production,Paid,Pune,
ORD004897,CUST0194,EMP017,28-07-2025 13:35,13-08-2025 13:35,Order Confirmed,Paid,Kolkata,
ORD004898,CUST0012,EMP044,28-07-2025 14:44,19-08-2025 14:44,In Production,Paid,Gurugram,
ORD004899,CUST0406,EMP034,28-07-2025 16:51,07-08-2025 16:51,Delivered,Paid,Faridabad,04-08-2025 16:51
ORD004900,CUST0153,EMP026,28-07-2025 18:46,23-08-2025 18:46,Delivered,Pending,Surat,17-08-2025 18:46
ORD004901,CUST0489,EMP019,28-07-2025 21:13,16-08-2025 21:13,Dispatched,Paid,Hyderabad,12-08-2025 21:13
ORD004902,CUST0440,EMP026,28-07-2025 21:17,07-08-2025 21:17,Delivered,Pending,Ahmedabad,02-08-2025 21:17
ORD004903,CUST0025,EMP034,28-07-2025 23:26,14-08-2025 23:26,Quotation,Partially Paid,Kolkata,
ORD004904,CUST0346,EMP014,29-07-2025 08:48,12-08-2025 08:48,Delivered,Paid,Ludhiana,11-08-2025 08:48
ORD004905,CUST0302,EMP038,29-07-2025 10:11,13-08-2025 10:11,Quotation,Paid,Jaipur,
ORD004906,CUST0086,EMP014,29-07-2025 18:50,06-08-2025 18:50,Delivered,Paid,Pune,05-08-2025 18:50
ORD004907,CUST0172,EMP011,30-07-2025 01:57,06-08-2025 01:57,Cancelled,Pending,Delhi,
ORD004908,CUST0246,EMP034,30-07-2025 02:58,14-08-2025 02:58,Delivered,Partially Paid,Gurugram,11-08-2025 02:58
ORD004909,CUST0074,EMP034,30-07-2025 04:29,13-08-2025 04:29,Quotation,Paid,Jaipur,
ORD004910,CUST0361,EMP017,30-07-2025 08:12,29-08-2025 08:12,Dispatched,Paid,Vadodara,23-08-2025 08:12
ORD004911,CUST0139,EMP030,30-07-2025 12:21,12-08-2025 12:21,Delivered,Paid,Gurugram,08-08-2025 12:21
ORD004912,CUST0469,EMP034,31-07-2025 02:01,14-08-2025 02:01,Delivered,Partially Paid,Ludhiana,13-08-2025 02:01
ORD004913,CUST0401,EMP034,31-07-2025 05:11,28-08-2025 05:11,In Production,Paid,Vadodara,
ORD004914,CUST0318,EMP044,31-07-2025 06:16,27-08-2025 06:16,Dispatched,Paid,Delhi,21-08-2025 06:16
ORD004915,CUST0060,EMP038,31-07-2025 08:50,08-08-2025 08:50,Order Confirmed,Paid,Vadodara,
ORD004916,CUST0013,EMP019,31-07-2025 23:24,09-08-2025 23:24,Dispatched,Partially Paid,Mumbai,05-08-2025 23:24
ORD004917,CUST0073,EMP014,31-07-2025 23:35,09-08-2025 23:35,Quotation,Paid,Noida,
ORD004918,CUST0250,EMP003,01-08-2025 02:00,19-08-2025 02:00,Delivered,Paid,Hyderabad,17-08-2025 02:00
ORD004919,CUST0391,EMP026,01-08-2025 03:28,21-08-2025 03:28,In Production,Paid,Ludhiana,
ORD004920,CUST0077,EMP030,01-08-2025 03:41,16-08-2025 03:41,Order Confirmed,Pending,Kolkata,
ORD004921,CUST0354,EMP030,01-08-2025 04:15,08-08-2025 04:15,Quotation,Paid,Pune,
ORD004922,CUST0024,EMP003,01-08-2025 08:50,12-08-2025 08:50,Cancelled,Paid,Chennai,
ORD004923,CUST0133,EMP034,01-08-2025 08:53,22-08-2025 08:53,Delivered,Paid,Ahmedabad,20-08-2025 08:53
ORD004924,CUST0300,EMP034,01-08-2025 15:29,16-08-2025 15:29,Delivered,Partially Paid,Ludhiana,12-08-2025 15:29
ORD004925,CUST0415,EMP034,01-08-2025 18:48,10-08-2025 18:48,Delivered,Paid,Noida,04-08-2025 18:48
ORD004926,CUST0389,EMP026,01-08-2025 21:24,23-08-2025 21:24,Delivered,Partially Paid,Hyderabad,20-08-2025 21:24
ORD004927,CUST0267,EMP003,02-08-2025 04:23,23-08-2025 04:23,Dispatched,Partially Paid,Bengaluru,18-08-2025 04:23
ORD004928,CUST0019,EMP019,02-08-2025 05:36,20-08-2025 05:36,Delivered,Pending,Vadodara,16-08-2025 05:36
ORD004929,CUST0147,EMP030,02-08-2025 06:09,31-08-2025 06:09,Order Confirmed,Pending,Bengaluru,
ORD004930,CUST0392,EMP026,02-08-2025 12:36,29-08-2025 12:36,Delivered,Paid,Kolkata,29-08-2025 12:36
ORD004931,CUST0041,EMP026,02-08-2025 19:02,09-08-2025 19:02,Order Confirmed,Paid,Mumbai,
ORD004932,CUST0354,EMP026,03-08-2025 02:49,31-08-2025 02:49,Cancelled,Overdue,Pune,
ORD004933,CUST0352,EMP026,03-08-2025 05:16,11-08-2025 05:16,Dispatched,Partially Paid,Ludhiana,06-08-2025 05:16
ORD004934,CUST0376,EMP017,03-08-2025 13:19,21-08-2025 13:19,Order Confirmed,Overdue,Hyderabad,
ORD004935,CUST0109,EMP030,03-08-2025 16:11,31-08-2025 16:11,Delivered,Paid,Pune,28-08-2025 16:11
ORD004936,CUST0123,EMP014,03-08-2025 21:37,02-09-2025 21:37,Order Confirmed,Overdue,Faridabad,
ORD004937,CUST0100,EMP019,03-08-2025 22:24,10-08-2025 22:24,Dispatched,Paid,Pune,07-08-2025 22:24
ORD004938,CUST0197,EMP019,04-08-2025 00:38,12-08-2025 00:38,Delivered,Paid,Kolkata,08-08-2025 00:38
ORD004939,CUST0262,EMP034,04-08-2025 01:55,16-08-2025 01:55,Delivered,Paid,Ludhiana,16-08-2025 01:55
ORD004940,CUST0060,EMP038,04-08-2025 05:12,17-08-2025 05:12,Delivered,Paid,Vadodara,11-08-2025 05:12
ORD004941,CUST0284,EMP030,04-08-2025 17:37,17-08-2025 17:37,Dispatched,Paid,Gurugram,11-08-2025 17:37
ORD004942,CUST0120,EMP011,04-08-2025 19:52,21-08-2025 19:52,Dispatched,Paid,Delhi,15-08-2025 19:52
ORD004943,CUST0282,EMP030,04-08-2025 19:55,18-08-2025 19:55,Quotation,Paid,Kolkata,
ORD004944,CUST0152,EMP017,04-08-2025 22:49,24-08-2025 22:49,Delivered,Overdue,Mumbai,20-08-2025 22:49
ORD004945,CUST0478,EMP003,05-08-2025 05:04,01-09-2025 05:04,Delivered,Overdue,Mumbai,31-08-2025 05:04
ORD004946,CUST0160,EMP011,05-08-2025 07:35,25-08-2025 07:35,Quotation,Pending,Hyderabad,
ORD004947,CUST0436,EMP044,05-08-2025 09:52,19-08-2025 09:52,Order Confirmed,Overdue,Delhi,
ORD004948,CUST0088,EMP019,05-08-2025 16:21,25-08-2025 16:21,Quotation,Pending,Jaipur,
ORD004949,CUST0043,EMP014,05-08-2025 16:31,26-08-2025 16:31,Order Confirmed,Overdue,Ludhiana,
ORD004950,CUST0095,EMP011,05-08-2025 20:17,02-09-2025 20:17,Quotation,Paid,Surat,
ORD004951,CUST0210,EMP030,06-08-2025 02:43,04-09-2025 02:43,Dispatched,Paid,Hyderabad,31-08-2025 02:43
ORD004952,CUST0451,EMP034,06-08-2025 05:55,19-08-2025 05:55,Dispatched,Pending,Mumbai,18-08-2025 05:55
ORD004953,CUST0089,EMP017,06-08-2025 10:01,04-09-2025 10:01,Dispatched,Paid,Vadodara,01-09-2025 10:01
ORD004954,CUST0392,EMP011,06-08-2025 17:57,01-09-2025 17:57,Order Confirmed,Partially Paid,Kolkata,
ORD004955,CUST0349,EMP017,07-08-2025 05:42,17-08-2025 05:42,Dispatched,Paid,Pune,12-08-2025 05:42
ORD004956,CUST0173,EMP030,07-08-2025 05:47,27-08-2025 05:47,Delivered,Paid,Ahmedabad,26-08-2025 05:47
ORD004957,CUST0169,EMP011,07-08-2025 07:26,17-08-2025 07:26,In Production,Paid,Vadodara,
ORD004958,CUST0474,EMP014,07-08-2025 17:59,25-08-2025 17:59,In Production,Partially Paid,Bengaluru,
ORD004959,CUST0358,EMP003,08-08-2025 03:19,16-08-2025 03:19,Delivered,Paid,Delhi,13-08-2025 03:19
ORD004960,CUST0120,EMP019,08-08-2025 03:59,22-08-2025 03:59,Order Confirmed,Paid,Delhi,
ORD004961,CUST0456,EMP011,08-08-2025 04:27,29-08-2025 04:27,In Production,Paid,Jaipur,
ORD004962,CUST0204,EMP011,08-08-2025 05:39,22-08-2025 05:39,Dispatched,Paid,Hyderabad,19-08-2025 05:39
ORD004963,CUST0040,EMP011,08-08-2025 07:02,15-08-2025 07:02,In Production,Paid,Jaipur,
ORD004964,CUST0407,EMP034,08-08-2025 09:04,24-08-2025 09:04,Delivered,Partially Paid,Surat,18-08-2025 09:04
ORD004965,CUST0435,EMP019,08-08-2025 09:43,27-08-2025 09:43,Delivered,Paid,Pune,24-08-2025 09:43
ORD004966,CUST0222,EMP044,08-08-2025 19:34,02-09-2025 19:34,In Production,Overdue,Vadodara,
ORD004967,CUST0352,EMP017,08-08-2025 23:19,18-08-2025 23:19,Dispatched,Paid,Ludhiana,16-08-2025 23:19
ORD004968,CUST0118,EMP014,09-08-2025 08:57,27-08-2025 08:57,Cancelled,Overdue,Noida,
ORD004969,CUST0426,EMP014,09-08-2025 11:31,20-08-2025 11:31,Dispatched,Pending,Ahmedabad,18-08-2025 11:31
ORD004970,CUST0185,EMP044,09-08-2025 11:45,19-08-2025 11:45,On Hold,Pending,Delhi,
ORD004971,CUST0134,EMP026,09-08-2025 15:36,18-08-2025 15:36,Delivered,Partially Paid,Ludhiana,16-08-2025 15:36
ORD004972,CUST0251,EMP017,09-08-2025 20:45,03-09-2025 20:45,In Production,Paid,Vadodara,
ORD004973,CUST0134,EMP030,09-08-2025 23:46,07-09-2025 23:46,Order Confirmed,Paid,Ludhiana,
ORD004974,CUST0311,EMP026,10-08-2025 01:32,01-09-2025 01:32,Order Confirmed,Paid,Delhi,
ORD004975,CUST0374,EMP011,10-08-2025 05:23,26-08-2025 05:23,Delivered,Paid,Bengaluru,25-08-2025 05:23
ORD004976,CUST0203,EMP034,10-08-2025 07:22,08-09-2025 07:22,In Production,Paid,Bengaluru,
ORD004977,CUST0392,EMP011,10-08-2025 11:23,28-08-2025 11:23,Delivered,Paid,Kolkata,24-08-2025 11:23
ORD004978,CUST0216,EMP011,10-08-2025 20:05,29-08-2025 20:05,Delivered,Partially Paid,Hyderabad,24-08-2025 20:05
ORD004979,CUST0486,EMP034,10-08-2025 20:08,01-09-2025 20:08,Delivered,Paid,Faridabad,31-08-2025 20:08
ORD004980,CUST0132,EMP019,11-08-2025 01:39,02-09-2025 01:39,Delivered,Paid,Surat,30-08-2025 01:39
ORD004981,CUST0353,EMP014,11-08-2025 02:49,29-08-2025 02:49,Quotation,Paid,Hyderabad,
ORD004982,CUST0268,EMP003,11-08-2025 11:20,29-08-2025 11:20,In Production,Paid,Jaipur,
ORD004983,CUST0472,EMP026,11-08-2025 12:16,25-08-2025 12:16,Dispatched,Paid,Mumbai,20-08-2025 12:16
ORD004984,CUST0110,EMP030,11-08-2025 19:23,03-09-2025 19:23,Delivered,Pending,Mumbai,30-08-2025 19:23
ORD004985,CUST0099,EMP014,11-08-2025 21:53,03-09-2025 21:53,Delivered,Paid,Ludhiana,03-09-2025 21:53
ORD004986,CUST0434,EMP019,11-08-2025 22:58,28-08-2025 22:58,Delivered,Pending,Ludhiana,28-08-2025 22:58
ORD004987,CUST0451,EMP017,11-08-2025 23:18,04-09-2025 23:18,Delivered,Paid,Mumbai,04-09-2025 23:18
ORD004988,CUST0374,EMP038,12-08-2025 03:52,22-08-2025 03:52,Dispatched,Paid,Bengaluru,19-08-2025 03:52
ORD004989,CUST0238,EMP034,12-08-2025 10:38,28-08-2025 10:38,Quotation,Paid,Delhi,
ORD004990,CUST0206,EMP014,12-08-2025 11:10,11-09-2025 11:10,Delivered,Paid,Kolkata,05-09-2025 11:10
ORD004991,CUST0334,EMP026,12-08-2025 13:28,05-09-2025 13:28,Dispatched,Paid,Chennai,05-09-2025 13:28
ORD004992,CUST0374,EMP044,12-08-2025 15:33,05-09-2025 15:33,Delivered,Paid,Bengaluru,01-09-2025 15:33
ORD004993,CUST0138,EMP017,12-08-2025 16:50,08-09-2025 16:50,In Production,Partially Paid,Jaipur,
ORD004994,CUST0004,EMP011,12-08-2025 19:13,02-09-2025 19:13,Delivered,Partially Paid,Ahmedabad,28-08-2025 19:13
ORD004995,CUST0037,EMP014,12-08-2025 19:42,03-09-2025 19:42,In Production,Paid,Hyderabad,
ORD004996,CUST0173,EMP030,13-08-2025 04:55,31-08-2025 04:55,In Production,Pending,Ahmedabad,
ORD004997,CUST0341,EMP044,13-08-2025 16:07,08-09-2025 16:07,Order Confirmed,Partially Paid,Mumbai,
ORD004998,CUST0221,EMP017,13-08-2025 21:08,06-09-2025 21:08,Delivered,Paid,Surat,31-08-2025 21:08
ORD004999,CUST0310,EMP003,14-08-2025 11:11,02-09-2025 11:11,In Production,Paid,Hyderabad,
ORD005000,CUST0235,EMP011,14-08-2025 11:34,24-08-2025 11:34,In Production,Paid,Ahmedabad,
ORD005001,CUST0126,EMP019,14-08-2025 17:57,09-09-2025 17:57,In Production,Pending,Gurugram,
ORD005002,CUST0375,EMP003,14-08-2025 20:17,28-08-2025 20:17,Dispatched,Paid,Surat,24-08-2025 20:17
ORD005003,CUST0362,EMP003,15-08-2025 00:25,30-08-2025 00:25,Delivered,Paid,Chennai,24-08-2025 00:25
ORD005004,CUST0482,EMP030,15-08-2025 04:01,24-08-2025 04:01,Delivered,Paid,Jaipur,21-08-2025 04:01
ORD005005,CUST0413,EMP038,15-08-2025 04:27,27-08-2025 04:27,Delivered,Paid,Ludhiana,26-08-2025 04:27
ORD005006,CUST0190,EMP014,15-08-2025 07:31,25-08-2025 07:31,Dispatched,Paid,Chennai,19-08-2025 07:31
ORD005007,CUST0353,EMP026,15-08-2025 15:16,24-08-2025 15:16,Dispatched,Paid,Hyderabad,21-08-2025 15:16
ORD005008,CUST0176,EMP026,15-08-2025 15:30,22-08-2025 15:30,Order Confirmed,Overdue,Pune,
ORD005009,CUST0437,EMP030,15-08-2025 16:35,29-08-2025 16:35,Dispatched,Paid,Surat,27-08-2025 16:35
ORD005010,CUST0306,EMP044,15-08-2025 19:33,09-09-2025 19:33,Delivered,Paid,Bengaluru,05-09-2025 19:33
ORD005011,CUST0418,EMP038,15-08-2025 19:54,11-09-2025 19:54,Dispatched,Paid,Noida,09-09-2025 19:54
ORD005012,CUST0141,EMP017,16-08-2025 04:50,28-08-2025 04:50,Cancelled,Paid,Ahmedabad,
ORD005013,CUST0008,EMP044,16-08-2025 08:51,02-09-2025 08:51,Order Confirmed,Partially Paid,Noida,
ORD005014,CUST0071,EMP003,16-08-2025 09:57,11-09-2025 09:57,Delivered,Overdue,Surat,06-09-2025 09:57
ORD005015,CUST0266,EMP044,16-08-2025 13:25,08-09-2025 13:25,Delivered,Partially Paid,Pune,03-09-2025 13:25
ORD005016,CUST0481,EMP011,16-08-2025 13:59,13-09-2025 13:59,Delivered,Paid,Mumbai,13-09-2025 13:59
ORD005017,CUST0314,EMP011,17-08-2025 01:06,03-09-2025 01:06,Delivered,Pending,Mumbai,31-08-2025 01:06
ORD005018,CUST0405,EMP011,17-08-2025 06:31,28-08-2025 06:31,Quotation,Pending,Vadodara,
ORD005019,CUST0235,EMP011,17-08-2025 11:13,27-08-2025 11:13,Delivered,Paid,Ahmedabad,22-08-2025 11:13
ORD005020,CUST0480,EMP019,17-08-2025 13:39,10-09-2025 13:39,Dispatched,Overdue,Jaipur,06-09-2025 13:39
ORD005021,CUST0471,EMP030,17-08-2025 15:10,24-08-2025 15:10,Dispatched,Partially Paid,Noida,19-08-2025 15:10
ORD005022,CUST0109,EMP034,17-08-2025 16:05,04-09-2025 16:05,Quotation,Pending,Pune,
ORD005023,CUST0432,EMP003,18-08-2025 01:12,02-09-2025 01:12,Order Confirmed,Paid,Jaipur,
ORD005024,CUST0009,EMP014,18-08-2025 07:46,16-09-2025 07:46,Cancelled,Paid,Surat,
ORD005025,CUST0297,EMP011,18-08-2025 09:32,17-09-2025 09:32,In Production,Pending,Bengaluru,
ORD005026,CUST0219,EMP011,18-08-2025 12:31,05-09-2025 12:31,In Production,Paid,Chennai,
ORD005027,CUST0151,EMP034,18-08-2025 17:27,07-09-2025 17:27,Order Confirmed,Overdue,Ludhiana,
ORD005028,CUST0467,EMP030,18-08-2025 17:48,03-09-2025 17:48,Delivered,Paid,Delhi,28-08-2025 17:48
ORD005029,CUST0332,EMP014,18-08-2025 23:31,12-09-2025 23:31,Delivered,Paid,Hyderabad,10-09-2025 23:31
ORD005030,CUST0070,EMP017,19-08-2025 07:30,02-09-2025 07:30,Cancelled,Partially Paid,Bengaluru,
ORD005031,CUST0070,EMP044,19-08-2025 09:00,12-09-2025 09:00,Delivered,Paid,Bengaluru,08-09-2025 09:00
ORD005032,CUST0059,EMP026,19-08-2025 10:48,16-09-2025 10:48,In Production,Paid,Gurugram,
ORD005033,CUST0153,EMP014,19-08-2025 11:12,30-08-2025 11:12,Quotation,Partially Paid,Surat,
ORD005034,CUST0035,EMP044,19-08-2025 11:12,31-08-2025 11:12,In Production,Partially Paid,Ahmedabad,
ORD005035,CUST0133,EMP011,19-08-2025 12:20,04-09-2025 12:20,Delivered,Paid,Ahmedabad,04-09-2025 12:20
ORD005036,CUST0383,EMP014,19-08-2025 18:54,14-09-2025 18:54,On Hold,Paid,Surat,
ORD005037,CUST0437,EMP030,19-08-2025 20:56,10-09-2025 20:56,Quotation,Paid,Surat,
ORD005038,CUST0393,EMP026,19-08-2025 21:58,30-08-2025 21:58,In Production,Paid,Faridabad,
ORD005039,CUST0249,EMP003,19-08-2025 22:37,03-09-2025 22:37,Delivered,Pending,Jaipur,02-09-2025 22:37
ORD005040,CUST0348,EMP038,20-08-2025 03:30,11-09-2025 03:30,Delivered,Partially Paid,Gurugram,07-09-2025 03:30
ORD005041,CUST0472,EMP014,20-08-2025 14:22,19-09-2025 14:22,Delivered,Paid,Mumbai,18-09-2025 14:22
ORD005042,CUST0027,EMP030,20-08-2025 16:27,06-09-2025 16:27,Dispatched,Paid,Bengaluru,01-09-2025 16:27
ORD005043,CUST0453,EMP017,20-08-2025 16:43,28-08-2025 16:43,In Production,Paid,Bengaluru,
ORD005044,CUST0362,EMP034,20-08-2025 19:43,29-08-2025 19:43,Dispatched,Paid,Chennai,23-08-2025 19:43
ORD005045,CUST0194,EMP038,21-08-2025 00:02,28-08-2025 00:02,In Production,Paid,Kolkata,
ORD005046,CUST0225,EMP034,21-08-2025 03:36,31-08-2025 03:36,Delivered,Pending,Noida,25-08-2025 03:36
ORD005047,CUST0220,EMP044,21-08-2025 14:30,06-09-2025 14:30,Order Confirmed,Overdue,Noida,
ORD005048,CUST0079,EMP026,21-08-2025 18:31,03-09-2025 18:31,Dispatched,Paid,Noida,03-09-2025 18:31
ORD005049,CUST0116,EMP003,22-08-2025 05:26,05-09-2025 05:26,Cancelled,Partially Paid,Vadodara,
ORD005050,CUST0148,EMP026,22-08-2025 06:14,16-09-2025 06:14,Delivered,Partially Paid,Vadodara,14-09-2025 06:14
ORD005051,CUST0003,EMP019,22-08-2025 06:33,09-09-2025 06:33,Order Confirmed,Paid,Gurugram,
ORD005052,CUST0251,EMP034,22-08-2025 10:17,15-09-2025 10:17,Cancelled,Paid,Vadodara,
ORD005053,CUST0239,EMP014,22-08-2025 10:51,11-09-2025 10:51,Order Confirmed,Paid,Ahmedabad,
ORD005054,CUST0165,EMP030,22-08-2025 15:38,02-09-2025 15:38,Delivered,Paid,Bengaluru,30-08-2025 15:38
ORD005055,CUST0089,EMP019,22-08-2025 17:00,20-09-2025 17:00,Order Confirmed,Pending,Vadodara,
ORD005056,CUST0485,EMP030,22-08-2025 18:02,09-09-2025 18:02,Delivered,Paid,Chennai,09-09-2025 18:02
ORD005057,CUST0340,EMP019,22-08-2025 20:49,18-09-2025 20:49,Order Confirmed,Paid,Chennai,
ORD005058,CUST0238,EMP017,23-08-2025 03:13,01-09-2025 03:13,In Production,Paid,Delhi,
ORD005059,CUST0362,EMP014,23-08-2025 08:23,19-09-2025 08:23,On Hold,Overdue,Chennai,
ORD005060,CUST0187,EMP038,23-08-2025 12:52,16-09-2025 12:52,Delivered,Paid,Jaipur,10-09-2025 12:52
ORD005061,CUST0108,EMP003,23-08-2025 21:35,04-09-2025 21:35,In Production,Overdue,Ludhiana,
ORD005062,CUST0337,EMP014,23-08-2025 23:09,18-09-2025 23:09,Quotation,Overdue,Noida,
ORD005063,CUST0386,EMP019,24-08-2025 03:52,17-09-2025 03:52,Quotation,Paid,Noida,
ORD005064,CUST0326,EMP011,24-08-2025 11:56,21-09-2025 11:56,In Production,Paid,Delhi,
ORD005065,CUST0284,EMP044,24-08-2025 14:13,05-09-2025 14:13,Dispatched,Paid,Gurugram,30-08-2025 14:13
ORD005066,CUST0002,EMP017,24-08-2025 15:34,21-09-2025 15:34,Dispatched,Paid,Jaipur,16-09-2025 15:34
ORD005067,CUST0319,EMP014,24-08-2025 19:56,18-09-2025 19:56,Cancelled,Paid,Hyderabad,
ORD005068,CUST0310,EMP014,24-08-2025 20:26,08-09-2025 20:26,Delivered,Pending,Hyderabad,07-09-2025 20:26
ORD005069,CUST0207,EMP011,24-08-2025 21:53,08-09-2025 21:53,Cancelled,Overdue,Ahmedabad,
ORD005070,CUST0122,EMP030,25-08-2025 13:11,07-09-2025 13:11,Dispatched,Paid,Chennai,07-09-2025 13:11
ORD005071,CUST0490,EMP019,25-08-2025 20:46,12-09-2025 20:46,Dispatched,Paid,Mumbai,07-09-2025 20:46
ORD005072,CUST0188,EMP014,25-08-2025 20:59,22-09-2025 20:59,Delivered,Paid,Kolkata,17-09-2025 20:59
ORD005073,CUST0137,EMP038,25-08-2025 23:40,21-09-2025 23:40,In Production,Paid,Vadodara,
ORD005074,CUST0354,EMP030,26-08-2025 07:51,05-09-2025 07:51,Order Confirmed,Paid,Pune,
ORD005075,CUST0241,EMP019,26-08-2025 09:42,05-09-2025 09:42,Delivered,Overdue,Noida,30-08-2025 09:42
ORD005076,CUST0279,EMP026,26-08-2025 10:34,03-09-2025 10:34,Delivered,Paid,Hyderabad,01-09-2025 10:34
ORD005077,CUST0325,EMP030,26-08-2025 18:05,16-09-2025 18:05,In Production,Paid,Mumbai,
ORD005078,CUST0185,EMP011,27-08-2025 02:30,10-09-2025 02:30,Dispatched,Partially Paid,Delhi,09-09-2025 02:30
ORD005079,CUST0077,EMP038,27-08-2025 04:48,21-09-2025 04:48,Order Confirmed,Paid,Kolkata,
ORD005080,CUST0084,EMP014,27-08-2025 08:35,21-09-2025 08:35,Delivered,Overdue,Chennai,15-09-2025 08:35
ORD005081,CUST0470,EMP003,28-08-2025 08:59,08-09-2025 08:59,In Production,Overdue,Jaipur,
ORD005082,CUST0253,EMP026,28-08-2025 18:13,20-09-2025 18:13,Delivered,Paid,Bengaluru,20-09-2025 18:13
ORD005083,CUST0209,EMP038,28-08-2025 18:48,22-09-2025 18:48,Dispatched,Paid,Ahmedabad,18-09-2025 18:48
ORD005084,CUST0160,EMP034,28-08-2025 21:50,27-09-2025 21:50,Dispatched,Pending,Hyderabad,24-09-2025 21:50
ORD005085,CUST0361,EMP017,29-08-2025 01:38,22-09-2025 01:38,Delivered,Paid,Vadodara,19-09-2025 01:38
ORD005086,CUST0457,EMP017,29-08-2025 03:08,13-09-2025 03:08,Cancelled,Paid,Delhi,
ORD005087,CUST0385,EMP026,29-08-2025 04:04,28-09-2025 04:04,Delivered,Overdue,Faridabad,26-09-2025 04:04
ORD005088,CUST0268,EMP014,30-08-2025 03:30,12-09-2025 03:30,Dispatched,Paid,Jaipur,12-09-2025 03:30
ORD005089,CUST0238,EMP038,30-08-2025 05:35,25-09-2025 05:35,In Production,Paid,Delhi,
ORD005090,CUST0433,EMP014,30-08-2025 05:39,15-09-2025 05:39,Delivered,Paid,Noida,11-09-2025 05:39
ORD005091,CUST0429,EMP014,30-08-2025 12:07,28-09-2025 12:07,Delivered,Paid,Jaipur,27-09-2025 12:07
ORD005092,CUST0196,EMP003,30-08-2025 14:53,24-09-2025 14:53,On Hold,Pending,Delhi,
ORD005093,CUST0483,EMP030,30-08-2025 16:08,20-09-2025 16:08,Dispatched,Partially Paid,Pune,20-09-2025 16:08
ORD005094,CUST0414,EMP003,30-08-2025 16:14,11-09-2025 16:14,Delivered,Paid,Ahmedabad,09-09-2025 16:14
ORD005095,CUST0424,EMP038,31-08-2025 13:50,11-09-2025 13:50,In Production,Paid,Pune,
ORD005096,CUST0029,EMP044,31-08-2025 15:37,29-09-2025 15:37,Order Confirmed,Pending,Surat,
ORD005097,CUST0066,EMP011,31-08-2025 17:50,26-09-2025 17:50,Order Confirmed,Paid,Gurugram,
ORD005098,CUST0150,EMP003,31-08-2025 18:21,19-09-2025 18:21,Quotation,Paid,Kolkata,
ORD005099,CUST0381,EMP044,31-08-2025 18:51,28-09-2025 18:51,Dispatched,Paid,Kolkata,26-09-2025 18:51
ORD005100,CUST0040,EMP011,31-08-2025 23:00,25-09-2025 23:00,In Production,Paid,Jaipur,
ORD005101,CUST0042,EMP019,01-09-2025 10:42,17-09-2025 10:42,Delivered,Paid,Faridabad,12-09-2025 10:42
ORD005102,CUST0016,EMP038,01-09-2025 16:04,27-09-2025 16:04,Delivered,Paid,Faridabad,25-09-2025 16:04
ORD005103,CUST0096,EMP011,01-09-2025 18:05,27-09-2025 18:05,Order Confirmed,Paid,Jaipur,
ORD005104,CUST0460,EMP030,01-09-2025 22:56,19-09-2025 22:56,Delivered,Paid,Jaipur,16-09-2025 22:56
ORD005105,CUST0361,EMP017,02-09-2025 04:03,09-09-2025 04:03,Order Confirmed,Partially Paid,Vadodara,
ORD005106,CUST0359,EMP019,02-09-2025 07:56,26-09-2025 07:56,Quotation,Paid,Surat,
ORD005107,CUST0147,EMP044,02-09-2025 08:40,17-09-2025 08:40,On Hold,Pending,Bengaluru,
ORD005108,CUST0313,EMP030,02-09-2025 12:33,17-09-2025 12:33,Quotation,Paid,Pune,
ORD005109,CUST0390,EMP017,02-09-2025 22:15,26-09-2025 22:15,In Production,Paid,Ahmedabad,
ORD005110,CUST0267,EMP044,03-09-2025 00:02,29-09-2025 00:02,Delivered,Paid,Bengaluru,26-09-2025 00:02
ORD005111,CUST0429,EMP026,03-09-2025 03:06,12-09-2025 03:06,In Production,Paid,Jaipur,
ORD005112,CUST0285,EMP003,03-09-2025 03:14,29-09-2025 03:14,In Production,Paid,Jaipur,
ORD005113,CUST0163,EMP017,03-09-2025 07:03,17-09-2025 07:03,Delivered,Paid,Delhi,12-09-2025 07:03
ORD005114,CUST0320,EMP014,03-09-2025 07:14,23-09-2025 07:14,Delivered,Paid,Jaipur,23-09-2025 07:14
ORD005115,CUST0472,EMP030,03-09-2025 19:04,30-09-2025 19:04,Dispatched,Paid,Mumbai,30-09-2025 19:04
ORD005116,CUST0414,EMP038,04-09-2025 01:36,16-09-2025 01:36,Delivered,Paid,Ahmedabad,10-09-2025 01:36
ORD005117,CUST0250,EMP003,04-09-2025 10:35,16-09-2025 10:35,Order Confirmed,Partially Paid,Hyderabad,
ORD005118,CUST0299,EMP034,05-09-2025 08:03,05-10-2025 08:03,Dispatched,Paid,Jaipur,03-10-2025 08:03
ORD005119,CUST0488,EMP044,05-09-2025 17:34,20-09-2025 17:34,Order Confirmed,Overdue,Delhi,
ORD005120,CUST0375,EMP044,06-09-2025 13:05,05-10-2025 13:05,Quotation,Paid,Surat,
ORD005121,CUST0252,EMP030,06-09-2025 13:42,21-09-2025 13:42,On Hold,Paid,Faridabad,
ORD005122,CUST0141,EMP017,07-09-2025 05:58,28-09-2025 05:58,Delivered,Paid,Ahmedabad,23-09-2025 05:58
ORD005123,CUST0453,EMP011,07-09-2025 09:50,26-09-2025 09:50,Order Confirmed,Pending,Bengaluru,
ORD005124,CUST0489,EMP044,07-09-2025 11:09,07-10-2025 11:09,In Production,Paid,Hyderabad,
ORD005125,CUST0036,EMP019,07-09-2025 17:05,27-09-2025 17:05,Order Confirmed,Overdue,Delhi,
ORD005126,CUST0016,EMP017,07-09-2025 21:35,26-09-2025 21:35,Delivered,Partially Paid,Faridabad,22-09-2025 21:35
ORD005127,CUST0058,EMP034,07-09-2025 22:56,25-09-2025 22:56,In Production,Paid,Vadodara,
ORD005128,CUST0194,EMP034,08-09-2025 02:06,24-09-2025 02:06,Cancelled,Paid,Kolkata,
ORD005129,CUST0080,EMP038,08-09-2025 02:20,25-09-2025 02:20,Order Confirmed,Paid,Kolkata,
ORD005130,CUST0442,EMP038,08-09-2025 03:25,26-09-2025 03:25,In Production,Paid,Bengaluru,
ORD005131,CUST0458,EMP038,08-09-2025 06:01,03-10-2025 06:01,Cancelled,Pending,Noida,
ORD005132,CUST0091,EMP011,08-09-2025 06:58,16-09-2025 06:58,Delivered,Pending,Jaipur,11-09-2025 06:58
ORD005133,CUST0415,EMP011,08-09-2025 11:18,27-09-2025 11:18,In Production,Paid,Noida,
ORD005134,CUST0071,EMP014,08-09-2025 13:49,28-09-2025 13:49,Dispatched,Paid,Surat,24-09-2025 13:49
ORD005135,CUST0394,EMP030,08-09-2025 16:28,03-10-2025 16:28,Delivered,Paid,Kolkata,02-10-2025 16:28
ORD005136,CUST0183,EMP026,08-09-2025 18:16,30-09-2025 18:16,Delivered,Partially Paid,Pune,27-09-2025 18:16
ORD005137,CUST0021,EMP038,08-09-2025 22:48,25-09-2025 22:48,Delivered,Paid,Ahmedabad,23-09-2025 22:48
ORD005138,CUST0215,EMP038,09-09-2025 13:29,18-09-2025 13:29,Delivered,Partially Paid,Vadodara,16-09-2025 13:29
ORD005139,CUST0412,EMP038,09-09-2025 14:50,24-09-2025 14:50,Cancelled,Paid,Chennai,
ORD005140,CUST0467,EMP003,09-09-2025 18:37,22-09-2025 18:37,Dispatched,Overdue,Delhi,19-09-2025 18:37
ORD005141,CUST0061,EMP030,09-09-2025 22:42,20-09-2025 22:42,Order Confirmed,Paid,Mumbai,
ORD005142,CUST0419,EMP038,10-09-2025 01:25,04-10-2025 01:25,Dispatched,Paid,Ludhiana,04-10-2025 01:25
ORD005143,CUST0147,EMP044,10-09-2025 07:55,28-09-2025 07:55,Delivered,Overdue,Bengaluru,28-09-2025 07:55
ORD005144,CUST0233,EMP017,10-09-2025 08:12,06-10-2025 08:12,Dispatched,Partially Paid,Pune,02-10-2025 08:12
ORD005145,CUST0055,EMP034,10-09-2025 10:03,20-09-2025 10:03,In Production,Paid,Gurugram,
ORD005146,CUST0487,EMP019,10-09-2025 21:08,10-10-2025 21:08,Delivered,Pending,Delhi,10-10-2025 21:08
ORD005147,CUST0396,EMP011,11-09-2025 06:00,29-09-2025 06:00,Dispatched,Paid,Vadodara,23-09-2025 06:00
ORD005148,CUST0322,EMP017,11-09-2025 06:19,24-09-2025 06:19,On Hold,Paid,Gurugram,
ORD005149,CUST0364,EMP014,11-09-2025 16:46,26-09-2025 16:46,In Production,Paid,Delhi,
ORD005150,CUST0437,EMP044,11-09-2025 17:34,08-10-2025 17:34,Delivered,Paid,Surat,04-10-2025 17:34
ORD005151,CUST0072,EMP011,11-09-2025 20:00,05-10-2025 20:00,Delivered,Partially Paid,Kolkata,30-09-2025 20:00
ORD005152,CUST0124,EMP011,12-09-2025 03:59,23-09-2025 03:59,Quotation,Paid,Ahmedabad,
ORD005153,CUST0019,EMP026,12-09-2025 09:08,12-10-2025 09:08,Dispatched,Paid,Vadodara,09-10-2025 09:08
ORD005154,CUST0245,EMP026,12-09-2025 09:26,22-09-2025 09:26,Quotation,Pending,Gurugram,
ORD005155,CUST0248,EMP026,12-09-2025 17:58,25-09-2025 17:58,Delivered,Paid,Pune,21-09-2025 17:58
ORD005156,CUST0015,EMP011,12-09-2025 18:54,06-10-2025 18:54,Delivered,Paid,Hyderabad,05-10-2025 18:54
ORD005157,CUST0331,EMP019,12-09-2025 23:43,01-10-2025 23:43,Quotation,Paid,Bengaluru,
ORD005158,CUST0005,EMP044,13-09-2025 00:04,30-09-2025 00:04,Dispatched,Partially Paid,Surat,26-09-2025 00:04
ORD005159,CUST0397,EMP003,13-09-2025 04:59,12-10-2025 04:59,On Hold,Paid,Jaipur,
ORD005160,CUST0353,EMP034,13-09-2025 14:13,09-10-2025 14:13,In Production,Overdue,Hyderabad,
ORD005161,CUST0408,EMP011,13-09-2025 19:53,13-10-2025 19:53,Cancelled,Pending,Vadodara,
ORD005162,CUST0060,EMP014,13-09-2025 19:56,26-09-2025 19:56,Order Confirmed,Pending,Vadodara,
ORD005163,CUST0436,EMP038,13-09-2025 23:42,10-10-2025 23:42,Quotation,Pending,Delhi,
ORD005164,CUST0274,EMP014,14-09-2025 10:25,26-09-2025 10:25,Delivered,Paid,Mumbai,24-09-2025 10:25
ORD005165,CUST0432,EMP026,14-09-2025 10:59,10-10-2025 10:59,Order Confirmed,Pending,Jaipur,
ORD005166,CUST0349,EMP017,14-09-2025 12:50,04-10-2025 12:50,Delivered,Paid,Pune,29-09-2025 12:50
ORD005167,CUST0329,EMP030,14-09-2025 14:55,05-10-2025 14:55,Delivered,Paid,Jaipur,03-10-2025 14:55
ORD005168,CUST0017,EMP019,15-09-2025 00:55,24-09-2025 00:55,Delivered,Paid,Pune,19-09-2025 00:55
ORD005169,CUST0346,EMP019,15-09-2025 16:14,13-10-2025 16:14,Delivered,Pending,Ludhiana,07-10-2025 16:14
ORD005170,CUST0225,EMP038,15-09-2025 22:30,28-09-2025 22:30,Delivered,Paid,Noida,28-09-2025 22:30
ORD005171,CUST0425,EMP026,16-09-2025 05:37,07-10-2025 05:37,Delivered,Pending,Pune,07-10-2025 05:37
ORD005172,CUST0343,EMP026,16-09-2025 05:48,26-09-2025 05:48,Delivered,Overdue,Ahmedabad,24-09-2025 05:48
ORD005173,CUST0038,EMP038,16-09-2025 14:35,15-10-2025 14:35,Delivered,Paid,Ludhiana,12-10-2025 14:35
ORD005174,CUST0445,EMP019,16-09-2025 17:44,30-09-2025 17:44,Delivered,Paid,Ahmedabad,24-09-2025 17:44
ORD005175,CUST0032,EMP038,16-09-2025 19:06,11-10-2025 19:06,In Production,Paid,Jaipur,
ORD005176,CUST0150,EMP034,16-09-2025 21:31,11-10-2025 21:31,Dispatched,Paid,Kolkata,08-10-2025 21:31
ORD005177,CUST0109,EMP038,16-09-2025 22:17,06-10-2025 22:17,Dispatched,Partially Paid,Pune,01-10-2025 22:17
ORD005178,CUST0488,EMP019,17-09-2025 15:20,26-09-2025 15:20,In Production,Paid,Delhi,
ORD005179,CUST0077,EMP026,17-09-2025 23:03,30-09-2025 23:03,Dispatched,Paid,Kolkata,25-09-2025 23:03
ORD005180,CUST0423,EMP011,18-09-2025 03:16,09-10-2025 03:16,In Production,Paid,Chennai,
ORD005181,CUST0112,EMP011,18-09-2025 07:39,07-10-2025 07:39,Order Confirmed,Paid,Faridabad,
ORD005182,CUST0326,EMP011,18-09-2025 08:30,09-10-2025 08:30,Delivered,Paid,Delhi,05-10-2025 08:30
ORD005183,CUST0046,EMP030,18-09-2025 09:01,30-09-2025 09:01,Delivered,Paid,Mumbai,24-09-2025 09:01
ORD005184,CUST0196,EMP017,18-09-2025 10:45,07-10-2025 10:45,In Production,Pending,Delhi,
ORD005185,CUST0312,EMP014,18-09-2025 12:02,27-09-2025 12:02,Cancelled,Paid,Pune,
ORD005186,CUST0356,EMP030,18-09-2025 13:15,06-10-2025 13:15,Cancelled,Paid,Chennai,
ORD005187,CUST0437,EMP017,18-09-2025 14:29,27-09-2025 14:29,Delivered,Paid,Surat,25-09-2025 14:29
ORD005188,CUST0409,EMP011,18-09-2025 17:17,10-10-2025 17:17,Quotation,Partially Paid,Kolkata,
ORD005189,CUST0260,EMP026,18-09-2025 22:43,08-10-2025 22:43,In Production,Partially Paid,Ahmedabad,
ORD005190,CUST0152,EMP026,18-09-2025 23:57,15-10-2025 23:57,Dispatched,Paid,Mumbai,11-10-2025 23:57
ORD005191,CUST0131,EMP011,19-09-2025 01:09,07-10-2025 01:09,Delivered,Paid,Delhi,02-10-2025 01:09
ORD005192,CUST0497,EMP014,19-09-2025 19:51,29-09-2025 19:51,Delivered,Partially Paid,Vadodara,23-09-2025 19:51
ORD005193,CUST0305,EMP014,19-09-2025 21:00,01-10-2025 21:00,Delivered,Pending,Noida,30-09-2025 21:00
ORD005194,CUST0455,EMP030,19-09-2025 21:19,15-10-2025 21:19,Delivered,Partially Paid,Gurugram,10-10-2025 21:19
ORD005195,CUST0217,EMP014,20-09-2025 05:03,19-10-2025 05:03,Cancelled,Partially Paid,Gurugram,
ORD005196,CUST0243,EMP003,20-09-2025 07:45,28-09-2025 07:45,Delivered,Paid,Ahmedabad,27-09-2025 07:45
ORD005197,CUST0413,EMP014,20-09-2025 08:14,13-10-2025 08:14,Cancelled,Paid,Ludhiana,
ORD005198,CUST0362,EMP019,20-09-2025 09:36,08-10-2025 09:36,Delivered,Pending,Chennai,02-10-2025 09:36
ORD005199,CUST0101,EMP034,20-09-2025 10:18,03-10-2025 10:18,In Production,Paid,Noida,
ORD005200,CUST0263,EMP003,20-09-2025 12:04,09-10-2025 12:04,Delivered,Paid,Vadodara,06-10-2025 12:04
ORD005201,CUST0107,EMP038,20-09-2025 16:14,19-10-2025 16:14,Order Confirmed,Partially Paid,Chennai,
ORD005202,CUST0381,EMP017,20-09-2025 19:09,01-10-2025 19:09,Order Confirmed,Pending,Kolkata,
ORD005203,CUST0015,EMP017,20-09-2025 19:26,17-10-2025 19:26,On Hold,Paid,Hyderabad,
ORD005204,CUST0414,EMP003,21-09-2025 00:01,30-09-2025 00:01,Dispatched,Pending,Ahmedabad,24-09-2025 00:01
ORD005205,CUST0465,EMP014,21-09-2025 05:04,15-10-2025 05:04,Dispatched,Paid,Vadodara,12-10-2025 05:04
ORD005206,CUST0012,EMP019,21-09-2025 07:30,29-09-2025 07:30,Cancelled,Pending,Gurugram,
ORD005207,CUST0316,EMP030,21-09-2025 08:33,29-09-2025 08:33,In Production,Pending,Ludhiana,
ORD005208,CUST0040,EMP034,21-09-2025 09:13,28-09-2025 09:13,Order Confirmed,Pending,Jaipur,
ORD005209,CUST0181,EMP026,21-09-2025 15:50,17-10-2025 15:50,Quotation,Overdue,Chennai,
ORD005210,CUST0169,EMP011,21-09-2025 19:18,11-10-2025 19:18,Dispatched,Overdue,Vadodara,11-10-2025 19:18
ORD005211,CUST0260,EMP017,21-09-2025 19:53,14-10-2025 19:53,Order Confirmed,Overdue,Ahmedabad,
ORD005212,CUST0459,EMP034,21-09-2025 23:36,01-10-2025 23:36,Quotation,Paid,Kolkata,
ORD005213,CUST0231,EMP030,22-09-2025 03:38,21-10-2025 03:38,Delivered,Paid,Bengaluru,19-10-2025 03:38
ORD005214,CUST0200,EMP026,22-09-2025 09:53,18-10-2025 09:53,In Production,Paid,Gurugram,
ORD005215,CUST0047,EMP026,22-09-2025 10:15,10-10-2025 10:15,Delivered,Paid,Ahmedabad,06-10-2025 10:15
ORD005216,CUST0444,EMP026,22-09-2025 10:51,20-10-2025 10:51,Order Confirmed,Partially Paid,Vadodara,
ORD005217,CUST0158,EMP044,23-09-2025 03:25,03-10-2025 03:25,Dispatched,Paid,Surat,29-09-2025 03:25
ORD005218,CUST0232,EMP026,23-09-2025 03:44,07-10-2025 03:44,Delivered,Overdue,Gurugram,04-10-2025 03:44
ORD005219,CUST0047,EMP026,23-09-2025 10:25,01-10-2025 10:25,Dispatched,Paid,Ahmedabad,27-09-2025 10:25
ORD005220,CUST0145,EMP017,23-09-2025 11:04,03-10-2025 11:04,In Production,Paid,Kolkata,
ORD005221,CUST0277,EMP019,23-09-2025 12:53,20-10-2025 12:53,In Production,Paid,Noida,
ORD005222,CUST0451,EMP034,23-09-2025 21:09,09-10-2025 21:09,Order Confirmed,Paid,Mumbai,
ORD005223,CUST0165,EMP038,24-09-2025 00:37,16-10-2025 00:37,Order Confirmed,Paid,Bengaluru,
ORD005224,CUST0281,EMP034,24-09-2025 14:00,22-10-2025 14:00,Dispatched,Paid,Hyderabad,18-10-2025 14:00
ORD005225,CUST0438,EMP030,24-09-2025 19:42,19-10-2025 19:42,Order Confirmed,Paid,Chennai,
ORD005226,CUST0181,EMP034,25-09-2025 03:16,11-10-2025 03:16,Order Confirmed,Pending,Chennai,
ORD005227,CUST0148,EMP003,25-09-2025 09:55,10-10-2025 09:55,Order Confirmed,Paid,Vadodara,
ORD005228,CUST0023,EMP014,25-09-2025 15:21,04-10-2025 15:21,Delivered,Partially Paid,Ludhiana,03-10-2025 15:21
ORD005229,CUST0454,EMP014,25-09-2025 18:37,21-10-2025 18:37,Dispatched,Partially Paid,Gurugram,21-10-2025 18:37
ORD005230,CUST0056,EMP030,26-09-2025 02:04,26-10-2025 02:04,Delivered,Paid,Gurugram,24-10-2025 02:04
ORD005231,CUST0108,EMP034,26-09-2025 05:40,15-10-2025 05:40,Delivered,Paid,Ludhiana,15-10-2025 05:40
ORD005232,CUST0070,EMP011,26-09-2025 06:31,14-10-2025 06:31,In Production,Pending,Bengaluru,
ORD005233,CUST0354,EMP011,26-09-2025 09:41,23-10-2025 09:41,In Production,Partially Paid,Pune,
ORD005234,CUST0183,EMP019,26-09-2025 09:49,11-10-2025 09:49,In Production,Paid,Pune,
ORD005235,CUST0353,EMP044,26-09-2025 10:40,12-10-2025 10:40,Delivered,Partially Paid,Hyderabad,08-10-2025 10:40
ORD005236,CUST0304,EMP003,27-09-2025 00:52,25-10-2025 00:52,In Production,Paid,Faridabad,
ORD005237,CUST0008,EMP038,27-09-2025 06:49,13-10-2025 06:49,Order Confirmed,Paid,Noida,
ORD005238,CUST0154,EMP011,27-09-2025 07:22,26-10-2025 07:22,Cancelled,Paid,Jaipur,
ORD005239,CUST0003,EMP014,27-09-2025 11:04,07-10-2025 11:04,Delivered,Partially Paid,Gurugram,01-10-2025 11:04
ORD005240,CUST0033,EMP030,27-09-2025 13:26,15-10-2025 13:26,Quotation,Paid,Delhi,
ORD005241,CUST0237,EMP034,27-09-2025 18:07,15-10-2025 18:07,Cancelled,Paid,Bengaluru,
ORD005242,CUST0133,EMP038,27-09-2025 23:09,11-10-2025 23:09,Order Confirmed,Paid,Ahmedabad,
ORD005243,CUST0045,EMP003,28-09-2025 05:24,28-10-2025 05:24,Order Confirmed,Paid,Bengaluru,
ORD005244,CUST0205,EMP003,28-09-2025 07:29,16-10-2025 07:29,Order Confirmed,Paid,Vadodara,
ORD005245,CUST0226,EMP019,28-09-2025 08:47,26-10-2025 08:47,Cancelled,Paid,Mumbai,
ORD005246,CUST0497,EMP026,28-09-2025 15:06,10-10-2025 15:06,Order Confirmed,Pending,Vadodara,
ORD005247,CUST0331,EMP014,28-09-2025 17:58,13-10-2025 17:58,Delivered,Partially Paid,Bengaluru,07-10-2025 17:58
ORD005248,CUST0197,EMP030,29-09-2025 05:25,17-10-2025 05:25,Delivered,Paid,Kolkata,14-10-2025 05:25
ORD005249,CUST0237,EMP014,29-09-2025 06:42,19-10-2025 06:42,Dispatched,Paid,Bengaluru,13-10-2025 06:42
ORD005250,CUST0045,EMP044,29-09-2025 14:48,11-10-2025 14:48,In Production,Paid,Bengaluru,
ORD005251,CUST0194,EMP011,29-09-2025 15:51,13-10-2025 15:51,Order Confirmed,Pending,Kolkata,
ORD005252,CUST0291,EMP030,29-09-2025 19:12,20-10-2025 19:12,Delivered,Paid,Pune,16-10-2025 19:12
ORD005253,CUST0011,EMP026,29-09-2025 20:54,12-10-2025 20:54,In Production,Pending,Kolkata,
ORD005254,CUST0460,EMP011,30-09-2025 00:45,25-10-2025 00:45,Delivered,Paid,Jaipur,25-10-2025 00:45
ORD005255,CUST0258,EMP030,30-09-2025 04:44,18-10-2025 04:44,Quotation,Paid,Bengaluru,
ORD005256,CUST0394,EMP011,30-09-2025 07:30,30-10-2025 07:30,Delivered,Paid,Kolkata,26-10-2025 07:30
ORD005257,CUST0138,EMP026,30-09-2025 10:10,12-10-2025 10:10,Delivered,Partially Paid,Jaipur,09-10-2025 10:10
ORD005258,CUST0419,EMP030,30-09-2025 13:00,27-10-2025 13:00,Dispatched,Paid,Ludhiana,24-10-2025 13:00
ORD005259,CUST0184,EMP003,01-10-2025 05:27,19-10-2025 05:27,Dispatched,Paid,Pune,14-10-2025 05:27
ORD005260,CUST0465,EMP014,01-10-2025 05:48,10-10-2025 05:48,In Production,Paid,Vadodara,
ORD005261,CUST0262,EMP014,01-10-2025 13:40,24-10-2025 13:40,In Production,Overdue,Ludhiana,
ORD005262,CUST0319,EMP044,01-10-2025 15:33,13-10-2025 15:33,Quotation,Paid,Hyderabad,
ORD005263,CUST0102,EMP014,01-10-2025 16:04,11-10-2025 16:04,Delivered,Partially Paid,Pune,05-10-2025 16:04
ORD005264,CUST0498,EMP044,02-10-2025 04:49,21-10-2025 04:49,Quotation,Overdue,Noida,
ORD005265,CUST0097,EMP026,02-10-2025 10:16,27-10-2025 10:16,Quotation,Paid,Ahmedabad,
ORD005266,CUST0017,EMP044,02-10-2025 13:52,15-10-2025 13:52,Quotation,Paid,Pune,
ORD005267,CUST0220,EMP038,02-10-2025 15:51,23-10-2025 15:51,Order Confirmed,Paid,Noida,
ORD005268,CUST0418,EMP014,02-10-2025 18:57,09-10-2025 18:57,Delivered,Partially Paid,Noida,08-10-2025 18:57
ORD005269,CUST0461,EMP026,02-10-2025 22:23,13-10-2025 22:23,Delivered,Pending,Delhi,13-10-2025 22:23
ORD005270,CUST0429,EMP034,03-10-2025 09:36,28-10-2025 09:36,Dispatched,Overdue,Jaipur,24-10-2025 09:36
ORD005271,CUST0277,EMP003,03-10-2025 10:21,10-10-2025 10:21,In Production,Paid,Noida,
ORD005272,CUST0459,EMP030,03-10-2025 11:53,18-10-2025 11:53,Delivered,Overdue,Kolkata,18-10-2025 11:53
ORD005273,CUST0247,EMP019,04-10-2025 00:54,23-10-2025 00:54,Delivered,Paid,Kolkata,21-10-2025 00:54
ORD005274,CUST0240,EMP003,04-10-2025 13:33,12-10-2025 13:33,Delivered,Paid,Noida,06-10-2025 13:33
ORD005275,CUST0091,EMP038,04-10-2025 13:45,03-11-2025 13:45,Delivered,Paid,Jaipur,30-10-2025 13:45
ORD005276,CUST0394,EMP014,04-10-2025 23:54,23-10-2025 23:54,Delivered,Paid,Kolkata,17-10-2025 23:54
ORD005277,CUST0159,EMP038,05-10-2025 08:16,20-10-2025 08:16,Delivered,Paid,Mumbai,20-10-2025 08:16
ORD005278,CUST0098,EMP014,05-10-2025 10:17,04-11-2025 10:17,Delivered,Paid,Ludhiana,31-10-2025 10:17
ORD005279,CUST0185,EMP026,05-10-2025 10:19,25-10-2025 10:19,Delivered,Overdue,Delhi,23-10-2025 10:19
ORD005280,CUST0302,EMP017,05-10-2025 13:30,28-10-2025 13:30,Delivered,Paid,Jaipur,28-10-2025 13:30
ORD005281,CUST0136,EMP038,05-10-2025 17:14,14-10-2025 17:14,Delivered,Pending,Pune,12-10-2025 17:14
ORD005282,CUST0180,EMP044,06-10-2025 01:15,16-10-2025 01:15,Order Confirmed,Paid,Jaipur,
ORD005283,CUST0166,EMP034,06-10-2025 06:13,14-10-2025 06:13,In Production,Paid,Hyderabad,
ORD005284,CUST0299,EMP038,06-10-2025 16:03,25-10-2025 16:03,Cancelled,Paid,Jaipur,
ORD005285,CUST0358,EMP034,06-10-2025 19:04,02-11-2025 19:04,Dispatched,Partially Paid,Delhi,27-10-2025 19:04
ORD005286,CUST0338,EMP014,07-10-2025 02:45,04-11-2025 02:45,Quotation,Pending,Gurugram,
ORD005287,CUST0071,EMP044,07-10-2025 03:27,27-10-2025 03:27,In Production,Paid,Surat,
ORD005288,CUST0174,EMP026,07-10-2025 03:39,15-10-2025 03:39,Order Confirmed,Paid,Noida,
ORD005289,CUST0325,EMP017,07-10-2025 06:10,29-10-2025 06:10,In Production,Paid,Mumbai,
ORD005290,CUST0109,EMP011,07-10-2025 06:53,29-10-2025 06:53,Delivered,Paid,Pune,27-10-2025 06:53
ORD005291,CUST0035,EMP034,07-10-2025 07:26,28-10-2025 07:26,Dispatched,Partially Paid,Ahmedabad,22-10-2025 07:26
ORD005292,CUST0161,EMP014,07-10-2025 12:51,31-10-2025 12:51,Dispatched,Pending,Kolkata,31-10-2025 12:51
ORD005293,CUST0340,EMP030,08-10-2025 04:23,28-10-2025 04:23,Quotation,Paid,Chennai,
ORD005294,CUST0332,EMP003,08-10-2025 09:39,31-10-2025 09:39,Dispatched,Paid,Hyderabad,27-10-2025 09:39
ORD005295,CUST0065,EMP030,08-10-2025 12:55,26-10-2025 12:55,Quotation,Paid,Bengaluru,
ORD005296,CUST0339,EMP030,08-10-2025 22:08,18-10-2025 22:08,In Production,Overdue,Gurugram,
ORD005297,CUST0098,EMP026,09-10-2025 02:52,17-10-2025 02:52,Delivered,Paid,Ludhiana,14-10-2025 02:52
ORD005298,CUST0371,EMP030,09-10-2025 04:10,06-11-2025 04:10,Order Confirmed,Paid,Noida,
ORD005299,CUST0284,EMP044,09-10-2025 08:53,26-10-2025 08:53,Cancelled,Pending,Gurugram,
ORD005300,CUST0064,EMP038,09-10-2025 12:25,23-10-2025 12:25,Delivered,Paid,Hyderabad,21-10-2025 12:25
ORD005301,CUST0176,EMP019,09-10-2025 20:57,23-10-2025 20:57,Order Confirmed,Paid,Pune,
ORD005302,CUST0410,EMP038,10-10-2025 07:20,18-10-2025 07:20,In Production,Paid,Ahmedabad,
ORD005303,CUST0217,EMP044,10-10-2025 09:07,08-11-2025 09:07,Order Confirmed,Pending,Gurugram,
ORD005304,CUST0345,EMP011,10-10-2025 19:10,18-10-2025 19:10,Quotation,Partially Paid,Faridabad,
ORD005305,CUST0375,EMP017,11-10-2025 00:25,23-10-2025 00:25,Cancelled,Paid,Surat,
ORD005306,CUST0016,EMP034,11-10-2025 06:03,28-10-2025 06:03,Delivered,Paid,Faridabad,25-10-2025 06:03
ORD005307,CUST0466,EMP026,11-10-2025 09:43,26-10-2025 09:43,Delivered,Paid,Noida,22-10-2025 09:43
ORD005308,CUST0168,EMP011,11-10-2025 12:40,18-10-2025 12:40,Delivered,Partially Paid,Bengaluru,18-10-2025 12:40
ORD005309,CUST0397,EMP019,11-10-2025 17:14,25-10-2025 17:14,Cancelled,Paid,Jaipur,
ORD005310,CUST0234,EMP017,11-10-2025 18:08,05-11-2025 18:08,Delivered,Paid,Bengaluru,01-11-2025 18:08
ORD005311,CUST0289,EMP034,11-10-2025 19:01,24-10-2025 19:01,Quotation,Paid,Mumbai,
ORD005312,CUST0181,EMP026,12-10-2025 00:19,08-11-2025 00:19,Order Confirmed,Overdue,Chennai,
ORD005313,CUST0427,EMP011,12-10-2025 05:47,27-10-2025 05:47,In Production,Paid,Surat,
ORD005314,CUST0059,EMP003,12-10-2025 12:08,19-10-2025 12:08,In Production,Paid,Gurugram,
ORD005315,CUST0449,EMP014,12-10-2025 14:26,21-10-2025 14:26,Dispatched,Paid,Ahmedabad,19-10-2025 14:26
ORD005316,CUST0104,EMP011,12-10-2025 23:35,07-11-2025 23:35,In Production,Partially Paid,Vadodara,
ORD005317,CUST0442,EMP038,13-10-2025 01:30,29-10-2025 01:30,Delivered,Pending,Bengaluru,24-10-2025 01:30
ORD005318,CUST0013,EMP014,13-10-2025 05:16,12-11-2025 05:16,Quotation,Overdue,Mumbai,
ORD005319,CUST0007,EMP030,13-10-2025 07:55,07-11-2025 07:55,Delivered,Paid,Gurugram,06-11-2025 07:55
ORD005320,CUST0047,EMP011,13-10-2025 09:02,20-10-2025 09:02,In Production,Paid,Ahmedabad,
ORD005321,CUST0274,EMP019,13-10-2025 11:15,27-10-2025 11:15,Quotation,Paid,Mumbai,
ORD005322,CUST0134,EMP044,14-10-2025 04:34,07-11-2025 04:34,Delivered,Pending,Ludhiana,05-11-2025 04:34
ORD005323,CUST0299,EMP030,14-10-2025 15:31,22-10-2025 15:31,Dispatched,Partially Paid,Jaipur,16-10-2025 15:31
ORD005324,CUST0410,EMP014,15-10-2025 00:46,14-11-2025 00:46,Delivered,Paid,Ahmedabad,13-11-2025 00:46
ORD005325,CUST0014,EMP034,15-10-2025 16:05,25-10-2025 16:05,Delivered,Paid,Jaipur,25-10-2025 16:05
ORD005326,CUST0264,EMP026,15-10-2025 19:46,10-11-2025 19:46,Quotation,Paid,Hyderabad,
ORD005327,CUST0370,EMP014,16-10-2025 06:59,12-11-2025 06:59,In Production,Partially Paid,Faridabad,
ORD005328,CUST0213,EMP044,16-10-2025 08:35,04-11-2025 08:35,Order Confirmed,Paid,Surat,
ORD005329,CUST0463,EMP044,16-10-2025 10:24,11-11-2025 10:24,Order Confirmed,Paid,Mumbai,
ORD005330,CUST0332,EMP026,16-10-2025 12:25,13-11-2025 12:25,Cancelled,Paid,Hyderabad,
ORD005331,CUST0018,EMP003,16-10-2025 15:00,09-11-2025 15:00,Delivered,Paid,Chennai,06-11-2025 15:00
ORD005332,CUST0271,EMP019,16-10-2025 16:56,08-11-2025 16:56,In Production,Paid,Faridabad,
ORD005333,CUST0192,EMP026,16-10-2025 21:05,01-11-2025 21:05,Delivered,Partially Paid,Kolkata,28-10-2025 21:05
ORD005334,CUST0066,EMP044,17-10-2025 00:07,31-10-2025 00:07,Cancelled,Partially Paid,Gurugram,
ORD005335,CUST0476,EMP034,17-10-2025 03:46,13-11-2025 03:46,Order Confirmed,Paid,Vadodara,
ORD005336,CUST0112,EMP014,17-10-2025 22:26,29-10-2025 22:26,Quotation,Paid,Faridabad,
ORD005337,CUST0042,EMP026,17-10-2025 23:30,02-11-2025 23:30,Delivered,Pending,Faridabad,30-10-2025 23:30
ORD005338,CUST0112,EMP011,18-10-2025 03:48,06-11-2025 03:48,Delivered,Pending,Faridabad,04-11-2025 03:48
ORD005339,CUST0412,EMP019,18-10-2025 09:37,03-11-2025 09:37,Order Confirmed,Paid,Chennai,
ORD005340,CUST0300,EMP026,18-10-2025 10:36,02-11-2025 10:36,Dispatched,Partially Paid,Ludhiana,02-11-2025 10:36
ORD005341,CUST0410,EMP026,18-10-2025 21:16,08-11-2025 21:16,Order Confirmed,Pending,Ahmedabad,
ORD005342,CUST0231,EMP019,18-10-2025 21:16,01-11-2025 21:16,Delivered,Partially Paid,Bengaluru,30-10-2025 21:16
ORD005343,CUST0059,EMP019,19-10-2025 00:21,18-11-2025 00:21,Delivered,Paid,Gurugram,18-11-2025 00:21
ORD005344,CUST0194,EMP034,19-10-2025 23:54,30-10-2025 23:54,In Production,Paid,Kolkata,
ORD005345,CUST0100,EMP026,20-10-2025 18:22,05-11-2025 18:22,Delivered,Paid,Pune,31-10-2025 18:22
ORD005346,CUST0279,EMP003,20-10-2025 20:31,16-11-2025 20:31,Dispatched,Pending,Hyderabad,15-11-2025 20:31
ORD005347,CUST0135,EMP034,21-10-2025 02:53,08-11-2025 02:53,Delivered,Partially Paid,Faridabad,04-11-2025 02:53
ORD005348,CUST0486,EMP030,21-10-2025 05:29,13-11-2025 05:29,Delivered,Overdue,Faridabad,12-11-2025 05:29
ORD005349,CUST0189,EMP030,21-10-2025 09:47,12-11-2025 09:47,Dispatched,Paid,Jaipur,08-11-2025 09:47
ORD005350,CUST0158,EMP034,21-10-2025 17:56,04-11-2025 17:56,In Production,Paid,Surat,
ORD005351,CUST0493,EMP011,22-10-2025 00:00,15-11-2025 00:00,Order Confirmed,Partially Paid,Ahmedabad,
ORD005352,CUST0261,EMP044,22-10-2025 02:27,03-11-2025 02:27,Delivered,Pending,Surat,03-11-2025 02:27
ORD005353,CUST0086,EMP044,22-10-2025 06:23,15-11-2025 06:23,Delivered,Pending,Pune,15-11-2025 06:23
ORD005354,CUST0241,EMP011,23-10-2025 05:09,02-11-2025 05:09,In Production,Paid,Noida,
ORD005355,CUST0128,EMP014,23-10-2025 10:37,15-11-2025 10:37,On Hold,Overdue,Mumbai,
ORD005356,CUST0359,EMP014,23-10-2025 16:31,01-11-2025 16:31,Delivered,Overdue,Surat,30-10-2025 16:31
ORD005357,CUST0287,EMP044,23-10-2025 17:30,19-11-2025 17:30,Order Confirmed,Overdue,Delhi,
ORD005358,CUST0366,EMP044,23-10-2025 21:24,14-11-2025 21:24,Order Confirmed,Paid,Pune,
ORD005359,CUST0471,EMP014,24-10-2025 07:47,31-10-2025 07:47,Delivered,Pending,Noida,30-10-2025 07:47
ORD005360,CUST0365,EMP030,24-10-2025 08:10,02-11-2025 08:10,Order Confirmed,Paid,Hyderabad,
ORD005361,CUST0171,EMP014,24-10-2025 10:55,04-11-2025 10:55,On Hold,Paid,Pune,
ORD005362,CUST0101,EMP003,24-10-2025 12:05,23-11-2025 12:05,Delivered,Paid,Noida,21-11-2025 12:05
ORD005363,CUST0265,EMP014,24-10-2025 13:46,14-11-2025 13:46,Quotation,Paid,Bengaluru,
ORD005364,CUST0225,EMP003,24-10-2025 15:16,06-11-2025 15:16,Dispatched,Overdue,Noida,05-11-2025 15:16
ORD005365,CUST0157,EMP038,24-10-2025 16:21,06-11-2025 16:21,Order Confirmed,Partially Paid,Noida,
ORD005366,CUST0406,EMP034,24-10-2025 21:17,31-10-2025 21:17,Dispatched,Paid,Faridabad,27-10-2025 21:17
ORD005367,CUST0455,EMP011,25-10-2025 00:19,05-11-2025 00:19,Order Confirmed,Pending,Gurugram,
ORD005368,CUST0191,EMP026,25-10-2025 00:45,21-11-2025 00:45,Delivered,Paid,Gurugram,18-11-2025 00:45
ORD005369,CUST0341,EMP014,25-10-2025 02:10,15-11-2025 02:10,Delivered,Paid,Mumbai,14-11-2025 02:10
ORD005370,CUST0493,EMP026,25-10-2025 10:03,09-11-2025 10:03,Cancelled,Partially Paid,Ahmedabad,
ORD005371,CUST0006,EMP038,25-10-2025 11:11,01-11-2025 11:11,Order Confirmed,Paid,Hyderabad,
ORD005372,CUST0183,EMP038,25-10-2025 12:13,09-11-2025 12:13,In Production,Partially Paid,Pune,
ORD005373,CUST0369,EMP038,25-10-2025 18:03,10-11-2025 18:03,Delivered,Pending,Jaipur,04-11-2025 18:03
ORD005374,CUST0249,EMP014,26-10-2025 02:45,04-11-2025 02:45,In Production,Paid,Jaipur,
ORD005375,CUST0396,EMP011,26-10-2025 09:17,16-11-2025 09:17,In Production,Paid,Vadodara,
ORD005376,CUST0238,EMP011,26-10-2025 11:36,17-11-2025 11:36,On Hold,Paid,Delhi,
ORD005377,CUST0033,EMP011,26-10-2025 15:36,25-11-2025 15:36,Delivered,Pending,Delhi,21-11-2025 15:36
ORD005378,CUST0217,EMP030,26-10-2025 16:28,10-11-2025 16:28,Delivered,Paid,Gurugram,08-11-2025 16:28
ORD005379,CUST0203,EMP030,26-10-2025 17:13,08-11-2025 17:13,In Production,Pending,Bengaluru,
ORD005380,CUST0423,EMP038,26-10-2025 22:56,21-11-2025 22:56,Delivered,Paid,Chennai,18-11-2025 22:56
ORD005381,CUST0074,EMP003,27-10-2025 09:03,11-11-2025 09:03,Dispatched,Paid,Jaipur,09-11-2025 09:03
ORD005382,CUST0078,EMP014,27-10-2025 21:41,18-11-2025 21:41,Dispatched,Paid,Noida,16-11-2025 21:41
ORD005383,CUST0071,EMP034,27-10-2025 23:31,20-11-2025 23:31,Order Confirmed,Paid,Surat,
ORD005384,CUST0284,EMP030,28-10-2025 02:47,25-11-2025 02:47,Delivered,Paid,Gurugram,25-11-2025 02:47
ORD005385,CUST0498,EMP019,28-10-2025 11:23,11-11-2025 11:23,In Production,Paid,Noida,
ORD005386,CUST0310,EMP011,28-10-2025 12:38,18-11-2025 12:38,Delivered,Partially Paid,Hyderabad,13-11-2025 12:38
ORD005387,CUST0409,EMP019,28-10-2025 15:37,07-11-2025 15:37,Delivered,Partially Paid,Kolkata,05-11-2025 15:37
ORD005388,CUST0426,EMP011,28-10-2025 18:37,22-11-2025 18:37,Delivered,Paid,Ahmedabad,18-11-2025 18:37
ORD005389,CUST0301,EMP026,28-10-2025 21:30,05-11-2025 21:30,Order Confirmed,Paid,Hyderabad,
ORD005390,CUST0305,EMP044,28-10-2025 23:38,20-11-2025 23:38,Delivered,Paid,Noida,20-11-2025 23:38
ORD005391,CUST0122,EMP011,29-10-2025 08:05,10-11-2025 08:05,Dispatched,Pending,Chennai,10-11-2025 08:05
ORD005392,CUST0481,EMP011,29-10-2025 13:13,16-11-2025 13:13,In Production,Overdue,Mumbai,
ORD005393,CUST0394,EMP034,29-10-2025 14:38,06-11-2025 14:38,Quotation,Partially Paid,Kolkata,
ORD005394,CUST0437,EMP003,29-10-2025 15:27,21-11-2025 15:27,Delivered,Paid,Surat,19-11-2025 15:27
ORD005395,CUST0492,EMP044,30-10-2025 00:54,17-11-2025 00:54,Delivered,Pending,Gurugram,17-11-2025 00:54
ORD005396,CUST0175,EMP034,30-10-2025 05:08,21-11-2025 05:08,Cancelled,Pending,Faridabad,
ORD005397,CUST0072,EMP019,30-10-2025 07:51,14-11-2025 07:51,In Production,Paid,Kolkata,
ORD005398,CUST0430,EMP017,30-10-2025 10:11,06-11-2025 10:11,In Production,Paid,Jaipur,
ORD005399,CUST0237,EMP017,30-10-2025 14:15,19-11-2025 14:15,Order Confirmed,Paid,Bengaluru,
ORD005400,CUST0480,EMP017,31-10-2025 05:15,23-11-2025 05:15,On Hold,Partially Paid,Jaipur,
ORD005401,CUST0348,EMP038,31-10-2025 16:59,22-11-2025 16:59,Delivered,Paid,Gurugram,16-11-2025 16:59
ORD005402,CUST0129,EMP034,31-10-2025 22:31,13-11-2025 22:31,Cancelled,Paid,Delhi,
ORD005403,CUST0178,EMP014,01-11-2025 01:24,25-11-2025 01:24,Dispatched,Paid,Bengaluru,25-11-2025 01:24
ORD005404,CUST0306,EMP011,01-11-2025 04:53,21-11-2025 04:53,Order Confirmed,Paid,Bengaluru,
ORD005405,CUST0198,EMP026,01-11-2025 12:57,13-11-2025 12:57,Delivered,Partially Paid,Gurugram,10-11-2025 12:57
ORD005406,CUST0141,EMP030,01-11-2025 16:53,10-11-2025 16:53,In Production,Paid,Ahmedabad,
ORD005407,CUST0105,EMP034,01-11-2025 17:49,15-11-2025 17:49,In Production,Paid,Ludhiana,
ORD005408,CUST0325,EMP017,01-11-2025 18:06,08-11-2025 18:06,Order Confirmed,Paid,Mumbai,
ORD005409,CUST0018,EMP019,01-11-2025 22:55,25-11-2025 22:55,Quotation,Overdue,Chennai,
ORD005410,CUST0047,EMP011,01-11-2025 23:54,08-11-2025 23:54,In Production,Paid,Ahmedabad,
ORD005411,CUST0022,EMP019,02-11-2025 01:04,10-11-2025 01:04,Cancelled,Paid,Ludhiana,
ORD005412,CUST0368,EMP030,02-11-2025 11:49,12-11-2025 11:49,Delivered,Paid,Pune,10-11-2025 11:49
ORD005413,CUST0015,EMP017,02-11-2025 14:25,16-11-2025 14:25,Delivered,Paid,Hyderabad,15-11-2025 14:25
ORD005414,CUST0210,EMP017,02-11-2025 19:25,09-11-2025 19:25,Order Confirmed,Pending,Hyderabad,
ORD005415,CUST0061,EMP019,02-11-2025 20:14,24-11-2025 20:14,Delivered,Overdue,Mumbai,24-11-2025 20:14
ORD005416,CUST0294,EMP038,03-11-2025 00:21,13-11-2025 00:21,In Production,Paid,Ahmedabad,
ORD005417,CUST0018,EMP030,03-11-2025 06:50,29-11-2025 06:50,Quotation,Paid,Chennai,
ORD005418,CUST0013,EMP044,03-11-2025 17:05,23-11-2025 17:05,In Production,Paid,Mumbai,
ORD005419,CUST0206,EMP003,03-11-2025 21:30,12-11-2025 21:30,Order Confirmed,Paid,Kolkata,
ORD005420,CUST0348,EMP038,04-11-2025 03:52,20-11-2025 03:52,Delivered,Paid,Gurugram,18-11-2025 03:52
ORD005421,CUST0055,EMP003,04-11-2025 07:08,14-11-2025 07:08,Delivered,Paid,Gurugram,14-11-2025 07:08
ORD005422,CUST0248,EMP017,04-11-2025 11:05,04-12-2025 11:05,In Production,Paid,Pune,
ORD005423,CUST0406,EMP019,04-11-2025 15:39,25-11-2025 15:39,Delivered,Partially Paid,Faridabad,22-11-2025 15:39
ORD005424,CUST0313,EMP014,05-11-2025 02:34,01-12-2025 02:34,In Production,Overdue,Pune,
ORD005425,CUST0376,EMP044,05-11-2025 04:50,20-11-2025 04:50,Order Confirmed,Paid,Hyderabad,
ORD005426,CUST0158,EMP038,05-11-2025 12:30,15-11-2025 12:30,Delivered,Pending,Surat,14-11-2025 12:30
ORD005427,CUST0472,EMP026,05-11-2025 14:18,17-11-2025 14:18,Delivered,Pending,Mumbai,17-11-2025 14:18
ORD005428,CUST0073,EMP019,05-11-2025 16:45,22-11-2025 16:45,Delivered,Paid,Noida,22-11-2025 16:45
ORD005429,CUST0303,EMP034,05-11-2025 22:48,30-11-2025 22:48,Order Confirmed,Overdue,Chennai,
ORD005430,CUST0218,EMP034,06-11-2025 01:20,23-11-2025 01:20,Dispatched,Partially Paid,Bengaluru,17-11-2025 01:20
ORD005431,CUST0016,EMP019,06-11-2025 04:00,05-12-2025 04:00,Quotation,Paid,Faridabad,
ORD005432,CUST0472,EMP038,06-11-2025 04:27,21-11-2025 04:27,Order Confirmed,Partially Paid,Mumbai,
ORD005433,CUST0352,EMP011,06-11-2025 05:20,18-11-2025 05:20,Order Confirmed,Paid,Ludhiana,
ORD005434,CUST0114,EMP014,06-11-2025 05:52,24-11-2025 05:52,Quotation,Paid,Noida,
ORD005435,CUST0027,EMP003,06-11-2025 19:32,15-11-2025 19:32,In Production,Paid,Bengaluru,
ORD005436,CUST0338,EMP011,07-11-2025 01:36,30-11-2025 01:36,In Production,Partially Paid,Gurugram,
ORD005437,CUST0273,EMP011,07-11-2025 06:24,16-11-2025 06:24,Delivered,Pending,Vadodara,15-11-2025 06:24
ORD005438,CUST0025,EMP030,07-11-2025 07:54,29-11-2025 07:54,In Production,Paid,Kolkata,
ORD005439,CUST0494,EMP038,07-11-2025 09:41,23-11-2025 09:41,Order Confirmed,Paid,Chennai,
ORD005440,CUST0360,EMP026,07-11-2025 14:45,22-11-2025 14:45,Cancelled,Paid,Pune,
ORD005441,CUST0232,EMP019,07-11-2025 16:03,28-11-2025 16:03,Delivered,Overdue,Gurugram,24-11-2025 16:03
ORD005442,CUST0120,EMP014,07-11-2025 18:38,30-11-2025 18:38,Order Confirmed,Paid,Delhi,
ORD005443,CUST0136,EMP011,08-11-2025 01:32,07-12-2025 01:32,In Production,Pending,Pune,
ORD005444,CUST0226,EMP026,08-11-2025 03:52,21-11-2025 03:52,Order Confirmed,Paid,Mumbai,
ORD005445,CUST0029,EMP011,08-11-2025 05:40,04-12-2025 05:40,Cancelled,Paid,Surat,
ORD005446,CUST0184,EMP034,08-11-2025 14:51,05-12-2025 14:51,In Production,Paid,Pune,
ORD005447,CUST0109,EMP019,08-11-2025 18:54,08-12-2025 18:54,Order Confirmed,Paid,Pune,
ORD005448,CUST0057,EMP017,09-11-2025 05:54,09-12-2025 05:54,Delivered,Paid,Ludhiana,07-12-2025 05:54
ORD005449,CUST0063,EMP003,09-11-2025 08:59,04-12-2025 08:59,Delivered,Pending,Faridabad,01-12-2025 08:59
ORD005450,CUST0173,EMP014,09-11-2025 18:41,23-11-2025 18:41,Order Confirmed,Paid,Ahmedabad,
ORD005451,CUST0192,EMP003,09-11-2025 18:56,02-12-2025 18:56,In Production,Paid,Kolkata,
ORD005452,CUST0176,EMP034,10-11-2025 16:39,05-12-2025 16:39,Dispatched,Partially Paid,Pune,30-11-2025 16:39
ORD005453,CUST0345,EMP019,10-11-2025 23:20,23-11-2025 23:20,In Production,Paid,Faridabad,
ORD005454,CUST0262,EMP034,11-11-2025 01:46,07-12-2025 01:46,In Production,Partially Paid,Ludhiana,
ORD005455,CUST0097,EMP026,11-11-2025 12:08,04-12-2025 12:08,Delivered,Pending,Ahmedabad,29-11-2025 12:08
ORD005456,CUST0487,EMP044,11-11-2025 13:13,29-11-2025 13:13,Delivered,Overdue,Delhi,26-11-2025 13:13
ORD005457,CUST0366,EMP034,11-11-2025 17:58,08-12-2025 17:58,Delivered,Paid,Pune,07-12-2025 17:58
ORD005458,CUST0236,EMP011,11-11-2025 23:49,20-11-2025 23:49,Delivered,Paid,Delhi,15-11-2025 23:49
ORD005459,CUST0025,EMP011,12-11-2025 02:01,05-12-2025 02:01,Dispatched,Paid,Kolkata,05-12-2025 02:01
ORD005460,CUST0458,EMP038,12-11-2025 03:34,07-12-2025 03:34,In Production,Paid,Noida,
ORD005461,CUST0373,EMP014,12-11-2025 07:57,19-11-2025 07:57,Delivered,Paid,Kolkata,16-11-2025 07:57
ORD005462,CUST0231,EMP034,12-11-2025 09:37,28-11-2025 09:37,Order Confirmed,Paid,Bengaluru,
ORD005463,CUST0081,EMP030,12-11-2025 14:13,01-12-2025 14:13,Order Confirmed,Paid,Delhi,
ORD005464,CUST0054,EMP034,12-11-2025 14:28,23-11-2025 14:28,Order Confirmed,Overdue,Chennai,
ORD005465,CUST0145,EMP014,12-11-2025 18:13,10-12-2025 18:13,Delivered,Overdue,Kolkata,06-12-2025 18:13
ORD005466,CUST0116,EMP017,12-11-2025 20:21,04-12-2025 20:21,Delivered,Paid,Vadodara,28-11-2025 20:21
ORD005467,CUST0105,EMP026,12-11-2025 21:40,25-11-2025 21:40,Dispatched,Overdue,Ludhiana,24-11-2025 21:40
ORD005468,CUST0204,EMP003,13-11-2025 06:34,30-11-2025 06:34,Dispatched,Pending,Hyderabad,28-11-2025 06:34
ORD005469,CUST0024,EMP017,13-11-2025 07:07,22-11-2025 07:07,Delivered,Paid,Chennai,22-11-2025 07:07
ORD005470,CUST0163,EMP026,13-11-2025 12:24,22-11-2025 12:24,Order Confirmed,Pending,Delhi,
ORD005471,CUST0436,EMP014,13-11-2025 13:53,07-12-2025 13:53,In Production,Overdue,Delhi,
ORD005472,CUST0433,EMP014,13-11-2025 15:53,13-12-2025 15:53,Delivered,Partially Paid,Noida,12-12-2025 15:53
ORD005473,CUST0005,EMP044,13-11-2025 19:33,26-11-2025 19:33,Delivered,Pending,Surat,20-11-2025 19:33
ORD005474,CUST0340,EMP014,14-11-2025 01:30,26-11-2025 01:30,Dispatched,Paid,Chennai,26-11-2025 01:30
ORD005475,CUST0496,EMP044,14-11-2025 06:55,07-12-2025 06:55,Order Confirmed,Paid,Delhi,
ORD005476,CUST0290,EMP044,14-11-2025 08:58,03-12-2025 08:58,Cancelled,Partially Paid,Ahmedabad,
ORD005477,CUST0196,EMP030,14-11-2025 10:11,24-11-2025 10:11,In Production,Paid,Delhi,
ORD005478,CUST0246,EMP011,14-11-2025 12:52,07-12-2025 12:52,Delivered,Paid,Gurugram,02-12-2025 12:52
ORD005479,CUST0107,EMP014,14-11-2025 15:07,26-11-2025 15:07,Delivered,Partially Paid,Chennai,20-11-2025 15:07
ORD005480,CUST0199,EMP044,14-11-2025 19:37,23-11-2025 19:37,Delivered,Pending,Ludhiana,23-11-2025 19:37
ORD005481,CUST0469,EMP003,15-11-2025 06:53,03-12-2025 06:53,Quotation,Pending,Ludhiana,
ORD005482,CUST0307,EMP026,15-11-2025 16:19,09-12-2025 16:19,Dispatched,Paid,Mumbai,07-12-2025 16:19
ORD005483,CUST0216,EMP026,16-11-2025 07:04,05-12-2025 07:04,Order Confirmed,Paid,Hyderabad,
ORD005484,CUST0063,EMP038,16-11-2025 09:49,08-12-2025 09:49,In Production,Paid,Faridabad,
ORD005485,CUST0454,EMP038,16-11-2025 13:54,28-11-2025 13:54,In Production,Partially Paid,Gurugram,
ORD005486,CUST0082,EMP014,16-11-2025 17:43,04-12-2025 17:43,In Production,Paid,Ahmedabad,
ORD005487,CUST0361,EMP026,16-11-2025 17:51,10-12-2025 17:51,Dispatched,Overdue,Vadodara,04-12-2025 17:51
ORD005488,CUST0152,EMP030,17-11-2025 00:58,06-12-2025 00:58,Delivered,Paid,Mumbai,01-12-2025 00:58
ORD005489,CUST0140,EMP044,17-11-2025 02:16,29-11-2025 02:16,In Production,Paid,Surat,
ORD005490,CUST0086,EMP026,17-11-2025 09:43,16-12-2025 09:43,In Production,Partially Paid,Pune,
ORD005491,CUST0188,EMP011,17-11-2025 14:55,25-11-2025 14:55,In Production,Paid,Kolkata,
ORD005492,CUST0339,EMP044,17-11-2025 19:32,15-12-2025 19:32,Delivered,Paid,Gurugram,15-12-2025 19:32
ORD005493,CUST0209,EMP026,17-11-2025 20:53,11-12-2025 20:53,Quotation,Paid,Ahmedabad,
ORD005494,CUST0013,EMP011,18-11-2025 12:58,27-11-2025 12:58,Delivered,Paid,Mumbai,21-11-2025 12:58
ORD005495,CUST0133,EMP011,18-11-2025 14:30,01-12-2025 14:30,In Production,Pending,Ahmedabad,
ORD005496,CUST0081,EMP014,19-11-2025 01:18,04-12-2025 01:18,Delivered,Paid,Delhi,29-11-2025 01:18
ORD005497,CUST0201,EMP034,19-11-2025 03:26,18-12-2025 03:26,Delivered,Partially Paid,Delhi,16-12-2025 03:26
ORD005498,CUST0452,EMP044,19-11-2025 04:45,08-12-2025 04:45,Dispatched,Paid,Vadodara,06-12-2025 04:45
ORD005499,CUST0482,EMP019,19-11-2025 05:50,02-12-2025 05:50,Delivered,Paid,Jaipur,30-11-2025 05:50
ORD005500,CUST0499,EMP003,19-11-2025 12:08,18-12-2025 12:08,Cancelled,Partially Paid,Faridabad,
ORD005501,CUST0057,EMP038,20-11-2025 13:33,29-11-2025 13:33,Quotation,Pending,Ludhiana,
ORD005502,CUST0244,EMP030,20-11-2025 19:37,16-12-2025 19:37,In Production,Overdue,Hyderabad,
ORD005503,CUST0023,EMP026,20-11-2025 21:24,16-12-2025 21:24,Cancelled,Partially Paid,Ludhiana,
ORD005504,CUST0248,EMP003,21-11-2025 02:20,07-12-2025 02:20,Delivered,Paid,Pune,04-12-2025 02:20
ORD005505,CUST0289,EMP044,21-11-2025 11:36,29-11-2025 11:36,Delivered,Paid,Mumbai,24-11-2025 11:36
ORD005506,CUST0387,EMP003,22-11-2025 02:03,20-12-2025 02:03,Order Confirmed,Paid,Pune,
ORD005507,CUST0169,EMP030,22-11-2025 02:15,22-12-2025 02:15,In Production,Overdue,Vadodara,
ORD005508,CUST0019,EMP026,22-11-2025 04:16,08-12-2025 04:16,Delivered,Paid,Vadodara,04-12-2025 04:16
ORD005509,CUST0228,EMP026,22-11-2025 09:31,03-12-2025 09:31,Delivered,Paid,Ludhiana,27-11-2025 09:31
ORD005510,CUST0214,EMP026,22-11-2025 10:45,05-12-2025 10:45,In Production,Paid,Bengaluru,
ORD005511,CUST0313,EMP017,22-11-2025 13:41,02-12-2025 13:41,Order Confirmed,Paid,Pune,
ORD005512,CUST0050,EMP026,22-11-2025 22:24,13-12-2025 22:24,Delivered,Partially Paid,Vadodara,13-12-2025 22:24
ORD005513,CUST0307,EMP017,23-11-2025 01:23,12-12-2025 01:23,Delivered,Paid,Mumbai,06-12-2025 01:23
ORD005514,CUST0201,EMP019,23-11-2025 04:43,08-12-2025 04:43,On Hold,Overdue,Delhi,
ORD005515,CUST0370,EMP030,23-11-2025 07:40,15-12-2025 07:40,In Production,Paid,Faridabad,
ORD005516,CUST0492,EMP034,23-11-2025 09:27,14-12-2025 09:27,In Production,Pending,Gurugram,
ORD005517,CUST0114,EMP011,23-11-2025 13:34,30-11-2025 13:34,In Production,Paid,Noida,
ORD005518,CUST0377,EMP044,24-11-2025 02:45,10-12-2025 02:45,Dispatched,Paid,Delhi,04-12-2025 02:45
ORD005519,CUST0064,EMP003,24-11-2025 02:46,21-12-2025 02:46,In Production,Paid,Hyderabad,
ORD005520,CUST0493,EMP014,24-11-2025 16:03,20-12-2025 16:03,Quotation,Paid,Ahmedabad,
ORD005521,CUST0241,EMP017,24-11-2025 19:31,21-12-2025 19:31,In Production,Overdue,Noida,
ORD005522,CUST0374,EMP017,25-11-2025 09:57,24-12-2025 09:57,Order Confirmed,Pending,Bengaluru,
ORD005523,CUST0389,EMP017,25-11-2025 12:49,03-12-2025 12:49,Delivered,Paid,Hyderabad,01-12-2025 12:49
ORD005524,CUST0305,EMP017,25-11-2025 14:17,08-12-2025 14:17,Order Confirmed,Paid,Noida,
ORD005525,CUST0193,EMP019,25-11-2025 14:44,13-12-2025 14:44,Dispatched,Paid,Jaipur,12-12-2025 14:44
ORD005526,CUST0378,EMP034,25-11-2025 20:17,14-12-2025 20:17,Delivered,Paid,Jaipur,13-12-2025 20:17
ORD005527,CUST0239,EMP038,25-11-2025 21:41,20-12-2025 21:41,Order Confirmed,Paid,Ahmedabad,
ORD005528,CUST0330,EMP017,26-11-2025 07:03,20-12-2025 07:03,Delivered,Paid,Ahmedabad,14-12-2025 07:03
ORD005529,CUST0307,EMP014,26-11-2025 15:16,19-12-2025 15:16,Delivered,Paid,Mumbai,19-12-2025 15:16
ORD005530,CUST0233,EMP030,27-11-2025 06:36,07-12-2025 06:36,Delivered,Pending,Pune,07-12-2025 06:36
ORD005531,CUST0059,EMP003,27-11-2025 07:43,20-12-2025 07:43,Dispatched,Paid,Gurugram,20-12-2025 07:43
ORD005532,CUST0147,EMP019,27-11-2025 10:27,23-12-2025 10:27,Delivered,Partially Paid,Bengaluru,22-12-2025 10:27
ORD005533,CUST0469,EMP014,27-11-2025 10:37,22-12-2025 10:37,Cancelled,Overdue,Ludhiana,
ORD005534,CUST0261,EMP030,27-11-2025 11:51,17-12-2025 11:51,Delivered,Paid,Surat,12-12-2025 11:51
ORD005535,CUST0319,EMP003,27-11-2025 15:16,06-12-2025 15:16,In Production,Paid,Hyderabad,
ORD005536,CUST0130,EMP038,27-11-2025 19:26,07-12-2025 19:26,Delivered,Paid,Noida,07-12-2025 19:26
ORD005537,CUST0353,EMP014,27-11-2025 20:53,21-12-2025 20:53,Dispatched,Partially Paid,Hyderabad,15-12-2025 20:53
ORD005538,CUST0244,EMP026,28-11-2025 04:32,25-12-2025 04:32,In Production,Paid,Hyderabad,
ORD005539,CUST0110,EMP026,28-11-2025 09:19,24-12-2025 09:19,Dispatched,Paid,Mumbai,22-12-2025 09:19
ORD005540,CUST0074,EMP019,28-11-2025 16:41,15-12-2025 16:41,Delivered,Paid,Jaipur,12-12-2025 16:41
ORD005541,CUST0198,EMP019,28-11-2025 17:31,19-12-2025 17:31,In Production,Partially Paid,Gurugram,
ORD005542,CUST0283,EMP014,28-11-2025 22:19,09-12-2025 22:19,Delivered,Partially Paid,Mumbai,05-12-2025 22:19
ORD005543,CUST0141,EMP034,29-11-2025 08:59,20-12-2025 08:59,On Hold,Paid,Ahmedabad,
ORD005544,CUST0123,EMP026,29-11-2025 11:19,10-12-2025 11:19,In Production,Pending,Faridabad,
ORD005545,CUST0135,EMP014,29-11-2025 12:19,25-12-2025 12:19,Order Confirmed,Paid,Faridabad,
ORD005546,CUST0147,EMP014,29-11-2025 13:04,24-12-2025 13:04,Cancelled,Paid,Bengaluru,
ORD005547,CUST0370,EMP019,29-11-2025 17:55,07-12-2025 17:55,Order Confirmed,Paid,Faridabad,
ORD005548,CUST0250,EMP038,29-11-2025 22:47,28-12-2025 22:47,Delivered,Partially Paid,Hyderabad,23-12-2025 22:47
ORD005549,CUST0235,EMP044,30-11-2025 01:20,26-12-2025 01:20,Quotation,Partially Paid,Ahmedabad,
ORD005550,CUST0082,EMP017,30-11-2025 03:08,16-12-2025 03:08,Order Confirmed,Paid,Ahmedabad,
ORD005551,CUST0273,EMP017,30-11-2025 16:36,17-12-2025 16:36,In Production,Paid,Vadodara,
ORD005552,CUST0482,EMP011,30-11-2025 17:39,08-12-2025 17:39,In Production,Paid,Jaipur,
ORD005553,CUST0373,EMP026,30-11-2025 20:26,29-12-2025 20:26,Cancelled,Paid,Kolkata,
ORD005554,CUST0224,EMP014,01-12-2025 03:12,10-12-2025 03:12,Order Confirmed,Paid,Faridabad,
ORD005555,CUST0154,EMP038,01-12-2025 05:08,30-12-2025 05:08,Order Confirmed,Paid,Jaipur,
ORD005556,CUST0177,EMP026,01-12-2025 08:03,23-12-2025 08:03,Delivered,Paid,Faridabad,19-12-2025 08:03
ORD005557,CUST0014,EMP014,01-12-2025 08:14,30-12-2025 08:14,Cancelled,Paid,Jaipur,
ORD005558,CUST0015,EMP044,01-12-2025 12:15,16-12-2025 12:15,In Production,Paid,Hyderabad,
ORD005559,CUST0389,EMP038,01-12-2025 12:51,29-12-2025 12:51,Delivered,Paid,Hyderabad,29-12-2025 12:51
ORD005560,CUST0422,EMP017,01-12-2025 14:54,18-12-2025 14:54,Quotation,Paid,Surat,
ORD005561,CUST0485,EMP011,01-12-2025 16:04,16-12-2025 16:04,Delivered,Paid,Chennai,11-12-2025 16:04
ORD005562,CUST0313,EMP014,01-12-2025 21:48,16-12-2025 21:48,Delivered,Partially Paid,Pune,16-12-2025 21:48
ORD005563,CUST0465,EMP017,02-12-2025 02:41,31-12-2025 02:41,Delivered,Paid,Vadodara,28-12-2025 02:41
ORD005564,CUST0209,EMP019,02-12-2025 04:30,20-12-2025 04:30,Delivered,Paid,Ahmedabad,14-12-2025 04:30
ORD005565,CUST0128,EMP038,02-12-2025 09:02,20-12-2025 09:02,Cancelled,Paid,Mumbai,
ORD005566,CUST0123,EMP044,02-12-2025 11:33,24-12-2025 11:33,In Production,Paid,Faridabad,
ORD005567,CUST0119,EMP034,02-12-2025 14:10,22-12-2025 14:10,Delivered,Pending,Hyderabad,19-12-2025 14:10
ORD005568,CUST0373,EMP038,03-12-2025 02:01,22-12-2025 02:01,Delivered,Paid,Kolkata,20-12-2025 02:01
ORD005569,CUST0005,EMP011,03-12-2025 07:17,19-12-2025 07:17,In Production,Paid,Surat,
ORD005570,CUST0473,EMP011,03-12-2025 11:07,13-12-2025 11:07,Cancelled,Paid,Ludhiana,
ORD005571,CUST0388,EMP044,03-12-2025 19:15,02-01-2026 19:15,Delivered,Paid,Chennai,31-12-2025 19:15
ORD005572,CUST0191,EMP030,03-12-2025 20:02,21-12-2025 20:02,Delivered,Pending,Gurugram,16-12-2025 20:02
ORD005573,CUST0351,EMP014,04-12-2025 01:06,03-01-2026 01:06,In Production,Overdue,Faridabad,
ORD005574,CUST0068,EMP034,04-12-2025 04:12,22-12-2025 04:12,Delivered,Paid,Hyderabad,18-12-2025 04:12
ORD005575,CUST0216,EMP011,04-12-2025 05:28,25-12-2025 05:28,In Production,Paid,Hyderabad,
ORD005576,CUST0055,EMP034,04-12-2025 05:37,24-12-2025 05:37,On Hold,Paid,Gurugram,
ORD005577,CUST0057,EMP038,04-12-2025 05:48,03-01-2026 05:48,Quotation,Paid,Ludhiana,
ORD005578,CUST0004,EMP019,05-12-2025 04:26,14-12-2025 04:26,Delivered,Paid,Ahmedabad,09-12-2025 04:26
ORD005579,CUST0398,EMP030,05-12-2025 04:27,24-12-2025 04:27,Order Confirmed,Paid,Jaipur,
ORD005580,CUST0372,EMP034,05-12-2025 12:15,15-12-2025 12:15,Delivered,Paid,Pune,09-12-2025 12:15
ORD005581,CUST0447,EMP038,05-12-2025 12:33,01-01-2026 12:33,In Production,Paid,Jaipur,
ORD005582,CUST0491,EMP026,05-12-2025 15:43,24-12-2025 15:43,Delivered,Paid,Faridabad,20-12-2025 15:43
ORD005583,CUST0483,EMP014,06-12-2025 06:00,04-01-2026 06:00,Delivered,Paid,Pune,02-01-2026 06:00
ORD005584,CUST0497,EMP014,06-12-2025 08:57,19-12-2025 08:57,In Production,Pending,Vadodara,
ORD005585,CUST0008,EMP017,06-12-2025 11:29,16-12-2025 11:29,Delivered,Paid,Noida,12-12-2025 11:29
ORD005586,CUST0393,EMP003,06-12-2025 16:24,28-12-2025 16:24,Delivered,Pending,Faridabad,26-12-2025 16:24
ORD005587,CUST0362,EMP030,06-12-2025 19:00,16-12-2025 19:00,Dispatched,Paid,Chennai,15-12-2025 19:00
ORD005588,CUST0082,EMP017,06-12-2025 21:31,21-12-2025 21:31,In Production,Paid,Ahmedabad,
ORD005589,CUST0069,EMP034,06-12-2025 23:08,20-12-2025 23:08,Order Confirmed,Partially Paid,Faridabad,
ORD005590,CUST0489,EMP003,07-12-2025 01:28,19-12-2025 01:28,Quotation,Paid,Hyderabad,
ORD005591,CUST0442,EMP017,07-12-2025 05:58,17-12-2025 05:58,Dispatched,Pending,Bengaluru,15-12-2025 05:58
ORD005592,CUST0164,EMP017,07-12-2025 22:11,29-12-2025 22:11,Delivered,Overdue,Hyderabad,26-12-2025 22:11
ORD005593,CUST0038,EMP003,08-12-2025 06:33,02-01-2026 06:33,Dispatched,Paid,Ludhiana,01-01-2026 06:33
ORD005594,CUST0167,EMP038,08-12-2025 17:27,24-12-2025 17:27,Cancelled,Paid,Chennai,
ORD005595,CUST0003,EMP026,08-12-2025 21:07,21-12-2025 21:07,Quotation,Paid,Gurugram,
ORD005596,CUST0344,EMP038,09-12-2025 05:13,19-12-2025 05:13,Delivered,Pending,Ahmedabad,17-12-2025 05:13
ORD005597,CUST0191,EMP038,09-12-2025 08:50,01-01-2026 08:50,Delivered,Paid,Gurugram,29-12-2025 08:50
ORD005598,CUST0025,EMP003,09-12-2025 12:37,04-01-2026 12:37,Delivered,Partially Paid,Kolkata,04-01-2026 12:37
ORD005599,CUST0490,EMP038,10-12-2025 01:48,30-12-2025 01:48,Dispatched,Paid,Mumbai,30-12-2025 01:48
ORD005600,CUST0413,EMP003,10-12-2025 11:15,27-12-2025 11:15,Order Confirmed,Paid,Ludhiana,
ORD005601,CUST0453,EMP038,10-12-2025 11:59,01-01-2026 11:59,Delivered,Paid,Bengaluru,27-12-2025 11:59
ORD005602,CUST0499,EMP030,10-12-2025 15:48,07-01-2026 15:48,Delivered,Pending,Faridabad,02-01-2026 15:48
ORD005603,CUST0008,EMP038,10-12-2025 22:20,09-01-2026 22:20,Delivered,Partially Paid,Noida,07-01-2026 22:20
ORD005604,CUST0388,EMP019,11-12-2025 01:50,22-12-2025 01:50,Order Confirmed,Paid,Chennai,
ORD005605,CUST0394,EMP011,11-12-2025 13:42,29-12-2025 13:42,Delivered,Paid,Kolkata,29-12-2025 13:42
ORD005606,CUST0391,EMP011,12-12-2025 05:47,09-01-2026 05:47,Dispatched,Paid,Ludhiana,06-01-2026 05:47
ORD005607,CUST0133,EMP011,12-12-2025 07:43,03-01-2026 07:43,Delivered,Paid,Ahmedabad,02-01-2026 07:43
ORD005608,CUST0196,EMP038,12-12-2025 16:36,07-01-2026 16:36,Delivered,Pending,Delhi,01-01-2026 16:36
ORD005609,CUST0465,EMP026,12-12-2025 20:02,11-01-2026 20:02,Order Confirmed,Paid,Vadodara,
ORD005610,CUST0033,EMP014,12-12-2025 20:19,21-12-2025 20:19,Order Confirmed,Overdue,Delhi,
ORD005611,CUST0321,EMP011,12-12-2025 20:33,02-01-2026 20:33,Quotation,Paid,Noida,
ORD005612,CUST0397,EMP003,13-12-2025 04:15,01-01-2026 04:15,Order Confirmed,Pending,Jaipur,
ORD005613,CUST0400,EMP014,13-12-2025 06:30,26-12-2025 06:30,Order Confirmed,Pending,Mumbai,
ORD005614,CUST0299,EMP034,13-12-2025 15:46,04-01-2026 15:46,Quotation,Partially Paid,Jaipur,
ORD005615,CUST0384,EMP038,14-12-2025 14:07,23-12-2025 14:07,In Production,Overdue,Jaipur,
ORD005616,CUST0455,EMP030,14-12-2025 22:00,01-01-2026 22:00,Delivered,Paid,Gurugram,01-01-2026 22:00
ORD005617,CUST0383,EMP044,15-12-2025 01:10,31-12-2025 01:10,Delivered,Partially Paid,Surat,28-12-2025 01:10
ORD005618,CUST0058,EMP017,15-12-2025 02:07,31-12-2025 02:07,In Production,Paid,Vadodara,
ORD005619,CUST0123,EMP017,15-12-2025 04:35,05-01-2026 04:35,Order Confirmed,Paid,Faridabad,
ORD005620,CUST0153,EMP030,15-12-2025 07:21,13-01-2026 07:21,Delivered,Paid,Surat,11-01-2026 07:21
ORD005621,CUST0172,EMP011,15-12-2025 20:57,13-01-2026 20:57,In Production,Pending,Delhi,
ORD005622,CUST0181,EMP044,16-12-2025 03:30,08-01-2026 03:30,Order Confirmed,Overdue,Chennai,
ORD005623,CUST0110,EMP034,16-12-2025 03:40,30-12-2025 03:40,Dispatched,Paid,Mumbai,27-12-2025 03:40
ORD005624,CUST0342,EMP003,16-12-2025 04:59,15-01-2026 04:59,On Hold,Pending,Delhi,
ORD005625,CUST0056,EMP011,16-12-2025 06:18,15-01-2026 06:18,In Production,Pending,Gurugram,
ORD005626,CUST0394,EMP030,16-12-2025 07:37,12-01-2026 07:37,Cancelled,Pending,Kolkata,
ORD005627,CUST0330,EMP034,16-12-2025 14:43,12-01-2026 14:43,Order Confirmed,Paid,Ahmedabad,
ORD005628,CUST0481,EMP014,16-12-2025 20:48,11-01-2026 20:48,Order Confirmed,Paid,Mumbai,
ORD005629,CUST0004,EMP034,16-12-2025 21:39,10-01-2026 21:39,Order Confirmed,Paid,Ahmedabad,
ORD005630,CUST0148,EMP019,17-12-2025 01:12,10-01-2026 01:12,Delivered,Pending,Vadodara,05-01-2026 01:12
ORD005631,CUST0450,EMP030,17-12-2025 14:09,08-01-2026 14:09,Delivered,Paid,Faridabad,07-01-2026 14:09
ORD005632,CUST0247,EMP019,18-12-2025 12:17,09-01-2026 12:17,Delivered,Pending,Kolkata,03-01-2026 12:17
ORD005633,CUST0281,EMP019,18-12-2025 17:32,03-01-2026 17:32,On Hold,Overdue,Hyderabad,
ORD005634,CUST0015,EMP017,18-12-2025 19:31,15-01-2026 19:31,Dispatched,Paid,Hyderabad,09-01-2026 19:31
ORD005635,CUST0382,EMP011,18-12-2025 20:49,09-01-2026 20:49,Order Confirmed,Pending,Noida,
ORD005636,CUST0127,EMP011,18-12-2025 23:21,08-01-2026 23:21,Delivered,Paid,Pune,05-01-2026 23:21
ORD005637,CUST0482,EMP011,19-12-2025 01:24,12-01-2026 01:24,Order Confirmed,Partially Paid,Jaipur,
ORD005638,CUST0188,EMP038,19-12-2025 03:57,27-12-2025 03:57,Delivered,Paid,Kolkata,25-12-2025 03:57
ORD005639,CUST0095,EMP019,19-12-2025 18:47,17-01-2026 18:47,Delivered,Overdue,Surat,16-01-2026 18:47
ORD005640,CUST0297,EMP017,19-12-2025 19:20,08-01-2026 19:20,Dispatched,Pending,Bengaluru,03-01-2026 19:20
ORD005641,CUST0239,EMP038,20-12-2025 00:49,18-01-2026 00:49,In Production,Partially Paid,Ahmedabad,
ORD005642,CUST0236,EMP038,20-12-2025 02:58,29-12-2025 02:58,Delivered,Paid,Delhi,24-12-2025 02:58
ORD005643,CUST0475,EMP014,20-12-2025 03:28,01-01-2026 03:28,Order Confirmed,Paid,Surat,
ORD005644,CUST0183,EMP017,20-12-2025 03:37,18-01-2026 03:37,In Production,Pending,Pune,
ORD005645,CUST0199,EMP019,20-12-2025 04:26,12-01-2026 04:26,Dispatched,Overdue,Ludhiana,09-01-2026 04:26
ORD005646,CUST0313,EMP038,20-12-2025 10:57,11-01-2026 10:57,Order Confirmed,Overdue,Pune,
ORD005647,CUST0086,EMP030,20-12-2025 22:40,05-01-2026 22:40,Quotation,Partially Paid,Pune,
ORD005648,CUST0415,EMP026,21-12-2025 00:12,10-01-2026 00:12,Delivered,Partially Paid,Noida,06-01-2026 00:12
ORD005649,CUST0115,EMP014,21-12-2025 02:32,10-01-2026 02:32,In Production,Paid,Kolkata,
ORD005650,CUST0121,EMP017,21-12-2025 03:36,01-01-2026 03:36,In Production,Partially Paid,Bengaluru,
ORD005651,CUST0006,EMP003,21-12-2025 08:43,10-01-2026 08:43,On Hold,Paid,Hyderabad,
ORD005652,CUST0172,EMP034,21-12-2025 13:01,09-01-2026 13:01,Order Confirmed,Pending,Delhi,
ORD005653,CUST0292,EMP044,21-12-2025 21:59,04-01-2026 21:59,Order Confirmed,Paid,Chennai,
ORD005654,CUST0353,EMP034,22-12-2025 00:28,06-01-2026 00:28,Delivered,Overdue,Hyderabad,04-01-2026 00:28
ORD005655,CUST0450,EMP017,22-12-2025 02:50,16-01-2026 02:50,Order Confirmed,Paid,Faridabad,
ORD005656,CUST0389,EMP019,22-12-2025 19:19,14-01-2026 19:19,Cancelled,Paid,Hyderabad,
ORD005657,CUST0161,EMP044,22-12-2025 19:54,09-01-2026 19:54,Delivered,Paid,Kolkata,05-01-2026 19:54
ORD005658,CUST0413,EMP019,23-12-2025 02:35,13-01-2026 02:35,Dispatched,Partially Paid,Ludhiana,08-01-2026 02:35
ORD005659,CUST0098,EMP038,23-12-2025 04:23,04-01-2026 04:23,In Production,Pending,Ludhiana,
ORD005660,CUST0105,EMP026,23-12-2025 06:24,10-01-2026 06:24,In Production,Partially Paid,Ludhiana,
ORD005661,CUST0180,EMP019,23-12-2025 09:13,12-01-2026 09:13,Delivered,Paid,Jaipur,09-01-2026 09:13
ORD005662,CUST0270,EMP026,23-12-2025 13:19,05-01-2026 13:19,Quotation,Paid,Jaipur,
ORD005663,CUST0102,EMP014,23-12-2025 14:11,03-01-2026 14:11,Delivered,Pending,Pune,30-12-2025 14:11
ORD005664,CUST0451,EMP019,23-12-2025 14:17,11-01-2026 14:17,Delivered,Overdue,Mumbai,08-01-2026 14:17
ORD005665,CUST0136,EMP017,24-12-2025 02:39,22-01-2026 02:39,Delivered,Pending,Pune,22-01-2026 02:39
ORD005666,CUST0196,EMP034,24-12-2025 09:55,11-01-2026 09:55,Quotation,Paid,Delhi,
ORD005667,CUST0303,EMP030,24-12-2025 10:48,21-01-2026 10:48,Delivered,Partially Paid,Chennai,21-01-2026 10:48
ORD005668,CUST0215,EMP017,24-12-2025 13:26,20-01-2026 13:26,Delivered,Paid,Vadodara,19-01-2026 13:26
ORD005669,CUST0202,EMP038,24-12-2025 15:30,17-01-2026 15:30,Quotation,Overdue,Kolkata,
ORD005670,CUST0493,EMP019,24-12-2025 16:18,21-01-2026 16:18,Delivered,Paid,Ahmedabad,20-01-2026 16:18
ORD005671,CUST0218,EMP044,24-12-2025 16:27,09-01-2026 16:27,Order Confirmed,Paid,Bengaluru,
ORD005672,CUST0057,EMP030,24-12-2025 16:47,18-01-2026 16:47,On Hold,Paid,Ludhiana,
ORD005673,CUST0366,EMP038,24-12-2025 20:52,03-01-2026 20:52,Quotation,Partially Paid,Pune,
ORD005674,CUST0353,EMP044,24-12-2025 23:48,07-01-2026 23:48,Order Confirmed,Partially Paid,Hyderabad,
ORD005675,CUST0110,EMP017,24-12-2025 23:58,13-01-2026 23:58,Delivered,Partially Paid,Mumbai,12-01-2026 23:58
ORD005676,CUST0426,EMP014,25-12-2025 01:53,01-01-2026 01:53,Order Confirmed,Paid,Ahmedabad,
ORD005677,CUST0196,EMP038,25-12-2025 07:29,19-01-2026 07:29,Order Confirmed,Pending,Delhi,
ORD005678,CUST0076,EMP014,25-12-2025 08:31,23-01-2026 08:31,Quotation,Paid,Pune,
ORD005679,CUST0087,EMP034,25-12-2025 10:09,03-01-2026 10:09,Delivered,Paid,Kolkata,28-12-2025 10:09
ORD005680,CUST0358,EMP011,25-12-2025 10:11,24-01-2026 10:11,Quotation,Partially Paid,Delhi,
ORD005681,CUST0109,EMP038,25-12-2025 10:20,03-01-2026 10:20,Delivered,Paid,Pune,30-12-2025 10:20
ORD005682,CUST0235,EMP030,25-12-2025 13:24,04-01-2026 13:24,Delivered,Paid,Ahmedabad,04-01-2026 13:24
ORD005683,CUST0368,EMP026,25-12-2025 13:26,19-01-2026 13:26,Dispatched,Paid,Pune,13-01-2026 13:26
ORD005684,CUST0427,EMP019,25-12-2025 13:42,17-01-2026 13:42,In Production,Partially Paid,Surat,
ORD005685,CUST0245,EMP030,25-12-2025 14:21,23-01-2026 14:21,In Production,Paid,Gurugram,
ORD005686,CUST0454,EMP017,26-12-2025 00:53,12-01-2026 00:53,Cancelled,Paid,Gurugram,
ORD005687,CUST0152,EMP017,26-12-2025 05:14,15-01-2026 05:14,Delivered,Paid,Mumbai,13-01-2026 05:14
ORD005688,CUST0437,EMP014,26-12-2025 09:53,05-01-2026 09:53,Cancelled,Partially Paid,Surat,
ORD005689,CUST0126,EMP011,26-12-2025 14:27,18-01-2026 14:27,Delivered,Paid,Gurugram,12-01-2026 14:27
ORD005690,CUST0033,EMP038,26-12-2025 21:46,25-01-2026 21:46,Delivered,Paid,Delhi,24-01-2026 21:46
ORD005691,CUST0363,EMP034,26-12-2025 22:48,16-01-2026 22:48,On Hold,Paid,Vadodara,
ORD005692,CUST0379,EMP019,27-12-2025 08:36,25-01-2026 08:36,Dispatched,Paid,Bengaluru,25-01-2026 08:36
ORD005693,CUST0464,EMP038,27-12-2025 08:40,12-01-2026 08:40,Cancelled,Paid,Pune,
ORD005694,CUST0461,EMP030,27-12-2025 09:26,26-01-2026 09:26,Quotation,Partially Paid,Delhi,
ORD005695,CUST0052,EMP026,27-12-2025 18:33,15-01-2026 18:33,Order Confirmed,Paid,Gurugram,
ORD005696,CUST0311,EMP011,27-12-2025 20:10,06-01-2026 20:10,Dispatched,Paid,Delhi,06-01-2026 20:10
ORD005697,CUST0353,EMP026,27-12-2025 22:28,11-01-2026 22:28,Dispatched,Paid,Hyderabad,09-01-2026 22:28
ORD005698,CUST0301,EMP011,28-12-2025 03:44,15-01-2026 03:44,Dispatched,Paid,Hyderabad,09-01-2026 03:44
ORD005699,CUST0010,EMP030,28-12-2025 19:55,05-01-2026 19:55,Delivered,Partially Paid,Ahmedabad,02-01-2026 19:55
ORD005700,CUST0023,EMP003,29-12-2025 03:45,26-01-2026 03:45,Delivered,Partially Paid,Ludhiana,26-01-2026 03:45
ORD005701,CUST0336,EMP026,29-12-2025 06:53,10-01-2026 06:53,Delivered,Partially Paid,Pune,08-01-2026 06:53
ORD005702,CUST0429,EMP017,29-12-2025 10:16,21-01-2026 10:16,In Production,Paid,Jaipur,
ORD005703,CUST0090,EMP011,29-12-2025 18:13,27-01-2026 18:13,In Production,Paid,Bengaluru,
ORD005704,CUST0024,EMP019,30-12-2025 05:41,16-01-2026 05:41,Delivered,Paid,Chennai,13-01-2026 05:41
ORD005705,CUST0203,EMP014,30-12-2025 07:00,20-01-2026 07:00,Delivered,Paid,Bengaluru,17-01-2026 07:00
ORD005706,CUST0157,EMP014,30-12-2025 09:51,18-01-2026 09:51,Delivered,Pending,Noida,13-01-2026 09:51
ORD005707,CUST0492,EMP038,30-12-2025 14:30,24-01-2026 14:30,In Production,Paid,Gurugram,
ORD005708,CUST0463,EMP017,30-12-2025 21:16,06-01-2026 21:16,Quotation,Paid,Mumbai,
ORD005709,CUST0280,EMP019,30-12-2025 23:24,14-01-2026 23:24,Cancelled,Partially Paid,Delhi,
ORD005710,CUST0475,EMP003,31-12-2025 01:40,21-01-2026 01:40,Quotation,Paid,Surat,
ORD005711,CUST0115,EMP017,31-12-2025 04:20,09-01-2026 04:20,Delivered,Pending,Kolkata,09-01-2026 04:20
ORD005712,CUST0496,EMP017,31-12-2025 15:29,27-01-2026 15:29,In Production,Paid,Delhi,
ORD005713,CUST0224,EMP034,01-01-2026 00:01,23-01-2026 00:01,Dispatched,Pending,Faridabad,23-01-2026 00:01
ORD005714,CUST0239,EMP011,01-01-2026 00:08,08-01-2026 00:08,Delivered,Partially Paid,Ahmedabad,03-01-2026 00:08
ORD005715,CUST0026,EMP044,01-01-2026 04:18,08-01-2026 04:18,Dispatched,Pending,Ludhiana,08-01-2026 04:18
ORD005716,CUST0089,EMP011,01-01-2026 05:18,11-01-2026 05:18,Order Confirmed,Paid,Vadodara,
ORD005717,CUST0098,EMP030,01-01-2026 06:41,23-01-2026 06:41,Delivered,Paid,Ludhiana,19-01-2026 06:41
ORD005718,CUST0244,EMP003,01-01-2026 13:53,20-01-2026 13:53,Quotation,Paid,Hyderabad,
ORD005719,CUST0095,EMP038,01-01-2026 14:31,19-01-2026 14:31,In Production,Pending,Surat,
ORD005720,CUST0052,EMP030,01-01-2026 21:58,21-01-2026 21:58,Delivered,Paid,Gurugram,19-01-2026 21:58
ORD005721,CUST0303,EMP038,01-01-2026 22:23,19-01-2026 22:23,Dispatched,Paid,Chennai,17-01-2026 22:23
ORD005722,CUST0437,EMP044,02-01-2026 00:17,17-01-2026 00:17,Delivered,Paid,Surat,16-01-2026 00:17
ORD005723,CUST0035,EMP038,02-01-2026 07:59,09-01-2026 07:59,In Production,Pending,Ahmedabad,
ORD005724,CUST0281,EMP030,02-01-2026 12:29,09-01-2026 12:29,In Production,Paid,Hyderabad,
ORD005725,CUST0481,EMP038,02-01-2026 17:02,25-01-2026 17:02,In Production,Paid,Mumbai,
ORD005726,CUST0203,EMP003,02-01-2026 20:20,26-01-2026 20:20,Delivered,Partially Paid,Bengaluru,21-01-2026 20:20
ORD005727,CUST0092,EMP030,03-01-2026 02:55,15-01-2026 02:55,Quotation,Pending,Bengaluru,
ORD005728,CUST0040,EMP044,03-01-2026 03:51,15-01-2026 03:51,Cancelled,Pending,Jaipur,
ORD005729,CUST0469,EMP017,04-01-2026 05:07,20-01-2026 05:07,In Production,Paid,Ludhiana,
ORD005730,CUST0203,EMP044,04-01-2026 05:15,26-01-2026 05:15,In Production,Paid,Bengaluru,
ORD005731,CUST0053,EMP026,04-01-2026 06:17,25-01-2026 06:17,Delivered,Paid,Kolkata,24-01-2026 06:17
ORD005732,CUST0434,EMP019,04-01-2026 10:52,24-01-2026 10:52,In Production,Paid,Ludhiana,
ORD005733,CUST0402,EMP017,04-01-2026 12:56,11-01-2026 12:56,Delivered,Paid,Delhi,11-01-2026 12:56
ORD005734,CUST0352,EMP011,04-01-2026 14:25,21-01-2026 14:25,Cancelled,Paid,Ludhiana,
ORD005735,CUST0043,EMP038,04-01-2026 14:39,29-01-2026 14:39,Delivered,Paid,Ludhiana,25-01-2026 14:39
ORD005736,CUST0042,EMP034,04-01-2026 15:42,25-01-2026 15:42,Dispatched,Paid,Faridabad,24-01-2026 15:42
ORD005737,CUST0110,EMP019,04-01-2026 15:49,30-01-2026 15:49,Delivered,Partially Paid,Mumbai,29-01-2026 15:49
ORD005738,CUST0080,EMP044,04-01-2026 19:58,27-01-2026 19:58,In Production,Paid,Kolkata,
ORD005739,CUST0266,EMP011,04-01-2026 20:46,01-02-2026 20:46,Delivered,Overdue,Pune,31-01-2026 20:46
ORD005740,CUST0197,EMP034,04-01-2026 22:02,24-01-2026 22:02,Order Confirmed,Pending,Kolkata,
ORD005741,CUST0383,EMP019,05-01-2026 02:39,25-01-2026 02:39,Quotation,Paid,Surat,
ORD005742,CUST0051,EMP030,05-01-2026 03:47,25-01-2026 03:47,Delivered,Paid,Delhi,21-01-2026 03:47
ORD005743,CUST0364,EMP003,05-01-2026 10:47,18-01-2026 10:47,Order Confirmed,Overdue,Delhi,
ORD005744,CUST0468,EMP030,05-01-2026 23:19,22-01-2026 23:19,Delivered,Overdue,Hyderabad,17-01-2026 23:19
ORD005745,CUST0066,EMP030,06-01-2026 08:48,17-01-2026 08:48,Order Confirmed,Paid,Gurugram,
ORD005746,CUST0327,EMP044,06-01-2026 11:16,23-01-2026 11:16,Quotation,Paid,Kolkata,
ORD005747,CUST0255,EMP017,06-01-2026 14:45,16-01-2026 14:45,Delivered,Overdue,Noida,10-01-2026 14:45
ORD005748,CUST0048,EMP003,07-01-2026 05:31,25-01-2026 05:31,Dispatched,Partially Paid,Ahmedabad,19-01-2026 05:31
ORD005749,CUST0147,EMP003,07-01-2026 06:26,05-02-2026 06:26,Cancelled,Partially Paid,Bengaluru,
ORD005750,CUST0395,EMP011,07-01-2026 08:07,24-01-2026 08:07,Order Confirmed,Paid,Bengaluru,
ORD005751,CUST0435,EMP014,07-01-2026 15:44,31-01-2026 15:44,Order Confirmed,Pending,Pune,
ORD005752,CUST0185,EMP038,07-01-2026 20:13,24-01-2026 20:13,Quotation,Paid,Delhi,
ORD005753,CUST0054,EMP011,08-01-2026 07:36,05-02-2026 07:36,Dispatched,Paid,Chennai,04-02-2026 07:36
ORD005754,CUST0123,EMP011,08-01-2026 08:55,20-01-2026 08:55,Order Confirmed,Partially Paid,Faridabad,
ORD005755,CUST0422,EMP003,08-01-2026 11:06,04-02-2026 11:06,Delivered,Paid,Surat,03-02-2026 11:06
ORD005756,CUST0285,EMP017,08-01-2026 12:53,01-02-2026 12:53,Quotation,Paid,Jaipur,
ORD005757,CUST0216,EMP030,08-01-2026 13:57,05-02-2026 13:57,Cancelled,Partially Paid,Hyderabad,
ORD005758,CUST0007,EMP014,08-01-2026 15:28,18-01-2026 15:28,Delivered,Partially Paid,Gurugram,17-01-2026 15:28
ORD005759,CUST0392,EMP019,09-01-2026 03:49,06-02-2026 03:49,Delivered,Overdue,Kolkata,05-02-2026 03:49
ORD005760,CUST0233,EMP014,09-01-2026 04:32,06-02-2026 04:32,Order Confirmed,Paid,Pune,
ORD005761,CUST0273,EMP038,09-01-2026 05:00,23-01-2026 05:00,Order Confirmed,Paid,Vadodara,
ORD005762,CUST0422,EMP003,09-01-2026 10:40,30-01-2026 10:40,In Production,Paid,Surat,
ORD005763,CUST0282,EMP014,09-01-2026 12:18,30-01-2026 12:18,Dispatched,Paid,Kolkata,30-01-2026 12:18
ORD005764,CUST0465,EMP026,09-01-2026 13:24,17-01-2026 13:24,Delivered,Paid,Vadodara,13-01-2026 13:24
ORD005765,CUST0280,EMP038,10-01-2026 01:50,29-01-2026 01:50,In Production,Paid,Delhi,
ORD005766,CUST0172,EMP019,10-01-2026 02:27,01-02-2026 02:27,In Production,Paid,Delhi,
ORD005767,CUST0462,EMP003,10-01-2026 03:02,21-01-2026 03:02,On Hold,Paid,Noida,
ORD005768,CUST0322,EMP026,10-01-2026 21:49,25-01-2026 21:49,In Production,Paid,Gurugram,
ORD005769,CUST0381,EMP014,11-01-2026 06:23,01-02-2026 06:23,Order Confirmed,Paid,Kolkata,
ORD005770,CUST0114,EMP017,11-01-2026 11:40,09-02-2026 11:40,In Production,Paid,Noida,
ORD005771,CUST0336,EMP044,11-01-2026 16:22,19-01-2026 16:22,In Production,Paid,Pune,
ORD005772,CUST0281,EMP044,11-01-2026 17:03,09-02-2026 17:03,Dispatched,Paid,Hyderabad,09-02-2026 17:03
ORD005773,CUST0053,EMP014,11-01-2026 17:35,06-02-2026 17:35,Delivered,Pending,Kolkata,06-02-2026 17:35
ORD005774,CUST0128,EMP026,11-01-2026 21:50,07-02-2026 21:50,Delivered,Paid,Mumbai,05-02-2026 21:50
ORD005775,CUST0456,EMP026,12-01-2026 01:41,20-01-2026 01:41,Delivered,Pending,Jaipur,15-01-2026 01:41
ORD005776,CUST0286,EMP044,12-01-2026 02:48,01-02-2026 02:48,Order Confirmed,Pending,Delhi,
ORD005777,CUST0388,EMP044,12-01-2026 02:55,27-01-2026 02:55,Quotation,Pending,Chennai,
ORD005778,CUST0086,EMP017,12-01-2026 04:43,10-02-2026 04:43,Delivered,Pending,Pune,07-02-2026 04:43
ORD005779,CUST0109,EMP003,12-01-2026 05:21,05-02-2026 05:21,Order Confirmed,Paid,Pune,
ORD005780,CUST0471,EMP003,12-01-2026 07:32,03-02-2026 07:32,In Production,Paid,Noida,
ORD005781,CUST0211,EMP003,12-01-2026 11:44,19-01-2026 11:44,Dispatched,Partially Paid,Noida,17-01-2026 11:44
ORD005782,CUST0444,EMP034,12-01-2026 12:32,09-02-2026 12:32,Delivered,Paid,Vadodara,08-02-2026 12:32
ORD005783,CUST0405,EMP034,12-01-2026 13:22,30-01-2026 13:22,Order Confirmed,Paid,Vadodara,
ORD005784,CUST0169,EMP038,12-01-2026 14:41,22-01-2026 14:41,Cancelled,Partially Paid,Vadodara,
ORD005785,CUST0475,EMP011,12-01-2026 16:41,08-02-2026 16:41,In Production,Paid,Surat,
ORD005786,CUST0389,EMP003,12-01-2026 22:36,09-02-2026 22:36,On Hold,Paid,Hyderabad,
ORD005787,CUST0064,EMP011,13-01-2026 02:50,31-01-2026 02:50,In Production,Partially Paid,Hyderabad,
ORD005788,CUST0048,EMP030,13-01-2026 11:49,04-02-2026 11:49,Delivered,Partially Paid,Ahmedabad,31-01-2026 11:49
ORD005789,CUST0064,EMP003,14-01-2026 02:27,04-02-2026 02:27,In Production,Pending,Hyderabad,
ORD005790,CUST0371,EMP030,14-01-2026 02:55,28-01-2026 02:55,Delivered,Partially Paid,Noida,26-01-2026 02:55
ORD005791,CUST0072,EMP038,14-01-2026 11:49,07-02-2026 11:49,Dispatched,Paid,Kolkata,01-02-2026 11:49
ORD005792,CUST0142,EMP011,14-01-2026 12:24,13-02-2026 12:24,Delivered,Paid,Jaipur,13-02-2026 12:24
ORD005793,CUST0218,EMP034,14-01-2026 16:48,12-02-2026 16:48,Delivered,Paid,Bengaluru,07-02-2026 16:48
ORD005794,CUST0068,EMP026,14-01-2026 16:54,06-02-2026 16:54,Delivered,Paid,Hyderabad,02-02-2026 16:54
ORD005795,CUST0166,EMP044,15-01-2026 00:02,30-01-2026 00:02,Order Confirmed,Partially Paid,Hyderabad,
ORD005796,CUST0340,EMP014,15-01-2026 00:45,12-02-2026 00:45,Order Confirmed,Partially Paid,Chennai,
ORD005797,CUST0487,EMP014,15-01-2026 03:07,13-02-2026 03:07,On Hold,Pending,Delhi,
ORD005798,CUST0235,EMP003,15-01-2026 13:25,22-01-2026 13:25,Cancelled,Paid,Ahmedabad,
ORD005799,CUST0374,EMP034,15-01-2026 15:46,30-01-2026 15:46,Order Confirmed,Paid,Bengaluru,
ORD005800,CUST0266,EMP038,15-01-2026 15:48,04-02-2026 15:48,Order Confirmed,Paid,Pune,
ORD005801,CUST0234,EMP003,15-01-2026 19:47,04-02-2026 19:47,Order Confirmed,Paid,Bengaluru,
ORD005802,CUST0261,EMP019,15-01-2026 23:47,08-02-2026 23:47,Order Confirmed,Paid,Surat,
ORD005803,CUST0480,EMP034,16-01-2026 01:26,04-02-2026 01:26,In Production,Paid,Jaipur,
ORD005804,CUST0030,EMP034,16-01-2026 02:11,23-01-2026 02:11,Delivered,Paid,Mumbai,21-01-2026 02:11
ORD005805,CUST0257,EMP044,16-01-2026 04:54,26-01-2026 04:54,Order Confirmed,Paid,Bengaluru,
ORD005806,CUST0026,EMP034,16-01-2026 19:13,10-02-2026 19:13,Delivered,Partially Paid,Ludhiana,08-02-2026 19:13
ORD005807,CUST0438,EMP044,16-01-2026 22:38,08-02-2026 22:38,On Hold,Partially Paid,Chennai,
ORD005808,CUST0301,EMP044,17-01-2026 04:50,08-02-2026 04:50,In Production,Paid,Hyderabad,
ORD005809,CUST0024,EMP044,17-01-2026 10:39,03-02-2026 10:39,Dispatched,Partially Paid,Chennai,28-01-2026 10:39
ORD005810,CUST0312,EMP019,17-01-2026 13:21,30-01-2026 13:21,Dispatched,Paid,Pune,25-01-2026 13:21
ORD005811,CUST0218,EMP019,17-01-2026 15:02,31-01-2026 15:02,Order Confirmed,Paid,Bengaluru,
ORD005812,CUST0024,EMP019,17-01-2026 18:35,09-02-2026 18:35,Delivered,Partially Paid,Chennai,09-02-2026 18:35
ORD005813,CUST0490,EMP044,17-01-2026 20:34,05-02-2026 20:34,Delivered,Paid,Mumbai,02-02-2026 20:34
ORD005814,CUST0190,EMP014,17-01-2026 23:54,27-01-2026 23:54,Order Confirmed,Partially Paid,Chennai,
ORD005815,CUST0012,EMP034,18-01-2026 02:33,03-02-2026 02:33,Delivered,Paid,Gurugram,29-01-2026 02:33
ORD005816,CUST0307,EMP030,18-01-2026 03:36,13-02-2026 03:36,In Production,Paid,Mumbai,
ORD005817,CUST0188,EMP003,18-01-2026 11:59,08-02-2026 11:59,Order Confirmed,Paid,Kolkata,
ORD005818,CUST0329,EMP019,18-01-2026 14:11,14-02-2026 14:11,On Hold,Paid,Jaipur,
ORD005819,CUST0082,EMP011,18-01-2026 23:10,06-02-2026 23:10,Order Confirmed,Paid,Ahmedabad,
ORD005820,CUST0415,EMP034,19-01-2026 01:23,06-02-2026 01:23,Quotation,Paid,Noida,
ORD005821,CUST0211,EMP019,19-01-2026 06:04,17-02-2026 06:04,Order Confirmed,Paid,Noida,
ORD005822,CUST0211,EMP017,19-01-2026 07:04,07-02-2026 07:04,In Production,Paid,Noida,
ORD005823,CUST0402,EMP003,19-01-2026 11:04,29-01-2026 11:04,Dispatched,Paid,Delhi,27-01-2026 11:04
ORD005824,CUST0275,EMP011,19-01-2026 13:04,04-02-2026 13:04,Delivered,Pending,Bengaluru,31-01-2026 13:04
ORD005825,CUST0001,EMP034,19-01-2026 13:55,10-02-2026 13:55,In Production,Pending,Ludhiana,
ORD005826,CUST0290,EMP038,19-01-2026 17:09,03-02-2026 17:09,Delivered,Partially Paid,Ahmedabad,30-01-2026 17:09
ORD005827,CUST0323,EMP014,20-01-2026 06:49,05-02-2026 06:49,Quotation,Pending,Vadodara,
ORD005828,CUST0157,EMP038,20-01-2026 09:02,16-02-2026 09:02,In Production,Paid,Noida,
ORD005829,CUST0091,EMP026,20-01-2026 21:03,06-02-2026 21:03,Cancelled,Partially Paid,Jaipur,
ORD005830,CUST0027,EMP017,21-01-2026 11:40,04-02-2026 11:40,Delivered,Pending,Bengaluru,02-02-2026 11:40
ORD005831,CUST0424,EMP019,21-01-2026 11:56,30-01-2026 11:56,Delivered,Pending,Pune,30-01-2026 11:56
ORD005832,CUST0003,EMP030,21-01-2026 15:00,06-02-2026 15:00,In Production,Partially Paid,Gurugram,
ORD005833,CUST0292,EMP044,21-01-2026 15:02,15-02-2026 15:02,Dispatched,Pending,Chennai,15-02-2026 15:02
ORD005834,CUST0419,EMP019,22-01-2026 01:28,05-02-2026 01:28,Delivered,Paid,Ludhiana,01-02-2026 01:28
ORD005835,CUST0177,EMP017,22-01-2026 10:47,09-02-2026 10:47,Delivered,Overdue,Faridabad,04-02-2026 10:47
ORD005836,CUST0101,EMP034,22-01-2026 12:03,13-02-2026 12:03,Delivered,Paid,Noida,11-02-2026 12:03
ORD005837,CUST0358,EMP026,22-01-2026 23:29,20-02-2026 23:29,Dispatched,Paid,Delhi,17-02-2026 23:29
ORD005838,CUST0316,EMP017,23-01-2026 03:03,18-02-2026 03:03,Quotation,Paid,Ludhiana,
ORD005839,CUST0008,EMP019,23-01-2026 09:48,05-02-2026 09:48,Order Confirmed,Paid,Noida,
ORD005840,CUST0289,EMP026,23-01-2026 20:32,02-02-2026 20:32,Quotation,Paid,Mumbai,
ORD005841,CUST0001,EMP011,24-01-2026 02:45,16-02-2026 02:45,In Production,Paid,Ludhiana,
ORD005842,CUST0200,EMP003,24-01-2026 04:36,06-02-2026 04:36,Quotation,Paid,Gurugram,
ORD005843,CUST0153,EMP030,24-01-2026 09:13,09-02-2026 09:13,Dispatched,Partially Paid,Surat,06-02-2026 09:13
ORD005844,CUST0417,EMP011,24-01-2026 14:33,02-02-2026 14:33,Delivered,Paid,Ludhiana,27-01-2026 14:33
ORD005845,CUST0489,EMP026,24-01-2026 14:49,18-02-2026 14:49,Delivered,Paid,Hyderabad,15-02-2026 14:49
ORD005846,CUST0350,EMP034,24-01-2026 22:48,03-02-2026 22:48,Delivered,Partially Paid,Bengaluru,31-01-2026 22:48
ORD005847,CUST0368,EMP014,25-01-2026 00:59,10-02-2026 00:59,Order Confirmed,Partially Paid,Pune,
ORD005848,CUST0012,EMP017,25-01-2026 12:07,10-02-2026 12:07,Dispatched,Partially Paid,Gurugram,07-02-2026 12:07
ORD005849,CUST0032,EMP044,25-01-2026 13:27,02-02-2026 13:27,On Hold,Paid,Jaipur,
ORD005850,CUST0389,EMP003,26-01-2026 01:43,20-02-2026 01:43,Dispatched,Overdue,Hyderabad,20-02-2026 01:43
ORD005851,CUST0215,EMP034,26-01-2026 05:02,16-02-2026 05:02,Delivered,Pending,Vadodara,12-02-2026 05:02
ORD005852,CUST0254,EMP011,26-01-2026 09:34,14-02-2026 09:34,In Production,Paid,Hyderabad,
ORD005853,CUST0346,EMP044,27-01-2026 00:50,07-02-2026 00:50,Delivered,Paid,Ludhiana,01-02-2026 00:50
ORD005854,CUST0174,EMP019,27-01-2026 08:18,04-02-2026 08:18,Dispatched,Paid,Noida,04-02-2026 08:18
ORD005855,CUST0341,EMP003,27-01-2026 19:55,04-02-2026 19:55,Delivered,Pending,Mumbai,04-02-2026 19:55
ORD005856,CUST0364,EMP034,28-01-2026 02:47,19-02-2026 02:47,Delivered,Pending,Delhi,16-02-2026 02:47
ORD005857,CUST0121,EMP011,28-01-2026 05:19,21-02-2026 05:19,Dispatched,Pending,Bengaluru,16-02-2026 05:19
ORD005858,CUST0344,EMP017,28-01-2026 05:36,23-02-2026 05:36,Delivered,Overdue,Ahmedabad,23-02-2026 05:36
ORD005859,CUST0085,EMP026,28-01-2026 11:36,23-02-2026 11:36,Delivered,Partially Paid,Faridabad,18-02-2026 11:36
ORD005860,CUST0156,EMP034,28-01-2026 17:51,13-02-2026 17:51,Delivered,Paid,Hyderabad,12-02-2026 17:51
ORD005861,CUST0391,EMP019,28-01-2026 19:29,04-02-2026 19:29,Quotation,Paid,Ludhiana,
ORD005862,CUST0492,EMP038,28-01-2026 20:02,09-02-2026 20:02,Quotation,Paid,Gurugram,
ORD005863,CUST0033,EMP019,28-01-2026 20:10,22-02-2026 20:10,Delivered,Paid,Delhi,21-02-2026 20:10
ORD005864,CUST0325,EMP017,28-01-2026 23:04,22-02-2026 23:04,Delivered,Paid,Mumbai,21-02-2026 23:04
ORD005865,CUST0285,EMP017,29-01-2026 00:22,17-02-2026 00:22,Cancelled,Paid,Jaipur,
ORD005866,CUST0303,EMP038,29-01-2026 18:39,05-02-2026 18:39,In Production,Pending,Chennai,
ORD005867,CUST0394,EMP030,30-01-2026 00:23,24-02-2026 00:23,Delivered,Paid,Kolkata,21-02-2026 00:23
ORD005868,CUST0035,EMP011,30-01-2026 00:38,25-02-2026 00:38,Delivered,Pending,Ahmedabad,21-02-2026 00:38
ORD005869,CUST0370,EMP034,30-01-2026 02:09,11-02-2026 02:09,Delivered,Overdue,Faridabad,08-02-2026 02:09
ORD005870,CUST0140,EMP019,30-01-2026 09:11,25-02-2026 09:11,Delivered,Paid,Surat,21-02-2026 09:11
ORD005871,CUST0078,EMP017,30-01-2026 09:14,21-02-2026 09:14,Order Confirmed,Paid,Noida,
ORD005872,CUST0224,EMP003,30-01-2026 17:39,27-02-2026 17:39,Delivered,Paid,Faridabad,22-02-2026 17:39
ORD005873,CUST0014,EMP044,31-01-2026 02:38,22-02-2026 02:38,Delivered,Pending,Jaipur,17-02-2026 02:38
ORD005874,CUST0316,EMP003,31-01-2026 05:35,09-02-2026 05:35,In Production,Partially Paid,Ludhiana,
ORD005875,CUST0283,EMP044,31-01-2026 11:18,22-02-2026 11:18,Order Confirmed,Paid,Mumbai,
ORD005876,CUST0257,EMP003,01-02-2026 00:09,10-02-2026 00:09,Delivered,Partially Paid,Bengaluru,05-02-2026 00:09
ORD005877,CUST0016,EMP026,01-02-2026 04:32,14-02-2026 04:32,Order Confirmed,Pending,Faridabad,
ORD005878,CUST0382,EMP011,01-02-2026 05:34,28-02-2026 05:34,Dispatched,Paid,Noida,25-02-2026 05:34
ORD005879,CUST0018,EMP019,01-02-2026 08:48,03-03-2026 08:48,Delivered,Partially Paid,Chennai,02-03-2026 08:48
ORD005880,CUST0132,EMP038,01-02-2026 09:49,19-02-2026 09:49,On Hold,Paid,Surat,
ORD005881,CUST0198,EMP026,01-02-2026 12:14,14-02-2026 12:14,Delivered,Paid,Gurugram,09-02-2026 12:14
ORD005882,CUST0352,EMP026,01-02-2026 13:48,17-02-2026 13:48,In Production,Pending,Ludhiana,
ORD005883,CUST0204,EMP011,01-02-2026 21:43,13-02-2026 21:43,Quotation,Paid,Hyderabad,
ORD005884,CUST0409,EMP044,02-02-2026 06:46,22-02-2026 06:46,In Production,Pending,Kolkata,
ORD005885,CUST0468,EMP017,02-02-2026 13:48,19-02-2026 13:48,In Production,Partially Paid,Hyderabad,
ORD005886,CUST0383,EMP026,02-02-2026 15:52,10-02-2026 15:52,Delivered,Paid,Surat,06-02-2026 15:52
ORD005887,CUST0020,EMP038,02-02-2026 16:49,23-02-2026 16:49,In Production,Partially Paid,Jaipur,
ORD005888,CUST0386,EMP030,02-02-2026 19:00,24-02-2026 19:00,Order Confirmed,Paid,Noida,
ORD005889,CUST0104,EMP034,03-02-2026 00:25,26-02-2026 00:25,Delivered,Paid,Vadodara,20-02-2026 00:25
ORD005890,CUST0445,EMP011,03-02-2026 00:25,04-03-2026 00:25,Quotation,Paid,Ahmedabad,
ORD005891,CUST0490,EMP019,03-02-2026 03:12,26-02-2026 03:12,Quotation,Pending,Mumbai,
ORD005892,CUST0043,EMP026,03-02-2026 14:27,26-02-2026 14:27,Dispatched,Pending,Ludhiana,22-02-2026 14:27
ORD005893,CUST0050,EMP011,03-02-2026 17:36,15-02-2026 17:36,Quotation,Paid,Vadodara,
ORD005894,CUST0349,EMP017,03-02-2026 19:41,21-02-2026 19:41,Order Confirmed,Paid,Pune,
ORD005895,CUST0072,EMP038,04-02-2026 01:48,21-02-2026 01:48,On Hold,Overdue,Kolkata,
ORD005896,CUST0485,EMP044,04-02-2026 02:06,06-03-2026 02:06,Delivered,Partially Paid,Chennai,06-03-2026 02:06
ORD005897,CUST0271,EMP038,04-02-2026 11:30,22-02-2026 11:30,Delivered,Paid,Faridabad,19-02-2026 11:30
ORD005898,CUST0287,EMP044,04-02-2026 15:36,27-02-2026 15:36,Delivered,Paid,Delhi,22-02-2026 15:36
ORD005899,CUST0431,EMP044,04-02-2026 16:05,23-02-2026 16:05,Quotation,Paid,Ludhiana,
ORD005900,CUST0109,EMP011,04-02-2026 16:39,12-02-2026 16:39,Delivered,Paid,Pune,06-02-2026 16:39
ORD005901,CUST0278,EMP038,04-02-2026 23:09,05-03-2026 23:09,Dispatched,Paid,Ludhiana,03-03-2026 23:09
ORD005902,CUST0500,EMP030,05-02-2026 01:34,28-02-2026 01:34,Order Confirmed,Partially Paid,Surat,
ORD005903,CUST0012,EMP038,05-02-2026 13:13,17-02-2026 13:13,In Production,Partially Paid,Gurugram,
ORD005904,CUST0088,EMP030,05-02-2026 18:42,13-02-2026 18:42,Dispatched,Paid,Jaipur,07-02-2026 18:42
ORD005905,CUST0074,EMP011,05-02-2026 20:10,06-03-2026 20:10,Quotation,Partially Paid,Jaipur,
ORD005906,CUST0168,EMP026,06-02-2026 02:52,20-02-2026 02:52,Order Confirmed,Paid,Bengaluru,
ORD005907,CUST0065,EMP034,06-02-2026 09:08,13-02-2026 09:08,In Production,Partially Paid,Bengaluru,
ORD005908,CUST0087,EMP011,06-02-2026 10:05,27-02-2026 10:05,Dispatched,Paid,Kolkata,26-02-2026 10:05
ORD005909,CUST0427,EMP026,06-02-2026 13:25,13-02-2026 13:25,Quotation,Paid,Surat,
ORD005910,CUST0233,EMP030,06-02-2026 17:06,18-02-2026 17:06,Delivered,Paid,Pune,16-02-2026 17:06
ORD005911,CUST0180,EMP019,07-02-2026 10:09,07-03-2026 10:09,Order Confirmed,Paid,Jaipur,
ORD005912,CUST0210,EMP034,07-02-2026 14:59,14-02-2026 14:59,Delivered,Partially Paid,Hyderabad,08-02-2026 14:59
ORD005913,CUST0486,EMP011,07-02-2026 19:53,04-03-2026 19:53,Order Confirmed,Paid,Faridabad,
ORD005914,CUST0246,EMP017,07-02-2026 23:10,28-02-2026 23:10,In Production,Paid,Gurugram,
ORD005915,CUST0235,EMP044,08-02-2026 06:49,22-02-2026 06:49,Delivered,Paid,Ahmedabad,21-02-2026 06:49
ORD005916,CUST0464,EMP026,08-02-2026 15:25,21-02-2026 15:25,Delivered,Partially Paid,Pune,20-02-2026 15:25
ORD005917,CUST0019,EMP011,08-02-2026 16:22,26-02-2026 16:22,Quotation,Partially Paid,Vadodara,
ORD005918,CUST0240,EMP011,09-02-2026 23:32,28-02-2026 23:32,Delivered,Partially Paid,Noida,23-02-2026 23:32
ORD005919,CUST0375,EMP026,10-02-2026 01:59,10-03-2026 01:59,Delivered,Pending,Surat,04-03-2026 01:59
ORD005920,CUST0258,EMP044,10-02-2026 07:43,23-02-2026 07:43,Order Confirmed,Partially Paid,Bengaluru,
ORD005921,CUST0435,EMP003,10-02-2026 09:45,03-03-2026 09:45,Delivered,Paid,Pune,03-03-2026 09:45
ORD005922,CUST0444,EMP011,10-02-2026 10:44,05-03-2026 10:44,Dispatched,Pending,Vadodara,28-02-2026 10:44
ORD005923,CUST0169,EMP017,10-02-2026 17:47,17-02-2026 17:47,Delivered,Paid,Vadodara,13-02-2026 17:47
ORD005924,CUST0409,EMP014,11-02-2026 01:49,11-03-2026 01:49,Dispatched,Partially Paid,Kolkata,05-03-2026 01:49
ORD005925,CUST0122,EMP011,11-02-2026 11:47,13-03-2026 11:47,Cancelled,Overdue,Chennai,
ORD005926,CUST0120,EMP014,11-02-2026 13:00,20-02-2026 13:00,Delivered,Paid,Delhi,17-02-2026 13:00
ORD005927,CUST0489,EMP030,11-02-2026 17:01,24-02-2026 17:01,Delivered,Paid,Hyderabad,20-02-2026 17:01
ORD005928,CUST0007,EMP038,11-02-2026 20:41,08-03-2026 20:41,In Production,Paid,Gurugram,
ORD005929,CUST0177,EMP017,11-02-2026 21:18,09-03-2026 21:18,Delivered,Overdue,Faridabad,08-03-2026 21:18
ORD005930,CUST0315,EMP034,13-02-2026 07:44,23-02-2026 07:44,Order Confirmed,Paid,Delhi,
ORD005931,CUST0207,EMP038,13-02-2026 13:36,14-03-2026 13:36,Dispatched,Pending,Ahmedabad,10-03-2026 13:36
ORD005932,CUST0423,EMP003,13-02-2026 16:35,27-02-2026 16:35,In Production,Paid,Chennai,
ORD005933,CUST0126,EMP038,13-02-2026 21:15,27-02-2026 21:15,Delivered,Paid,Gurugram,25-02-2026 21:15
ORD005934,CUST0277,EMP011,14-02-2026 03:24,01-03-2026 03:24,Delivered,Paid,Noida,27-02-2026 03:24
ORD005935,CUST0063,EMP030,14-02-2026 21:27,09-03-2026 21:27,Cancelled,Pending,Faridabad,
ORD005936,CUST0106,EMP034,14-02-2026 22:31,25-02-2026 22:31,Order Confirmed,Paid,Vadodara,
ORD005937,CUST0087,EMP038,15-02-2026 01:02,07-03-2026 01:02,Delivered,Overdue,Kolkata,06-03-2026 01:02
ORD005938,CUST0371,EMP019,15-02-2026 01:16,23-02-2026 01:16,Delivered,Partially Paid,Noida,21-02-2026 01:16
ORD005939,CUST0102,EMP030,15-02-2026 05:53,25-02-2026 05:53,Delivered,Pending,Pune,24-02-2026 05:53
ORD005940,CUST0335,EMP003,15-02-2026 08:55,12-03-2026 08:55,Delivered,Paid,Jaipur,07-03-2026 08:55
ORD005941,CUST0173,EMP019,15-02-2026 22:20,03-03-2026 22:20,In Production,Paid,Ahmedabad,
ORD005942,CUST0283,EMP044,16-02-2026 02:20,14-03-2026 02:20,Delivered,Paid,Mumbai,12-03-2026 02:20
ORD005943,CUST0437,EMP011,16-02-2026 03:13,12-03-2026 03:13,Delivered,Paid,Surat,10-03-2026 03:13
ORD005944,CUST0432,EMP011,16-02-2026 18:08,18-03-2026 18:08,Delivered,Paid,Jaipur,12-03-2026 18:08
ORD005945,CUST0006,EMP034,16-02-2026 19:57,26-02-2026 19:57,Order Confirmed,Paid,Hyderabad,
ORD005946,CUST0393,EMP026,16-02-2026 22:33,17-03-2026 22:33,Order Confirmed,Overdue,Faridabad,
ORD005947,CUST0478,EMP019,16-02-2026 22:38,16-03-2026 22:38,In Production,Paid,Mumbai,
ORD005948,CUST0334,EMP014,16-02-2026 23:20,05-03-2026 23:20,Dispatched,Paid,Chennai,02-03-2026 23:20
ORD005949,CUST0094,EMP011,17-02-2026 01:30,27-02-2026 01:30,Dispatched,Paid,Kolkata,23-02-2026 01:30
ORD005950,CUST0333,EMP034,17-02-2026 04:46,27-02-2026 04:46,Delivered,Paid,Pune,21-02-2026 04:46
ORD005951,CUST0319,EMP017,17-02-2026 07:24,08-03-2026 07:24,Quotation,Paid,Hyderabad,
ORD005952,CUST0332,EMP034,17-02-2026 10:05,24-02-2026 10:05,Order Confirmed,Overdue,Hyderabad,
ORD005953,CUST0215,EMP019,17-02-2026 18:48,26-02-2026 18:48,In Production,Paid,Vadodara,
ORD005954,CUST0263,EMP017,17-02-2026 22:19,08-03-2026 22:19,Order Confirmed,Paid,Vadodara,
ORD005955,CUST0326,EMP014,18-02-2026 00:34,10-03-2026 00:34,In Production,Paid,Delhi,
ORD005956,CUST0232,EMP030,18-02-2026 02:08,17-03-2026 02:08,Delivered,Paid,Gurugram,11-03-2026 02:08
ORD005957,CUST0387,EMP014,18-02-2026 03:20,20-03-2026 03:20,On Hold,Paid,Pune,
ORD005958,CUST0355,EMP044,18-02-2026 12:47,03-03-2026 12:47,Order Confirmed,Pending,Delhi,
ORD005959,CUST0152,EMP019,18-02-2026 13:39,04-03-2026 13:39,In Production,Paid,Mumbai,
ORD005960,CUST0306,EMP038,18-02-2026 14:39,01-03-2026 14:39,Delivered,Paid,Bengaluru,27-02-2026 14:39
ORD005961,CUST0379,EMP019,18-02-2026 17:29,02-03-2026 17:29,In Production,Paid,Bengaluru,
ORD005962,CUST0245,EMP019,18-02-2026 21:01,07-03-2026 21:01,Delivered,Overdue,Gurugram,04-03-2026 21:01
ORD005963,CUST0358,EMP019,18-02-2026 21:26,20-03-2026 21:26,Delivered,Paid,Delhi,15-03-2026 21:26
ORD005964,CUST0064,EMP019,19-02-2026 05:23,19-03-2026 05:23,Delivered,Paid,Hyderabad,16-03-2026 05:23
ORD005965,CUST0194,EMP019,19-02-2026 13:15,19-03-2026 13:15,Quotation,Paid,Kolkata,
ORD005966,CUST0351,EMP038,19-02-2026 16:12,08-03-2026 16:12,On Hold,Paid,Faridabad,
ORD005967,CUST0448,EMP034,19-02-2026 21:24,13-03-2026 21:24,On Hold,Paid,Bengaluru,
ORD005968,CUST0323,EMP003,20-02-2026 01:03,16-03-2026 01:03,Quotation,Paid,Vadodara,
ORD005969,CUST0332,EMP003,20-02-2026 09:37,04-03-2026 09:37,Dispatched,Paid,Hyderabad,03-03-2026 09:37
ORD005970,CUST0172,EMP003,20-02-2026 14:13,10-03-2026 14:13,In Production,Paid,Delhi,
ORD005971,CUST0351,EMP030,20-02-2026 17:57,12-03-2026 17:57,Order Confirmed,Pending,Faridabad,
ORD005972,CUST0179,EMP014,21-02-2026 04:37,08-03-2026 04:37,On Hold,Paid,Hyderabad,
ORD005973,CUST0027,EMP017,21-02-2026 12:16,11-03-2026 12:16,Order Confirmed,Paid,Bengaluru,
ORD005974,CUST0124,EMP038,21-02-2026 12:40,10-03-2026 12:40,In Production,Paid,Ahmedabad,
ORD005975,CUST0306,EMP011,21-02-2026 13:19,01-03-2026 13:19,Quotation,Paid,Bengaluru,
ORD005976,CUST0481,EMP011,22-02-2026 00:31,19-03-2026 00:31,Delivered,Paid,Mumbai,16-03-2026 00:31
ORD005977,CUST0248,EMP003,22-02-2026 02:53,22-03-2026 02:53,Delivered,Paid,Pune,22-03-2026 02:53
ORD005978,CUST0431,EMP014,22-02-2026 13:40,19-03-2026 13:40,Delivered,Paid,Ludhiana,13-03-2026 13:40
ORD005979,CUST0390,EMP003,22-02-2026 17:00,23-03-2026 17:00,Delivered,Paid,Ahmedabad,19-03-2026 17:00
ORD005980,CUST0281,EMP030,22-02-2026 18:02,11-03-2026 18:02,Quotation,Paid,Hyderabad,
ORD005981,CUST0403,EMP034,22-02-2026 22:25,02-03-2026 22:25,Delivered,Paid,Pune,01-03-2026 22:25
ORD005982,CUST0201,EMP011,23-02-2026 04:32,08-03-2026 04:32,In Production,Paid,Delhi,
ORD005983,CUST0222,EMP026,23-02-2026 08:40,22-03-2026 08:40,Dispatched,Paid,Vadodara,19-03-2026 08:40
ORD005984,CUST0369,EMP017,23-02-2026 09:26,05-03-2026 09:26,Delivered,Paid,Jaipur,05-03-2026 09:26
ORD005985,CUST0320,EMP003,23-02-2026 20:11,15-03-2026 20:11,On Hold,Paid,Jaipur,
ORD005986,CUST0264,EMP019,24-02-2026 02:51,03-03-2026 02:51,Delivered,Paid,Hyderabad,26-02-2026 02:51
ORD005987,CUST0217,EMP030,24-02-2026 05:26,10-03-2026 05:26,Delivered,Overdue,Gurugram,07-03-2026 05:26
ORD005988,CUST0488,EMP014,24-02-2026 06:36,05-03-2026 06:36,Dispatched,Paid,Delhi,05-03-2026 06:36
ORD005989,CUST0033,EMP034,24-02-2026 19:11,05-03-2026 19:11,Quotation,Paid,Delhi,
ORD005990,CUST0028,EMP044,24-02-2026 21:57,06-03-2026 21:57,Delivered,Pending,Gurugram,03-03-2026 21:57
ORD005991,CUST0240,EMP003,24-02-2026 23:23,15-03-2026 23:23,Delivered,Paid,Noida,15-03-2026 23:23
ORD005992,CUST0018,EMP011,25-02-2026 14:27,20-03-2026 14:27,Delivered,Paid,Chennai,18-03-2026 14:27
ORD005993,CUST0171,EMP014,25-02-2026 14:56,10-03-2026 14:56,Delivered,Pending,Pune,04-03-2026 14:56
ORD005994,CUST0285,EMP038,25-02-2026 19:21,23-03-2026 19:21,In Production,Paid,Jaipur,
ORD005995,CUST0203,EMP011,25-02-2026 19:38,13-03-2026 19:38,Order Confirmed,Paid,Bengaluru,
ORD005996,CUST0102,EMP019,25-02-2026 19:58,21-03-2026 19:58,Order Confirmed,Paid,Pune,
ORD005997,CUST0143,EMP026,26-02-2026 00:25,17-03-2026 00:25,Delivered,Paid,Jaipur,13-03-2026 00:25
ORD005998,CUST0303,EMP011,26-02-2026 03:32,22-03-2026 03:32,On Hold,Paid,Chennai,
ORD005999,CUST0476,EMP003,26-02-2026 06:10,28-03-2026 06:10,Dispatched,Partially Paid,Vadodara,25-03-2026 06:10
ORD006000,CUST0391,EMP011,26-02-2026 18:07,28-03-2026 18:07,Delivered,Paid,Ludhiana,25-03-2026 18:07
ORD006001,CUST0274,EMP003,27-02-2026 06:18,20-03-2026 06:18,Delivered,Paid,Mumbai,17-03-2026 06:18
ORD006002,CUST0070,EMP026,27-02-2026 10:38,29-03-2026 10:38,Order Confirmed,Overdue,Bengaluru,
ORD006003,CUST0122,EMP044,28-02-2026 00:04,23-03-2026 00:04,Order Confirmed,Overdue,Chennai,
ORD006004,CUST0221,EMP017,28-02-2026 06:40,13-03-2026 06:40,Order Confirmed,Paid,Surat,
ORD006005,CUST0124,EMP014,28-02-2026 08:20,29-03-2026 08:20,Cancelled,Paid,Ahmedabad,
ORD006006,CUST0345,EMP014,28-02-2026 09:12,10-03-2026 09:12,Quotation,Partially Paid,Faridabad,
ORD006007,CUST0184,EMP044,28-02-2026 15:18,18-03-2026 15:18,Delivered,Pending,Pune,18-03-2026 15:18
ORD006008,CUST0417,EMP044,28-02-2026 15:54,10-03-2026 15:54,In Production,Overdue,Ludhiana,
ORD006009,CUST0135,EMP030,28-02-2026 17:34,25-03-2026 17:34,Delivered,Partially Paid,Faridabad,24-03-2026 17:34
ORD006010,CUST0249,EMP019,28-02-2026 22:38,28-03-2026 22:38,Order Confirmed,Partially Paid,Jaipur,
ORD006011,CUST0358,EMP011,01-03-2026 01:18,27-03-2026 01:18,On Hold,Paid,Delhi,
ORD006012,CUST0104,EMP044,01-03-2026 15:11,10-03-2026 15:11,In Production,Paid,Vadodara,
ORD006013,CUST0381,EMP003,01-03-2026 16:53,14-03-2026 16:53,Cancelled,Paid,Kolkata,
ORD006014,CUST0293,EMP011,01-03-2026 20:45,16-03-2026 20:45,Delivered,Partially Paid,Gurugram,11-03-2026 20:45
ORD006015,CUST0324,EMP030,02-03-2026 01:43,11-03-2026 01:43,Dispatched,Paid,Ludhiana,05-03-2026 01:43
ORD006016,CUST0228,EMP011,02-03-2026 02:19,21-03-2026 02:19,Delivered,Paid,Ludhiana,20-03-2026 02:19
ORD006017,CUST0468,EMP011,02-03-2026 08:29,09-03-2026 08:29,Delivered,Paid,Hyderabad,03-03-2026 08:29
ORD006018,CUST0386,EMP026,02-03-2026 21:32,23-03-2026 21:32,Order Confirmed,Overdue,Noida,
ORD006019,CUST0097,EMP003,02-03-2026 22:34,22-03-2026 22:34,Delivered,Paid,Ahmedabad,22-03-2026 22:34
ORD006020,CUST0278,EMP014,03-03-2026 19:26,24-03-2026 19:26,Delivered,Pending,Ludhiana,21-03-2026 19:26
ORD006021,CUST0452,EMP030,03-03-2026 21:30,31-03-2026 21:30,Delivered,Paid,Vadodara,26-03-2026 21:30
ORD006022,CUST0140,EMP011,04-03-2026 01:40,29-03-2026 01:40,Delivered,Paid,Surat,28-03-2026 01:40
ORD006023,CUST0269,EMP034,04-03-2026 02:59,17-03-2026 02:59,Delivered,Paid,Faridabad,11-03-2026 02:59
ORD006024,CUST0378,EMP003,04-03-2026 13:39,24-03-2026 13:39,In Production,Paid,Jaipur,
ORD006025,CUST0137,EMP030,04-03-2026 14:57,30-03-2026 14:57,In Production,Pending,Vadodara,
ORD006026,CUST0259,EMP003,04-03-2026 22:42,31-03-2026 22:42,Order Confirmed,Paid,Pune,
ORD006027,CUST0277,EMP034,05-03-2026 00:58,27-03-2026 00:58,Delivered,Pending,Noida,21-03-2026 00:58
ORD006028,CUST0089,EMP034,05-03-2026 05:23,14-03-2026 05:23,In Production,Pending,Vadodara,
ORD006029,CUST0089,EMP034,05-03-2026 06:25,22-03-2026 06:25,Order Confirmed,Paid,Vadodara,
ORD006030,CUST0282,EMP014,05-03-2026 18:29,01-04-2026 18:29,Delivered,Paid,Kolkata,30-03-2026 18:29
ORD006031,CUST0090,EMP014,05-03-2026 21:05,13-03-2026 21:05,Order Confirmed,Paid,Bengaluru,
ORD006032,CUST0475,EMP044,06-03-2026 00:40,27-03-2026 00:40,Order Confirmed,Paid,Surat,
ORD006033,CUST0262,EMP034,06-03-2026 10:15,25-03-2026 10:15,Delivered,Paid,Ludhiana,19-03-2026 10:15
ORD006034,CUST0353,EMP011,06-03-2026 17:45,18-03-2026 17:45,Delivered,Paid,Hyderabad,18-03-2026 17:45
ORD006035,CUST0199,EMP003,07-03-2026 04:08,22-03-2026 04:08,Delivered,Overdue,Ludhiana,19-03-2026 04:08
ORD006036,CUST0150,EMP017,07-03-2026 11:12,06-04-2026 11:12,In Production,Partially Paid,Kolkata,
ORD006037,CUST0244,EMP030,07-03-2026 14:02,28-03-2026 14:02,Delivered,Pending,Hyderabad,26-03-2026 14:02
ORD006038,CUST0356,EMP017,07-03-2026 17:37,05-04-2026 17:37,Cancelled,Paid,Chennai,
ORD006039,CUST0199,EMP038,07-03-2026 20:39,25-03-2026 20:39,In Production,Paid,Ludhiana,
ORD006040,CUST0142,EMP026,07-03-2026 20:54,03-04-2026 20:54,Quotation,Pending,Jaipur,
ORD006041,CUST0072,EMP044,07-03-2026 22:42,28-03-2026 22:42,Order Confirmed,Paid,Kolkata,
ORD006042,CUST0272,EMP038,07-03-2026 23:15,04-04-2026 23:15,Delivered,Partially Paid,Bengaluru,31-03-2026 23:15
ORD006043,CUST0340,EMP019,08-03-2026 00:33,22-03-2026 00:33,In Production,Pending,Chennai,
ORD006044,CUST0264,EMP038,08-03-2026 04:24,24-03-2026 04:24,Dispatched,Overdue,Hyderabad,23-03-2026 04:24
ORD006045,CUST0128,EMP019,08-03-2026 09:03,15-03-2026 09:03,Delivered,Paid,Mumbai,12-03-2026 09:03
ORD006046,CUST0124,EMP003,08-03-2026 20:11,20-03-2026 20:11,On Hold,Pending,Ahmedabad,
ORD006047,CUST0189,EMP017,09-03-2026 13:52,19-03-2026 13:52,In Production,Paid,Jaipur,
ORD006048,CUST0174,EMP019,09-03-2026 19:19,20-03-2026 19:19,Dispatched,Paid,Noida,15-03-2026 19:19
ORD006049,CUST0102,EMP044,10-03-2026 00:04,24-03-2026 00:04,Cancelled,Paid,Pune,
ORD006050,CUST0472,EMP038,10-03-2026 00:34,06-04-2026 00:34,Order Confirmed,Paid,Mumbai,
ORD006051,CUST0165,EMP011,10-03-2026 06:31,26-03-2026 06:31,Delivered,Paid,Bengaluru,25-03-2026 06:31
ORD006052,CUST0126,EMP003,10-03-2026 06:58,05-04-2026 06:58,Quotation,Paid,Gurugram,
ORD006053,CUST0304,EMP026,10-03-2026 09:00,05-04-2026 09:00,In Production,Paid,Faridabad,
ORD006054,CUST0401,EMP026,10-03-2026 19:46,09-04-2026 19:46,Quotation,Pending,Vadodara,
ORD006055,CUST0233,EMP034,10-03-2026 21:11,29-03-2026 21:11,In Production,Pending,Pune,
ORD006056,CUST0334,EMP014,10-03-2026 23:36,06-04-2026 23:36,Order Confirmed,Pending,Chennai,
ORD006057,CUST0048,EMP038,11-03-2026 02:11,28-03-2026 02:11,Delivered,Paid,Ahmedabad,23-03-2026 02:11
ORD006058,CUST0267,EMP019,11-03-2026 03:18,02-04-2026 03:18,Dispatched,Overdue,Bengaluru,29-03-2026 03:18
ORD006059,CUST0034,EMP017,11-03-2026 07:49,06-04-2026 07:49,In Production,Paid,Noida,
ORD006060,CUST0069,EMP019,11-03-2026 09:20,21-03-2026 09:20,Delivered,Paid,Faridabad,20-03-2026 09:20
ORD006061,CUST0296,EMP044,11-03-2026 12:59,19-03-2026 12:59,Cancelled,Paid,Hyderabad,
ORD006062,CUST0103,EMP017,11-03-2026 14:12,21-03-2026 14:12,In Production,Paid,Surat,
ORD006063,CUST0019,EMP026,11-03-2026 17:03,04-04-2026 17:03,Quotation,Paid,Vadodara,
ORD006064,CUST0090,EMP038,12-03-2026 12:17,30-03-2026 12:17,Order Confirmed,Paid,Bengaluru,
ORD006065,CUST0387,EMP003,12-03-2026 14:08,25-03-2026 14:08,Delivered,Overdue,Pune,21-03-2026 14:08
ORD006066,CUST0294,EMP026,12-03-2026 16:43,06-04-2026 16:43,Delivered,Paid,Ahmedabad,04-04-2026 16:43
ORD006067,CUST0191,EMP034,12-03-2026 20:32,19-03-2026 20:32,Dispatched,Paid,Gurugram,16-03-2026 20:32
ORD006068,CUST0487,EMP044,12-03-2026 22:14,23-03-2026 22:14,Order Confirmed,Paid,Delhi,
ORD006069,CUST0193,EMP003,13-03-2026 01:23,31-03-2026 01:23,Dispatched,Paid,Jaipur,27-03-2026 01:23
ORD006070,CUST0439,EMP034,13-03-2026 03:14,10-04-2026 03:14,Delivered,Overdue,Surat,05-04-2026 03:14
ORD006071,CUST0173,EMP038,13-03-2026 03:24,06-04-2026 03:24,In Production,Paid,Ahmedabad,
ORD006072,CUST0013,EMP017,13-03-2026 05:16,05-04-2026 05:16,Order Confirmed,Paid,Mumbai,
ORD006073,CUST0056,EMP034,13-03-2026 06:55,06-04-2026 06:55,In Production,Partially Paid,Gurugram,
ORD006074,CUST0137,EMP019,13-03-2026 06:58,27-03-2026 06:58,Delivered,Paid,Vadodara,25-03-2026 06:58
ORD006075,CUST0094,EMP030,13-03-2026 14:39,30-03-2026 14:39,On Hold,Paid,Kolkata,
ORD006076,CUST0079,EMP017,13-03-2026 22:17,10-04-2026 22:17,Order Confirmed,Paid,Noida,
ORD006077,CUST0192,EMP011,14-03-2026 02:44,07-04-2026 02:44,Cancelled,Paid,Kolkata,
ORD006078,CUST0488,EMP038,14-03-2026 07:00,04-04-2026 07:00,Dispatched,Partially Paid,Delhi,01-04-2026 07:00
ORD006079,CUST0101,EMP014,14-03-2026 08:42,22-03-2026 08:42,Delivered,Pending,Noida,19-03-2026 08:42
ORD006080,CUST0118,EMP011,14-03-2026 12:28,07-04-2026 12:28,Delivered,Paid,Noida,01-04-2026 12:28
ORD006081,CUST0498,EMP038,14-03-2026 13:12,29-03-2026 13:12,Delivered,Partially Paid,Noida,24-03-2026 13:12
ORD006082,CUST0101,EMP044,14-03-2026 13:59,30-03-2026 13:59,Quotation,Partially Paid,Noida,
ORD006083,CUST0416,EMP030,14-03-2026 15:45,06-04-2026 15:45,In Production,Paid,Jaipur,
ORD006084,CUST0311,EMP026,14-03-2026 20:13,30-03-2026 20:13,Delivered,Paid,Delhi,29-03-2026 20:13
ORD006085,CUST0464,EMP017,14-03-2026 22:28,03-04-2026 22:28,Delivered,Paid,Pune,03-04-2026 22:28
ORD006086,CUST0279,EMP030,14-03-2026 23:32,21-03-2026 23:32,In Production,Paid,Hyderabad,
ORD006087,CUST0297,EMP030,15-03-2026 00:58,26-03-2026 00:58,Delivered,Paid,Bengaluru,20-03-2026 00:58
ORD006088,CUST0113,EMP026,15-03-2026 13:42,03-04-2026 13:42,In Production,Paid,Bengaluru,
ORD006089,CUST0288,EMP030,15-03-2026 15:01,13-04-2026 15:01,Order Confirmed,Paid,Faridabad,
ORD006090,CUST0336,EMP026,15-03-2026 15:14,09-04-2026 15:14,Delivered,Partially Paid,Pune,08-04-2026 15:14
ORD006091,CUST0494,EMP038,15-03-2026 22:09,01-04-2026 22:09,In Production,Paid,Chennai,
ORD006092,CUST0049,EMP030,15-03-2026 22:41,14-04-2026 22:41,In Production,Overdue,Noida,
ORD006093,CUST0079,EMP017,15-03-2026 23:15,28-03-2026 23:15,In Production,Paid,Noida,
ORD006094,CUST0010,EMP030,16-03-2026 15:08,13-04-2026 15:08,Cancelled,Paid,Ahmedabad,
ORD006095,CUST0396,EMP014,16-03-2026 18:48,01-04-2026 18:48,Order Confirmed,Paid,Vadodara,
ORD006096,CUST0042,EMP014,17-03-2026 07:39,26-03-2026 07:39,Order Confirmed,Paid,Faridabad,
ORD006097,CUST0458,EMP038,17-03-2026 10:46,24-03-2026 10:46,In Production,Overdue,Noida,
ORD006098,CUST0183,EMP026,17-03-2026 14:49,16-04-2026 14:49,Quotation,Paid,Pune,
ORD006099,CUST0145,EMP003,17-03-2026 20:42,08-04-2026 20:42,Quotation,Paid,Kolkata,
ORD006100,CUST0488,EMP017,18-03-2026 15:56,28-03-2026 15:56,Quotation,Paid,Delhi,
ORD006101,CUST0361,EMP044,18-03-2026 16:46,17-04-2026 16:46,Order Confirmed,Paid,Vadodara,
ORD006102,CUST0274,EMP030,19-03-2026 16:03,26-03-2026 16:03,Delivered,Pending,Mumbai,25-03-2026 16:03
ORD006103,CUST0445,EMP038,19-03-2026 20:12,03-04-2026 20:12,Order Confirmed,Pending,Ahmedabad,
ORD006104,CUST0378,EMP026,19-03-2026 21:20,12-04-2026 21:20,In Production,Paid,Jaipur,
ORD006105,CUST0319,EMP003,20-03-2026 05:51,28-03-2026 05:51,Delivered,Partially Paid,Hyderabad,28-03-2026 05:51
ORD006106,CUST0161,EMP011,20-03-2026 06:23,17-04-2026 06:23,Quotation,Partially Paid,Kolkata,
ORD006107,CUST0494,EMP003,20-03-2026 13:28,12-04-2026 13:28,Order Confirmed,Paid,Chennai,
ORD006108,CUST0360,EMP034,20-03-2026 14:07,18-04-2026 14:07,On Hold,Paid,Pune,
ORD006109,CUST0473,EMP034,20-03-2026 15:17,16-04-2026 15:17,Delivered,Pending,Ludhiana,15-04-2026 15:17
ORD006110,CUST0484,EMP019,20-03-2026 17:49,15-04-2026 17:49,Delivered,Partially Paid,Ludhiana,15-04-2026 17:49
ORD006111,CUST0275,EMP034,20-03-2026 20:59,01-04-2026 20:59,Dispatched,Paid,Bengaluru,28-03-2026 20:59
ORD006112,CUST0179,EMP026,20-03-2026 21:41,31-03-2026 21:41,On Hold,Paid,Hyderabad,
ORD006113,CUST0474,EMP034,22-03-2026 03:44,03-04-2026 03:44,Order Confirmed,Partially Paid,Bengaluru,
ORD006114,CUST0500,EMP030,22-03-2026 07:36,01-04-2026 07:36,Quotation,Pending,Surat,
ORD006115,CUST0061,EMP019,22-03-2026 15:19,13-04-2026 15:19,Delivered,Paid,Mumbai,10-04-2026 15:19
ORD006116,CUST0320,EMP030,22-03-2026 17:54,30-03-2026 17:54,Quotation,Pending,Jaipur,
ORD006117,CUST0302,EMP017,23-03-2026 02:21,09-04-2026 02:21,Delivered,Paid,Jaipur,09-04-2026 02:21
ORD006118,CUST0375,EMP034,23-03-2026 17:24,12-04-2026 17:24,Quotation,Paid,Surat,
ORD006119,CUST0488,EMP044,23-03-2026 17:43,11-04-2026 17:43,In Production,Partially Paid,Delhi,
ORD006120,CUST0127,EMP014,23-03-2026 21:31,10-04-2026 21:31,Delivered,Paid,Pune,06-04-2026 21:31
ORD006121,CUST0488,EMP030,23-03-2026 23:28,04-04-2026 23:28,Delivered,Paid,Delhi,03-04-2026 23:28
ORD006122,CUST0322,EMP011,24-03-2026 01:45,02-04-2026 01:45,Delivered,Partially Paid,Gurugram,30-03-2026 01:45
ORD006123,CUST0042,EMP017,24-03-2026 02:34,23-04-2026 02:34,Order Confirmed,Paid,Faridabad,
ORD006124,CUST0256,EMP030,24-03-2026 13:19,11-04-2026 13:19,In Production,Paid,Pune,
ORD006125,CUST0067,EMP014,24-03-2026 20:57,14-04-2026 20:57,Delivered,Paid,Pune,09-04-2026 20:57
ORD006126,CUST0479,EMP014,25-03-2026 04:44,14-04-2026 04:44,Quotation,Paid,Gurugram,
ORD006127,CUST0382,EMP017,25-03-2026 07:48,09-04-2026 07:48,Delivered,Paid,Noida,07-04-2026 07:48
ORD006128,CUST0453,EMP011,25-03-2026 08:32,18-04-2026 08:32,Dispatched,Paid,Bengaluru,16-04-2026 08:32
ORD006129,CUST0302,EMP030,25-03-2026 10:30,10-04-2026 10:30,In Production,Overdue,Jaipur,
ORD006130,CUST0199,EMP011,25-03-2026 20:06,10-04-2026 20:06,In Production,Partially Paid,Ludhiana,
ORD006131,CUST0215,EMP017,25-03-2026 22:47,20-04-2026 22:47,Delivered,Partially Paid,Vadodara,14-04-2026 22:47
ORD006132,CUST0474,EMP017,27-03-2026 05:38,10-04-2026 05:38,In Production,Paid,Bengaluru,
ORD006133,CUST0076,EMP044,27-03-2026 11:38,19-04-2026 11:38,Quotation,Paid,Pune,
ORD006134,CUST0443,EMP044,27-03-2026 23:39,18-04-2026 23:39,On Hold,Pending,Kolkata,
ORD006135,CUST0212,EMP003,28-03-2026 06:18,04-04-2026 06:18,Order Confirmed,Partially Paid,Bengaluru,
ORD006136,CUST0296,EMP011,28-03-2026 08:44,20-04-2026 08:44,Delivered,Pending,Hyderabad,15-04-2026 08:44
ORD006137,CUST0334,EMP034,28-03-2026 09:03,23-04-2026 09:03,Quotation,Paid,Chennai,
ORD006138,CUST0042,EMP014,28-03-2026 12:10,10-04-2026 12:10,In Production,Paid,Faridabad,
ORD006139,CUST0075,EMP030,28-03-2026 12:26,25-04-2026 12:26,Dispatched,Paid,Delhi,20-04-2026 12:26
ORD006140,CUST0081,EMP044,28-03-2026 14:00,04-04-2026 14:00,Quotation,Paid,Delhi,
ORD006141,CUST0390,EMP011,28-03-2026 15:58,08-04-2026 15:58,Delivered,Pending,Ahmedabad,07-04-2026 15:58
ORD006142,CUST0039,EMP044,28-03-2026 22:55,26-04-2026 22:55,In Production,Paid,Gurugram,
ORD006143,CUST0306,EMP003,29-03-2026 00:36,25-04-2026 00:36,Delivered,Paid,Bengaluru,24-04-2026 00:36
ORD006144,CUST0054,EMP014,29-03-2026 10:02,23-04-2026 10:02,Delivered,Paid,Chennai,21-04-2026 10:02
ORD006145,CUST0384,EMP026,29-03-2026 21:01,19-04-2026 21:01,Delivered,Partially Paid,Jaipur,18-04-2026 21:01
ORD006146,CUST0489,EMP038,29-03-2026 21:53,09-04-2026 21:53,Dispatched,Pending,Hyderabad,07-04-2026 21:53
ORD006147,CUST0208,EMP026,30-03-2026 04:28,17-04-2026 04:28,In Production,Paid,Mumbai,
ORD006148,CUST0107,EMP011,30-03-2026 07:49,19-04-2026 07:49,Quotation,Overdue,Chennai,
ORD006149,CUST0223,EMP014,30-03-2026 14:47,08-04-2026 14:47,Cancelled,Paid,Jaipur,
ORD006150,CUST0346,EMP034,30-03-2026 22:20,20-04-2026 22:20,Delivered,Pending,Ludhiana,19-04-2026 22:20
ORD006151,CUST0364,EMP026,31-03-2026 04:33,09-04-2026 04:33,Delivered,Partially Paid,Delhi,06-04-2026 04:33
ORD006152,CUST0319,EMP003,31-03-2026 07:00,10-04-2026 07:00,Dispatched,Overdue,Hyderabad,06-04-2026 07:00
ORD006153,CUST0291,EMP026,31-03-2026 07:55,11-04-2026 07:55,In Production,Partially Paid,Pune,
ORD006154,CUST0316,EMP019,31-03-2026 08:08,11-04-2026 08:08,Quotation,Paid,Ludhiana,
ORD006155,CUST0109,EMP003,31-03-2026 08:19,08-04-2026 08:19,Order Confirmed,Paid,Pune,
ORD006156,CUST0104,EMP014,31-03-2026 11:07,29-04-2026 11:07,Dispatched,Pending,Vadodara,27-04-2026 11:07
ORD006157,CUST0466,EMP044,31-03-2026 16:25,26-04-2026 16:25,Order Confirmed,Pending,Noida,
ORD006158,CUST0290,EMP034,31-03-2026 19:09,19-04-2026 19:09,Quotation,Paid,Ahmedabad,
ORD006159,CUST0431,EMP003,31-03-2026 22:53,15-04-2026 22:53,Delivered,Partially Paid,Ludhiana,10-04-2026 22:53
ORD006160,CUST0313,EMP003,01-04-2026 02:30,12-04-2026 02:30,Dispatched,Paid,Pune,10-04-2026 02:30
ORD006161,CUST0228,EMP017,01-04-2026 06:16,30-04-2026 06:16,Dispatched,Paid,Ludhiana,27-04-2026 06:16
ORD006162,CUST0286,EMP019,01-04-2026 06:34,27-04-2026 06:34,Delivered,Paid,Delhi,25-04-2026 06:34
ORD006163,CUST0346,EMP019,01-04-2026 14:24,26-04-2026 14:24,Delivered,Partially Paid,Ludhiana,26-04-2026 14:24
ORD006164,CUST0094,EMP030,01-04-2026 15:02,19-04-2026 15:02,Quotation,Partially Paid,Kolkata,
ORD006165,CUST0232,EMP011,01-04-2026 20:12,08-04-2026 20:12,Delivered,Partially Paid,Gurugram,08-04-2026 20:12
ORD006166,CUST0362,EMP003,01-04-2026 21:52,23-04-2026 21:52,Dispatched,Paid,Chennai,22-04-2026 21:52
ORD006167,CUST0044,EMP030,02-04-2026 04:05,20-04-2026 04:05,Dispatched,Paid,Mumbai,16-04-2026 04:05
ORD006168,CUST0037,EMP038,02-04-2026 10:42,16-04-2026 10:42,Delivered,Paid,Hyderabad,16-04-2026 10:42
ORD006169,CUST0081,EMP011,02-04-2026 17:32,16-04-2026 17:32,Order Confirmed,Paid,Delhi,
ORD006170,CUST0296,EMP017,02-04-2026 17:58,10-04-2026 17:58,Delivered,Paid,Hyderabad,07-04-2026 17:58
ORD006171,CUST0120,EMP030,02-04-2026 20:34,29-04-2026 20:34,In Production,Partially Paid,Delhi,
ORD006172,CUST0219,EMP011,02-04-2026 23:17,12-04-2026 23:17,Quotation,Partially Paid,Chennai,
ORD006173,CUST0067,EMP038,03-04-2026 01:31,29-04-2026 01:31,Dispatched,Pending,Pune,29-04-2026 01:31
ORD006174,CUST0126,EMP014,03-04-2026 18:56,03-05-2026 18:56,In Production,Paid,Gurugram,
ORD006175,CUST0009,EMP026,03-04-2026 23:25,11-04-2026 23:25,Quotation,Pending,Surat,
ORD006176,CUST0404,EMP017,04-04-2026 01:33,25-04-2026 01:33,Dispatched,Paid,Faridabad,23-04-2026 01:33
ORD006177,CUST0234,EMP030,04-04-2026 09:54,12-04-2026 09:54,In Production,Paid,Bengaluru,
ORD006178,CUST0088,EMP011,04-04-2026 10:34,30-04-2026 10:34,Dispatched,Partially Paid,Jaipur,29-04-2026 10:34
ORD006179,CUST0264,EMP003,04-04-2026 13:43,23-04-2026 13:43,Quotation,Overdue,Hyderabad,
ORD006180,CUST0467,EMP026,04-04-2026 17:15,11-04-2026 17:15,In Production,Paid,Delhi,
ORD006181,CUST0413,EMP038,04-04-2026 18:10,29-04-2026 18:10,Dispatched,Partially Paid,Ludhiana,28-04-2026 18:10
ORD006182,CUST0443,EMP030,04-04-2026 23:10,29-04-2026 23:10,Dispatched,Paid,Kolkata,26-04-2026 23:10
ORD006183,CUST0204,EMP034,05-04-2026 02:22,04-05-2026 02:22,Delivered,Paid,Hyderabad,28-04-2026 02:22
ORD006184,CUST0181,EMP019,05-04-2026 07:49,23-04-2026 07:49,On Hold,Paid,Chennai,
ORD006185,CUST0159,EMP011,05-04-2026 10:23,04-05-2026 10:23,Quotation,Paid,Mumbai,
ORD006186,CUST0153,EMP019,05-04-2026 10:25,27-04-2026 10:25,In Production,Partially Paid,Surat,
ORD006187,CUST0460,EMP044,05-04-2026 15:12,24-04-2026 15:12,Delivered,Paid,Jaipur,20-04-2026 15:12
ORD006188,CUST0069,EMP034,05-04-2026 22:51,20-04-2026 22:51,Delivered,Partially Paid,Faridabad,19-04-2026 22:51
ORD006189,CUST0426,EMP034,06-04-2026 00:21,20-04-2026 00:21,On Hold,Pending,Ahmedabad,
ORD006190,CUST0459,EMP017,06-04-2026 01:36,27-04-2026 01:36,Delivered,Pending,Kolkata,22-04-2026 01:36
ORD006191,CUST0423,EMP026,06-04-2026 02:48,30-04-2026 02:48,Delivered,Paid,Chennai,24-04-2026 02:48
ORD006192,CUST0314,EMP030,06-04-2026 06:13,13-04-2026 06:13,Quotation,Paid,Mumbai,
ORD006193,CUST0428,EMP030,06-04-2026 11:10,22-04-2026 11:10,In Production,Paid,Vadodara,
ORD006194,CUST0016,EMP038,06-04-2026 12:41,14-04-2026 12:41,Delivered,Paid,Faridabad,09-04-2026 12:41
ORD006195,CUST0409,EMP030,06-04-2026 21:09,22-04-2026 21:09,Dispatched,Paid,Kolkata,21-04-2026 21:09
ORD006196,CUST0256,EMP014,06-04-2026 22:03,02-05-2026 22:03,Delivered,Paid,Pune,01-05-2026 22:03
ORD006197,CUST0480,EMP014,06-04-2026 22:51,29-04-2026 22:51,On Hold,Partially Paid,Jaipur,
ORD006198,CUST0043,EMP030,07-04-2026 02:13,16-04-2026 02:13,Order Confirmed,Paid,Ludhiana,
ORD006199,CUST0466,EMP038,07-04-2026 09:25,01-05-2026 09:25,Dispatched,Paid,Noida,25-04-2026 09:25
ORD006200,CUST0287,EMP044,07-04-2026 09:41,14-04-2026 09:41,Delivered,Pending,Delhi,08-04-2026 09:41
ORD006201,CUST0052,EMP030,07-04-2026 13:22,14-04-2026 13:22,Delivered,Overdue,Gurugram,12-04-2026 13:22
ORD006202,CUST0255,EMP026,07-04-2026 14:31,05-05-2026 14:31,Delivered,Partially Paid,Noida,02-05-2026 14:31
ORD006203,CUST0019,EMP038,07-04-2026 17:51,14-04-2026 17:51,Delivered,Paid,Vadodara,11-04-2026 17:51
ORD006204,CUST0042,EMP044,08-04-2026 05:13,21-04-2026 05:13,On Hold,Partially Paid,Faridabad,
ORD006205,CUST0266,EMP003,08-04-2026 06:32,18-04-2026 06:32,In Production,Paid,Pune,
ORD006206,CUST0408,EMP017,08-04-2026 09:19,28-04-2026 09:19,Order Confirmed,Pending,Vadodara,
ORD006207,CUST0055,EMP017,08-04-2026 12:52,27-04-2026 12:52,Order Confirmed,Paid,Gurugram,
ORD006208,CUST0132,EMP026,09-04-2026 00:16,06-05-2026 00:16,Dispatched,Partially Paid,Surat,30-04-2026 00:16
ORD006209,CUST0196,EMP014,09-04-2026 00:56,09-05-2026 00:56,Delivered,Paid,Delhi,07-05-2026 00:56
ORD006210,CUST0271,EMP017,09-04-2026 03:39,03-05-2026 03:39,Dispatched,Partially Paid,Faridabad,29-04-2026 03:39
ORD006211,CUST0001,EMP003,09-04-2026 10:40,27-04-2026 10:40,Delivered,Partially Paid,Ludhiana,21-04-2026 10:40
ORD006212,CUST0320,EMP003,10-04-2026 00:12,18-04-2026 00:12,In Production,Partially Paid,Jaipur,
ORD006213,CUST0249,EMP019,10-04-2026 00:51,09-05-2026 00:51,Delivered,Paid,Jaipur,07-05-2026 00:51
ORD006214,CUST0482,EMP044,10-04-2026 07:18,30-04-2026 07:18,Order Confirmed,Paid,Jaipur,
ORD006215,CUST0151,EMP014,10-04-2026 11:05,22-04-2026 11:05,Dispatched,Paid,Ludhiana,21-04-2026 11:05
ORD006216,CUST0247,EMP014,10-04-2026 12:17,30-04-2026 12:17,Order Confirmed,Partially Paid,Kolkata,
ORD006217,CUST0041,EMP014,10-04-2026 20:31,26-04-2026 20:31,Dispatched,Paid,Mumbai,26-04-2026 20:31
ORD006218,CUST0459,EMP044,11-04-2026 03:49,26-04-2026 03:49,Dispatched,Paid,Kolkata,21-04-2026 03:49
ORD006219,CUST0417,EMP030,11-04-2026 03:53,28-04-2026 03:53,Delivered,Partially Paid,Ludhiana,27-04-2026 03:53
ORD006220,CUST0178,EMP030,11-04-2026 07:45,06-05-2026 07:45,Dispatched,Paid,Bengaluru,06-05-2026 07:45
ORD006221,CUST0231,EMP011,11-04-2026 12:15,21-04-2026 12:15,On Hold,Partially Paid,Bengaluru,
ORD006222,CUST0429,EMP044,11-04-2026 16:49,11-05-2026 16:49,Cancelled,Paid,Jaipur,
ORD006223,CUST0148,EMP011,11-04-2026 18:58,19-04-2026 18:58,In Production,Partially Paid,Vadodara,
ORD006224,CUST0118,EMP044,11-04-2026 19:13,21-04-2026 19:13,Order Confirmed,Paid,Noida,
ORD006225,CUST0121,EMP044,11-04-2026 19:38,04-05-2026 19:38,Quotation,Pending,Bengaluru,
ORD006226,CUST0354,EMP026,11-04-2026 22:10,21-04-2026 22:10,Order Confirmed,Paid,Pune,
ORD006227,CUST0106,EMP038,12-04-2026 00:09,07-05-2026 00:09,Order Confirmed,Paid,Vadodara,
ORD006228,CUST0045,EMP044,12-04-2026 00:46,06-05-2026 00:46,Delivered,Paid,Bengaluru,03-05-2026 00:46
ORD006229,CUST0083,EMP026,12-04-2026 03:22,29-04-2026 03:22,Cancelled,Pending,Kolkata,
ORD006230,CUST0494,EMP034,12-04-2026 04:26,29-04-2026 04:26,Order Confirmed,Paid,Chennai,
ORD006231,CUST0437,EMP026,12-04-2026 05:02,12-05-2026 05:02,Delivered,Paid,Surat,09-05-2026 05:02
ORD006232,CUST0477,EMP026,12-04-2026 08:28,08-05-2026 08:28,Delivered,Paid,Jaipur,08-05-2026 08:28
ORD006233,CUST0139,EMP017,13-04-2026 08:06,05-05-2026 08:06,In Production,Pending,Gurugram,
ORD006234,CUST0222,EMP030,13-04-2026 13:51,23-04-2026 13:51,Delivered,Paid,Vadodara,18-04-2026 13:51
ORD006235,CUST0246,EMP014,13-04-2026 17:00,04-05-2026 17:00,On Hold,Paid,Gurugram,
ORD006236,CUST0262,EMP011,13-04-2026 21:04,20-04-2026 21:04,On Hold,Paid,Ludhiana,
ORD006237,CUST0014,EMP014,14-04-2026 04:56,27-04-2026 04:56,Delivered,Paid,Jaipur,24-04-2026 04:56
ORD006238,CUST0299,EMP003,14-04-2026 09:12,07-05-2026 09:12,In Production,Paid,Jaipur,
ORD006239,CUST0020,EMP044,14-04-2026 11:17,30-04-2026 11:17,Order Confirmed,Paid,Jaipur,
ORD006240,CUST0138,EMP014,14-04-2026 13:19,14-05-2026 13:19,On Hold,Paid,Jaipur,
ORD006241,CUST0147,EMP034,14-04-2026 14:17,13-05-2026 14:17,In Production,Overdue,Bengaluru,
ORD006242,CUST0338,EMP019,14-04-2026 16:49,23-04-2026 16:49,Dispatched,Paid,Gurugram,20-04-2026 16:49
ORD006243,CUST0449,EMP017,14-04-2026 18:55,12-05-2026 18:55,In Production,Partially Paid,Ahmedabad,
ORD006244,CUST0350,EMP014,14-04-2026 22:02,11-05-2026 22:02,Dispatched,Paid,Bengaluru,09-05-2026 22:02
ORD006245,CUST0218,EMP038,14-04-2026 22:20,23-04-2026 22:20,Order Confirmed,Paid,Bengaluru,
ORD006246,CUST0263,EMP026,14-04-2026 22:42,30-04-2026 22:42,Delivered,Pending,Vadodara,26-04-2026 22:42
ORD006247,CUST0257,EMP019,15-04-2026 01:42,14-05-2026 01:42,Dispatched,Partially Paid,Bengaluru,09-05-2026 01:42
ORD006248,CUST0074,EMP030,15-04-2026 07:20,22-04-2026 07:20,Dispatched,Partially Paid,Jaipur,17-04-2026 07:20
ORD006249,CUST0479,EMP038,15-04-2026 08:02,23-04-2026 08:02,In Production,Partially Paid,Gurugram,
ORD006250,CUST0460,EMP030,15-04-2026 14:05,04-05-2026 14:05,Delivered,Paid,Jaipur,02-05-2026 14:05
ORD006251,CUST0121,EMP019,15-04-2026 19:09,14-05-2026 19:09,Delivered,Overdue,Bengaluru,11-05-2026 19:09
ORD006252,CUST0058,EMP038,16-04-2026 12:56,29-04-2026 12:56,Cancelled,Paid,Vadodara,
ORD006253,CUST0083,EMP038,16-04-2026 21:14,11-05-2026 21:14,Delivered,Pending,Kolkata,10-05-2026 21:14
ORD006254,CUST0315,EMP044,17-04-2026 00:09,10-05-2026 00:09,Dispatched,Partially Paid,Delhi,09-05-2026 00:09
ORD006255,CUST0015,EMP003,17-04-2026 08:48,27-04-2026 08:48,Delivered,Paid,Hyderabad,21-04-2026 08:48
ORD006256,CUST0052,EMP038,17-04-2026 13:33,30-04-2026 13:33,Dispatched,Paid,Gurugram,28-04-2026 13:33
ORD006257,CUST0325,EMP011,18-04-2026 03:00,09-05-2026 03:00,Delivered,Overdue,Mumbai,08-05-2026 03:00
ORD006258,CUST0074,EMP030,18-04-2026 04:12,06-05-2026 04:12,Delivered,Paid,Jaipur,01-05-2026 04:12
ORD006259,CUST0035,EMP030,18-04-2026 08:23,30-04-2026 08:23,In Production,Paid,Ahmedabad,
ORD006260,CUST0011,EMP014,18-04-2026 09:19,29-04-2026 09:19,Dispatched,Partially Paid,Kolkata,25-04-2026 09:19
ORD006261,CUST0353,EMP003,18-04-2026 15:14,08-05-2026 15:14,Delivered,Paid,Hyderabad,07-05-2026 15:14
ORD006262,CUST0182,EMP044,18-04-2026 18:34,14-05-2026 18:34,In Production,Paid,Mumbai,
ORD006263,CUST0143,EMP038,19-04-2026 00:05,05-05-2026 00:05,Delivered,Partially Paid,Jaipur,04-05-2026 00:05
ORD006264,CUST0320,EMP011,19-04-2026 10:58,18-05-2026 10:58,In Production,Pending,Jaipur,
ORD006265,CUST0086,EMP030,19-04-2026 20:05,12-05-2026 20:05,Delivered,Paid,Pune,08-05-2026 20:05
ORD006266,CUST0261,EMP011,20-04-2026 02:12,06-05-2026 02:12,Delivered,Overdue,Surat,30-04-2026 02:12
ORD006267,CUST0242,EMP026,20-04-2026 04:25,13-05-2026 04:25,Quotation,Paid,Jaipur,
ORD006268,CUST0338,EMP017,20-04-2026 11:16,07-05-2026 11:16,Order Confirmed,Paid,Gurugram,
ORD006269,CUST0312,EMP034,20-04-2026 13:17,15-05-2026 13:17,Delivered,Paid,Pune,14-05-2026 13:17
ORD006270,CUST0338,EMP026,20-04-2026 15:40,20-05-2026 15:40,Order Confirmed,Paid,Gurugram,
ORD006271,CUST0107,EMP019,21-04-2026 00:06,16-05-2026 00:06,Order Confirmed,Partially Paid,Chennai,
ORD006272,CUST0071,EMP030,21-04-2026 01:15,01-05-2026 01:15,Delivered,Paid,Surat,30-04-2026 01:15
ORD006273,CUST0267,EMP019,21-04-2026 07:38,29-04-2026 07:38,Quotation,Paid,Bengaluru,
ORD006274,CUST0029,EMP003,21-04-2026 08:15,17-05-2026 08:15,Delivered,Partially Paid,Surat,11-05-2026 08:15
ORD006275,CUST0228,EMP026,21-04-2026 13:25,18-05-2026 13:25,Quotation,Partially Paid,Ludhiana,
ORD006276,CUST0313,EMP034,21-04-2026 14:40,11-05-2026 14:40,Order Confirmed,Partially Paid,Pune,
ORD006277,CUST0411,EMP019,21-04-2026 18:14,03-05-2026 18:14,In Production,Paid,Pune,
ORD006278,CUST0327,EMP011,21-04-2026 21:46,19-05-2026 21:46,On Hold,Overdue,Kolkata,
ORD006279,CUST0498,EMP003,22-04-2026 00:05,09-05-2026 00:05,Delivered,Partially Paid,Noida,04-05-2026 00:05
ORD006280,CUST0279,EMP014,22-04-2026 10:21,06-05-2026 10:21,In Production,Pending,Hyderabad,
ORD006281,CUST0224,EMP034,22-04-2026 15:25,07-05-2026 15:25,Dispatched,Overdue,Faridabad,03-05-2026 15:25
ORD006282,CUST0123,EMP017,22-04-2026 19:57,06-05-2026 19:57,Delivered,Pending,Faridabad,04-05-2026 19:57
ORD006283,CUST0337,EMP044,22-04-2026 23:50,05-05-2026 23:50,Delivered,Paid,Noida,02-05-2026 23:50
ORD006284,CUST0406,EMP017,23-04-2026 12:01,07-05-2026 12:01,In Production,Paid,Faridabad,
ORD006285,CUST0161,EMP019,23-04-2026 18:27,16-05-2026 18:27,Order Confirmed,Paid,Kolkata,
ORD006286,CUST0038,EMP034,24-04-2026 01:25,01-05-2026 01:25,Dispatched,Paid,Ludhiana,30-04-2026 01:25
ORD006287,CUST0006,EMP030,24-04-2026 03:56,09-05-2026 03:56,Delivered,Paid,Hyderabad,04-05-2026 03:56
ORD006288,CUST0317,EMP003,24-04-2026 05:00,05-05-2026 05:00,Delivered,Paid,Faridabad,02-05-2026 05:00
ORD006289,CUST0332,EMP003,24-04-2026 14:31,16-05-2026 14:31,Delivered,Paid,Hyderabad,11-05-2026 14:31
ORD006290,CUST0061,EMP011,24-04-2026 19:49,24-05-2026 19:49,Delivered,Pending,Mumbai,18-05-2026 19:49
ORD006291,CUST0012,EMP038,24-04-2026 20:27,19-05-2026 20:27,Dispatched,Paid,Gurugram,19-05-2026 20:27
ORD006292,CUST0328,EMP003,24-04-2026 22:57,06-05-2026 22:57,Delivered,Overdue,Ludhiana,30-04-2026 22:57
ORD006293,CUST0199,EMP003,25-04-2026 01:19,14-05-2026 01:19,Delivered,Partially Paid,Ludhiana,12-05-2026 01:19
ORD006294,CUST0209,EMP034,25-04-2026 09:30,02-05-2026 09:30,Order Confirmed,Pending,Ahmedabad,
ORD006295,CUST0132,EMP030,25-04-2026 15:54,11-05-2026 15:54,Cancelled,Paid,Surat,
ORD006296,CUST0360,EMP044,25-04-2026 21:52,08-05-2026 21:52,In Production,Overdue,Pune,
ORD006297,CUST0373,EMP014,25-04-2026 23:10,14-05-2026 23:10,Delivered,Paid,Kolkata,12-05-2026 23:10
ORD006298,CUST0027,EMP030,26-04-2026 06:32,12-05-2026 06:32,Delivered,Pending,Bengaluru,09-05-2026 06:32
ORD006299,CUST0045,EMP011,26-04-2026 18:43,19-05-2026 18:43,Delivered,Paid,Bengaluru,17-05-2026 18:43
ORD006300,CUST0278,EMP026,26-04-2026 19:19,16-05-2026 19:19,Order Confirmed,Paid,Ludhiana,
ORD006301,CUST0302,EMP011,27-04-2026 05:38,26-05-2026 05:38,Delivered,Paid,Jaipur,24-05-2026 05:38
ORD006302,CUST0073,EMP044,27-04-2026 07:21,05-05-2026 07:21,Order Confirmed,Partially Paid,Noida,
ORD006303,CUST0080,EMP019,27-04-2026 10:21,26-05-2026 10:21,Order Confirmed,Pending,Kolkata,
ORD006304,CUST0342,EMP014,27-04-2026 16:49,22-05-2026 16:49,Delivered,Partially Paid,Delhi,18-05-2026 16:49
ORD006305,CUST0228,EMP044,27-04-2026 17:26,21-05-2026 17:26,Order Confirmed,Partially Paid,Ludhiana,
ORD006306,CUST0060,EMP003,28-04-2026 18:55,24-05-2026 18:55,Delivered,Paid,Vadodara,22-05-2026 18:55
ORD006307,CUST0305,EMP034,28-04-2026 19:21,06-05-2026 19:21,Dispatched,Overdue,Noida,02-05-2026 19:21
ORD006308,CUST0037,EMP026,29-04-2026 18:12,11-05-2026 18:12,Cancelled,Paid,Hyderabad,
ORD006309,CUST0116,EMP030,30-04-2026 03:12,07-05-2026 03:12,Delivered,Pending,Vadodara,05-05-2026 03:12
ORD006310,CUST0357,EMP014,30-04-2026 04:28,26-05-2026 04:28,In Production,Pending,Noida,
ORD006311,CUST0112,EMP038,30-04-2026 06:07,15-05-2026 06:07,Delivered,Paid,Faridabad,13-05-2026 06:07
ORD006312,CUST0032,EMP019,30-04-2026 07:32,15-05-2026 07:32,Order Confirmed,Paid,Jaipur,
ORD006313,CUST0480,EMP019,30-04-2026 23:51,21-05-2026 23:51,Delivered,Partially Paid,Jaipur,21-05-2026 23:51
ORD006314,CUST0113,EMP019,01-05-2026 12:42,18-05-2026 12:42,Delivered,Overdue,Bengaluru,12-05-2026 12:42
ORD006315,CUST0258,EMP014,01-05-2026 12:54,23-05-2026 12:54,Delivered,Partially Paid,Bengaluru,23-05-2026 12:54
ORD006316,CUST0413,EMP017,01-05-2026 17:06,30-05-2026 17:06,Delivered,Pending,Ludhiana,27-05-2026 17:06
ORD006317,CUST0495,EMP011,02-05-2026 01:08,16-05-2026 01:08,Delivered,Overdue,Delhi,15-05-2026 01:08
ORD006318,CUST0405,EMP019,02-05-2026 01:13,30-05-2026 01:13,Delivered,Paid,Vadodara,24-05-2026 01:13
ORD006319,CUST0170,EMP019,02-05-2026 01:36,21-05-2026 01:36,Cancelled,Paid,Mumbai,
ORD006320,CUST0428,EMP017,02-05-2026 08:26,18-05-2026 08:26,Order Confirmed,Paid,Vadodara,
ORD006321,CUST0007,EMP044,02-05-2026 18:17,31-05-2026 18:17,In Production,Paid,Gurugram,
ORD006322,CUST0164,EMP011,03-05-2026 06:10,21-05-2026 06:10,Delivered,Pending,Hyderabad,21-05-2026 06:10
ORD006323,CUST0100,EMP044,03-05-2026 22:40,13-05-2026 22:40,In Production,Paid,Pune,
ORD006324,CUST0265,EMP038,03-05-2026 23:17,16-05-2026 23:17,Dispatched,Partially Paid,Bengaluru,14-05-2026 23:17
ORD006325,CUST0446,EMP003,04-05-2026 00:27,31-05-2026 00:27,Delivered,Paid,Kolkata,28-05-2026 00:27
ORD006326,CUST0387,EMP034,04-05-2026 02:33,23-05-2026 02:33,Delivered,Pending,Pune,17-05-2026 02:33
ORD006327,CUST0500,EMP014,04-05-2026 08:03,24-05-2026 08:03,Order Confirmed,Paid,Surat,
ORD006328,CUST0069,EMP003,04-05-2026 08:55,27-05-2026 08:55,Order Confirmed,Paid,Faridabad,
ORD006329,CUST0377,EMP038,04-05-2026 16:28,15-05-2026 16:28,In Production,Paid,Delhi,
ORD006330,CUST0363,EMP011,04-05-2026 20:22,13-05-2026 20:22,In Production,Pending,Vadodara,
ORD006331,CUST0229,EMP014,05-05-2026 00:35,22-05-2026 00:35,Order Confirmed,Paid,Noida,
ORD006332,CUST0049,EMP003,05-05-2026 05:19,03-06-2026 05:19,Delivered,Paid,Noida,02-06-2026 05:19
ORD006333,CUST0053,EMP011,05-05-2026 08:38,15-05-2026 08:38,In Production,Pending,Kolkata,
ORD006334,CUST0457,EMP003,05-05-2026 09:24,29-05-2026 09:24,Delivered,Paid,Delhi,24-05-2026 09:24
ORD006335,CUST0148,EMP038,05-05-2026 10:40,04-06-2026 10:40,On Hold,Paid,Vadodara,
ORD006336,CUST0319,EMP003,05-05-2026 14:21,14-05-2026 14:21,In Production,Paid,Hyderabad,
ORD006337,CUST0473,EMP034,05-05-2026 17:29,15-05-2026 17:29,On Hold,Paid,Ludhiana,
ORD006338,CUST0247,EMP011,06-05-2026 05:28,02-06-2026 05:28,Order Confirmed,Paid,Kolkata,
ORD006339,CUST0105,EMP044,06-05-2026 13:18,15-05-2026 13:18,Delivered,Paid,Ludhiana,15-05-2026 13:18
ORD006340,CUST0243,EMP038,07-05-2026 07:32,31-05-2026 07:32,On Hold,Paid,Ahmedabad,
ORD006341,CUST0115,EMP030,07-05-2026 07:50,02-06-2026 07:50,Delivered,Paid,Kolkata,31-05-2026 07:50
ORD006342,CUST0091,EMP038,07-05-2026 13:55,21-05-2026 13:55,Order Confirmed,Paid,Jaipur,
ORD006343,CUST0406,EMP014,07-05-2026 20:09,20-05-2026 20:09,Order Confirmed,Paid,Faridabad,
ORD006344,CUST0173,EMP034,07-05-2026 22:06,26-05-2026 22:06,In Production,Paid,Ahmedabad,
ORD006345,CUST0343,EMP014,08-05-2026 02:24,27-05-2026 02:24,Cancelled,Paid,Ahmedabad,
ORD006346,CUST0364,EMP030,08-05-2026 06:49,04-06-2026 06:49,Order Confirmed,Paid,Delhi,
ORD006347,CUST0275,EMP044,08-05-2026 17:22,29-05-2026 17:22,Dispatched,Pending,Bengaluru,24-05-2026 17:22
ORD006348,CUST0271,EMP034,08-05-2026 20:35,07-06-2026 20:35,In Production,Paid,Faridabad,
ORD006349,CUST0091,EMP014,08-05-2026 20:41,20-05-2026 20:41,In Production,Pending,Jaipur,
ORD006350,CUST0265,EMP034,08-05-2026 22:51,21-05-2026 22:51,In Production,Paid,Bengaluru,
ORD006351,CUST0376,EMP038,08-05-2026 23:23,20-05-2026 23:23,In Production,Paid,Hyderabad,
ORD006352,CUST0098,EMP038,09-05-2026 00:18,31-05-2026 00:18,Delivered,Partially Paid,Ludhiana,29-05-2026 00:18
ORD006353,CUST0117,EMP034,09-05-2026 04:11,16-05-2026 04:11,Dispatched,Paid,Delhi,12-05-2026 04:11
ORD006354,CUST0346,EMP034,09-05-2026 09:35,05-06-2026 09:35,Dispatched,Overdue,Ludhiana,03-06-2026 09:35
ORD006355,CUST0491,EMP034,09-05-2026 09:50,03-06-2026 09:50,Dispatched,Paid,Faridabad,28-05-2026 09:50
ORD006356,CUST0197,EMP034,10-05-2026 09:11,09-06-2026 09:11,In Production,Paid,Kolkata,
ORD006357,CUST0415,EMP011,10-05-2026 13:53,09-06-2026 13:53,Delivered,Paid,Noida,09-06-2026 13:53
ORD006358,CUST0092,EMP038,10-05-2026 19:59,18-05-2026 19:59,Dispatched,Partially Paid,Bengaluru,12-05-2026 19:59
ORD006359,CUST0285,EMP011,11-05-2026 02:09,04-06-2026 02:09,Dispatched,Paid,Jaipur,03-06-2026 02:09
ORD006360,CUST0472,EMP026,11-05-2026 02:49,30-05-2026 02:49,Order Confirmed,Paid,Mumbai,
ORD006361,CUST0221,EMP017,11-05-2026 07:17,04-06-2026 07:17,Quotation,Overdue,Surat,
ORD006362,CUST0254,EMP014,11-05-2026 07:24,07-06-2026 07:24,Delivered,Paid,Hyderabad,03-06-2026 07:24
ORD006363,CUST0078,EMP014,11-05-2026 11:35,31-05-2026 11:35,Delivered,Paid,Noida,30-05-2026 11:35
ORD006364,CUST0265,EMP003,11-05-2026 14:04,18-05-2026 14:04,Order Confirmed,Paid,Bengaluru,
ORD006365,CUST0293,EMP019,11-05-2026 16:27,07-06-2026 16:27,In Production,Paid,Gurugram,
ORD006366,CUST0491,EMP019,11-05-2026 18:23,28-05-2026 18:23,In Production,Paid,Faridabad,
ORD006367,CUST0101,EMP019,12-05-2026 05:02,30-05-2026 05:02,Delivered,Partially Paid,Noida,25-05-2026 05:02
ORD006368,CUST0184,EMP003,12-05-2026 12:51,02-06-2026 12:51,Order Confirmed,Overdue,Pune,
ORD006369,CUST0324,EMP030,12-05-2026 16:37,09-06-2026 16:37,On Hold,Paid,Ludhiana,
ORD006370,CUST0472,EMP011,12-05-2026 18:41,31-05-2026 18:41,Quotation,Paid,Mumbai,
ORD006371,CUST0119,EMP038,13-05-2026 00:50,24-05-2026 00:50,On Hold,Paid,Hyderabad,
ORD006372,CUST0348,EMP003,13-05-2026 02:32,06-06-2026 02:32,Quotation,Paid,Gurugram,
ORD006373,CUST0440,EMP003,13-05-2026 11:46,04-06-2026 11:46,In Production,Paid,Ahmedabad,
ORD006374,CUST0317,EMP017,13-05-2026 18:10,21-05-2026 18:10,Order Confirmed,Paid,Faridabad,
ORD006375,CUST0214,EMP019,13-05-2026 21:48,01-06-2026 21:48,Order Confirmed,Pending,Bengaluru,
ORD006376,CUST0118,EMP044,13-05-2026 22:46,07-06-2026 22:46,On Hold,Paid,Noida,
ORD006377,CUST0145,EMP026,14-05-2026 01:15,11-06-2026 01:15,Dispatched,Pending,Kolkata,07-06-2026 01:15
ORD006378,CUST0026,EMP017,14-05-2026 02:11,27-05-2026 02:11,Order Confirmed,Pending,Ludhiana,
ORD006379,CUST0077,EMP038,14-05-2026 08:21,02-06-2026 08:21,On Hold,Paid,Kolkata,
ORD006380,CUST0219,EMP014,14-05-2026 08:35,09-06-2026 08:35,Order Confirmed,Pending,Chennai,
ORD006381,CUST0071,EMP038,14-05-2026 16:10,04-06-2026 16:10,Quotation,Partially Paid,Surat,
ORD006382,CUST0006,EMP019,14-05-2026 21:26,31-05-2026 21:26,Quotation,Paid,Hyderabad,
ORD006383,CUST0347,EMP017,15-05-2026 06:01,26-05-2026 06:01,Dispatched,Paid,Noida,25-05-2026 06:01
ORD006384,CUST0036,EMP017,15-05-2026 06:25,23-05-2026 06:25,Cancelled,Paid,Delhi,
ORD006385,CUST0071,EMP003,15-05-2026 07:57,07-06-2026 07:57,Quotation,Paid,Surat,
ORD006386,CUST0298,EMP030,15-05-2026 08:49,14-06-2026 08:49,Delivered,Pending,Ahmedabad,13-06-2026 08:49
ORD006387,CUST0461,EMP026,15-05-2026 10:23,05-06-2026 10:23,In Production,Paid,Delhi,
ORD006388,CUST0363,EMP030,15-05-2026 10:42,09-06-2026 10:42,Order Confirmed,Paid,Vadodara,
ORD006389,CUST0017,EMP030,15-05-2026 11:52,07-06-2026 11:52,Delivered,Partially Paid,Pune,03-06-2026 11:52
ORD006390,CUST0084,EMP003,15-05-2026 13:28,30-05-2026 13:28,Delivered,Overdue,Chennai,27-05-2026 13:28
ORD006391,CUST0371,EMP038,15-05-2026 15:13,03-06-2026 15:13,Delivered,Paid,Noida,31-05-2026 15:13
ORD006392,CUST0367,EMP026,15-05-2026 16:18,28-05-2026 16:18,Order Confirmed,Paid,Delhi,
ORD006393,CUST0196,EMP030,15-05-2026 20:45,27-05-2026 20:45,Quotation,Paid,Delhi,
ORD006394,CUST0475,EMP003,16-05-2026 04:57,06-06-2026 04:57,Delivered,Overdue,Surat,04-06-2026 04:57
ORD006395,CUST0445,EMP034,16-05-2026 15:45,07-06-2026 15:45,Delivered,Paid,Ahmedabad,03-06-2026 15:45
ORD006396,CUST0372,EMP030,16-05-2026 16:31,15-06-2026 16:31,Dispatched,Paid,Pune,09-06-2026 16:31
ORD006397,CUST0375,EMP017,16-05-2026 21:57,28-05-2026 21:57,Order Confirmed,Paid,Surat,
ORD006398,CUST0393,EMP044,17-05-2026 01:07,30-05-2026 01:07,Delivered,Paid,Faridabad,30-05-2026 01:07
ORD006399,CUST0075,EMP030,17-05-2026 20:04,27-05-2026 20:04,Quotation,Paid,Delhi,
ORD006400,CUST0351,EMP044,17-05-2026 20:15,15-06-2026 20:15,Delivered,Pending,Faridabad,11-06-2026 20:15
ORD006401,CUST0470,EMP038,18-05-2026 07:20,12-06-2026 07:20,Delivered,Partially Paid,Jaipur,06-06-2026 07:20
ORD006402,CUST0113,EMP014,18-05-2026 17:53,01-06-2026 17:53,Order Confirmed,Paid,Bengaluru,
ORD006403,CUST0008,EMP044,19-05-2026 01:16,18-06-2026 01:16,Dispatched,Overdue,Noida,17-06-2026 01:16
ORD006404,CUST0181,EMP034,19-05-2026 08:50,11-06-2026 08:50,Dispatched,Paid,Chennai,09-06-2026 08:50
ORD006405,CUST0135,EMP011,19-05-2026 11:01,06-06-2026 11:01,Delivered,Paid,Faridabad,03-06-2026 11:01
ORD006406,CUST0475,EMP034,20-05-2026 02:03,05-06-2026 02:03,Cancelled,Paid,Surat,
ORD006407,CUST0223,EMP019,20-05-2026 05:36,09-06-2026 05:36,Delivered,Paid,Jaipur,04-06-2026 05:36
ORD006408,CUST0331,EMP038,20-05-2026 09:19,29-05-2026 09:19,Quotation,Paid,Bengaluru,
ORD006409,CUST0491,EMP011,20-05-2026 10:12,31-05-2026 10:12,In Production,Paid,Faridabad,
ORD006410,CUST0395,EMP014,20-05-2026 22:44,18-06-2026 22:44,Delivered,Paid,Bengaluru,14-06-2026 22:44
ORD006411,CUST0375,EMP017,21-05-2026 00:48,01-06-2026 00:48,In Production,Overdue,Surat,
ORD006412,CUST0485,EMP019,21-05-2026 04:12,31-05-2026 04:12,Delivered,Paid,Chennai,25-05-2026 04:12
ORD006413,CUST0345,EMP030,21-05-2026 09:03,17-06-2026 09:03,Order Confirmed,Paid,Faridabad,
ORD006414,CUST0116,EMP014,21-05-2026 10:28,19-06-2026 10:28,Order Confirmed,Paid,Vadodara,
ORD006415,CUST0364,EMP034,21-05-2026 11:39,16-06-2026 11:39,Order Confirmed,Pending,Delhi,
ORD006416,CUST0161,EMP003,22-05-2026 03:09,31-05-2026 03:09,Delivered,Paid,Kolkata,28-05-2026 03:09
ORD006417,CUST0166,EMP017,22-05-2026 04:52,18-06-2026 04:52,Delivered,Paid,Hyderabad,12-06-2026 04:52
ORD006418,CUST0323,EMP030,22-05-2026 17:09,04-06-2026 17:09,Dispatched,Pending,Vadodara,01-06-2026 17:09
ORD006419,CUST0158,EMP014,23-05-2026 07:57,30-05-2026 07:57,In Production,Paid,Surat,
ORD006420,CUST0013,EMP019,23-05-2026 08:39,21-06-2026 08:39,Cancelled,Pending,Mumbai,
ORD006421,CUST0500,EMP030,23-05-2026 09:34,05-06-2026 09:34,Delivered,Paid,Surat,03-06-2026 09:34
ORD006422,CUST0286,EMP014,23-05-2026 23:29,14-06-2026 23:29,In Production,Pending,Delhi,
ORD006423,CUST0336,EMP044,24-05-2026 01:21,01-06-2026 01:21,Delivered,Paid,Pune,28-05-2026 01:21
ORD006424,CUST0405,EMP038,24-05-2026 04:54,04-06-2026 04:54,Cancelled,Overdue,Vadodara,
ORD006425,CUST0318,EMP044,24-05-2026 04:58,21-06-2026 04:58,In Production,Paid,Delhi,
ORD006426,CUST0306,EMP019,24-05-2026 05:03,14-06-2026 05:03,In Production,Paid,Bengaluru,
ORD006427,CUST0396,EMP017,24-05-2026 11:31,23-06-2026 11:31,Delivered,Partially Paid,Vadodara,21-06-2026 11:31
ORD006428,CUST0148,EMP044,24-05-2026 12:53,04-06-2026 12:53,In Production,Paid,Vadodara,
ORD006429,CUST0415,EMP034,24-05-2026 13:59,21-06-2026 13:59,Delivered,Paid,Noida,17-06-2026 13:59
ORD006430,CUST0363,EMP034,24-05-2026 15:15,20-06-2026 15:15,Delivered,Paid,Vadodara,16-06-2026 15:15
ORD006431,CUST0092,EMP011,24-05-2026 15:51,22-06-2026 15:51,Order Confirmed,Paid,Bengaluru,
ORD006432,CUST0074,EMP038,24-05-2026 22:37,01-06-2026 22:37,In Production,Paid,Jaipur,
ORD006433,CUST0440,EMP026,25-05-2026 02:40,03-06-2026 02:40,Delivered,Paid,Ahmedabad,03-06-2026 02:40
ORD006434,CUST0448,EMP034,25-05-2026 05:08,13-06-2026 05:08,Quotation,Paid,Bengaluru,
ORD006435,CUST0497,EMP038,25-05-2026 11:59,03-06-2026 11:59,In Production,Paid,Vadodara,
ORD006436,CUST0051,EMP011,25-05-2026 15:41,02-06-2026 15:41,Quotation,Partially Paid,Delhi,
ORD006437,CUST0448,EMP003,25-05-2026 19:02,20-06-2026 19:02,Delivered,Paid,Bengaluru,17-06-2026 19:02
ORD006438,CUST0432,EMP003,25-05-2026 19:31,17-06-2026 19:31,Order Confirmed,Paid,Jaipur,
ORD006439,CUST0384,EMP030,26-05-2026 05:50,22-06-2026 05:50,Quotation,Paid,Jaipur,
ORD006440,CUST0249,EMP044,26-05-2026 08:42,24-06-2026 08:42,Delivered,Paid,Jaipur,24-06-2026 08:42
ORD006441,CUST0255,EMP003,26-05-2026 09:10,05-06-2026 09:10,Order Confirmed,Paid,Noida,
ORD006442,CUST0215,EMP011,26-05-2026 09:11,21-06-2026 09:11,Delivered,Paid,Vadodara,19-06-2026 09:11
ORD006443,CUST0015,EMP019,26-05-2026 09:56,03-06-2026 09:56,In Production,Paid,Hyderabad,
ORD006444,CUST0251,EMP017,26-05-2026 15:06,10-06-2026 15:06,Delivered,Partially Paid,Vadodara,06-06-2026 15:06
ORD006445,CUST0119,EMP011,26-05-2026 19:41,09-06-2026 19:41,Order Confirmed,Paid,Hyderabad,
ORD006446,CUST0101,EMP030,26-05-2026 20:27,07-06-2026 20:27,Order Confirmed,Paid,Noida,
ORD006447,CUST0028,EMP044,27-05-2026 00:11,20-06-2026 00:11,Order Confirmed,Paid,Gurugram,
ORD006448,CUST0229,EMP014,27-05-2026 12:20,05-06-2026 12:20,Cancelled,Paid,Noida,
ORD006449,CUST0024,EMP003,27-05-2026 16:59,22-06-2026 16:59,Delivered,Partially Paid,Chennai,18-06-2026 16:59
ORD006450,CUST0425,EMP014,28-05-2026 04:01,24-06-2026 04:01,In Production,Partially Paid,Pune,
ORD006451,CUST0445,EMP011,28-05-2026 04:12,19-06-2026 04:12,Order Confirmed,Overdue,Ahmedabad,
ORD006452,CUST0401,EMP019,28-05-2026 09:31,05-06-2026 09:31,Order Confirmed,Paid,Vadodara,
ORD006453,CUST0151,EMP011,28-05-2026 09:57,18-06-2026 09:57,Order Confirmed,Paid,Ludhiana,
ORD006454,CUST0082,EMP017,28-05-2026 16:58,19-06-2026 16:58,Order Confirmed,Pending,Ahmedabad,
ORD006455,CUST0253,EMP011,28-05-2026 17:26,12-06-2026 17:26,Delivered,Partially Paid,Bengaluru,12-06-2026 17:26
ORD006456,CUST0337,EMP030,28-05-2026 20:51,12-06-2026 20:51,Quotation,Paid,Noida,
ORD006457,CUST0011,EMP019,29-05-2026 02:16,16-06-2026 02:16,Delivered,Paid,Kolkata,10-06-2026 02:16
ORD006458,CUST0429,EMP003,29-05-2026 04:21,28-06-2026 04:21,Quotation,Paid,Jaipur,
ORD006459,CUST0220,EMP003,29-05-2026 09:47,05-06-2026 09:47,Delivered,Paid,Noida,31-05-2026 09:47
ORD006460,CUST0410,EMP019,29-05-2026 12:40,17-06-2026 12:40,Dispatched,Paid,Ahmedabad,15-06-2026 12:40
ORD006461,CUST0039,EMP026,29-05-2026 19:58,12-06-2026 19:58,Quotation,Paid,Gurugram,
ORD006462,CUST0213,EMP011,30-05-2026 14:01,19-06-2026 14:01,Delivered,Overdue,Surat,16-06-2026 14:01
ORD006463,CUST0230,EMP017,31-05-2026 07:20,07-06-2026 07:20,Order Confirmed,Paid,Bengaluru,
ORD006464,CUST0025,EMP030,31-05-2026 07:55,29-06-2026 07:55,Delivered,Partially Paid,Kolkata,29-06-2026 07:55
ORD006465,CUST0354,EMP019,31-05-2026 15:49,17-06-2026 15:49,Delivered,Paid,Pune,15-06-2026 15:49
ORD006466,CUST0466,EMP011,31-05-2026 22:09,30-06-2026 22:09,On Hold,Paid,Noida,
ORD006467,CUST0271,EMP017,31-05-2026 23:16,10-06-2026 23:16,Delivered,Pending,Faridabad,06-06-2026 23:16
ORD006468,CUST0198,EMP011,31-05-2026 23:34,21-06-2026 23:34,Order Confirmed,Paid,Gurugram,
ORD006469,CUST0319,EMP044,01-06-2026 01:19,24-06-2026 01:19,In Production,Paid,Hyderabad,
ORD006470,CUST0181,EMP038,01-06-2026 03:15,27-06-2026 03:15,Delivered,Paid,Chennai,21-06-2026 03:15
ORD006471,CUST0180,EMP017,01-06-2026 09:16,08-06-2026 09:16,In Production,Paid,Jaipur,
ORD006472,CUST0380,EMP014,01-06-2026 09:55,23-06-2026 09:55,Delivered,Pending,Faridabad,19-06-2026 09:55
ORD006473,CUST0296,EMP011,01-06-2026 13:19,11-06-2026 13:19,Order Confirmed,Partially Paid,Hyderabad,
ORD006474,CUST0132,EMP034,01-06-2026 14:37,18-06-2026 14:37,Delivered,Partially Paid,Surat,17-06-2026 14:37
ORD006475,CUST0204,EMP044,02-06-2026 05:16,10-06-2026 05:16,In Production,Paid,Hyderabad,
ORD006476,CUST0418,EMP014,02-06-2026 08:30,10-06-2026 08:30,Quotation,Pending,Noida,
ORD006477,CUST0265,EMP030,02-06-2026 12:56,27-06-2026 12:56,On Hold,Paid,Bengaluru,
ORD006478,CUST0039,EMP014,03-06-2026 04:24,27-06-2026 04:24,Delivered,Paid,Gurugram,21-06-2026 04:24
ORD006479,CUST0429,EMP044,03-06-2026 16:55,01-07-2026 16:55,In Production,Pending,Jaipur,
ORD006480,CUST0371,EMP014,03-06-2026 17:13,26-06-2026 17:13,Order Confirmed,Paid,Noida,
ORD006481,CUST0134,EMP003,03-06-2026 23:46,24-06-2026 23:46,Delivered,Paid,Ludhiana,21-06-2026 23:46
ORD006482,CUST0483,EMP038,04-06-2026 01:04,13-06-2026 01:04,Order Confirmed,Pending,Pune,
ORD006483,CUST0476,EMP044,04-06-2026 09:21,29-06-2026 09:21,Delivered,Paid,Vadodara,24-06-2026 09:21
ORD006484,CUST0498,EMP017,04-06-2026 11:37,16-06-2026 11:37,Delivered,Paid,Noida,12-06-2026 11:37
ORD006485,CUST0189,EMP044,04-06-2026 12:28,13-06-2026 12:28,In Production,Paid,Jaipur,
ORD006486,CUST0462,EMP014,04-06-2026 14:23,28-06-2026 14:23,In Production,Pending,Noida,
ORD006487,CUST0404,EMP014,04-06-2026 14:47,25-06-2026 14:47,Quotation,Paid,Faridabad,
ORD006488,CUST0436,EMP026,04-06-2026 16:59,14-06-2026 16:59,In Production,Paid,Delhi,
ORD006489,CUST0274,EMP030,04-06-2026 20:03,24-06-2026 20:03,Delivered,Paid,Mumbai,22-06-2026 20:03
ORD006490,CUST0140,EMP017,04-06-2026 21:05,27-06-2026 21:05,Order Confirmed,Paid,Surat,
ORD006491,CUST0114,EMP034,05-06-2026 01:00,23-06-2026 01:00,Cancelled,Paid,Noida,
ORD006492,CUST0484,EMP034,05-06-2026 10:50,29-06-2026 10:50,Delivered,Pending,Ludhiana,29-06-2026 10:50
ORD006493,CUST0252,EMP011,05-06-2026 13:04,24-06-2026 13:04,Order Confirmed,Partially Paid,Faridabad,
ORD006494,CUST0464,EMP044,05-06-2026 13:42,20-06-2026 13:42,Delivered,Pending,Pune,16-06-2026 13:42
ORD006495,CUST0278,EMP011,05-06-2026 14:30,17-06-2026 14:30,In Production,Partially Paid,Ludhiana,
ORD006496,CUST0268,EMP026,05-06-2026 17:08,18-06-2026 17:08,In Production,Paid,Jaipur,
ORD006497,CUST0037,EMP019,06-06-2026 11:09,02-07-2026 11:09,Delivered,Paid,Hyderabad,26-06-2026 11:09
ORD006498,CUST0202,EMP019,06-06-2026 13:00,21-06-2026 13:00,Order Confirmed,Paid,Kolkata,
ORD006499,CUST0279,EMP011,07-06-2026 04:19,01-07-2026 04:19,Order Confirmed,Paid,Hyderabad,
ORD006500,CUST0055,EMP017,07-06-2026 07:32,22-06-2026 07:32,Order Confirmed,Partially Paid,Gurugram,
ORD006501,CUST0082,EMP003,07-06-2026 14:52,26-06-2026 14:52,Order Confirmed,Paid,Ahmedabad,
ORD006502,CUST0296,EMP044,07-06-2026 15:54,28-06-2026 15:54,Delivered,Partially Paid,Hyderabad,22-06-2026 15:54
ORD006503,CUST0125,EMP011,07-06-2026 18:43,25-06-2026 18:43,On Hold,Paid,Chennai,
ORD006504,CUST0351,EMP019,08-06-2026 09:36,02-07-2026 09:36,Delivered,Paid,Faridabad,26-06-2026 09:36
ORD006505,CUST0231,EMP014,08-06-2026 10:03,07-07-2026 10:03,On Hold,Overdue,Bengaluru,
ORD006506,CUST0202,EMP011,08-06-2026 21:32,05-07-2026 21:32,Delivered,Paid,Kolkata,03-07-2026 21:32
ORD006507,CUST0059,EMP017,09-06-2026 03:11,08-07-2026 03:11,In Production,Paid,Gurugram,
ORD006508,CUST0204,EMP044,09-06-2026 04:14,16-06-2026 04:14,Delivered,Paid,Hyderabad,10-06-2026 04:14
ORD006509,CUST0272,EMP019,09-06-2026 09:08,04-07-2026 09:08,Quotation,Paid,Bengaluru,
ORD006510,CUST0287,EMP044,09-06-2026 14:37,03-07-2026 14:37,Order Confirmed,Paid,Delhi,
ORD006511,CUST0136,EMP038,09-06-2026 18:15,25-06-2026 18:15,Cancelled,Overdue,Pune,
ORD006512,CUST0014,EMP019,09-06-2026 20:55,23-06-2026 20:55,Delivered,Pending,Jaipur,23-06-2026 20:55
ORD006513,CUST0468,EMP044,10-06-2026 05:27,18-06-2026 05:27,Cancelled,Partially Paid,Hyderabad,
ORD006514,CUST0479,EMP017,10-06-2026 07:05,07-07-2026 07:05,Order Confirmed,Partially Paid,Gurugram,
ORD006515,CUST0453,EMP026,10-06-2026 10:08,07-07-2026 10:08,Delivered,Paid,Bengaluru,05-07-2026 10:08
ORD006516,CUST0145,EMP030,10-06-2026 16:05,18-06-2026 16:05,Order Confirmed,Overdue,Kolkata,
ORD006517,CUST0302,EMP026,10-06-2026 17:18,30-06-2026 17:18,In Production,Paid,Jaipur,
ORD006518,CUST0071,EMP038,10-06-2026 21:45,30-06-2026 21:45,Delivered,Paid,Surat,26-06-2026 21:45
ORD006519,CUST0453,EMP011,11-06-2026 04:52,22-06-2026 04:52,Dispatched,Overdue,Bengaluru,20-06-2026 04:52
ORD006520,CUST0003,EMP019,11-06-2026 09:45,01-07-2026 09:45,Delivered,Paid,Gurugram,01-07-2026 09:45
ORD006521,CUST0236,EMP030,11-06-2026 21:16,07-07-2026 21:16,Delivered,Paid,Delhi,06-07-2026 21:16
ORD006522,CUST0429,EMP017,12-06-2026 06:01,26-06-2026 06:01,Delivered,Partially Paid,Jaipur,20-06-2026 06:01
ORD006523,CUST0363,EMP038,12-06-2026 06:21,06-07-2026 06:21,Quotation,Paid,Vadodara,
ORD006524,CUST0432,EMP017,12-06-2026 06:25,12-07-2026 06:25,Order Confirmed,Paid,Jaipur,
ORD006525,CUST0249,EMP017,12-06-2026 09:22,29-06-2026 09:22,Cancelled,Paid,Jaipur,
ORD006526,CUST0048,EMP017,12-06-2026 11:23,21-06-2026 11:23,Delivered,Paid,Ahmedabad,19-06-2026 11:23
ORD006527,CUST0004,EMP030,12-06-2026 18:19,26-06-2026 18:19,Dispatched,Paid,Ahmedabad,25-06-2026 18:19
ORD006528,CUST0077,EMP011,13-06-2026 05:14,23-06-2026 05:14,Quotation,Paid,Kolkata,
ORD006529,CUST0029,EMP011,13-06-2026 09:05,28-06-2026 09:05,Quotation,Paid,Surat,
ORD006530,CUST0224,EMP034,13-06-2026 11:45,05-07-2026 11:45,Cancelled,Paid,Faridabad,
ORD006531,CUST0026,EMP014,13-06-2026 13:56,24-06-2026 13:56,Dispatched,Paid,Ludhiana,20-06-2026 13:56
ORD006532,CUST0093,EMP011,14-06-2026 04:49,03-07-2026 04:49,Delivered,Paid,Ludhiana,01-07-2026 04:49
ORD006533,CUST0210,EMP014,14-06-2026 06:13,14-07-2026 06:13,Order Confirmed,Paid,Hyderabad,
ORD006534,CUST0368,EMP017,14-06-2026 09:11,27-06-2026 09:11,Order Confirmed,Paid,Pune,
ORD006535,CUST0338,EMP003,14-06-2026 12:32,12-07-2026 12:32,Delivered,Paid,Gurugram,10-07-2026 12:32
ORD006536,CUST0030,EMP038,14-06-2026 20:32,28-06-2026 20:32,Delivered,Paid,Mumbai,22-06-2026 20:32
ORD006537,CUST0452,EMP011,14-06-2026 23:25,05-07-2026 23:25,In Production,Pending,Vadodara,
ORD006538,CUST0275,EMP019,15-06-2026 01:18,25-06-2026 01:18,In Production,Paid,Bengaluru,
ORD006539,CUST0175,EMP014,15-06-2026 04:25,28-06-2026 04:25,Delivered,Paid,Faridabad,25-06-2026 04:25
ORD006540,CUST0192,EMP014,15-06-2026 13:10,12-07-2026 13:10,Quotation,Paid,Kolkata,
ORD006541,CUST0425,EMP003,15-06-2026 15:25,06-07-2026 15:25,In Production,Paid,Pune,
ORD006542,CUST0233,EMP044,15-06-2026 15:28,05-07-2026 15:28,Delivered,Paid,Pune,05-07-2026 15:28
ORD006543,CUST0123,EMP044,15-06-2026 23:55,04-07-2026 23:55,Quotation,Partially Paid,Faridabad,
ORD006544,CUST0213,EMP011,16-06-2026 02:20,28-06-2026 02:20,Delivered,Partially Paid,Surat,22-06-2026 02:20
ORD006545,CUST0035,EMP011,16-06-2026 12:21,15-07-2026 12:21,Quotation,Paid,Ahmedabad,
ORD006546,CUST0077,EMP038,16-06-2026 12:47,02-07-2026 12:47,Delivered,Paid,Kolkata,02-07-2026 12:47
ORD006547,CUST0158,EMP019,16-06-2026 14:09,23-06-2026 14:09,Delivered,Overdue,Surat,19-06-2026 14:09
ORD006548,CUST0111,EMP003,16-06-2026 19:24,14-07-2026 19:24,Delivered,Paid,Surat,14-07-2026 19:24
ORD006549,CUST0175,EMP011,16-06-2026 22:57,24-06-2026 22:57,Delivered,Paid,Faridabad,23-06-2026 22:57
ORD006550,CUST0033,EMP019,17-06-2026 04:01,15-07-2026 04:01,Delivered,Paid,Delhi,09-07-2026 04:01
ORD006551,CUST0306,EMP026,17-06-2026 06:01,30-06-2026 06:01,In Production,Paid,Bengaluru,
ORD006552,CUST0058,EMP030,17-06-2026 12:43,25-06-2026 12:43,Dispatched,Pending,Vadodara,24-06-2026 12:43
ORD006553,CUST0109,EMP011,17-06-2026 21:40,29-06-2026 21:40,Order Confirmed,Paid,Pune,
ORD006554,CUST0489,EMP017,18-06-2026 10:41,10-07-2026 10:41,Delivered,Paid,Hyderabad,04-07-2026 10:41
ORD006555,CUST0003,EMP014,18-06-2026 14:36,08-07-2026 14:36,Quotation,Paid,Gurugram,
ORD006556,CUST0140,EMP026,18-06-2026 18:18,28-06-2026 18:18,Dispatched,Pending,Surat,26-06-2026 18:18
ORD006557,CUST0251,EMP017,19-06-2026 14:08,03-07-2026 14:08,Dispatched,Paid,Vadodara,01-07-2026 14:08
ORD006558,CUST0154,EMP014,19-06-2026 18:26,01-07-2026 18:26,Delivered,Paid,Jaipur,25-06-2026 18:26
ORD006559,CUST0161,EMP038,19-06-2026 19:52,11-07-2026 19:52,In Production,Paid,Kolkata,
ORD006560,CUST0064,EMP026,19-06-2026 20:10,16-07-2026 20:10,Dispatched,Partially Paid,Hyderabad,11-07-2026 20:10
ORD006561,CUST0212,EMP019,20-06-2026 12:41,03-07-2026 12:41,Delivered,Paid,Bengaluru,01-07-2026 12:41
ORD006562,CUST0378,EMP011,20-06-2026 16:03,18-07-2026 16:03,Cancelled,Paid,Jaipur,
ORD006563,CUST0294,EMP003,20-06-2026 16:37,06-07-2026 16:37,Delivered,Overdue,Ahmedabad,01-07-2026 16:37
ORD006564,CUST0463,EMP034,20-06-2026 17:56,28-06-2026 17:56,Order Confirmed,Partially Paid,Mumbai,
ORD006565,CUST0350,EMP044,21-06-2026 02:00,05-07-2026 02:00,Delivered,Paid,Bengaluru,02-07-2026 02:00
ORD006566,CUST0395,EMP026,21-06-2026 03:20,18-07-2026 03:20,Quotation,Overdue,Bengaluru,
ORD006567,CUST0216,EMP003,21-06-2026 06:26,17-07-2026 06:26,In Production,Paid,Hyderabad,
ORD006568,CUST0307,EMP019,21-06-2026 07:19,15-07-2026 07:19,Order Confirmed,Partially Paid,Mumbai,
ORD006569,CUST0290,EMP014,21-06-2026 08:36,07-07-2026 08:36,Dispatched,Partially Paid,Ahmedabad,07-07-2026 08:36
ORD006570,CUST0407,EMP003,21-06-2026 12:08,16-07-2026 12:08,Delivered,Pending,Surat,15-07-2026 12:08
ORD006571,CUST0251,EMP011,21-06-2026 12:59,15-07-2026 12:59,Delivered,Paid,Vadodara,14-07-2026 12:59
ORD006572,CUST0203,EMP019,21-06-2026 15:05,17-07-2026 15:05,Delivered,Partially Paid,Bengaluru,14-07-2026 15:05
ORD006573,CUST0036,EMP019,21-06-2026 23:53,11-07-2026 23:53,Delivered,Partially Paid,Delhi,05-07-2026 23:53
ORD006574,CUST0430,EMP026,22-06-2026 07:28,11-07-2026 07:28,Order Confirmed,Paid,Jaipur,
ORD006575,CUST0218,EMP030,22-06-2026 08:51,22-07-2026 08:51,Delivered,Pending,Bengaluru,19-07-2026 08:51
ORD006576,CUST0400,EMP014,22-06-2026 10:48,21-07-2026 10:48,Delivered,Paid,Mumbai,20-07-2026 10:48
ORD006577,CUST0340,EMP014,22-06-2026 12:29,11-07-2026 12:29,Dispatched,Paid,Chennai,07-07-2026 12:29
ORD006578,CUST0001,EMP030,22-06-2026 13:44,03-07-2026 13:44,Dispatched,Partially Paid,Ludhiana,30-06-2026 13:44
ORD006579,CUST0326,EMP011,22-06-2026 19:57,08-07-2026 19:57,Dispatched,Paid,Delhi,06-07-2026 19:57
ORD006580,CUST0244,EMP003,22-06-2026 20:58,11-07-2026 20:58,Delivered,Pending,Hyderabad,10-07-2026 20:58
ORD006581,CUST0120,EMP038,23-06-2026 01:02,16-07-2026 01:02,In Production,Paid,Delhi,
ORD006582,CUST0133,EMP014,23-06-2026 05:23,07-07-2026 05:23,Delivered,Paid,Ahmedabad,03-07-2026 05:23
ORD006583,CUST0319,EMP011,23-06-2026 07:01,01-07-2026 07:01,Order Confirmed,Partially Paid,Hyderabad,
ORD006584,CUST0044,EMP034,23-06-2026 09:46,19-07-2026 09:46,Quotation,Pending,Mumbai,
ORD006585,CUST0304,EMP026,23-06-2026 17:44,22-07-2026 17:44,Delivered,Partially Paid,Faridabad,19-07-2026 17:44
ORD006586,CUST0424,EMP011,23-06-2026 23:46,01-07-2026 23:46,Delivered,Paid,Pune,28-06-2026 23:46
ORD006587,CUST0044,EMP038,24-06-2026 03:05,08-07-2026 03:05,Delivered,Paid,Mumbai,07-07-2026 03:05
ORD006588,CUST0004,EMP014,24-06-2026 05:42,11-07-2026 05:42,Dispatched,Partially Paid,Ahmedabad,11-07-2026 05:42
ORD006589,CUST0031,EMP030,24-06-2026 08:08,19-07-2026 08:08,On Hold,Pending,Delhi,
ORD006590,CUST0366,EMP030,24-06-2026 11:33,19-07-2026 11:33,In Production,Partially Paid,Pune,
ORD006591,CUST0424,EMP038,25-06-2026 00:10,10-07-2026 00:10,In Production,Paid,Pune,
ORD006592,CUST0495,EMP034,25-06-2026 06:29,09-07-2026 06:29,Delivered,Paid,Delhi,08-07-2026 06:29
ORD006593,CUST0015,EMP034,25-06-2026 18:50,11-07-2026 18:50,Dispatched,Paid,Hyderabad,07-07-2026 18:50
ORD006594,CUST0242,EMP003,26-06-2026 05:14,08-07-2026 05:14,Delivered,Paid,Jaipur,08-07-2026 05:14
ORD006595,CUST0025,EMP044,26-06-2026 09:52,13-07-2026 09:52,On Hold,Paid,Kolkata,
ORD006596,CUST0186,EMP011,26-06-2026 10:14,09-07-2026 10:14,Order Confirmed,Paid,Delhi,
ORD006597,CUST0154,EMP014,26-06-2026 16:34,04-07-2026 16:34,Order Confirmed,Paid,Jaipur,
ORD006598,CUST0303,EMP019,26-06-2026 16:44,20-07-2026 16:44,Dispatched,Paid,Chennai,20-07-2026 16:44
ORD006599,CUST0455,EMP014,27-06-2026 01:17,22-07-2026 01:17,Dispatched,Paid,Gurugram,16-07-2026 01:17
ORD006600,CUST0403,EMP026,27-06-2026 02:31,10-07-2026 02:31,Delivered,Pending,Pune,09-07-2026 02:31
ORD006601,CUST0032,EMP003,27-06-2026 13:58,13-07-2026 13:58,Cancelled,Paid,Jaipur,
ORD006602,CUST0121,EMP019,27-06-2026 16:49,13-07-2026 16:49,Delivered,Partially Paid,Bengaluru,13-07-2026 16:49
ORD006603,CUST0138,EMP017,27-06-2026 22:53,04-07-2026 22:53,On Hold,Pending,Jaipur,
ORD006604,CUST0126,EMP030,28-06-2026 05:10,18-07-2026 05:10,Order Confirmed,Pending,Gurugram,
ORD006605,CUST0177,EMP026,28-06-2026 07:06,16-07-2026 07:06,Order Confirmed,Pending,Faridabad,
ORD006606,CUST0304,EMP034,28-06-2026 15:00,27-07-2026 15:00,In Production,Pending,Faridabad,
ORD006607,CUST0370,EMP011,28-06-2026 22:19,13-07-2026 22:19,Delivered,Paid,Faridabad,07-07-2026 22:19
ORD006608,CUST0470,EMP044,29-06-2026 12:02,25-07-2026 12:02,Order Confirmed,Partially Paid,Jaipur,
ORD006609,CUST0352,EMP017,29-06-2026 19:28,15-07-2026 19:28,Order Confirmed,Pending,Ludhiana,
ORD006610,CUST0150,EMP017,30-06-2026 00:39,11-07-2026 00:39,Dispatched,Paid,Kolkata,09-07-2026 00:39
ORD006611,CUST0093,EMP026,30-06-2026 18:40,15-07-2026 18:40,In Production,Partially Paid,Ludhiana,
ORD006612,CUST0189,EMP011,30-06-2026 23:13,28-07-2026 23:13,Delivered,Paid,Jaipur,28-07-2026 23:13
ORD006613,CUST0400,EMP038,01-07-2026 03:10,14-07-2026 03:10,Delivered,Paid,Mumbai,12-07-2026 03:10
ORD006614,CUST0497,EMP014,01-07-2026 05:48,28-07-2026 05:48,Order Confirmed,Paid,Vadodara,
ORD006615,CUST0197,EMP044,01-07-2026 06:46,23-07-2026 06:46,Delivered,Partially Paid,Kolkata,23-07-2026 06:46
ORD006616,CUST0089,EMP011,01-07-2026 08:23,25-07-2026 08:23,Order Confirmed,Paid,Vadodara,
ORD006617,CUST0003,EMP038,01-07-2026 08:27,26-07-2026 08:27,Order Confirmed,Paid,Gurugram,
ORD006618,CUST0039,EMP017,01-07-2026 11:35,20-07-2026 11:35,In Production,Paid,Gurugram,
ORD006619,CUST0319,EMP030,01-07-2026 12:49,22-07-2026 12:49,Delivered,Partially Paid,Hyderabad,20-07-2026 12:49
ORD006620,CUST0295,EMP038,01-07-2026 15:30,09-07-2026 15:30,Delivered,Pending,Kolkata,03-07-2026 15:30
ORD006621,CUST0322,EMP011,01-07-2026 20:28,24-07-2026 20:28,Delivered,Paid,Gurugram,19-07-2026 20:28
ORD006622,CUST0013,EMP017,01-07-2026 22:19,25-07-2026 22:19,Delivered,Paid,Mumbai,23-07-2026 22:19
ORD006623,CUST0219,EMP044,02-07-2026 03:13,11-07-2026 03:13,Order Confirmed,Partially Paid,Chennai,
ORD006624,CUST0091,EMP011,02-07-2026 04:52,21-07-2026 04:52,Delivered,Paid,Jaipur,19-07-2026 04:52
ORD006625,CUST0169,EMP011,02-07-2026 09:46,21-07-2026 09:46,Delivered,Paid,Vadodara,17-07-2026 09:46
ORD006626,CUST0312,EMP026,02-07-2026 13:25,16-07-2026 13:25,Quotation,Partially Paid,Pune,
ORD006627,CUST0138,EMP003,02-07-2026 13:52,10-07-2026 13:52,In Production,Pending,Jaipur,
ORD006628,CUST0330,EMP044,02-07-2026 14:08,09-07-2026 14:08,Quotation,Paid,Ahmedabad,
ORD006629,CUST0145,EMP044,02-07-2026 16:36,14-07-2026 16:36,Order Confirmed,Paid,Kolkata,
ORD006630,CUST0256,EMP011,02-07-2026 17:35,14-07-2026 17:35,In Production,Paid,Pune,
ORD006631,CUST0230,EMP011,03-07-2026 03:56,15-07-2026 03:56,Order Confirmed,Overdue,Bengaluru,
ORD006632,CUST0192,EMP034,03-07-2026 09:31,24-07-2026 09:31,Cancelled,Pending,Kolkata,
ORD006633,CUST0064,EMP026,03-07-2026 11:07,20-07-2026 11:07,Delivered,Paid,Hyderabad,16-07-2026 11:07
ORD006634,CUST0289,EMP038,03-07-2026 12:52,12-07-2026 12:52,Delivered,Overdue,Mumbai,07-07-2026 12:52
ORD006635,CUST0496,EMP044,03-07-2026 22:04,12-07-2026 22:04,Delivered,Paid,Delhi,09-07-2026 22:04
ORD006636,CUST0322,EMP019,04-07-2026 09:14,26-07-2026 09:14,On Hold,Partially Paid,Gurugram,
ORD006637,CUST0373,EMP014,04-07-2026 16:13,02-08-2026 16:13,Dispatched,Partially Paid,Kolkata,02-08-2026 16:13
ORD006638,CUST0402,EMP030,04-07-2026 18:07,30-07-2026 18:07,Dispatched,Pending,Delhi,24-07-2026 18:07
ORD006639,CUST0020,EMP030,04-07-2026 18:59,29-07-2026 18:59,Delivered,Partially Paid,Jaipur,27-07-2026 18:59
ORD006640,CUST0397,EMP019,04-07-2026 19:51,18-07-2026 19:51,Cancelled,Paid,Jaipur,
ORD006641,CUST0122,EMP014,04-07-2026 20:14,27-07-2026 20:14,Delivered,Paid,Chennai,22-07-2026 20:14
ORD006642,CUST0333,EMP014,04-07-2026 21:44,12-07-2026 21:44,Quotation,Paid,Pune,
ORD006643,CUST0492,EMP026,04-07-2026 22:56,15-07-2026 22:56,Delivered,Pending,Gurugram,10-07-2026 22:56
ORD006644,CUST0448,EMP019,05-07-2026 00:22,15-07-2026 00:22,Order Confirmed,Paid,Bengaluru,
ORD006645,CUST0208,EMP019,05-07-2026 01:02,16-07-2026 01:02,Order Confirmed,Paid,Mumbai,
ORD006646,CUST0420,EMP003,05-07-2026 01:57,20-07-2026 01:57,Delivered,Paid,Mumbai,19-07-2026 01:57
ORD006647,CUST0310,EMP038,05-07-2026 16:08,13-07-2026 16:08,Delivered,Paid,Hyderabad,10-07-2026 16:08
ORD006648,CUST0067,EMP034,05-07-2026 18:05,31-07-2026 18:05,Order Confirmed,Paid,Pune,
ORD006649,CUST0120,EMP044,05-07-2026 20:48,29-07-2026 20:48,In Production,Paid,Delhi,
ORD006650,CUST0479,EMP038,05-07-2026 22:08,27-07-2026 22:08,Delivered,Paid,Gurugram,22-07-2026 22:08
ORD006651,CUST0458,EMP030,06-07-2026 08:08,17-07-2026 08:08,Order Confirmed,Paid,Noida,
ORD006652,CUST0446,EMP017,06-07-2026 09:41,02-08-2026 09:41,Delivered,Paid,Kolkata,31-07-2026 09:41
ORD006653,CUST0193,EMP030,06-07-2026 10:31,13-07-2026 10:31,Dispatched,Overdue,Jaipur,08-07-2026 10:31
ORD006654,CUST0161,EMP026,06-07-2026 10:32,05-08-2026 10:32,Delivered,Paid,Kolkata,02-08-2026 10:32
ORD006655,CUST0404,EMP044,06-07-2026 13:39,30-07-2026 13:39,Order Confirmed,Partially Paid,Faridabad,
ORD006656,CUST0011,EMP014,06-07-2026 15:30,17-07-2026 15:30,Cancelled,Pending,Kolkata,
ORD006657,CUST0449,EMP003,06-07-2026 16:00,17-07-2026 16:00,Cancelled,Paid,Ahmedabad,
ORD006658,CUST0302,EMP011,06-07-2026 19:43,29-07-2026 19:43,Order Confirmed,Paid,Jaipur,
ORD006659,CUST0317,EMP011,07-07-2026 00:33,02-08-2026 00:33,Delivered,Paid,Faridabad,27-07-2026 00:33
ORD006660,CUST0220,EMP030,07-07-2026 03:21,25-07-2026 03:21,Delivered,Paid,Noida,19-07-2026 03:21
ORD006661,CUST0490,EMP011,07-07-2026 03:59,15-07-2026 03:59,Order Confirmed,Paid,Mumbai,
ORD006662,CUST0375,EMP011,07-07-2026 05:40,25-07-2026 05:40,Delivered,Pending,Surat,19-07-2026 05:40
ORD006663,CUST0027,EMP017,07-07-2026 07:04,25-07-2026 07:04,Delivered,Paid,Bengaluru,24-07-2026 07:04
ORD006664,CUST0263,EMP034,07-07-2026 08:17,21-07-2026 08:17,Dispatched,Paid,Vadodara,16-07-2026 08:17
ORD006665,CUST0430,EMP019,07-07-2026 11:26,04-08-2026 11:26,Cancelled,Pending,Jaipur,
ORD006666,CUST0039,EMP014,07-07-2026 12:08,22-07-2026 12:08,Quotation,Paid,Gurugram,
ORD006667,CUST0369,EMP014,07-07-2026 16:04,19-07-2026 16:04,Cancelled,Partially Paid,Jaipur,
ORD006668,CUST0123,EMP038,07-07-2026 16:30,30-07-2026 16:30,On Hold,Partially Paid,Faridabad,
ORD006669,CUST0254,EMP019,07-07-2026 22:59,28-07-2026 22:59,Order Confirmed,Paid,Hyderabad,
ORD006670,CUST0442,EMP017,07-07-2026 23:23,28-07-2026 23:23,Dispatched,Paid,Bengaluru,23-07-2026 23:23
ORD006671,CUST0247,EMP034,08-07-2026 00:15,27-07-2026 00:15,Delivered,Paid,Kolkata,24-07-2026 00:15
ORD006672,CUST0019,EMP017,08-07-2026 00:31,22-07-2026 00:31,Delivered,Partially Paid,Vadodara,21-07-2026 00:31
ORD006673,CUST0011,EMP017,08-07-2026 00:39,21-07-2026 00:39,Order Confirmed,Pending,Kolkata,
ORD006674,CUST0369,EMP034,08-07-2026 07:16,17-07-2026 07:16,In Production,Pending,Jaipur,
ORD006675,CUST0466,EMP017,08-07-2026 11:22,19-07-2026 11:22,Delivered,Paid,Noida,17-07-2026 11:22
ORD006676,CUST0146,EMP026,09-07-2026 07:38,29-07-2026 07:38,Dispatched,Paid,Ludhiana,26-07-2026 07:38
ORD006677,CUST0468,EMP030,09-07-2026 12:55,25-07-2026 12:55,Delivered,Paid,Hyderabad,19-07-2026 12:55
ORD006678,CUST0227,EMP014,09-07-2026 13:35,02-08-2026 13:35,Delivered,Partially Paid,Noida,27-07-2026 13:35
ORD006679,CUST0030,EMP011,09-07-2026 19:59,04-08-2026 19:59,On Hold,Paid,Mumbai,
ORD006680,CUST0266,EMP038,09-07-2026 23:20,29-07-2026 23:20,Order Confirmed,Paid,Pune,
ORD006681,CUST0487,EMP014,09-07-2026 23:41,18-07-2026 23:41,Cancelled,Paid,Delhi,
ORD006682,CUST0126,EMP017,10-07-2026 12:01,17-07-2026 12:01,Delivered,Paid,Gurugram,11-07-2026 12:01
ORD006683,CUST0481,EMP026,10-07-2026 14:24,22-07-2026 14:24,Cancelled,Partially Paid,Mumbai,
ORD006684,CUST0326,EMP011,10-07-2026 17:06,23-07-2026 17:06,Order Confirmed,Overdue,Delhi,
ORD006685,CUST0199,EMP003,10-07-2026 18:46,18-07-2026 18:46,Delivered,Paid,Ludhiana,12-07-2026 18:46
ORD006686,CUST0347,EMP019,10-07-2026 19:51,04-08-2026 19:51,Delivered,Paid,Noida,04-08-2026 19:51
ORD006687,CUST0201,EMP044,11-07-2026 01:58,26-07-2026 01:58,Delivered,Paid,Delhi,20-07-2026 01:58
ORD006688,CUST0043,EMP026,11-07-2026 07:26,04-08-2026 07:26,Quotation,Paid,Ludhiana,
ORD006689,CUST0436,EMP026,11-07-2026 08:21,23-07-2026 08:21,Dispatched,Paid,Delhi,20-07-2026 08:21
ORD006690,CUST0187,EMP030,11-07-2026 08:38,18-07-2026 08:38,Order Confirmed,Paid,Jaipur,
ORD006691,CUST0283,EMP038,11-07-2026 12:07,21-07-2026 12:07,Order Confirmed,Paid,Mumbai,
ORD006692,CUST0373,EMP038,11-07-2026 14:01,29-07-2026 14:01,Delivered,Partially Paid,Kolkata,29-07-2026 14:01
ORD006693,CUST0042,EMP003,11-07-2026 19:06,29-07-2026 19:06,Cancelled,Partially Paid,Faridabad,
ORD006694,CUST0361,EMP026,11-07-2026 20:00,28-07-2026 20:00,Delivered,Partially Paid,Vadodara,28-07-2026 20:00
ORD006695,CUST0183,EMP026,11-07-2026 20:15,10-08-2026 20:15,Order Confirmed,Paid,Pune,
ORD006696,CUST0273,EMP014,12-07-2026 01:28,03-08-2026 01:28,Order Confirmed,Paid,Vadodara,
ORD006697,CUST0229,EMP044,12-07-2026 11:17,05-08-2026 11:17,In Production,Paid,Noida,
ORD006698,CUST0389,EMP014,12-07-2026 12:02,21-07-2026 12:02,Order Confirmed,Paid,Hyderabad,
ORD006699,CUST0094,EMP038,12-07-2026 21:38,30-07-2026 21:38,Delivered,Paid,Kolkata,29-07-2026 21:38
ORD006700,CUST0054,EMP011,12-07-2026 22:58,02-08-2026 22:58,Order Confirmed,Paid,Chennai,
ORD006701,CUST0206,EMP030,13-07-2026 08:32,03-08-2026 08:32,Order Confirmed,Overdue,Kolkata,
ORD006702,CUST0060,EMP034,13-07-2026 08:45,11-08-2026 08:45,Delivered,Overdue,Vadodara,10-08-2026 08:45
ORD006703,CUST0122,EMP026,13-07-2026 11:00,31-07-2026 11:00,Order Confirmed,Partially Paid,Chennai,
ORD006704,CUST0329,EMP011,13-07-2026 16:25,28-07-2026 16:25,Dispatched,Paid,Jaipur,28-07-2026 16:25
ORD006705,CUST0410,EMP011,13-07-2026 17:40,11-08-2026 17:40,Dispatched,Partially Paid,Ahmedabad,09-08-2026 17:40
ORD006706,CUST0347,EMP030,13-07-2026 17:53,28-07-2026 17:53,Order Confirmed,Paid,Noida,
ORD006707,CUST0159,EMP038,13-07-2026 23:38,02-08-2026 23:38,Delivered,Partially Paid,Mumbai,30-07-2026 23:38
ORD006708,CUST0408,EMP026,14-07-2026 02:27,21-07-2026 02:27,Dispatched,Paid,Vadodara,19-07-2026 02:27
ORD006709,CUST0204,EMP011,14-07-2026 03:38,24-07-2026 03:38,Delivered,Overdue,Hyderabad,20-07-2026 03:38
ORD006710,CUST0091,EMP034,14-07-2026 06:45,22-07-2026 06:45,Order Confirmed,Partially Paid,Jaipur,
ORD006711,CUST0379,EMP019,14-07-2026 09:39,31-07-2026 09:39,In Production,Paid,Bengaluru,
ORD006712,CUST0259,EMP003,14-07-2026 18:53,12-08-2026 18:53,Delivered,Paid,Pune,07-08-2026 18:53
ORD006713,CUST0186,EMP017,14-07-2026 22:14,22-07-2026 22:14,Quotation,Pending,Delhi,
ORD006714,CUST0331,EMP014,15-07-2026 00:06,14-08-2026 00:06,Order Confirmed,Pending,Bengaluru,
ORD006715,CUST0363,EMP044,15-07-2026 08:48,11-08-2026 08:48,In Production,Paid,Vadodara,
ORD006716,CUST0112,EMP044,15-07-2026 09:24,22-07-2026 09:24,Order Confirmed,Paid,Faridabad,
ORD006717,CUST0059,EMP011,15-07-2026 10:13,22-07-2026 10:13,Quotation,Paid,Gurugram,
ORD006718,CUST0259,EMP026,15-07-2026 12:44,12-08-2026 12:44,On Hold,Paid,Pune,
ORD006719,CUST0026,EMP003,15-07-2026 17:07,05-08-2026 17:07,Dispatched,Paid,Ludhiana,03-08-2026 17:07
ORD006720,CUST0320,EMP019,15-07-2026 23:26,26-07-2026 23:26,Delivered,Paid,Jaipur,26-07-2026 23:26
ORD006721,CUST0220,EMP011,16-07-2026 08:06,14-08-2026 08:06,Order Confirmed,Paid,Noida,
ORD006722,CUST0108,EMP034,16-07-2026 21:24,05-08-2026 21:24,Quotation,Paid,Ludhiana,
ORD006723,CUST0300,EMP003,17-07-2026 01:37,08-08-2026 01:37,Delivered,Pending,Ludhiana,06-08-2026 01:37
ORD006724,CUST0188,EMP044,17-07-2026 02:06,09-08-2026 02:06,Delivered,Paid,Kolkata,05-08-2026 02:06
ORD006725,CUST0195,EMP014,17-07-2026 09:32,28-07-2026 09:32,On Hold,Paid,Pune,
ORD006726,CUST0109,EMP014,17-07-2026 12:40,01-08-2026 12:40,Quotation,Paid,Pune,
ORD006727,CUST0339,EMP038,17-07-2026 21:05,27-07-2026 21:05,Order Confirmed,Pending,Gurugram,
ORD006728,CUST0452,EMP044,18-07-2026 03:28,06-08-2026 03:28,Delivered,Paid,Vadodara,04-08-2026 03:28
ORD006729,CUST0310,EMP003,18-07-2026 08:59,17-08-2026 08:59,In Production,Paid,Hyderabad,
ORD006730,CUST0119,EMP011,18-07-2026 12:56,09-08-2026 12:56,Quotation,Paid,Hyderabad,
ORD006731,CUST0417,EMP038,18-07-2026 17:40,10-08-2026 17:40,In Production,Paid,Ludhiana,
ORD006732,CUST0061,EMP044,19-07-2026 00:07,30-07-2026 00:07,Order Confirmed,Overdue,Mumbai,
ORD006733,CUST0145,EMP019,19-07-2026 01:50,08-08-2026 01:50,Delivered,Paid,Kolkata,04-08-2026 01:50
ORD006734,CUST0018,EMP011,19-07-2026 14:14,18-08-2026 14:14,Delivered,Paid,Chennai,13-08-2026 14:14
ORD006735,CUST0425,EMP011,19-07-2026 15:17,28-07-2026 15:17,Delivered,Paid,Pune,23-07-2026 15:17
ORD006736,CUST0023,EMP014,19-07-2026 17:15,30-07-2026 17:15,In Production,Paid,Ludhiana,
ORD006737,CUST0274,EMP030,20-07-2026 00:20,13-08-2026 00:20,Delivered,Partially Paid,Mumbai,09-08-2026 00:20
ORD006738,CUST0096,EMP003,20-07-2026 12:52,27-07-2026 12:52,Delivered,Partially Paid,Jaipur,27-07-2026 12:52
ORD006739,CUST0107,EMP030,20-07-2026 21:17,31-07-2026 21:17,Delivered,Pending,Chennai,26-07-2026 21:17
ORD006740,CUST0305,EMP038,21-07-2026 08:47,19-08-2026 08:47,Dispatched,Paid,Noida,17-08-2026 08:47
ORD006741,CUST0402,EMP011,21-07-2026 10:42,28-07-2026 10:42,Cancelled,Paid,Delhi,
ORD006742,CUST0009,EMP044,21-07-2026 10:59,07-08-2026 10:59,In Production,Overdue,Surat,
ORD006743,CUST0080,EMP044,21-07-2026 15:07,04-08-2026 15:07,Delivered,Paid,Kolkata,02-08-2026 15:07
ORD006744,CUST0144,EMP014,21-07-2026 15:23,06-08-2026 15:23,Delivered,Pending,Chennai,02-08-2026 15:23
ORD006745,CUST0472,EMP011,21-07-2026 16:07,03-08-2026 16:07,Delivered,Paid,Mumbai,29-07-2026 16:07
ORD006746,CUST0030,EMP017,21-07-2026 17:10,03-08-2026 17:10,Cancelled,Paid,Mumbai,
ORD006747,CUST0090,EMP014,21-07-2026 17:35,15-08-2026 17:35,In Production,Overdue,Bengaluru,
ORD006748,CUST0202,EMP014,21-07-2026 21:02,28-07-2026 21:02,Delivered,Paid,Kolkata,24-07-2026 21:02
ORD006749,CUST0163,EMP044,21-07-2026 23:37,31-07-2026 23:37,In Production,Partially Paid,Delhi,
ORD006750,CUST0025,EMP011,22-07-2026 05:29,04-08-2026 05:29,Delivered,Paid,Kolkata,02-08-2026 05:29
ORD006751,CUST0271,EMP017,22-07-2026 05:49,17-08-2026 05:49,Order Confirmed,Paid,Faridabad,
ORD006752,CUST0304,EMP034,22-07-2026 09:08,07-08-2026 09:08,Dispatched,Paid,Faridabad,04-08-2026 09:08
ORD006753,CUST0089,EMP003,22-07-2026 16:01,29-07-2026 16:01,Cancelled,Paid,Vadodara,
ORD006754,CUST0345,EMP003,23-07-2026 10:06,11-08-2026 10:06,Delivered,Overdue,Faridabad,09-08-2026 10:06
ORD006755,CUST0029,EMP017,23-07-2026 16:28,14-08-2026 16:28,Dispatched,Paid,Surat,11-08-2026 16:28
ORD006756,CUST0366,EMP044,23-07-2026 18:38,09-08-2026 18:38,Order Confirmed,Paid,Pune,
ORD006757,CUST0130,EMP038,24-07-2026 00:09,02-08-2026 00:09,In Production,Paid,Noida,
ORD006758,CUST0113,EMP044,24-07-2026 01:50,21-08-2026 01:50,Order Confirmed,Partially Paid,Bengaluru,
ORD006759,CUST0099,EMP038,24-07-2026 04:27,20-08-2026 04:27,Quotation,Paid,Ludhiana,
ORD006760,CUST0435,EMP011,24-07-2026 09:04,21-08-2026 09:04,Cancelled,Paid,Pune,
ORD006761,CUST0252,EMP019,24-07-2026 12:54,23-08-2026 12:54,Dispatched,Partially Paid,Faridabad,18-08-2026 12:54
ORD006762,CUST0346,EMP026,24-07-2026 15:33,07-08-2026 15:33,Order Confirmed,Partially Paid,Ludhiana,
ORD006763,CUST0102,EMP011,25-07-2026 06:22,11-08-2026 06:22,Delivered,Overdue,Pune,05-08-2026 06:22
ORD006764,CUST0029,EMP044,25-07-2026 16:48,24-08-2026 16:48,Quotation,Pending,Surat,
ORD006765,CUST0020,EMP030,26-07-2026 00:56,12-08-2026 00:56,In Production,Paid,Jaipur,
ORD006766,CUST0221,EMP038,26-07-2026 01:05,22-08-2026 01:05,Order Confirmed,Partially Paid,Surat,
ORD006767,CUST0164,EMP014,26-07-2026 03:45,17-08-2026 03:45,Order Confirmed,Paid,Hyderabad,
ORD006768,CUST0384,EMP034,26-07-2026 09:03,24-08-2026 09:03,Delivered,Paid,Jaipur,22-08-2026 09:03
ORD006769,CUST0395,EMP011,26-07-2026 13:26,02-08-2026 13:26,Delivered,Paid,Bengaluru,31-07-2026 13:26
ORD006770,CUST0156,EMP003,26-07-2026 15:23,18-08-2026 15:23,Dispatched,Paid,Hyderabad,12-08-2026 15:23
ORD006771,CUST0217,EMP030,27-07-2026 00:32,22-08-2026 00:32,Delivered,Paid,Gurugram,21-08-2026 00:32
ORD006772,CUST0191,EMP003,27-07-2026 00:39,07-08-2026 00:39,Cancelled,Paid,Gurugram,
ORD006773,CUST0338,EMP014,27-07-2026 08:25,20-08-2026 08:25,Delivered,Partially Paid,Gurugram,18-08-2026 08:25
ORD006774,CUST0315,EMP034,27-07-2026 15:23,07-08-2026 15:23,Cancelled,Overdue,Delhi,
ORD006775,CUST0326,EMP019,27-07-2026 19:53,24-08-2026 19:53,Cancelled,Paid,Delhi,
ORD006776,CUST0028,EMP017,28-07-2026 04:40,25-08-2026 04:40,Delivered,Paid,Gurugram,19-08-2026 04:40
ORD006777,CUST0169,EMP014,29-07-2026 15:53,05-08-2026 15:53,In Production,Paid,Vadodara,
ORD006778,CUST0484,EMP030,29-07-2026 23:12,17-08-2026 23:12,Order Confirmed,Paid,Ludhiana,
ORD006779,CUST0171,EMP044,30-07-2026 02:22,15-08-2026 02:22,Delivered,Overdue,Pune,09-08-2026 02:22
ORD006780,CUST0088,EMP034,30-07-2026 04:06,27-08-2026 04:06,Delivered,Paid,Jaipur,22-08-2026 04:06
ORD006781,CUST0100,EMP017,30-07-2026 13:50,13-08-2026 13:50,Delivered,Paid,Pune,07-08-2026 13:50
ORD006782,CUST0014,EMP019,30-07-2026 13:55,23-08-2026 13:55,Delivered,Paid,Jaipur,22-08-2026 13:55
ORD006783,CUST0391,EMP011,30-07-2026 14:02,08-08-2026 14:02,Delivered,Paid,Ludhiana,08-08-2026 14:02
ORD006784,CUST0003,EMP011,30-07-2026 15:34,11-08-2026 15:34,Delivered,Paid,Gurugram,05-08-2026 15:34
ORD006785,CUST0299,EMP014,31-07-2026 02:41,30-08-2026 02:41,Delivered,Overdue,Jaipur,27-08-2026 02:41
ORD006786,CUST0200,EMP017,31-07-2026 12:33,16-08-2026 12:33,Quotation,Partially Paid,Gurugram,
ORD006787,CUST0048,EMP044,31-07-2026 16:20,25-08-2026 16:20,Dispatched,Paid,Ahmedabad,24-08-2026 16:20
ORD006788,CUST0443,EMP038,31-07-2026 18:24,30-08-2026 18:24,Quotation,Partially Paid,Kolkata,
ORD006789,CUST0371,EMP011,01-08-2026 00:27,31-08-2026 00:27,Order Confirmed,Pending,Noida,
ORD006790,CUST0410,EMP017,01-08-2026 13:49,08-08-2026 13:49,Delivered,Paid,Ahmedabad,05-08-2026 13:49
ORD006791,CUST0469,EMP003,02-08-2026 01:06,14-08-2026 01:06,Quotation,Partially Paid,Ludhiana,
ORD006792,CUST0457,EMP003,02-08-2026 04:50,26-08-2026 04:50,Cancelled,Paid,Delhi,
ORD006793,CUST0351,EMP017,02-08-2026 12:52,31-08-2026 12:52,Dispatched,Partially Paid,Faridabad,26-08-2026 12:52
ORD006794,CUST0267,EMP044,03-08-2026 00:49,02-09-2026 00:49,Delivered,Paid,Bengaluru,30-08-2026 00:49
ORD006795,CUST0349,EMP011,03-08-2026 16:59,27-08-2026 16:59,Order Confirmed,Partially Paid,Pune,
ORD006796,CUST0225,EMP030,03-08-2026 18:37,12-08-2026 18:37,Delivered,Pending,Noida,08-08-2026 18:37
ORD006797,CUST0091,EMP017,03-08-2026 20:08,27-08-2026 20:08,Dispatched,Partially Paid,Jaipur,24-08-2026 20:08
ORD006798,CUST0193,EMP026,03-08-2026 22:28,16-08-2026 22:28,Delivered,Paid,Jaipur,13-08-2026 22:28
ORD006799,CUST0234,EMP038,04-08-2026 10:41,30-08-2026 10:41,Delivered,Paid,Bengaluru,24-08-2026 10:41
ORD006800,CUST0024,EMP038,05-08-2026 06:32,25-08-2026 06:32,Delivered,Partially Paid,Chennai,19-08-2026 06:32
ORD006801,CUST0424,EMP038,05-08-2026 06:55,16-08-2026 06:55,Delivered,Partially Paid,Pune,14-08-2026 06:55
ORD006802,CUST0455,EMP019,05-08-2026 08:16,01-09-2026 08:16,Delivered,Overdue,Gurugram,27-08-2026 08:16
ORD006803,CUST0210,EMP003,05-08-2026 13:25,04-09-2026 13:25,Delivered,Paid,Hyderabad,30-08-2026 13:25
ORD006804,CUST0249,EMP044,06-08-2026 09:57,25-08-2026 09:57,In Production,Paid,Jaipur,
ORD006805,CUST0421,EMP044,06-08-2026 10:00,01-09-2026 10:00,Cancelled,Partially Paid,Bengaluru,
ORD006806,CUST0228,EMP038,06-08-2026 10:12,14-08-2026 10:12,In Production,Partially Paid,Ludhiana,
ORD006807,CUST0345,EMP019,07-08-2026 06:30,20-08-2026 06:30,In Production,Paid,Faridabad,
ORD006808,CUST0258,EMP014,07-08-2026 15:46,17-08-2026 15:46,In Production,Partially Paid,Bengaluru,
ORD006809,CUST0136,EMP011,07-08-2026 23:53,20-08-2026 23:53,In Production,Paid,Pune,
ORD006810,CUST0398,EMP017,08-08-2026 05:43,24-08-2026 05:43,In Production,Paid,Jaipur,
ORD006811,CUST0097,EMP017,08-08-2026 14:43,25-08-2026 14:43,Delivered,Paid,Ahmedabad,25-08-2026 14:43
ORD006812,CUST0113,EMP014,08-08-2026 17:23,22-08-2026 17:23,Delivered,Paid,Bengaluru,17-08-2026 17:23
ORD006813,CUST0346,EMP044,08-08-2026 18:27,28-08-2026 18:27,On Hold,Partially Paid,Ludhiana,
ORD006814,CUST0355,EMP030,08-08-2026 23:17,20-08-2026 23:17,Order Confirmed,Paid,Delhi,
ORD006815,CUST0478,EMP014,09-08-2026 16:09,24-08-2026 16:09,Delivered,Pending,Mumbai,20-08-2026 16:09
ORD006816,CUST0356,EMP030,09-08-2026 17:53,05-09-2026 17:53,Order Confirmed,Paid,Chennai,
ORD006817,CUST0013,EMP034,09-08-2026 20:23,29-08-2026 20:23,Dispatched,Partially Paid,Mumbai,24-08-2026 20:23
ORD006818,CUST0425,EMP026,09-08-2026 20:29,16-08-2026 20:29,In Production,Paid,Pune,
ORD006819,CUST0207,EMP044,10-08-2026 08:05,24-08-2026 08:05,Delivered,Paid,Ahmedabad,19-08-2026 08:05
ORD006820,CUST0005,EMP044,10-08-2026 08:42,05-09-2026 08:42,Delivered,Paid,Surat,30-08-2026 08:42
ORD006821,CUST0290,EMP019,10-08-2026 11:02,21-08-2026 11:02,Order Confirmed,Overdue,Ahmedabad,
ORD006822,CUST0086,EMP019,10-08-2026 12:43,08-09-2026 12:43,Order Confirmed,Overdue,Pune,
ORD006823,CUST0208,EMP014,10-08-2026 20:37,24-08-2026 20:37,Dispatched,Paid,Mumbai,21-08-2026 20:37
ORD006824,CUST0236,EMP034,10-08-2026 21:28,01-09-2026 21:28,Order Confirmed,Paid,Delhi,
ORD006825,CUST0038,EMP044,11-08-2026 06:04,29-08-2026 06:04,Delivered,Paid,Ludhiana,29-08-2026 06:04
ORD006826,CUST0426,EMP030,11-08-2026 13:20,02-09-2026 13:20,Dispatched,Paid,Ahmedabad,01-09-2026 13:20
ORD006827,CUST0256,EMP014,12-08-2026 03:43,07-09-2026 03:43,Delivered,Paid,Pune,06-09-2026 03:43
ORD006828,CUST0483,EMP026,12-08-2026 12:49,22-08-2026 12:49,On Hold,Overdue,Pune,
ORD006829,CUST0233,EMP034,12-08-2026 14:15,27-08-2026 14:15,In Production,Partially Paid,Pune,
ORD006830,CUST0298,EMP003,12-08-2026 14:44,01-09-2026 14:44,Cancelled,Paid,Ahmedabad,
ORD006831,CUST0407,EMP026,12-08-2026 15:19,25-08-2026 15:19,Delivered,Overdue,Surat,24-08-2026 15:19
ORD006832,CUST0107,EMP030,12-08-2026 22:19,28-08-2026 22:19,Order Confirmed,Partially Paid,Chennai,
ORD006833,CUST0455,EMP026,13-08-2026 08:41,10-09-2026 08:41,Delivered,Paid,Gurugram,06-09-2026 08:41
ORD006834,CUST0093,EMP030,13-08-2026 13:54,25-08-2026 13:54,Dispatched,Pending,Ludhiana,19-08-2026 13:54
ORD006835,CUST0498,EMP038,13-08-2026 17:48,24-08-2026 17:48,Delivered,Paid,Noida,19-08-2026 17:48
ORD006836,CUST0320,EMP011,14-08-2026 13:43,03-09-2026 13:43,Delivered,Paid,Jaipur,31-08-2026 13:43
ORD006837,CUST0260,EMP026,14-08-2026 13:57,23-08-2026 13:57,Delivered,Paid,Ahmedabad,20-08-2026 13:57
ORD006838,CUST0106,EMP034,14-08-2026 16:53,21-08-2026 16:53,Delivered,Paid,Vadodara,18-08-2026 16:53
ORD006839,CUST0285,EMP038,15-08-2026 03:57,11-09-2026 03:57,Delivered,Paid,Jaipur,09-09-2026 03:57
ORD006840,CUST0277,EMP019,15-08-2026 04:50,28-08-2026 04:50,In Production,Pending,Noida,
ORD006841,CUST0492,EMP044,16-08-2026 01:35,25-08-2026 01:35,On Hold,Paid,Gurugram,
ORD006842,CUST0418,EMP017,16-08-2026 02:01,07-09-2026 02:01,Delivered,Paid,Noida,03-09-2026 02:01
ORD006843,CUST0242,EMP019,16-08-2026 05:12,03-09-2026 05:12,Delivered,Overdue,Jaipur,28-08-2026 05:12
ORD006844,CUST0195,EMP038,16-08-2026 13:15,02-09-2026 13:15,Delivered,Overdue,Pune,02-09-2026 13:15
ORD006845,CUST0194,EMP019,16-08-2026 18:38,02-09-2026 18:38,Order Confirmed,Pending,Kolkata,
ORD006846,CUST0190,EMP017,16-08-2026 22:31,26-08-2026 22:31,In Production,Pending,Chennai,
ORD006847,CUST0007,EMP026,17-08-2026 01:51,13-09-2026 01:51,Delivered,Overdue,Gurugram,11-09-2026 01:51
ORD006848,CUST0019,EMP030,17-08-2026 12:11,24-08-2026 12:11,Cancelled,Pending,Vadodara,
ORD006849,CUST0376,EMP044,17-08-2026 14:27,04-09-2026 14:27,Delivered,Paid,Hyderabad,04-09-2026 14:27
ORD006850,CUST0128,EMP030,17-08-2026 19:49,30-08-2026 19:49,Dispatched,Paid,Mumbai,25-08-2026 19:49
ORD006851,CUST0206,EMP011,18-08-2026 05:39,09-09-2026 05:39,Order Confirmed,Paid,Kolkata,
ORD006852,CUST0350,EMP003,18-08-2026 09:23,07-09-2026 09:23,Dispatched,Paid,Bengaluru,06-09-2026 09:23
ORD006853,CUST0304,EMP044,18-08-2026 13:58,03-09-2026 13:58,In Production,Paid,Faridabad,
ORD006854,CUST0181,EMP019,18-08-2026 14:24,06-09-2026 14:24,Delivered,Paid,Chennai,02-09-2026 14:24
ORD006855,CUST0377,EMP014,19-08-2026 04:25,31-08-2026 04:25,Delivered,Paid,Delhi,31-08-2026 04:25
ORD006856,CUST0080,EMP014,19-08-2026 06:45,29-08-2026 06:45,In Production,Paid,Kolkata,
ORD006857,CUST0237,EMP011,19-08-2026 07:17,16-09-2026 07:17,Dispatched,Paid,Bengaluru,13-09-2026 07:17
ORD006858,CUST0053,EMP011,19-08-2026 13:58,09-09-2026 13:58,Cancelled,Paid,Kolkata,
ORD006859,CUST0266,EMP034,20-08-2026 01:26,11-09-2026 01:26,Delivered,Paid,Pune,05-09-2026 01:26
ORD006860,CUST0048,EMP030,20-08-2026 02:24,19-09-2026 02:24,Order Confirmed,Paid,Ahmedabad,
ORD006861,CUST0471,EMP026,20-08-2026 05:08,17-09-2026 05:08,Dispatched,Paid,Noida,11-09-2026 05:08
ORD006862,CUST0330,EMP003,20-08-2026 13:55,10-09-2026 13:55,Dispatched,Paid,Ahmedabad,09-09-2026 13:55
ORD006863,CUST0123,EMP030,20-08-2026 21:24,15-09-2026 21:24,In Production,Partially Paid,Faridabad,
ORD006864,CUST0307,EMP044,21-08-2026 07:09,09-09-2026 07:09,Delivered,Pending,Mumbai,05-09-2026 07:09
ORD006865,CUST0175,EMP044,21-08-2026 12:11,02-09-2026 12:11,In Production,Paid,Faridabad,
ORD006866,CUST0260,EMP017,21-08-2026 12:43,11-09-2026 12:43,Dispatched,Pending,Ahmedabad,10-09-2026 12:43
ORD006867,CUST0084,EMP030,21-08-2026 17:32,18-09-2026 17:32,Dispatched,Pending,Chennai,13-09-2026 17:32
ORD006868,CUST0251,EMP014,22-08-2026 04:50,19-09-2026 04:50,Dispatched,Overdue,Vadodara,16-09-2026 04:50
ORD006869,CUST0054,EMP038,22-08-2026 07:23,10-09-2026 07:23,Delivered,Pending,Chennai,05-09-2026 07:23
ORD006870,CUST0077,EMP044,22-08-2026 13:40,20-09-2026 13:40,Delivered,Paid,Kolkata,14-09-2026 13:40
ORD006871,CUST0293,EMP014,22-08-2026 16:21,02-09-2026 16:21,Order Confirmed,Paid,Gurugram,
ORD006872,CUST0251,EMP019,22-08-2026 21:41,29-08-2026 21:41,In Production,Paid,Vadodara,
ORD006873,CUST0147,EMP014,23-08-2026 00:56,08-09-2026 00:56,Delivered,Paid,Bengaluru,06-09-2026 00:56
ORD006874,CUST0030,EMP030,23-08-2026 17:25,03-09-2026 17:25,Cancelled,Paid,Mumbai,
ORD006875,CUST0212,EMP014,23-08-2026 19:20,21-09-2026 19:20,Quotation,Overdue,Bengaluru,
ORD006876,CUST0463,EMP030,24-08-2026 03:35,02-09-2026 03:35,Quotation,Paid,Mumbai,
ORD006877,CUST0355,EMP044,24-08-2026 07:58,12-09-2026 07:58,Cancelled,Paid,Delhi,
ORD006878,CUST0030,EMP038,24-08-2026 12:02,18-09-2026 12:02,Order Confirmed,Overdue,Mumbai,
ORD006879,CUST0469,EMP011,25-08-2026 00:19,03-09-2026 00:19,On Hold,Paid,Ludhiana,
ORD006880,CUST0212,EMP011,25-08-2026 08:53,02-09-2026 08:53,Delivered,Paid,Bengaluru,02-09-2026 08:53
ORD006881,CUST0288,EMP038,25-08-2026 09:35,14-09-2026 09:35,Order Confirmed,Paid,Faridabad,
ORD006882,CUST0001,EMP003,25-08-2026 13:00,22-09-2026 13:00,Order Confirmed,Paid,Ludhiana,
ORD006883,CUST0156,EMP019,25-08-2026 14:18,01-09-2026 14:18,On Hold,Paid,Hyderabad,
ORD006884,CUST0394,EMP044,25-08-2026 15:31,01-09-2026 15:31,Order Confirmed,Paid,Kolkata,
ORD006885,CUST0166,EMP019,26-08-2026 07:05,24-09-2026 07:05,Delivered,Paid,Hyderabad,22-09-2026 07:05
ORD006886,CUST0084,EMP003,26-08-2026 07:33,16-09-2026 07:33,Order Confirmed,Paid,Chennai,
ORD006887,CUST0046,EMP044,26-08-2026 12:42,18-09-2026 12:42,Delivered,Partially Paid,Mumbai,17-09-2026 12:42
ORD006888,CUST0463,EMP034,26-08-2026 12:52,08-09-2026 12:52,Delivered,Paid,Mumbai,08-09-2026 12:52
ORD006889,CUST0407,EMP017,27-08-2026 04:21,10-09-2026 04:21,Delivered,Paid,Surat,05-09-2026 04:21
ORD006890,CUST0022,EMP030,27-08-2026 07:55,14-09-2026 07:55,Quotation,Paid,Ludhiana,
ORD006891,CUST0463,EMP030,27-08-2026 10:43,08-09-2026 10:43,Delivered,Pending,Mumbai,02-09-2026 10:43
ORD006892,CUST0411,EMP026,27-08-2026 11:15,13-09-2026 11:15,Delivered,Partially Paid,Pune,10-09-2026 11:15
ORD006893,CUST0180,EMP044,27-08-2026 12:40,25-09-2026 12:40,Order Confirmed,Paid,Jaipur,
ORD006894,CUST0329,EMP034,27-08-2026 16:58,20-09-2026 16:58,Delivered,Paid,Jaipur,17-09-2026 16:58
ORD006895,CUST0129,EMP014,27-08-2026 17:37,23-09-2026 17:37,Delivered,Paid,Delhi,19-09-2026 17:37
ORD006896,CUST0125,EMP044,27-08-2026 19:44,14-09-2026 19:44,Quotation,Pending,Chennai,
ORD006897,CUST0358,EMP044,27-08-2026 20:19,21-09-2026 20:19,Cancelled,Overdue,Delhi,
ORD006898,CUST0102,EMP003,28-08-2026 07:33,14-09-2026 07:33,Dispatched,Paid,Pune,08-09-2026 07:33
ORD006899,CUST0178,EMP014,28-08-2026 08:57,18-09-2026 08:57,Order Confirmed,Paid,Bengaluru,
ORD006900,CUST0179,EMP030,28-08-2026 15:25,21-09-2026 15:25,Order Confirmed,Paid,Hyderabad,
ORD006901,CUST0076,EMP038,28-08-2026 23:01,23-09-2026 23:01,In Production,Partially Paid,Pune,
ORD006902,CUST0415,EMP034,29-08-2026 02:26,27-09-2026 02:26,In Production,Paid,Noida,
ORD006903,CUST0337,EMP026,29-08-2026 06:12,07-09-2026 06:12,In Production,Paid,Noida,
ORD006904,CUST0431,EMP017,29-08-2026 06:45,24-09-2026 06:45,Delivered,Pending,Ludhiana,24-09-2026 06:45
ORD006905,CUST0262,EMP003,29-08-2026 07:18,22-09-2026 07:18,Delivered,Paid,Ludhiana,19-09-2026 07:18
ORD006906,CUST0088,EMP038,29-08-2026 09:02,22-09-2026 09:02,Order Confirmed,Pending,Jaipur,
ORD006907,CUST0140,EMP026,29-08-2026 11:30,05-09-2026 11:30,Delivered,Paid,Surat,30-08-2026 11:30
ORD006908,CUST0177,EMP019,29-08-2026 12:57,16-09-2026 12:57,Delivered,Pending,Faridabad,15-09-2026 12:57
ORD006909,CUST0471,EMP044,29-08-2026 16:50,28-09-2026 16:50,Dispatched,Pending,Noida,24-09-2026 16:50
ORD006910,CUST0119,EMP011,29-08-2026 20:42,26-09-2026 20:42,On Hold,Paid,Hyderabad,
ORD006911,CUST0347,EMP014,30-08-2026 00:39,11-09-2026 00:39,In Production,Paid,Noida,
ORD006912,CUST0062,EMP038,30-08-2026 07:31,17-09-2026 07:31,Quotation,Paid,Ludhiana,
ORD006913,CUST0478,EMP014,30-08-2026 09:33,26-09-2026 09:33,Quotation,Partially Paid,Mumbai,
ORD006914,CUST0324,EMP044,30-08-2026 10:41,28-09-2026 10:41,In Production,Paid,Ludhiana,
ORD006915,CUST0216,EMP038,30-08-2026 13:15,13-09-2026 13:15,Dispatched,Overdue,Hyderabad,13-09-2026 13:15
ORD006916,CUST0173,EMP003,30-08-2026 19:13,25-09-2026 19:13,Quotation,Partially Paid,Ahmedabad,
ORD006917,CUST0178,EMP019,30-08-2026 20:18,26-09-2026 20:18,Delivered,Overdue,Bengaluru,21-09-2026 20:18
ORD006918,CUST0113,EMP034,30-08-2026 22:55,09-09-2026 22:55,Cancelled,Paid,Bengaluru,
ORD006919,CUST0300,EMP019,30-08-2026 23:44,06-09-2026 23:44,Delivered,Paid,Ludhiana,02-09-2026 23:44
ORD006920,CUST0433,EMP014,30-08-2026 23:49,07-09-2026 23:49,Delivered,Paid,Noida,01-09-2026 23:49
ORD006921,CUST0121,EMP003,31-08-2026 08:28,10-09-2026 08:28,Delivered,Paid,Bengaluru,08-09-2026 08:28
ORD006922,CUST0375,EMP003,31-08-2026 08:59,24-09-2026 08:59,Delivered,Paid,Surat,19-09-2026 08:59
ORD006923,CUST0284,EMP011,31-08-2026 13:23,16-09-2026 13:23,Dispatched,Paid,Gurugram,11-09-2026 13:23
ORD006924,CUST0387,EMP014,31-08-2026 18:09,23-09-2026 18:09,In Production,Partially Paid,Pune,
ORD006925,CUST0385,EMP017,31-08-2026 19:26,09-09-2026 19:26,In Production,Paid,Faridabad,
ORD006926,CUST0020,EMP038,01-09-2026 06:21,22-09-2026 06:21,Order Confirmed,Paid,Jaipur,
ORD006927,CUST0011,EMP026,02-09-2026 04:42,26-09-2026 04:42,Delivered,Paid,Kolkata,26-09-2026 04:42
ORD006928,CUST0458,EMP011,02-09-2026 15:30,02-10-2026 15:30,Dispatched,Partially Paid,Noida,27-09-2026 15:30
ORD006929,CUST0078,EMP003,02-09-2026 16:52,16-09-2026 16:52,Order Confirmed,Pending,Noida,
ORD006930,CUST0288,EMP011,02-09-2026 20:36,22-09-2026 20:36,In Production,Paid,Faridabad,
ORD006931,CUST0377,EMP017,02-09-2026 21:34,20-09-2026 21:34,Delivered,Paid,Delhi,16-09-2026 21:34
ORD006932,CUST0252,EMP034,03-09-2026 00:20,18-09-2026 00:20,Order Confirmed,Paid,Faridabad,
ORD006933,CUST0004,EMP003,03-09-2026 03:14,25-09-2026 03:14,Dispatched,Partially Paid,Ahmedabad,21-09-2026 03:14
ORD006934,CUST0006,EMP019,03-09-2026 06:00,23-09-2026 06:00,Order Confirmed,Paid,Hyderabad,
ORD006935,CUST0335,EMP019,03-09-2026 06:00,29-09-2026 06:00,Order Confirmed,Paid,Jaipur,
ORD006936,CUST0449,EMP011,03-09-2026 10:40,10-09-2026 10:40,Delivered,Overdue,Ahmedabad,07-09-2026 10:40
ORD006937,CUST0172,EMP003,03-09-2026 14:35,15-09-2026 14:35,Quotation,Paid,Delhi,
ORD006938,CUST0272,EMP014,03-09-2026 20:48,23-09-2026 20:48,In Production,Paid,Bengaluru,
ORD006939,CUST0467,EMP011,03-09-2026 21:36,23-09-2026 21:36,On Hold,Paid,Delhi,
ORD006940,CUST0413,EMP034,03-09-2026 23:21,01-10-2026 23:21,Dispatched,Pending,Ludhiana,26-09-2026 23:21
ORD006941,CUST0271,EMP044,04-09-2026 01:32,27-09-2026 01:32,Delivered,Paid,Faridabad,27-09-2026 01:32
ORD006942,CUST0328,EMP030,04-09-2026 03:11,11-09-2026 03:11,Delivered,Overdue,Ludhiana,09-09-2026 03:11
ORD006943,CUST0481,EMP034,04-09-2026 07:40,22-09-2026 07:40,Order Confirmed,Pending,Mumbai,
ORD006944,CUST0399,EMP034,04-09-2026 10:20,01-10-2026 10:20,In Production,Partially Paid,Faridabad,
ORD006945,CUST0208,EMP038,04-09-2026 21:00,01-10-2026 21:00,In Production,Paid,Mumbai,
ORD006946,CUST0347,EMP003,05-09-2026 01:24,01-10-2026 01:24,Order Confirmed,Paid,Noida,
ORD006947,CUST0165,EMP044,05-09-2026 03:13,23-09-2026 03:13,Order Confirmed,Pending,Bengaluru,
ORD006948,CUST0461,EMP019,05-09-2026 09:04,14-09-2026 09:04,Delivered,Overdue,Delhi,13-09-2026 09:04
ORD006949,CUST0047,EMP026,05-09-2026 13:21,17-09-2026 13:21,Order Confirmed,Pending,Ahmedabad,
ORD006950,CUST0113,EMP034,05-09-2026 17:29,02-10-2026 17:29,Order Confirmed,Overdue,Bengaluru,
ORD006951,CUST0174,EMP019,05-09-2026 18:49,20-09-2026 18:49,Delivered,Partially Paid,Noida,15-09-2026 18:49
ORD006952,CUST0102,EMP014,06-09-2026 06:27,01-10-2026 06:27,Dispatched,Paid,Pune,30-09-2026 06:27
ORD006953,CUST0298,EMP003,06-09-2026 13:36,13-09-2026 13:36,Delivered,Paid,Ahmedabad,13-09-2026 13:36
ORD006954,CUST0357,EMP011,06-09-2026 13:51,24-09-2026 13:51,Quotation,Paid,Noida,
ORD006955,CUST0446,EMP003,06-09-2026 23:55,05-10-2026 23:55,Delivered,Paid,Kolkata,29-09-2026 23:55
ORD006956,CUST0251,EMP017,07-09-2026 00:55,19-09-2026 00:55,Delivered,Paid,Vadodara,17-09-2026 00:55
ORD006957,CUST0311,EMP034,07-09-2026 10:30,14-09-2026 10:30,Dispatched,Paid,Delhi,09-09-2026 10:30
ORD006958,CUST0300,EMP017,07-09-2026 18:16,20-09-2026 18:16,Delivered,Paid,Ludhiana,19-09-2026 18:16
ORD006959,CUST0002,EMP026,07-09-2026 23:25,15-09-2026 23:25,In Production,Paid,Jaipur,
ORD006960,CUST0355,EMP011,08-09-2026 00:07,29-09-2026 00:07,Quotation,Partially Paid,Delhi,
ORD006961,CUST0012,EMP026,08-09-2026 01:37,19-09-2026 01:37,In Production,Paid,Gurugram,
ORD006962,CUST0274,EMP044,08-09-2026 09:11,20-09-2026 09:11,Dispatched,Paid,Mumbai,16-09-2026 09:11
ORD006963,CUST0500,EMP017,08-09-2026 10:15,29-09-2026 10:15,Delivered,Partially Paid,Surat,23-09-2026 10:15
ORD006964,CUST0394,EMP019,08-09-2026 16:31,22-09-2026 16:31,In Production,Paid,Kolkata,
ORD006965,CUST0254,EMP044,08-09-2026 19:29,30-09-2026 19:29,In Production,Paid,Hyderabad,
ORD006966,CUST0160,EMP030,09-09-2026 00:29,08-10-2026 00:29,Delivered,Paid,Hyderabad,03-10-2026 00:29
ORD006967,CUST0419,EMP017,09-09-2026 04:46,08-10-2026 04:46,Order Confirmed,Paid,Ludhiana,
ORD006968,CUST0430,EMP011,09-09-2026 09:10,03-10-2026 09:10,Delivered,Paid,Jaipur,01-10-2026 09:10
ORD006969,CUST0185,EMP044,09-09-2026 11:56,09-10-2026 11:56,In Production,Partially Paid,Delhi,
ORD006970,CUST0054,EMP030,09-09-2026 14:26,03-10-2026 14:26,Cancelled,Paid,Chennai,
ORD006971,CUST0292,EMP003,09-09-2026 18:22,17-09-2026 18:22,Order Confirmed,Pending,Chennai,
ORD006972,CUST0318,EMP026,09-09-2026 19:07,08-10-2026 19:07,Delivered,Paid,Delhi,04-10-2026 19:07
ORD006973,CUST0468,EMP044,09-09-2026 21:45,29-09-2026 21:45,Delivered,Paid,Hyderabad,24-09-2026 21:45
ORD006974,CUST0446,EMP044,10-09-2026 00:52,17-09-2026 00:52,On Hold,Pending,Kolkata,
ORD006975,CUST0115,EMP011,10-09-2026 15:39,01-10-2026 15:39,On Hold,Partially Paid,Kolkata,
ORD006976,CUST0127,EMP019,10-09-2026 18:15,22-09-2026 18:15,Delivered,Paid,Pune,17-09-2026 18:15
ORD006977,CUST0499,EMP044,11-09-2026 05:19,30-09-2026 05:19,Order Confirmed,Partially Paid,Faridabad,
ORD006978,CUST0164,EMP034,11-09-2026 10:47,03-10-2026 10:47,Dispatched,Paid,Hyderabad,01-10-2026 10:47
ORD006979,CUST0230,EMP026,11-09-2026 11:06,18-09-2026 11:06,Delivered,Partially Paid,Bengaluru,17-09-2026 11:06
ORD006980,CUST0153,EMP017,11-09-2026 13:40,28-09-2026 13:40,Delivered,Paid,Surat,25-09-2026 13:40
ORD006981,CUST0197,EMP034,11-09-2026 13:55,19-09-2026 13:55,Delivered,Paid,Kolkata,18-09-2026 13:55
ORD006982,CUST0283,EMP026,11-09-2026 15:45,20-09-2026 15:45,Delivered,Paid,Mumbai,15-09-2026 15:45
ORD006983,CUST0147,EMP026,11-09-2026 16:59,23-09-2026 16:59,In Production,Overdue,Bengaluru,
ORD006984,CUST0207,EMP044,11-09-2026 22:39,06-10-2026 22:39,Order Confirmed,Paid,Ahmedabad,
ORD006985,CUST0177,EMP017,11-09-2026 23:44,27-09-2026 23:44,In Production,Pending,Faridabad,
ORD006986,CUST0054,EMP030,12-09-2026 01:44,20-09-2026 01:44,Delivered,Paid,Chennai,16-09-2026 01:44
ORD006987,CUST0394,EMP003,12-09-2026 11:00,06-10-2026 11:00,Dispatched,Paid,Kolkata,03-10-2026 11:00
ORD006988,CUST0446,EMP034,12-09-2026 18:48,02-10-2026 18:48,Quotation,Paid,Kolkata,
ORD006989,CUST0247,EMP026,13-09-2026 17:30,23-09-2026 17:30,Delivered,Partially Paid,Kolkata,18-09-2026 17:30
ORD006990,CUST0103,EMP038,13-09-2026 22:16,03-10-2026 22:16,Quotation,Paid,Surat,
ORD006991,CUST0322,EMP017,14-09-2026 12:45,26-09-2026 12:45,In Production,Paid,Gurugram,
ORD006992,CUST0268,EMP044,14-09-2026 15:26,06-10-2026 15:26,Dispatched,Paid,Jaipur,05-10-2026 15:26
ORD006993,CUST0276,EMP026,14-09-2026 18:01,13-10-2026 18:01,Dispatched,Partially Paid,Mumbai,08-10-2026 18:01
ORD006994,CUST0298,EMP014,15-09-2026 07:38,29-09-2026 07:38,Order Confirmed,Paid,Ahmedabad,
ORD006995,CUST0359,EMP011,15-09-2026 08:07,09-10-2026 08:07,Delivered,Paid,Surat,06-10-2026 08:07
ORD006996,CUST0021,EMP011,15-09-2026 12:16,22-09-2026 12:16,Delivered,Paid,Ahmedabad,16-09-2026 12:16
ORD006997,CUST0050,EMP017,15-09-2026 18:52,01-10-2026 18:52,Delivered,Paid,Vadodara,27-09-2026 18:52
ORD006998,CUST0048,EMP026,15-09-2026 21:34,13-10-2026 21:34,Cancelled,Paid,Ahmedabad,
ORD006999,CUST0078,EMP038,16-09-2026 15:27,24-09-2026 15:27,Order Confirmed,Paid,Noida,
ORD007000,CUST0486,EMP044,16-09-2026 15:47,15-10-2026 15:47,Order Confirmed,Partially Paid,Faridabad,
ORD007001,CUST0366,EMP030,16-09-2026 16:09,25-09-2026 16:09,Quotation,Overdue,Pune,
ORD007002,CUST0333,EMP019,16-09-2026 23:06,04-10-2026 23:06,Delivered,Paid,Pune,29-09-2026 23:06
ORD007003,CUST0350,EMP030,17-09-2026 05:28,28-09-2026 05:28,Order Confirmed,Paid,Bengaluru,
ORD007004,CUST0017,EMP017,17-09-2026 07:52,24-09-2026 07:52,Cancelled,Overdue,Pune,
ORD007005,CUST0107,EMP014,17-09-2026 15:37,02-10-2026 15:37,Delivered,Paid,Chennai,01-10-2026 15:37
ORD007006,CUST0398,EMP026,18-09-2026 01:38,08-10-2026 01:38,Delivered,Paid,Jaipur,07-10-2026 01:38
ORD007007,CUST0232,EMP038,18-09-2026 01:59,12-10-2026 01:59,Dispatched,Partially Paid,Gurugram,09-10-2026 01:59
ORD007008,CUST0255,EMP003,18-09-2026 05:42,02-10-2026 05:42,Delivered,Paid,Noida,01-10-2026 05:42
ORD007009,CUST0376,EMP011,18-09-2026 09:01,06-10-2026 09:01,Dispatched,Paid,Hyderabad,06-10-2026 09:01
ORD007010,CUST0038,EMP011,18-09-2026 23:03,29-09-2026 23:03,Delivered,Pending,Ludhiana,26-09-2026 23:03
ORD007011,CUST0400,EMP014,18-09-2026 23:29,12-10-2026 23:29,Delivered,Paid,Mumbai,11-10-2026 23:29
ORD007012,CUST0341,EMP011,19-09-2026 11:04,30-09-2026 11:04,Order Confirmed,Partially Paid,Mumbai,
ORD007013,CUST0202,EMP011,19-09-2026 15:09,16-10-2026 15:09,Delivered,Paid,Kolkata,12-10-2026 15:09
ORD007014,CUST0250,EMP003,19-09-2026 15:29,30-09-2026 15:29,Delivered,Paid,Hyderabad,26-09-2026 15:29
ORD007015,CUST0038,EMP017,19-09-2026 21:04,11-10-2026 21:04,Delivered,Pending,Ludhiana,08-10-2026 21:04
ORD007016,CUST0103,EMP034,19-09-2026 21:30,03-10-2026 21:30,Order Confirmed,Pending,Surat,
ORD007017,CUST0124,EMP011,20-09-2026 00:06,20-10-2026 00:06,Order Confirmed,Pending,Ahmedabad,
ORD007018,CUST0439,EMP017,20-09-2026 01:34,03-10-2026 01:34,Quotation,Paid,Surat,
ORD007019,CUST0057,EMP044,20-09-2026 16:01,19-10-2026 16:01,Delivered,Pending,Ludhiana,14-10-2026 16:01
ORD007020,CUST0146,EMP011,20-09-2026 20:07,17-10-2026 20:07,Order Confirmed,Paid,Ludhiana,
ORD007021,CUST0066,EMP044,20-09-2026 22:04,08-10-2026 22:04,On Hold,Paid,Gurugram,
ORD007022,CUST0143,EMP026,20-09-2026 23:47,08-10-2026 23:47,On Hold,Partially Paid,Jaipur,
ORD007023,CUST0006,EMP034,21-09-2026 02:56,06-10-2026 02:56,Quotation,Paid,Hyderabad,
ORD007024,CUST0137,EMP017,21-09-2026 13:35,08-10-2026 13:35,Delivered,Paid,Vadodara,08-10-2026 13:35
ORD007025,CUST0362,EMP017,21-09-2026 14:45,09-10-2026 14:45,In Production,Partially Paid,Chennai,
ORD007026,CUST0384,EMP017,21-09-2026 23:43,01-10-2026 23:43,In Production,Pending,Jaipur,
ORD007027,CUST0190,EMP011,22-09-2026 02:34,06-10-2026 02:34,Order Confirmed,Paid,Chennai,
ORD007028,CUST0354,EMP017,22-09-2026 05:13,20-10-2026 05:13,Delivered,Paid,Pune,15-10-2026 05:13
ORD007029,CUST0310,EMP038,22-09-2026 10:05,22-10-2026 10:05,Delivered,Partially Paid,Hyderabad,19-10-2026 10:05
ORD007030,CUST0452,EMP003,22-09-2026 11:06,30-09-2026 11:06,Quotation,Paid,Vadodara,
ORD007031,CUST0403,EMP026,22-09-2026 14:47,16-10-2026 14:47,In Production,Paid,Pune,
ORD007032,CUST0115,EMP030,22-09-2026 18:35,04-10-2026 18:35,Dispatched,Paid,Kolkata,30-09-2026 18:35
ORD007033,CUST0295,EMP011,22-09-2026 21:08,14-10-2026 21:08,Dispatched,Paid,Kolkata,09-10-2026 21:08
ORD007034,CUST0394,EMP011,22-09-2026 21:15,13-10-2026 21:15,Order Confirmed,Paid,Kolkata,
ORD007035,CUST0153,EMP026,23-09-2026 05:53,21-10-2026 05:53,Delivered,Overdue,Surat,19-10-2026 05:53
ORD007036,CUST0287,EMP014,23-09-2026 09:49,16-10-2026 09:49,Cancelled,Pending,Delhi,
ORD007037,CUST0201,EMP044,23-09-2026 19:25,19-10-2026 19:25,In Production,Paid,Delhi,
ORD007038,CUST0155,EMP011,24-09-2026 03:37,20-10-2026 03:37,Delivered,Paid,Vadodara,19-10-2026 03:37
ORD007039,CUST0100,EMP011,24-09-2026 06:57,16-10-2026 06:57,Delivered,Partially Paid,Pune,11-10-2026 06:57
ORD007040,CUST0018,EMP017,24-09-2026 17:55,10-10-2026 17:55,Delivered,Paid,Chennai,06-10-2026 17:55
ORD007041,CUST0375,EMP017,24-09-2026 23:17,09-10-2026 23:17,Delivered,Pending,Surat,08-10-2026 23:17
ORD007042,CUST0410,EMP011,25-09-2026 03:41,10-10-2026 03:41,Dispatched,Paid,Ahmedabad,09-10-2026 03:41
ORD007043,CUST0326,EMP030,25-09-2026 05:07,10-10-2026 05:07,Delivered,Partially Paid,Delhi,05-10-2026 05:07
ORD007044,CUST0121,EMP017,25-09-2026 10:17,08-10-2026 10:17,In Production,Paid,Bengaluru,
ORD007045,CUST0010,EMP026,25-09-2026 11:36,09-10-2026 11:36,Delivered,Pending,Ahmedabad,06-10-2026 11:36
ORD007046,CUST0316,EMP014,26-09-2026 09:50,16-10-2026 09:50,Order Confirmed,Pending,Ludhiana,
ORD007047,CUST0100,EMP003,26-09-2026 14:15,09-10-2026 14:15,Order Confirmed,Paid,Pune,
ORD007048,CUST0275,EMP003,26-09-2026 15:18,11-10-2026 15:18,Dispatched,Overdue,Bengaluru,05-10-2026 15:18
ORD007049,CUST0486,EMP003,26-09-2026 17:08,20-10-2026 17:08,In Production,Paid,Faridabad,
ORD007050,CUST0003,EMP038,26-09-2026 17:53,10-10-2026 17:53,Order Confirmed,Paid,Gurugram,
ORD007051,CUST0289,EMP014,26-09-2026 22:43,05-10-2026 22:43,Order Confirmed,Partially Paid,Mumbai,
ORD007052,CUST0498,EMP017,26-09-2026 23:59,03-10-2026 23:59,Delivered,Paid,Noida,29-09-2026 23:59
ORD007053,CUST0168,EMP026,27-09-2026 00:55,22-10-2026 00:55,Delivered,Paid,Bengaluru,21-10-2026 00:55
ORD007054,CUST0408,EMP003,27-09-2026 20:24,26-10-2026 20:24,In Production,Paid,Vadodara,
ORD007055,CUST0415,EMP030,27-09-2026 21:42,20-10-2026 21:42,Delivered,Paid,Noida,19-10-2026 21:42
ORD007056,CUST0244,EMP026,27-09-2026 23:39,05-10-2026 23:39,Delivered,Paid,Hyderabad,29-09-2026 23:39
ORD007057,CUST0154,EMP034,28-09-2026 02:21,18-10-2026 02:21,Order Confirmed,Paid,Jaipur,
ORD007058,CUST0341,EMP011,28-09-2026 09:45,11-10-2026 09:45,Delivered,Paid,Mumbai,06-10-2026 09:45
ORD007059,CUST0310,EMP003,28-09-2026 12:53,12-10-2026 12:53,In Production,Paid,Hyderabad,
ORD007060,CUST0239,EMP034,28-09-2026 15:06,27-10-2026 15:06,Delivered,Paid,Ahmedabad,23-10-2026 15:06
ORD007061,CUST0097,EMP017,28-09-2026 23:07,24-10-2026 23:07,Delivered,Partially Paid,Ahmedabad,20-10-2026 23:07
ORD007062,CUST0373,EMP003,28-09-2026 23:11,22-10-2026 23:11,Quotation,Overdue,Kolkata,
ORD007063,CUST0106,EMP026,29-09-2026 00:36,18-10-2026 00:36,Dispatched,Paid,Vadodara,16-10-2026 00:36
ORD007064,CUST0068,EMP019,29-09-2026 00:43,19-10-2026 00:43,In Production,Paid,Hyderabad,
ORD007065,CUST0034,EMP044,29-09-2026 01:38,27-10-2026 01:38,Delivered,Paid,Noida,25-10-2026 01:38
ORD007066,CUST0224,EMP044,29-09-2026 19:58,21-10-2026 19:58,Order Confirmed,Paid,Faridabad,
ORD007067,CUST0061,EMP026,29-09-2026 21:12,19-10-2026 21:12,Delivered,Paid,Mumbai,14-10-2026 21:12
ORD007068,CUST0168,EMP011,29-09-2026 23:51,08-10-2026 23:51,Delivered,Paid,Bengaluru,02-10-2026 23:51
ORD007069,CUST0121,EMP034,30-09-2026 01:00,30-10-2026 01:00,Order Confirmed,Partially Paid,Bengaluru,
ORD007070,CUST0230,EMP014,30-09-2026 05:38,26-10-2026 05:38,Delivered,Overdue,Bengaluru,20-10-2026 05:38
ORD007071,CUST0389,EMP038,30-09-2026 13:06,15-10-2026 13:06,Quotation,Paid,Hyderabad,
ORD007072,CUST0226,EMP030,30-09-2026 20:11,13-10-2026 20:11,Delivered,Paid,Mumbai,08-10-2026 20:11
ORD007073,CUST0279,EMP017,30-09-2026 20:17,30-10-2026 20:17,Dispatched,Partially Paid,Hyderabad,24-10-2026 20:17
ORD007074,CUST0072,EMP044,01-10-2026 00:01,30-10-2026 00:01,Quotation,Pending,Kolkata,
ORD007075,CUST0057,EMP026,01-10-2026 01:11,18-10-2026 01:11,Order Confirmed,Paid,Ludhiana,
ORD007076,CUST0489,EMP017,01-10-2026 06:57,13-10-2026 06:57,Quotation,Paid,Hyderabad,
ORD007077,CUST0310,EMP011,01-10-2026 15:43,27-10-2026 15:43,Delivered,Paid,Hyderabad,24-10-2026 15:43
ORD007078,CUST0008,EMP030,01-10-2026 21:20,23-10-2026 21:20,Delivered,Partially Paid,Noida,21-10-2026 21:20
ORD007079,CUST0283,EMP014,01-10-2026 21:27,29-10-2026 21:27,Order Confirmed,Partially Paid,Mumbai,
ORD007080,CUST0006,EMP011,02-10-2026 01:40,22-10-2026 01:40,Order Confirmed,Paid,Hyderabad,
ORD007081,CUST0039,EMP011,02-10-2026 04:23,22-10-2026 04:23,Delivered,Paid,Gurugram,22-10-2026 04:23
ORD007082,CUST0187,EMP030,02-10-2026 04:35,12-10-2026 04:35,Order Confirmed,Paid,Jaipur,
ORD007083,CUST0329,EMP044,02-10-2026 08:55,23-10-2026 08:55,In Production,Paid,Jaipur,
ORD007084,CUST0311,EMP014,02-10-2026 10:14,17-10-2026 10:14,Delivered,Pending,Delhi,15-10-2026 10:14
ORD007085,CUST0396,EMP014,02-10-2026 16:49,13-10-2026 16:49,Quotation,Paid,Vadodara,
ORD007086,CUST0090,EMP030,03-10-2026 00:26,28-10-2026 00:26,Cancelled,Pending,Bengaluru,
ORD007087,CUST0096,EMP011,03-10-2026 06:39,18-10-2026 06:39,Quotation,Partially Paid,Jaipur,
ORD007088,CUST0267,EMP003,03-10-2026 07:43,15-10-2026 07:43,Delivered,Partially Paid,Bengaluru,12-10-2026 07:43
ORD007089,CUST0435,EMP030,03-10-2026 10:56,02-11-2026 10:56,In Production,Paid,Pune,
ORD007090,CUST0362,EMP026,03-10-2026 13:27,02-11-2026 13:27,Order Confirmed,Paid,Chennai,
ORD007091,CUST0335,EMP003,03-10-2026 16:57,21-10-2026 16:57,In Production,Paid,Jaipur,
ORD007092,CUST0048,EMP014,03-10-2026 17:39,17-10-2026 17:39,On Hold,Paid,Ahmedabad,
ORD007093,CUST0440,EMP011,03-10-2026 23:47,13-10-2026 23:47,Dispatched,Paid,Ahmedabad,13-10-2026 23:47
ORD007094,CUST0493,EMP030,04-10-2026 05:07,26-10-2026 05:07,Quotation,Paid,Ahmedabad,
ORD007095,CUST0292,EMP030,04-10-2026 08:59,25-10-2026 08:59,Cancelled,Overdue,Chennai,
ORD007096,CUST0169,EMP034,04-10-2026 19:07,25-10-2026 19:07,Order Confirmed,Partially Paid,Vadodara,
ORD007097,CUST0332,EMP003,05-10-2026 07:00,30-10-2026 07:00,Quotation,Pending,Hyderabad,
ORD007098,CUST0322,EMP038,06-10-2026 02:17,24-10-2026 02:17,Quotation,Overdue,Gurugram,
ORD007099,CUST0465,EMP014,06-10-2026 02:43,29-10-2026 02:43,Delivered,Partially Paid,Vadodara,27-10-2026 02:43
ORD007100,CUST0056,EMP044,06-10-2026 08:41,28-10-2026 08:41,Order Confirmed,Paid,Gurugram,
ORD007101,CUST0258,EMP038,06-10-2026 09:29,01-11-2026 09:29,Order Confirmed,Paid,Bengaluru,
ORD007102,CUST0355,EMP019,06-10-2026 16:52,30-10-2026 16:52,Cancelled,Partially Paid,Delhi,
ORD007103,CUST0175,EMP034,06-10-2026 16:54,13-10-2026 16:54,Delivered,Pending,Faridabad,07-10-2026 16:54
ORD007104,CUST0421,EMP030,07-10-2026 07:23,28-10-2026 07:23,In Production,Pending,Bengaluru,
ORD007105,CUST0033,EMP034,07-10-2026 18:14,06-11-2026 18:14,Delivered,Paid,Delhi,05-11-2026 18:14
ORD007106,CUST0053,EMP003,07-10-2026 21:10,27-10-2026 21:10,Order Confirmed,Pending,Kolkata,
ORD007107,CUST0396,EMP003,08-10-2026 01:31,27-10-2026 01:31,Dispatched,Paid,Vadodara,25-10-2026 01:31
ORD007108,CUST0063,EMP044,08-10-2026 10:28,29-10-2026 10:28,In Production,Paid,Faridabad,
ORD007109,CUST0210,EMP034,08-10-2026 13:20,28-10-2026 13:20,Delivered,Paid,Hyderabad,24-10-2026 13:20
ORD007110,CUST0141,EMP030,09-10-2026 07:24,25-10-2026 07:24,Delivered,Paid,Ahmedabad,19-10-2026 07:24
ORD007111,CUST0345,EMP017,09-10-2026 20:03,08-11-2026 20:03,In Production,Paid,Faridabad,
ORD007112,CUST0006,EMP019,09-10-2026 20:32,17-10-2026 20:32,Order Confirmed,Partially Paid,Hyderabad,
ORD007113,CUST0179,EMP017,10-10-2026 03:54,05-11-2026 03:54,In Production,Paid,Hyderabad,
ORD007114,CUST0494,EMP019,10-10-2026 03:55,20-10-2026 03:55,Delivered,Pending,Chennai,14-10-2026 03:55
ORD007115,CUST0185,EMP030,10-10-2026 09:47,21-10-2026 09:47,Delivered,Paid,Delhi,16-10-2026 09:47
ORD007116,CUST0300,EMP034,10-10-2026 10:51,31-10-2026 10:51,Delivered,Paid,Ludhiana,30-10-2026 10:51
ORD007117,CUST0495,EMP017,10-10-2026 18:41,01-11-2026 18:41,On Hold,Paid,Delhi,
ORD007118,CUST0304,EMP038,10-10-2026 20:00,08-11-2026 20:00,Delivered,Paid,Faridabad,08-11-2026 20:00
ORD007119,CUST0378,EMP003,10-10-2026 22:36,24-10-2026 22:36,On Hold,Paid,Jaipur,
ORD007120,CUST0480,EMP038,11-10-2026 00:19,18-10-2026 00:19,Delivered,Paid,Jaipur,13-10-2026 00:19
ORD007121,CUST0309,EMP030,11-10-2026 07:18,24-10-2026 07:18,Order Confirmed,Paid,Surat,
ORD007122,CUST0417,EMP026,11-10-2026 09:58,31-10-2026 09:58,Delivered,Paid,Ludhiana,25-10-2026 09:58
ORD007123,CUST0255,EMP017,11-10-2026 18:41,26-10-2026 18:41,Order Confirmed,Paid,Noida,
ORD007124,CUST0408,EMP017,13-10-2026 02:14,26-10-2026 02:14,Order Confirmed,Paid,Vadodara,
ORD007125,CUST0321,EMP017,13-10-2026 05:49,10-11-2026 05:49,In Production,Paid,Noida,
ORD007126,CUST0170,EMP044,13-10-2026 10:13,02-11-2026 10:13,In Production,Paid,Mumbai,
ORD007127,CUST0280,EMP003,14-10-2026 07:24,06-11-2026 07:24,Delivered,Paid,Delhi,02-11-2026 07:24
ORD007128,CUST0168,EMP030,14-10-2026 11:06,07-11-2026 11:06,In Production,Pending,Bengaluru,
ORD007129,CUST0199,EMP044,14-10-2026 11:56,30-10-2026 11:56,Quotation,Paid,Ludhiana,
ORD007130,CUST0146,EMP026,15-10-2026 17:05,08-11-2026 17:05,Cancelled,Partially Paid,Ludhiana,
ORD007131,CUST0246,EMP030,16-10-2026 03:55,15-11-2026 03:55,Delivered,Pending,Gurugram,09-11-2026 03:55
ORD007132,CUST0174,EMP026,16-10-2026 05:04,09-11-2026 05:04,Order Confirmed,Paid,Noida,
ORD007133,CUST0314,EMP026,16-10-2026 07:05,30-10-2026 07:05,Order Confirmed,Pending,Mumbai,
ORD007134,CUST0185,EMP030,16-10-2026 09:49,10-11-2026 09:49,Order Confirmed,Partially Paid,Delhi,
ORD007135,CUST0246,EMP044,16-10-2026 10:50,28-10-2026 10:50,Cancelled,Partially Paid,Gurugram,
ORD007136,CUST0071,EMP034,16-10-2026 16:07,24-10-2026 16:07,Order Confirmed,Pending,Surat,
ORD007137,CUST0194,EMP038,17-10-2026 00:34,03-11-2026 00:34,Cancelled,Paid,Kolkata,
ORD007138,CUST0178,EMP026,17-10-2026 04:59,05-11-2026 04:59,In Production,Paid,Bengaluru,
ORD007139,CUST0481,EMP034,17-10-2026 07:30,04-11-2026 07:30,Delivered,Paid,Mumbai,31-10-2026 07:30
ORD007140,CUST0224,EMP038,17-10-2026 21:49,30-10-2026 21:49,Quotation,Partially Paid,Faridabad,
ORD007141,CUST0011,EMP014,18-10-2026 03:33,31-10-2026 03:33,Dispatched,Paid,Kolkata,29-10-2026 03:33
ORD007142,CUST0155,EMP038,18-10-2026 09:01,16-11-2026 09:01,In Production,Paid,Vadodara,
ORD007143,CUST0365,EMP030,18-10-2026 10:05,31-10-2026 10:05,In Production,Overdue,Hyderabad,
ORD007144,CUST0083,EMP019,18-10-2026 11:13,12-11-2026 11:13,On Hold,Paid,Kolkata,
ORD007145,CUST0082,EMP034,18-10-2026 15:53,31-10-2026 15:53,Delivered,Paid,Ahmedabad,26-10-2026 15:53
ORD007146,CUST0187,EMP011,18-10-2026 16:38,27-10-2026 16:38,Order Confirmed,Paid,Jaipur,
ORD007147,CUST0179,EMP030,19-10-2026 01:12,27-10-2026 01:12,Delivered,Paid,Hyderabad,22-10-2026 01:12
ORD007148,CUST0241,EMP026,19-10-2026 02:59,31-10-2026 02:59,Order Confirmed,Paid,Noida,
ORD007149,CUST0018,EMP038,19-10-2026 20:37,15-11-2026 20:37,Cancelled,Paid,Chennai,
ORD007150,CUST0361,EMP030,19-10-2026 22:44,05-11-2026 22:44,Dispatched,Overdue,Vadodara,03-11-2026 22:44
ORD007151,CUST0107,EMP026,20-10-2026 12:36,12-11-2026 12:36,Order Confirmed,Paid,Chennai,
ORD007152,CUST0356,EMP026,20-10-2026 20:50,19-11-2026 20:50,In Production,Paid,Chennai,
ORD007153,CUST0283,EMP026,21-10-2026 06:02,29-10-2026 06:02,Order Confirmed,Partially Paid,Mumbai,
ORD007154,CUST0102,EMP038,21-10-2026 08:41,30-10-2026 08:41,Cancelled,Paid,Pune,
ORD007155,CUST0235,EMP034,21-10-2026 16:12,19-11-2026 16:12,In Production,Paid,Ahmedabad,
ORD007156,CUST0019,EMP003,21-10-2026 23:11,10-11-2026 23:11,Order Confirmed,Paid,Vadodara,
ORD007157,CUST0351,EMP026,21-10-2026 23:50,11-11-2026 23:50,Delivered,Partially Paid,Faridabad,07-11-2026 23:50
ORD007158,CUST0152,EMP014,22-10-2026 05:06,06-11-2026 05:06,Order Confirmed,Paid,Mumbai,
ORD007159,CUST0192,EMP011,22-10-2026 08:05,17-11-2026 08:05,Order Confirmed,Pending,Kolkata,
ORD007160,CUST0079,EMP038,22-10-2026 08:28,13-11-2026 08:28,Delivered,Pending,Noida,09-11-2026 08:28
ORD007161,CUST0183,EMP038,23-10-2026 03:44,05-11-2026 03:44,Quotation,Partially Paid,Pune,
ORD007162,CUST0198,EMP044,23-10-2026 06:37,14-11-2026 06:37,Delivered,Paid,Gurugram,14-11-2026 06:37
ORD007163,CUST0113,EMP017,23-10-2026 16:15,30-10-2026 16:15,Delivered,Pending,Bengaluru,29-10-2026 16:15
ORD007164,CUST0490,EMP019,23-10-2026 18:00,04-11-2026 18:00,Order Confirmed,Paid,Mumbai,
ORD007165,CUST0140,EMP034,23-10-2026 18:51,03-11-2026 18:51,Dispatched,Paid,Surat,02-11-2026 18:51
ORD007166,CUST0091,EMP011,23-10-2026 23:50,17-11-2026 23:50,In Production,Paid,Jaipur,
ORD007167,CUST0275,EMP003,24-10-2026 03:56,17-11-2026 03:56,Delivered,Paid,Bengaluru,16-11-2026 03:56
ORD007168,CUST0160,EMP019,24-10-2026 14:54,02-11-2026 14:54,Delivered,Overdue,Hyderabad,30-10-2026 14:54
ORD007169,CUST0227,EMP030,24-10-2026 19:23,21-11-2026 19:23,Delivered,Paid,Noida,18-11-2026 19:23
ORD007170,CUST0363,EMP019,24-10-2026 23:57,19-11-2026 23:57,Dispatched,Paid,Vadodara,13-11-2026 23:57
ORD007171,CUST0040,EMP014,25-10-2026 01:05,11-11-2026 01:05,Delivered,Paid,Jaipur,11-11-2026 01:05
ORD007172,CUST0255,EMP026,25-10-2026 05:33,06-11-2026 05:33,Quotation,Paid,Noida,
ORD007173,CUST0011,EMP044,25-10-2026 16:03,11-11-2026 16:03,Cancelled,Pending,Kolkata,
ORD007174,CUST0022,EMP014,25-10-2026 20:51,15-11-2026 20:51,Order Confirmed,Paid,Ludhiana,
ORD007175,CUST0047,EMP019,26-10-2026 02:43,17-11-2026 02:43,Delivered,Pending,Ahmedabad,12-11-2026 02:43
ORD007176,CUST0081,EMP017,26-10-2026 07:10,10-11-2026 07:10,Dispatched,Paid,Delhi,09-11-2026 07:10
ORD007177,CUST0175,EMP014,26-10-2026 07:39,04-11-2026 07:39,Order Confirmed,Pending,Faridabad,
ORD007178,CUST0468,EMP030,26-10-2026 20:35,16-11-2026 20:35,In Production,Pending,Hyderabad,
ORD007179,CUST0454,EMP017,27-10-2026 13:21,19-11-2026 13:21,Cancelled,Paid,Gurugram,
ORD007180,CUST0052,EMP030,28-10-2026 00:48,10-11-2026 00:48,Delivered,Pending,Gurugram,08-11-2026 00:48
ORD007181,CUST0496,EMP003,28-10-2026 06:09,19-11-2026 06:09,Delivered,Paid,Delhi,18-11-2026 06:09
ORD007182,CUST0318,EMP030,28-10-2026 18:54,17-11-2026 18:54,In Production,Paid,Delhi,
ORD007183,CUST0277,EMP011,29-10-2026 00:56,17-11-2026 00:56,Delivered,Paid,Noida,17-11-2026 00:56
ORD007184,CUST0397,EMP017,29-10-2026 01:22,05-11-2026 01:22,Order Confirmed,Paid,Jaipur,
ORD007185,CUST0243,EMP038,29-10-2026 13:46,12-11-2026 13:46,Delivered,Overdue,Ahmedabad,12-11-2026 13:46
ORD007186,CUST0133,EMP017,29-10-2026 15:23,13-11-2026 15:23,In Production,Partially Paid,Ahmedabad,
ORD007187,CUST0265,EMP030,30-10-2026 02:02,26-11-2026 02:02,Delivered,Paid,Bengaluru,25-11-2026 02:02
ORD007188,CUST0363,EMP017,30-10-2026 02:14,25-11-2026 02:14,Delivered,Overdue,Vadodara,23-11-2026 02:14
ORD007189,CUST0342,EMP044,30-10-2026 02:44,26-11-2026 02:44,In Production,Paid,Delhi,
ORD007190,CUST0085,EMP044,30-10-2026 05:34,17-11-2026 05:34,Delivered,Paid,Faridabad,15-11-2026 05:34
ORD007191,CUST0470,EMP044,30-10-2026 07:06,13-11-2026 07:06,In Production,Pending,Jaipur,
ORD007192,CUST0143,EMP017,31-10-2026 11:35,18-11-2026 11:35,Order Confirmed,Paid,Jaipur,
ORD007193,CUST0410,EMP017,31-10-2026 23:31,26-11-2026 23:31,Order Confirmed,Pending,Ahmedabad,
ORD007194,CUST0156,EMP030,01-11-2026 00:51,22-11-2026 00:51,In Production,Paid,Hyderabad,
ORD007195,CUST0032,EMP038,01-11-2026 02:39,22-11-2026 02:39,Order Confirmed,Paid,Jaipur,
ORD007196,CUST0499,EMP026,01-11-2026 04:17,18-11-2026 04:17,Delivered,Paid,Faridabad,18-11-2026 04:17
ORD007197,CUST0295,EMP034,01-11-2026 05:55,24-11-2026 05:55,Delivered,Paid,Kolkata,22-11-2026 05:55
ORD007198,CUST0108,EMP038,01-11-2026 06:55,28-11-2026 06:55,Dispatched,Paid,Ludhiana,27-11-2026 06:55
ORD007199,CUST0001,EMP034,01-11-2026 08:30,24-11-2026 08:30,On Hold,Paid,Ludhiana,
ORD007200,CUST0065,EMP017,01-11-2026 09:20,17-11-2026 09:20,Delivered,Paid,Bengaluru,13-11-2026 09:20
ORD007201,CUST0085,EMP014,01-11-2026 16:38,28-11-2026 16:38,Order Confirmed,Pending,Faridabad,
ORD007202,CUST0463,EMP019,01-11-2026 18:55,30-11-2026 18:55,Dispatched,Paid,Mumbai,26-11-2026 18:55
ORD007203,CUST0089,EMP026,01-11-2026 20:50,27-11-2026 20:50,Cancelled,Paid,Vadodara,
ORD007204,CUST0081,EMP038,02-11-2026 03:13,30-11-2026 03:13,Order Confirmed,Paid,Delhi,
ORD007205,CUST0419,EMP017,02-11-2026 07:52,15-11-2026 07:52,In Production,Paid,Ludhiana,
ORD007206,CUST0440,EMP011,02-11-2026 12:22,19-11-2026 12:22,Cancelled,Paid,Ahmedabad,
ORD007207,CUST0105,EMP017,02-11-2026 16:31,14-11-2026 16:31,Delivered,Paid,Ludhiana,14-11-2026 16:31
ORD007208,CUST0326,EMP026,02-11-2026 22:19,17-11-2026 22:19,Delivered,Paid,Delhi,13-11-2026 22:19
ORD007209,CUST0268,EMP014,03-11-2026 08:59,27-11-2026 08:59,Delivered,Overdue,Jaipur,21-11-2026 08:59
ORD007210,CUST0289,EMP017,03-11-2026 11:25,26-11-2026 11:25,Order Confirmed,Paid,Mumbai,
ORD007211,CUST0156,EMP014,03-11-2026 12:06,10-11-2026 12:06,Delivered,Paid,Hyderabad,04-11-2026 12:06
ORD007212,CUST0376,EMP044,03-11-2026 14:59,28-11-2026 14:59,Delivered,Partially Paid,Hyderabad,28-11-2026 14:59
ORD007213,CUST0441,EMP026,03-11-2026 18:49,14-11-2026 18:49,Order Confirmed,Paid,Hyderabad,
ORD007214,CUST0363,EMP034,04-11-2026 05:16,15-11-2026 05:16,Quotation,Paid,Vadodara,
ORD007215,CUST0452,EMP026,04-11-2026 07:28,24-11-2026 07:28,Order Confirmed,Paid,Vadodara,
ORD007216,CUST0056,EMP003,04-11-2026 10:34,16-11-2026 10:34,Delivered,Paid,Gurugram,10-11-2026 10:34
ORD007217,CUST0329,EMP014,04-11-2026 19:36,04-12-2026 19:36,Delivered,Pending,Jaipur,02-12-2026 19:36
ORD007218,CUST0500,EMP038,04-11-2026 22:41,14-11-2026 22:41,Delivered,Paid,Surat,08-11-2026 22:41
ORD007219,CUST0268,EMP026,05-11-2026 06:01,15-11-2026 06:01,In Production,Pending,Jaipur,
ORD007220,CUST0471,EMP034,05-11-2026 06:37,30-11-2026 06:37,Delivered,Paid,Noida,29-11-2026 06:37
ORD007221,CUST0175,EMP034,05-11-2026 08:29,18-11-2026 08:29,Quotation,Partially Paid,Faridabad,
ORD007222,CUST0449,EMP026,05-11-2026 12:58,29-11-2026 12:58,Cancelled,Paid,Ahmedabad,
ORD007223,CUST0470,EMP026,05-11-2026 15:16,28-11-2026 15:16,Delivered,Pending,Jaipur,24-11-2026 15:16
ORD007224,CUST0312,EMP014,05-11-2026 16:12,16-11-2026 16:12,Delivered,Paid,Pune,11-11-2026 16:12
ORD007225,CUST0353,EMP014,05-11-2026 19:58,25-11-2026 19:58,In Production,Paid,Hyderabad,
ORD007226,CUST0262,EMP011,06-11-2026 12:23,25-11-2026 12:23,Order Confirmed,Paid,Ludhiana,
ORD007227,CUST0159,EMP014,06-11-2026 12:47,15-11-2026 12:47,Quotation,Overdue,Mumbai,
ORD007228,CUST0269,EMP030,07-11-2026 00:20,02-12-2026 00:20,Delivered,Paid,Faridabad,01-12-2026 00:20
ORD007229,CUST0482,EMP044,07-11-2026 06:10,04-12-2026 06:10,Order Confirmed,Paid,Jaipur,
ORD007230,CUST0008,EMP019,07-11-2026 12:48,06-12-2026 12:48,Delivered,Overdue,Noida,01-12-2026 12:48
ORD007231,CUST0103,EMP030,07-11-2026 15:41,16-11-2026 15:41,In Production,Pending,Surat,
ORD007232,CUST0250,EMP038,07-11-2026 15:55,18-11-2026 15:55,Delivered,Partially Paid,Hyderabad,17-11-2026 15:55
ORD007233,CUST0170,EMP030,07-11-2026 16:51,03-12-2026 16:51,In Production,Paid,Mumbai,
ORD007234,CUST0312,EMP014,07-11-2026 17:47,21-11-2026 17:47,Quotation,Paid,Pune,
ORD007235,CUST0181,EMP014,07-11-2026 18:53,29-11-2026 18:53,Delivered,Overdue,Chennai,25-11-2026 18:53
ORD007236,CUST0330,EMP030,07-11-2026 21:32,22-11-2026 21:32,In Production,Paid,Ahmedabad,
ORD007237,CUST0054,EMP014,08-11-2026 11:02,20-11-2026 11:02,Dispatched,Partially Paid,Chennai,14-11-2026 11:02
ORD007238,CUST0167,EMP014,08-11-2026 20:27,29-11-2026 20:27,Delivered,Paid,Chennai,27-11-2026 20:27
ORD007239,CUST0347,EMP026,08-11-2026 21:54,19-11-2026 21:54,In Production,Overdue,Noida,
ORD007240,CUST0236,EMP030,08-11-2026 23:25,18-11-2026 23:25,Delivered,Paid,Delhi,12-11-2026 23:25
ORD007241,CUST0357,EMP014,09-11-2026 06:55,28-11-2026 06:55,Delivered,Paid,Noida,24-11-2026 06:55
ORD007242,CUST0319,EMP003,09-11-2026 07:16,20-11-2026 07:16,Order Confirmed,Pending,Hyderabad,
ORD007243,CUST0165,EMP034,10-11-2026 02:34,21-11-2026 02:34,In Production,Overdue,Bengaluru,
ORD007244,CUST0215,EMP017,10-11-2026 02:47,05-12-2026 02:47,Order Confirmed,Pending,Vadodara,
ORD007245,CUST0483,EMP030,10-11-2026 09:38,29-11-2026 09:38,Quotation,Paid,Pune,
ORD007246,CUST0482,EMP011,10-11-2026 10:45,30-11-2026 10:45,Quotation,Paid,Jaipur,
ORD007247,CUST0018,EMP017,10-11-2026 21:38,20-11-2026 21:38,Delivered,Partially Paid,Chennai,17-11-2026 21:38
ORD007248,CUST0353,EMP030,11-11-2026 19:02,21-11-2026 19:02,Order Confirmed,Paid,Hyderabad,
ORD007249,CUST0246,EMP011,12-11-2026 01:19,28-11-2026 01:19,Delivered,Paid,Gurugram,26-11-2026 01:19
ORD007250,CUST0001,EMP017,12-11-2026 03:14,28-11-2026 03:14,Delivered,Paid,Ludhiana,25-11-2026 03:14
ORD007251,CUST0318,EMP034,12-11-2026 09:57,29-11-2026 09:57,Quotation,Paid,Delhi,
ORD007252,CUST0012,EMP034,12-11-2026 10:40,22-11-2026 10:40,Delivered,Paid,Gurugram,16-11-2026 10:40
ORD007253,CUST0160,EMP017,12-11-2026 11:24,10-12-2026 11:24,Quotation,Paid,Hyderabad,
ORD007254,CUST0346,EMP011,12-11-2026 11:57,27-11-2026 11:57,Order Confirmed,Overdue,Ludhiana,
ORD007255,CUST0407,EMP003,12-11-2026 13:22,08-12-2026 13:22,On Hold,Partially Paid,Surat,
ORD007256,CUST0207,EMP026,12-11-2026 17:49,28-11-2026 17:49,Dispatched,Paid,Ahmedabad,28-11-2026 17:49
ORD007257,CUST0405,EMP030,12-11-2026 18:31,30-11-2026 18:31,Quotation,Paid,Vadodara,
ORD007258,CUST0420,EMP026,13-11-2026 10:09,22-11-2026 10:09,Delivered,Paid,Mumbai,16-11-2026 10:09
ORD007259,CUST0224,EMP019,13-11-2026 10:22,06-12-2026 10:22,Cancelled,Partially Paid,Faridabad,
ORD007260,CUST0087,EMP003,13-11-2026 12:06,21-11-2026 12:06,Delivered,Pending,Kolkata,20-11-2026 12:06
ORD007261,CUST0330,EMP014,13-11-2026 12:32,07-12-2026 12:32,Delivered,Paid,Ahmedabad,01-12-2026 12:32
ORD007262,CUST0007,EMP003,13-11-2026 15:00,11-12-2026 15:00,Delivered,Overdue,Gurugram,08-12-2026 15:00
ORD007263,CUST0447,EMP019,13-11-2026 18:47,28-11-2026 18:47,Delivered,Paid,Jaipur,22-11-2026 18:47
ORD007264,CUST0195,EMP017,14-11-2026 03:27,12-12-2026 03:27,Dispatched,Partially Paid,Pune,11-12-2026 03:27
ORD007265,CUST0381,EMP003,14-11-2026 20:07,07-12-2026 20:07,Delivered,Pending,Kolkata,07-12-2026 20:07
ORD007266,CUST0369,EMP030,15-11-2026 02:09,22-11-2026 02:09,Dispatched,Partially Paid,Jaipur,19-11-2026 02:09
ORD007267,CUST0237,EMP017,15-11-2026 05:30,26-11-2026 05:30,Order Confirmed,Paid,Bengaluru,
ORD007268,CUST0486,EMP044,15-11-2026 17:28,07-12-2026 17:28,Quotation,Paid,Faridabad,
ORD007269,CUST0399,EMP019,16-11-2026 02:19,09-12-2026 02:19,In Production,Paid,Faridabad,
ORD007270,CUST0442,EMP003,16-11-2026 06:09,25-11-2026 06:09,Order Confirmed,Paid,Bengaluru,
ORD007271,CUST0047,EMP034,16-11-2026 08:26,09-12-2026 08:26,Quotation,Paid,Ahmedabad,
ORD007272,CUST0243,EMP034,16-11-2026 10:32,12-12-2026 10:32,Dispatched,Paid,Ahmedabad,07-12-2026 10:32
ORD007273,CUST0476,EMP044,16-11-2026 10:34,25-11-2026 10:34,Cancelled,Paid,Vadodara,
ORD007274,CUST0407,EMP030,16-11-2026 17:14,14-12-2026 17:14,Order Confirmed,Paid,Surat,
ORD007275,CUST0228,EMP017,16-11-2026 19:51,05-12-2026 19:51,In Production,Paid,Ludhiana,
ORD007276,CUST0036,EMP030,16-11-2026 21:34,07-12-2026 21:34,Delivered,Partially Paid,Delhi,02-12-2026 21:34
ORD007277,CUST0142,EMP034,17-11-2026 04:00,25-11-2026 04:00,In Production,Paid,Jaipur,
ORD007278,CUST0287,EMP026,17-11-2026 05:45,08-12-2026 05:45,Delivered,Partially Paid,Delhi,03-12-2026 05:45
ORD007279,CUST0321,EMP034,17-11-2026 09:35,04-12-2026 09:35,Delivered,Partially Paid,Noida,29-11-2026 09:35
ORD007280,CUST0463,EMP044,17-11-2026 20:17,02-12-2026 20:17,Delivered,Paid,Mumbai,27-11-2026 20:17
ORD007281,CUST0047,EMP034,18-11-2026 00:14,13-12-2026 00:14,Order Confirmed,Paid,Ahmedabad,
ORD007282,CUST0199,EMP026,18-11-2026 02:57,30-11-2026 02:57,In Production,Partially Paid,Ludhiana,
ORD007283,CUST0137,EMP019,18-11-2026 17:22,26-11-2026 17:22,Delivered,Paid,Vadodara,20-11-2026 17:22
ORD007284,CUST0481,EMP038,19-11-2026 00:59,07-12-2026 00:59,Quotation,Paid,Mumbai,
ORD007285,CUST0084,EMP038,19-11-2026 04:25,13-12-2026 04:25,Order Confirmed,Pending,Chennai,
ORD007286,CUST0111,EMP014,19-11-2026 05:04,29-11-2026 05:04,In Production,Pending,Surat,
ORD007287,CUST0149,EMP003,19-11-2026 12:01,19-12-2026 12:01,Delivered,Paid,Chennai,18-12-2026 12:01
ORD007288,CUST0053,EMP038,19-11-2026 15:07,12-12-2026 15:07,Dispatched,Paid,Kolkata,11-12-2026 15:07
ORD007289,CUST0322,EMP014,20-11-2026 02:40,19-12-2026 02:40,Delivered,Pending,Gurugram,19-12-2026 02:40
ORD007290,CUST0263,EMP044,20-11-2026 07:47,08-12-2026 07:47,Delivered,Paid,Vadodara,05-12-2026 07:47
ORD007291,CUST0279,EMP003,20-11-2026 10:11,29-11-2026 10:11,Quotation,Partially Paid,Hyderabad,
ORD007292,CUST0454,EMP044,20-11-2026 19:04,01-12-2026 19:04,Cancelled,Paid,Gurugram,
ORD007293,CUST0217,EMP030,20-11-2026 23:53,09-12-2026 23:53,Delivered,Paid,Gurugram,08-12-2026 23:53
ORD007294,CUST0156,EMP017,21-11-2026 06:31,12-12-2026 06:31,In Production,Paid,Hyderabad,
ORD007295,CUST0188,EMP003,21-11-2026 09:24,15-12-2026 09:24,Dispatched,Pending,Kolkata,11-12-2026 09:24
ORD007296,CUST0401,EMP038,21-11-2026 11:51,17-12-2026 11:51,In Production,Paid,Vadodara,
ORD007297,CUST0265,EMP011,21-11-2026 20:45,16-12-2026 20:45,Cancelled,Overdue,Bengaluru,
ORD007298,CUST0085,EMP003,21-11-2026 22:53,12-12-2026 22:53,In Production,Partially Paid,Faridabad,
ORD007299,CUST0345,EMP034,22-11-2026 01:33,29-11-2026 01:33,In Production,Pending,Faridabad,
ORD007300,CUST0373,EMP030,22-11-2026 02:08,11-12-2026 02:08,Cancelled,Pending,Kolkata,
ORD007301,CUST0125,EMP011,22-11-2026 12:57,18-12-2026 12:57,Delivered,Paid,Chennai,15-12-2026 12:57
ORD007302,CUST0279,EMP017,22-11-2026 13:11,19-12-2026 13:11,Order Confirmed,Paid,Hyderabad,
ORD007303,CUST0282,EMP030,22-11-2026 13:39,19-12-2026 13:39,Delivered,Paid,Kolkata,15-12-2026 13:39
ORD007304,CUST0088,EMP030,23-11-2026 04:48,30-11-2026 04:48,Delivered,Paid,Jaipur,26-11-2026 04:48
ORD007305,CUST0005,EMP017,23-11-2026 05:56,10-12-2026 05:56,In Production,Paid,Surat,
ORD007306,CUST0360,EMP019,23-11-2026 08:41,14-12-2026 08:41,Dispatched,Partially Paid,Pune,08-12-2026 08:41
ORD007307,CUST0308,EMP003,23-11-2026 09:10,05-12-2026 09:10,Delivered,Pending,Mumbai,05-12-2026 09:10
ORD007308,CUST0357,EMP003,23-11-2026 16:26,09-12-2026 16:26,Dispatched,Paid,Noida,08-12-2026 16:26
ORD007309,CUST0189,EMP044,23-11-2026 17:30,02-12-2026 17:30,On Hold,Paid,Jaipur,
ORD007310,CUST0258,EMP014,23-11-2026 18:30,04-12-2026 18:30,Dispatched,Partially Paid,Bengaluru,02-12-2026 18:30
ORD007311,CUST0491,EMP044,23-11-2026 20:32,30-11-2026 20:32,Delivered,Partially Paid,Faridabad,30-11-2026 20:32
ORD007312,CUST0113,EMP003,24-11-2026 07:36,24-12-2026 07:36,Delivered,Overdue,Bengaluru,19-12-2026 07:36
ORD007313,CUST0327,EMP044,24-11-2026 10:41,21-12-2026 10:41,Order Confirmed,Paid,Kolkata,
ORD007314,CUST0067,EMP019,24-11-2026 11:32,10-12-2026 11:32,Quotation,Paid,Pune,
ORD007315,CUST0033,EMP038,24-11-2026 20:22,01-12-2026 20:22,On Hold,Pending,Delhi,
ORD007316,CUST0479,EMP038,25-11-2026 02:10,10-12-2026 02:10,Delivered,Paid,Gurugram,08-12-2026 02:10
ORD007317,CUST0065,EMP017,25-11-2026 19:20,12-12-2026 19:20,In Production,Pending,Bengaluru,
ORD007318,CUST0328,EMP034,26-11-2026 06:04,07-12-2026 06:04,Quotation,Paid,Ludhiana,
ORD007319,CUST0258,EMP017,26-11-2026 07:35,18-12-2026 07:35,Order Confirmed,Paid,Bengaluru,
ORD007320,CUST0405,EMP034,26-11-2026 09:10,26-12-2026 09:10,Quotation,Paid,Vadodara,
ORD007321,CUST0274,EMP044,26-11-2026 19:21,23-12-2026 19:21,In Production,Partially Paid,Mumbai,
ORD007322,CUST0349,EMP038,27-11-2026 11:01,24-12-2026 11:01,Delivered,Paid,Pune,23-12-2026 11:01
ORD007323,CUST0448,EMP034,28-11-2026 03:48,24-12-2026 03:48,Order Confirmed,Pending,Bengaluru,
ORD007324,CUST0415,EMP017,28-11-2026 22:37,06-12-2026 22:37,Delivered,Pending,Noida,03-12-2026 22:37
ORD007325,CUST0361,EMP011,29-11-2026 03:51,19-12-2026 03:51,Cancelled,Pending,Vadodara,
ORD007326,CUST0082,EMP026,29-11-2026 10:05,19-12-2026 10:05,On Hold,Overdue,Ahmedabad,
ORD007327,CUST0085,EMP011,29-11-2026 13:53,08-12-2026 13:53,Delivered,Pending,Faridabad,07-12-2026 13:53
ORD007328,CUST0249,EMP026,29-11-2026 22:12,09-12-2026 22:12,Dispatched,Partially Paid,Jaipur,07-12-2026 22:12
ORD007329,CUST0330,EMP038,30-11-2026 01:27,20-12-2026 01:27,Delivered,Paid,Ahmedabad,16-12-2026 01:27
ORD007330,CUST0334,EMP011,30-11-2026 03:43,24-12-2026 03:43,Dispatched,Pending,Chennai,22-12-2026 03:43
ORD007331,CUST0394,EMP044,30-11-2026 04:00,12-12-2026 04:00,Order Confirmed,Overdue,Kolkata,
ORD007332,CUST0052,EMP026,30-11-2026 07:19,18-12-2026 07:19,Delivered,Partially Paid,Gurugram,13-12-2026 07:19
ORD007333,CUST0087,EMP003,30-11-2026 16:40,08-12-2026 16:40,Delivered,Paid,Kolkata,07-12-2026 16:40
ORD007334,CUST0075,EMP034,30-11-2026 20:32,09-12-2026 20:32,Delivered,Paid,Delhi,09-12-2026 20:32
ORD007335,CUST0271,EMP003,01-12-2026 05:56,21-12-2026 05:56,Order Confirmed,Pending,Faridabad,
ORD007336,CUST0317,EMP030,01-12-2026 07:02,21-12-2026 07:02,Order Confirmed,Overdue,Faridabad,
ORD007337,CUST0058,EMP026,01-12-2026 11:16,26-12-2026 11:16,Delivered,Paid,Vadodara,24-12-2026 11:16
ORD007338,CUST0435,EMP034,01-12-2026 13:55,29-12-2026 13:55,Order Confirmed,Overdue,Pune,
ORD007339,CUST0152,EMP017,01-12-2026 18:52,12-12-2026 18:52,Quotation,Paid,Mumbai,
ORD007340,CUST0331,EMP011,01-12-2026 19:38,16-12-2026 19:38,Delivered,Paid,Bengaluru,15-12-2026 19:38
ORD007341,CUST0376,EMP017,02-12-2026 03:05,29-12-2026 03:05,Delivered,Pending,Hyderabad,25-12-2026 03:05
ORD007342,CUST0019,EMP034,02-12-2026 03:46,10-12-2026 03:46,Order Confirmed,Overdue,Vadodara,
ORD007343,CUST0433,EMP044,02-12-2026 03:58,28-12-2026 03:58,Order Confirmed,Paid,Noida,
ORD007344,CUST0486,EMP014,02-12-2026 06:02,31-12-2026 06:02,Delivered,Overdue,Faridabad,28-12-2026 06:02
ORD007345,CUST0480,EMP017,02-12-2026 17:38,11-12-2026 17:38,Cancelled,Pending,Jaipur,
ORD007346,CUST0070,EMP038,02-12-2026 20:16,12-12-2026 20:16,Dispatched,Pending,Bengaluru,11-12-2026 20:16
ORD007347,CUST0197,EMP017,02-12-2026 21:44,25-12-2026 21:44,Delivered,Pending,Kolkata,23-12-2026 21:44
ORD007348,CUST0117,EMP014,03-12-2026 05:34,21-12-2026 05:34,In Production,Paid,Delhi,
ORD007349,CUST0226,EMP038,03-12-2026 08:03,02-01-2027 08:03,Delivered,Paid,Mumbai,27-12-2026 08:03
ORD007350,CUST0488,EMP019,03-12-2026 15:25,23-12-2026 15:25,Delivered,Paid,Delhi,18-12-2026 15:25
ORD007351,CUST0382,EMP026,03-12-2026 15:55,25-12-2026 15:55,Delivered,Paid,Noida,21-12-2026 15:55
ORD007352,CUST0386,EMP019,03-12-2026 17:38,15-12-2026 17:38,Delivered,Paid,Noida,09-12-2026 17:38
ORD007353,CUST0211,EMP030,03-12-2026 20:14,17-12-2026 20:14,In Production,Paid,Noida,
ORD007354,CUST0469,EMP014,04-12-2026 05:05,15-12-2026 05:05,Order Confirmed,Paid,Ludhiana,
ORD007355,CUST0461,EMP034,04-12-2026 15:30,14-12-2026 15:30,Delivered,Paid,Delhi,14-12-2026 15:30
ORD007356,CUST0404,EMP017,04-12-2026 16:31,13-12-2026 16:31,Quotation,Paid,Faridabad,
ORD007357,CUST0408,EMP026,04-12-2026 18:11,01-01-2027 18:11,Delivered,Paid,Vadodara,27-12-2026 18:11
ORD007358,CUST0326,EMP011,05-12-2026 01:21,13-12-2026 01:21,Dispatched,Paid,Delhi,13-12-2026 01:21
ORD007359,CUST0048,EMP003,05-12-2026 01:22,24-12-2026 01:22,Quotation,Paid,Ahmedabad,
ORD007360,CUST0143,EMP026,05-12-2026 03:35,24-12-2026 03:35,Delivered,Partially Paid,Jaipur,20-12-2026 03:35
ORD007361,CUST0385,EMP011,05-12-2026 05:00,13-12-2026 05:00,Dispatched,Pending,Faridabad,13-12-2026 05:00
ORD007362,CUST0164,EMP044,05-12-2026 19:32,01-01-2027 19:32,Delivered,Partially Paid,Hyderabad,30-12-2026 19:32
ORD007363,CUST0087,EMP044,05-12-2026 22:01,24-12-2026 22:01,Order Confirmed,Partially Paid,Kolkata,
ORD007364,CUST0474,EMP017,06-12-2026 02:19,16-12-2026 02:19,Quotation,Overdue,Bengaluru,
ORD007365,CUST0245,EMP014,06-12-2026 04:30,16-12-2026 04:30,Order Confirmed,Partially Paid,Gurugram,
ORD007366,CUST0431,EMP026,06-12-2026 22:37,29-12-2026 22:37,In Production,Paid,Ludhiana,
ORD007367,CUST0143,EMP014,07-12-2026 01:00,28-12-2026 01:00,Delivered,Paid,Jaipur,28-12-2026 01:00
ORD007368,CUST0180,EMP038,07-12-2026 09:04,23-12-2026 09:04,In Production,Partially Paid,Jaipur,
ORD007369,CUST0172,EMP011,08-12-2026 02:21,24-12-2026 02:21,Order Confirmed,Partially Paid,Delhi,
ORD007370,CUST0187,EMP019,08-12-2026 11:51,15-12-2026 11:51,On Hold,Pending,Jaipur,
ORD007371,CUST0219,EMP011,08-12-2026 12:38,15-12-2026 12:38,Order Confirmed,Paid,Chennai,
ORD007372,CUST0149,EMP038,08-12-2026 20:08,27-12-2026 20:08,In Production,Overdue,Chennai,
ORD007373,CUST0408,EMP011,08-12-2026 23:17,23-12-2026 23:17,Delivered,Paid,Vadodara,22-12-2026 23:17
ORD007374,CUST0164,EMP019,08-12-2026 23:49,21-12-2026 23:49,Delivered,Overdue,Hyderabad,17-12-2026 23:49
ORD007375,CUST0221,EMP038,09-12-2026 12:29,25-12-2026 12:29,In Production,Paid,Surat,
ORD007376,CUST0431,EMP019,09-12-2026 15:10,30-12-2026 15:10,On Hold,Paid,Ludhiana,
ORD007377,CUST0219,EMP011,10-12-2026 00:54,24-12-2026 00:54,Dispatched,Paid,Chennai,19-12-2026 00:54
ORD007378,CUST0006,EMP011,10-12-2026 01:46,25-12-2026 01:46,Quotation,Paid,Hyderabad,
ORD007379,CUST0001,EMP030,10-12-2026 08:17,23-12-2026 08:17,Quotation,Paid,Ludhiana,
ORD007380,CUST0219,EMP011,10-12-2026 19:05,01-01-2027 19:05,Cancelled,Pending,Chennai,
ORD007381,CUST0325,EMP017,11-12-2026 10:06,19-12-2026 10:06,In Production,Paid,Mumbai,
ORD007382,CUST0472,EMP030,11-12-2026 10:09,09-01-2027 10:09,Delivered,Paid,Mumbai,03-01-2027 10:09
ORD007383,CUST0066,EMP017,11-12-2026 11:22,31-12-2026 11:22,Quotation,Paid,Gurugram,
ORD007384,CUST0272,EMP038,11-12-2026 13:54,23-12-2026 13:54,Order Confirmed,Paid,Bengaluru,
ORD007385,CUST0145,EMP030,11-12-2026 15:36,05-01-2027 15:36,Delivered,Paid,Kolkata,30-12-2026 15:36
ORD007386,CUST0226,EMP011,11-12-2026 16:00,09-01-2027 16:00,On Hold,Paid,Mumbai,
ORD007387,CUST0222,EMP038,11-12-2026 17:07,19-12-2026 17:07,Quotation,Pending,Vadodara,
ORD007388,CUST0157,EMP044,11-12-2026 17:55,22-12-2026 17:55,Order Confirmed,Paid,Noida,
ORD007389,CUST0010,EMP014,11-12-2026 20:42,21-12-2026 20:42,Delivered,Overdue,Ahmedabad,21-12-2026 20:42
ORD007390,CUST0037,EMP017,11-12-2026 22:32,19-12-2026 22:32,Dispatched,Paid,Hyderabad,13-12-2026 22:32
ORD007391,CUST0262,EMP017,12-12-2026 02:14,05-01-2027 02:14,In Production,Partially Paid,Ludhiana,
ORD007392,CUST0113,EMP019,12-12-2026 08:07,23-12-2026 08:07,Order Confirmed,Partially Paid,Bengaluru,
ORD007393,CUST0164,EMP019,12-12-2026 23:05,28-12-2026 23:05,Cancelled,Paid,Hyderabad,
ORD007394,CUST0046,EMP038,13-12-2026 01:01,08-01-2027 01:01,Order Confirmed,Partially Paid,Mumbai,
ORD007395,CUST0025,EMP030,13-12-2026 09:22,03-01-2027 09:22,In Production,Paid,Kolkata,
ORD007396,CUST0064,EMP038,13-12-2026 17:42,05-01-2027 17:42,In Production,Paid,Hyderabad,
ORD007397,CUST0189,EMP017,14-12-2026 03:11,23-12-2026 03:11,Order Confirmed,Pending,Jaipur,
ORD007398,CUST0082,EMP026,14-12-2026 12:51,13-01-2027 12:51,Delivered,Overdue,Ahmedabad,12-01-2027 12:51
ORD007399,CUST0116,EMP011,15-12-2026 01:17,23-12-2026 01:17,In Production,Paid,Vadodara,
ORD007400,CUST0152,EMP014,15-12-2026 01:39,08-01-2027 01:39,Delivered,Partially Paid,Mumbai,02-01-2027 01:39
ORD007401,CUST0146,EMP026,15-12-2026 13:58,06-01-2027 13:58,In Production,Paid,Ludhiana,
ORD007402,CUST0006,EMP011,15-12-2026 21:38,31-12-2026 21:38,Order Confirmed,Paid,Hyderabad,
ORD007403,CUST0059,EMP044,15-12-2026 21:58,11-01-2027 21:58,Delivered,Paid,Gurugram,05-01-2027 21:58
ORD007404,CUST0476,EMP014,16-12-2026 01:30,13-01-2027 01:30,Dispatched,Partially Paid,Vadodara,07-01-2027 01:30
ORD007405,CUST0334,EMP011,16-12-2026 03:46,24-12-2026 03:46,In Production,Partially Paid,Chennai,
ORD007406,CUST0062,EMP034,16-12-2026 07:33,14-01-2027 07:33,Quotation,Paid,Ludhiana,
ORD007407,CUST0142,EMP003,16-12-2026 10:47,28-12-2026 10:47,Delivered,Overdue,Jaipur,25-12-2026 10:47
ORD007408,CUST0192,EMP017,16-12-2026 11:52,10-01-2027 11:52,Delivered,Partially Paid,Kolkata,05-01-2027 11:52
ORD007409,CUST0453,EMP011,16-12-2026 14:42,11-01-2027 14:42,Delivered,Paid,Bengaluru,09-01-2027 14:42
ORD007410,CUST0440,EMP030,16-12-2026 15:30,05-01-2027 15:30,Delivered,Paid,Ahmedabad,05-01-2027 15:30
ORD007411,CUST0386,EMP038,16-12-2026 16:43,12-01-2027 16:43,Order Confirmed,Paid,Noida,
ORD007412,CUST0054,EMP011,16-12-2026 20:25,11-01-2027 20:25,On Hold,Paid,Chennai,
ORD007413,CUST0246,EMP019,17-12-2026 01:05,05-01-2027 01:05,Order Confirmed,Paid,Gurugram,
ORD007414,CUST0242,EMP019,17-12-2026 07:29,28-12-2026 07:29,In Production,Paid,Jaipur,
ORD007415,CUST0319,EMP030,17-12-2026 07:46,03-01-2027 07:46,Dispatched,Paid,Hyderabad,31-12-2026 07:46
ORD007416,CUST0423,EMP017,17-12-2026 12:30,14-01-2027 12:30,Quotation,Paid,Chennai,
ORD007417,CUST0161,EMP026,17-12-2026 15:56,28-12-2026 15:56,Dispatched,Partially Paid,Kolkata,27-12-2026 15:56
ORD007418,CUST0279,EMP026,17-12-2026 16:10,16-01-2027 16:10,Order Confirmed,Partially Paid,Hyderabad,
ORD007419,CUST0132,EMP003,17-12-2026 16:19,28-12-2026 16:19,Delivered,Overdue,Surat,28-12-2026 16:19
ORD007420,CUST0106,EMP026,17-12-2026 16:34,08-01-2027 16:34,Delivered,Pending,Vadodara,08-01-2027 16:34
ORD007421,CUST0157,EMP026,17-12-2026 17:55,08-01-2027 17:55,Delivered,Paid,Noida,07-01-2027 17:55
ORD007422,CUST0368,EMP044,17-12-2026 20:18,28-12-2026 20:18,Dispatched,Paid,Pune,23-12-2026 20:18
ORD007423,CUST0219,EMP026,17-12-2026 20:38,04-01-2027 20:38,In Production,Paid,Chennai,
ORD007424,CUST0341,EMP038,17-12-2026 21:06,27-12-2026 21:06,Delivered,Overdue,Mumbai,21-12-2026 21:06
ORD007425,CUST0346,EMP017,17-12-2026 21:41,01-01-2027 21:41,Dispatched,Paid,Ludhiana,27-12-2026 21:41
ORD007426,CUST0182,EMP030,18-12-2026 03:38,17-01-2027 03:38,Dispatched,Paid,Mumbai,13-01-2027 03:38
ORD007427,CUST0478,EMP044,18-12-2026 08:39,26-12-2026 08:39,Order Confirmed,Partially Paid,Mumbai,
ORD007428,CUST0024,EMP011,18-12-2026 09:35,14-01-2027 09:35,Order Confirmed,Paid,Chennai,
ORD007429,CUST0449,EMP026,18-12-2026 10:35,10-01-2027 10:35,In Production,Overdue,Ahmedabad,
ORD007430,CUST0004,EMP044,18-12-2026 18:18,11-01-2027 18:18,Delivered,Paid,Ahmedabad,05-01-2027 18:18
ORD007431,CUST0192,EMP026,19-12-2026 03:58,01-01-2027 03:58,Delivered,Paid,Kolkata,30-12-2026 03:58
ORD007432,CUST0413,EMP038,19-12-2026 04:00,17-01-2027 04:00,On Hold,Overdue,Ludhiana,
ORD007433,CUST0343,EMP019,19-12-2026 16:15,01-01-2027 16:15,Dispatched,Paid,Ahmedabad,26-12-2026 16:15
ORD007434,CUST0161,EMP038,19-12-2026 16:20,07-01-2027 16:20,Dispatched,Paid,Kolkata,01-01-2027 16:20
ORD007435,CUST0443,EMP030,19-12-2026 17:01,26-12-2026 17:01,Delivered,Paid,Kolkata,25-12-2026 17:01
ORD007436,CUST0069,EMP019,19-12-2026 23:45,16-01-2027 23:45,In Production,Partially Paid,Faridabad,
ORD007437,CUST0336,EMP014,20-12-2026 01:33,12-01-2027 01:33,Delivered,Paid,Pune,10-01-2027 01:33
ORD007438,CUST0260,EMP011,20-12-2026 06:07,30-12-2026 06:07,Delivered,Paid,Ahmedabad,29-12-2026 06:07
ORD007439,CUST0104,EMP014,20-12-2026 06:55,11-01-2027 06:55,Order Confirmed,Paid,Vadodara,
ORD007440,CUST0461,EMP034,20-12-2026 14:25,31-12-2026 14:25,In Production,Paid,Delhi,
ORD007441,CUST0383,EMP019,20-12-2026 16:29,06-01-2027 16:29,In Production,Paid,Surat,
ORD007442,CUST0005,EMP017,20-12-2026 21:58,08-01-2027 21:58,Delivered,Paid,Surat,08-01-2027 21:58
ORD007443,CUST0044,EMP019,21-12-2026 13:35,19-01-2027 13:35,In Production,Partially Paid,Mumbai,
ORD007444,CUST0029,EMP017,22-12-2026 02:29,05-01-2027 02:29,Order Confirmed,Paid,Surat,
ORD007445,CUST0208,EMP038,22-12-2026 08:55,29-12-2026 08:55,Order Confirmed,Paid,Mumbai,
ORD007446,CUST0209,EMP017,22-12-2026 15:31,08-01-2027 15:31,Delivered,Paid,Ahmedabad,07-01-2027 15:31
ORD007447,CUST0362,EMP019,22-12-2026 17:58,20-01-2027 17:58,Delivered,Paid,Chennai,14-01-2027 17:58
ORD007448,CUST0338,EMP026,22-12-2026 23:33,17-01-2027 23:33,Cancelled,Paid,Gurugram,
ORD007449,CUST0008,EMP030,23-12-2026 01:25,31-12-2026 01:25,Delivered,Overdue,Noida,30-12-2026 01:25
ORD007450,CUST0239,EMP017,23-12-2026 09:54,31-12-2026 09:54,Order Confirmed,Paid,Ahmedabad,
ORD007451,CUST0393,EMP003,23-12-2026 10:36,17-01-2027 10:36,Order Confirmed,Pending,Faridabad,
ORD007452,CUST0449,EMP030,23-12-2026 11:05,16-01-2027 11:05,Dispatched,Paid,Ahmedabad,12-01-2027 11:05
ORD007453,CUST0147,EMP026,23-12-2026 11:56,12-01-2027 11:56,Dispatched,Pending,Bengaluru,06-01-2027 11:56
ORD007454,CUST0023,EMP030,24-12-2026 07:08,02-01-2027 07:08,Delivered,Pending,Ludhiana,28-12-2026 07:08
ORD007455,CUST0077,EMP026,24-12-2026 11:14,06-01-2027 11:14,Order Confirmed,Pending,Kolkata,
ORD007456,CUST0171,EMP026,24-12-2026 16:05,20-01-2027 16:05,Cancelled,Paid,Pune,
ORD007457,CUST0222,EMP044,24-12-2026 16:16,03-01-2027 16:16,In Production,Paid,Vadodara,
ORD007458,CUST0176,EMP003,24-12-2026 16:32,04-01-2027 16:32,Delivered,Partially Paid,Pune,01-01-2027 16:32
ORD007459,CUST0046,EMP003,25-12-2026 04:23,11-01-2027 04:23,Delivered,Paid,Mumbai,11-01-2027 04:23
ORD007460,CUST0171,EMP044,25-12-2026 08:17,18-01-2027 08:17,Dispatched,Paid,Pune,16-01-2027 08:17
ORD007461,CUST0145,EMP038,25-12-2026 12:44,20-01-2027 12:44,Delivered,Pending,Kolkata,19-01-2027 12:44
ORD007462,CUST0244,EMP019,25-12-2026 13:07,15-01-2027 13:07,Delivered,Paid,Hyderabad,09-01-2027 13:07
ORD007463,CUST0040,EMP026,25-12-2026 16:33,12-01-2027 16:33,Delivered,Paid,Jaipur,06-01-2027 16:33
ORD007464,CUST0396,EMP019,25-12-2026 21:32,10-01-2027 21:32,Delivered,Pending,Vadodara,09-01-2027 21:32
ORD007465,CUST0209,EMP044,26-12-2026 03:12,03-01-2027 03:12,In Production,Paid,Ahmedabad,
ORD007466,CUST0159,EMP019,26-12-2026 05:53,08-01-2027 05:53,In Production,Pending,Mumbai,
ORD007467,CUST0454,EMP034,26-12-2026 06:21,07-01-2027 06:21,Delivered,Partially Paid,Gurugram,06-01-2027 06:21
ORD007468,CUST0373,EMP017,26-12-2026 11:42,03-01-2027 11:42,Delivered,Paid,Kolkata,29-12-2026 11:42
ORD007469,CUST0069,EMP017,26-12-2026 15:05,19-01-2027 15:05,Delivered,Paid,Faridabad,13-01-2027 15:05
ORD007470,CUST0074,EMP030,26-12-2026 15:48,10-01-2027 15:48,Dispatched,Overdue,Jaipur,04-01-2027 15:48
ORD007471,CUST0002,EMP017,26-12-2026 17:12,14-01-2027 17:12,Order Confirmed,Paid,Jaipur,
ORD007472,CUST0281,EMP003,26-12-2026 17:17,06-01-2027 17:17,Dispatched,Overdue,Hyderabad,01-01-2027 17:17
ORD007473,CUST0178,EMP011,26-12-2026 17:51,16-01-2027 17:51,On Hold,Paid,Bengaluru,
ORD007474,CUST0188,EMP038,27-12-2026 01:46,06-01-2027 01:46,In Production,Paid,Kolkata,
ORD007475,CUST0255,EMP017,27-12-2026 05:47,19-01-2027 05:47,In Production,Partially Paid,Noida,
ORD007476,CUST0270,EMP011,27-12-2026 06:58,20-01-2027 06:58,Order Confirmed,Paid,Jaipur,
ORD007477,CUST0001,EMP044,27-12-2026 08:20,10-01-2027 08:20,Dispatched,Paid,Ludhiana,07-01-2027 08:20
ORD007478,CUST0054,EMP044,27-12-2026 12:00,08-01-2027 12:00,In Production,Partially Paid,Chennai,
ORD007479,CUST0395,EMP019,27-12-2026 12:15,21-01-2027 12:15,Delivered,Paid,Bengaluru,19-01-2027 12:15
ORD007480,CUST0477,EMP030,27-12-2026 13:35,08-01-2027 13:35,Order Confirmed,Paid,Jaipur,
ORD007481,CUST0419,EMP034,27-12-2026 13:36,07-01-2027 13:36,Order Confirmed,Pending,Ludhiana,
ORD007482,CUST0454,EMP003,27-12-2026 14:32,11-01-2027 14:32,Quotation,Paid,Gurugram,
ORD007483,CUST0232,EMP014,27-12-2026 19:27,26-01-2027 19:27,Quotation,Partially Paid,Gurugram,
ORD007484,CUST0414,EMP026,28-12-2026 09:55,15-01-2027 09:55,Delivered,Paid,Ahmedabad,15-01-2027 09:55
ORD007485,CUST0442,EMP026,28-12-2026 10:53,10-01-2027 10:53,Cancelled,Paid,Bengaluru,
ORD007486,CUST0447,EMP017,29-12-2026 02:17,17-01-2027 02:17,Delivered,Paid,Jaipur,11-01-2027 02:17
ORD007487,CUST0075,EMP003,29-12-2026 02:26,13-01-2027 02:26,Delivered,Overdue,Delhi,07-01-2027 02:26
ORD007488,CUST0074,EMP044,29-12-2026 08:10,20-01-2027 08:10,Order Confirmed,Paid,Jaipur,
ORD007489,CUST0202,EMP030,29-12-2026 08:29,15-01-2027 08:29,Delivered,Overdue,Kolkata,09-01-2027 08:29
ORD007490,CUST0252,EMP034,29-12-2026 09:09,19-01-2027 09:09,Dispatched,Pending,Faridabad,15-01-2027 09:09
ORD007491,CUST0480,EMP019,29-12-2026 14:21,15-01-2027 14:21,Delivered,Partially Paid,Jaipur,09-01-2027 14:21
ORD007492,CUST0159,EMP026,29-12-2026 17:13,16-01-2027 17:13,Delivered,Paid,Mumbai,16-01-2027 17:13
ORD007493,CUST0416,EMP019,29-12-2026 20:11,15-01-2027 20:11,In Production,Paid,Jaipur,
ORD007494,CUST0444,EMP019,30-12-2026 02:37,15-01-2027 02:37,In Production,Paid,Vadodara,
ORD007495,CUST0483,EMP030,30-12-2026 03:17,29-01-2027 03:17,Order Confirmed,Partially Paid,Pune,
ORD007496,CUST0095,EMP044,30-12-2026 05:04,12-01-2027 05:04,Dispatched,Paid,Surat,10-01-2027 05:04
ORD007497,CUST0121,EMP034,30-12-2026 05:57,25-01-2027 05:57,Dispatched,Paid,Bengaluru,25-01-2027 05:57
ORD007498,CUST0110,EMP030,30-12-2026 14:00,23-01-2027 14:00,On Hold,Paid,Mumbai,
ORD007499,CUST0368,EMP003,30-12-2026 17:25,18-01-2027 17:25,Quotation,Paid,Pune,
ORD007500,CUST0344,EMP026,30-12-2026 22:34,13-01-2027 22:34,Delivered,Paid,Ahmedabad,09-01-2027 22:34
