Order_Detail_ID,Order_ID,Product_ID,Quantity,Unit_Price,Discount_Percent,Gross_Sales,Discount_Amount,Net_Sales
OD000001,ORD000001,PROD0115,3,158000,0,474000,0,474000
OD000002,ORD000002,PROD0073,1,128000,2,128000,2560,125440
OD000003,ORD000003,PROD0168,7,320000,7,2240000,156800,2083200
OD000004,ORD000003,PROD0146,10,185000,5,1850000,92500,1757500
OD000005,ORD000003,PROD0192,8,135661,10,1085288,108528.8,976759.2
OD000006,ORD000004,PROD0074,2,132000,5,264000,13200,250800
OD000007,ORD000004,PROD0065,3,110000,0,330000,0,330000
OD000008,ORD000004,PROD0096,3,165000,10,495000,49500,445500
OD000009,ORD000005,PROD0166,3,267000,15,801000,120150,680850
OD000010,ORD000006,PROD0101,7,138000,5,966000,48300,917700
OD000011,ORD000006,PROD0068,8,120000,0,960000,0,960000
OD000012,ORD000007,PROD0182,3,295189,0,885567,0,885567
OD000013,ORD000007,PROD0079,6,142000,7,852000,59640,792360
OD000014,ORD000007,PROD0176,5,450000,0,2250000,0,2250000
OD000015,ORD000008,PROD0128,4,250000,0,1000000,0,1000000
OD000016,ORD000008,PROD0013,2,80000,2,160000,3200,156800
OD000017,ORD000009,PROD0099,1,134000,7,134000,9380,124620
OD000018,ORD000010,PROD0139,10,210000,2,2100000,42000,2058000
OD000019,ORD000011,PROD0184,7,79485,5,556395,27819.75,528575.25
OD000020,ORD000012,PROD0109,9,150000,5,1350000,67500,1282500
OD000021,ORD000012,PROD0003,3,60000,7,180000,12600,167400
OD000022,ORD000012,PROD0071,3,128000,2,384000,7680,376320
OD000023,ORD000013,PROD0194,6,285723,0,1714338,0,1714338
OD000024,ORD000014,PROD0099,7,134000,0,938000,0,938000
OD000025,ORD000015,PROD0077,8,138000,0,1104000,0,1104000
OD000026,ORD000015,PROD0176,6,450000,0,2700000,0,2700000
OD000027,ORD000016,PROD0084,5,140000,2,700000,14000,686000
OD000028,ORD000016,PROD0155,6,220000,0,1320000,0,1320000
OD000029,ORD000017,PROD0005,3,60000,7,180000,12600,167400
OD000030,ORD000017,PROD0114,2,155500,0,311000,0,311000
OD000031,ORD000017,PROD0005,3,60000,15,180000,27000,153000
OD000032,ORD000018,PROD0036,4,102000,0,408000,0,408000
OD000033,ORD000018,PROD0109,8,150000,2,1200000,24000,1176000
OD000034,ORD000019,PROD0124,9,178000,7,1602000,112140,1489860
OD000035,ORD000019,PROD0024,9,98000,10,882000,88200,793800
OD000036,ORD000020,PROD0100,4,135000,0,540000,0,540000
OD000037,ORD000020,PROD0082,10,138000,7,1380000,96600,1283400
OD000038,ORD000020,PROD0090,10,145000,7,1450000,101500,1348500
OD000039,ORD000021,PROD0163,9,225000,5,2025000,101250,1923750
OD000040,ORD000021,PROD0189,1,235752,5,235752,11787.6,223964.4
OD000041,ORD000022,PROD0015,7,80000,2,560000,11200,548800
OD000042,ORD000022,PROD0199,3,63002,2,189006,3780.12,185225.88
OD000043,ORD000023,PROD0011,9,75000,0,675000,0,675000
OD000044,ORD000024,PROD0191,3,100130,0,300390,0,300390
OD000045,ORD000025,PROD0124,4,178000,5,712000,35600,676400
OD000046,ORD000026,PROD0148,3,210000,0,630000,0,630000
OD000047,ORD000026,PROD0049,9,95000,0,855000,0,855000
OD000048,ORD000027,PROD0120,6,190000,0,1140000,0,1140000
OD000049,ORD000028,PROD0119,5,185000,5,925000,46250,878750
OD000050,ORD000029,PROD0064,9,150000,5,1350000,67500,1282500
OD000051,ORD000029,PROD0101,6,138000,7,828000,57960,770040
OD000052,ORD000029,PROD0190,7,309979,15,2169853,325477.95,1844375.05
OD000053,ORD000030,PROD0022,2,95000,15,190000,28500,161500
OD000054,ORD000030,PROD0092,4,150000,0,600000,0,600000
OD000055,ORD000031,PROD0068,5,120000,2,600000,12000,588000
OD000056,ORD000031,PROD0041,5,95000,5,475000,23750,451250
OD000057,ORD000032,PROD0096,4,165000,0,660000,0,660000
OD000058,ORD000032,PROD0023,10,98000,0,980000,0,980000
OD000059,ORD000033,PROD0025,4,82000,10,328000,32800,295200
OD000060,ORD000034,PROD0168,6,320000,2,1920000,38400,1881600
OD000061,ORD000035,PROD0064,6,150000,5,900000,45000,855000
OD000062,ORD000035,PROD0066,3,114500,7,343500,24045,319455
OD000063,ORD000036,PROD0133,9,295000,7,2655000,185850,2469150
OD000064,ORD000036,PROD0154,2,200000,10,400000,40000,360000
OD000065,ORD000037,PROD0174,9,325000,10,2925000,292500,2632500
OD000066,ORD000038,PROD0126,6,210000,0,1260000,0,1260000
OD000067,ORD000039,PROD0053,4,108000,5,432000,21600,410400
OD000068,ORD000040,PROD0057,3,135000,0,405000,0,405000
OD000069,ORD000041,PROD0142,8,265000,15,2120000,318000,1802000
OD000070,ORD000042,PROD0171,5,255000,0,1275000,0,1275000
OD000071,ORD000043,PROD0184,6,79485,2,476910,9538.2,467371.8
OD000072,ORD000044,PROD0169,4,220000,10,880000,88000,792000
OD000073,ORD000044,PROD0126,4,210000,5,840000,42000,798000
OD000074,ORD000045,PROD0035,3,98000,0,294000,0,294000
OD000075,ORD000045,PROD0084,10,140000,0,1400000,0,1400000
OD000076,ORD000046,PROD0025,9,82000,5,738000,36900,701100
OD000077,ORD000047,PROD0088,2,155500,5,311000,15550,295450
OD000078,ORD000048,PROD0121,2,160000,5,320000,16000,304000
OD000079,ORD000049,PROD0135,9,350000,0,3150000,0,3150000
OD000080,ORD000049,PROD0047,4,120000,7,480000,33600,446400
OD000081,ORD000050,PROD0140,3,225000,2,675000,13500,661500
OD000082,ORD000051,PROD0067,3,120000,15,360000,54000,306000
OD000083,ORD000051,PROD0140,9,225000,5,2025000,101250,1923750
OD000084,ORD000051,PROD0188,3,254957,10,764871,76487.1,688383.9
OD000085,ORD000052,PROD0058,8,145000,0,1160000,0,1160000
OD000086,ORD000053,PROD0036,5,102000,10,510000,51000,459000
OD000087,ORD000053,PROD0194,5,285723,10,1428615,142861.5,1285753.5
OD000088,ORD000054,PROD0095,4,162000,5,648000,32400,615600
OD000089,ORD000055,PROD0047,1,120000,15,120000,18000,102000
OD000090,ORD000055,PROD0059,1,135000,7,135000,9450,125550
OD000091,ORD000056,PROD0094,2,158000,15,316000,47400,268600
OD000092,ORD000056,PROD0070,3,126000,7,378000,26460,351540
OD000093,ORD000057,PROD0182,2,295189,10,590378,59037.8,531340.2
OD000094,ORD000058,PROD0075,3,135000,0,405000,0,405000
OD000095,ORD000059,PROD0095,8,162000,0,1296000,0,1296000
OD000096,ORD000060,PROD0052,1,105000,5,105000,5250,99750
OD000097,ORD000061,PROD0142,7,265000,7,1855000,129850,1725150
OD000098,ORD000061,PROD0153,6,195000,0,1170000,0,1170000
OD000099,ORD000061,PROD0113,3,150000,2,450000,9000,441000
OD000100,ORD000062,PROD0163,3,225000,0,675000,0,675000
OD000101,ORD000062,PROD0055,4,120000,10,480000,48000,432000
OD000102,ORD000063,PROD0108,3,145000,7,435000,30450,404550
OD000103,ORD000063,PROD0146,4,185000,0,740000,0,740000
OD000104,ORD000064,PROD0180,5,142869,0,714345,0,714345
OD000105,ORD000065,PROD0066,7,114500,15,801500,120225,681275
OD000106,ORD000066,PROD0028,7,95000,2,665000,13300,651700
OD000107,ORD000066,PROD0157,4,250000,5,1000000,50000,950000
OD000108,ORD000067,PROD0102,3,143000,15,429000,64350,364650
OD000109,ORD000068,PROD0012,8,75000,15,600000,90000,510000
OD000110,ORD000069,PROD0166,8,267000,0,2136000,0,2136000
OD000111,ORD000070,PROD0100,7,135000,5,945000,47250,897750
OD000112,ORD000071,PROD0125,7,195000,15,1365000,204750,1160250
OD000113,ORD000071,PROD0072,3,125000,0,375000,0,375000
OD000114,ORD000071,PROD0198,7,26819,5,187733,9386.65,178346.35
OD000115,ORD000072,PROD0087,4,150000,7,600000,42000,558000
OD000116,ORD000073,PROD0120,6,190000,0,1140000,0,1140000
OD000117,ORD000074,PROD0108,6,145000,2,870000,17400,852600
OD000118,ORD000075,PROD0193,8,348268,0,2786144,0,2786144
OD000119,ORD000076,PROD0123,10,170000,0,1700000,0,1700000
OD000120,ORD000077,PROD0020,5,95000,0,475000,0,475000
OD000121,ORD000078,PROD0172,2,277000,2,554000,11080,542920
OD000122,ORD000079,PROD0009,1,75000,5,75000,3750,71250
OD000123,ORD000080,PROD0106,4,140000,15,560000,84000,476000
OD000124,ORD000080,PROD0072,5,125000,10,625000,62500,562500
OD000125,ORD000081,PROD0097,6,130000,10,780000,78000,702000
OD000126,ORD000082,PROD0169,4,220000,7,880000,61600,818400
OD000127,ORD000082,PROD0022,4,95000,0,380000,0,380000
OD000128,ORD000083,PROD0011,8,75000,2,600000,12000,588000
OD000129,ORD000084,PROD0181,3,90661,7,271983,19038.81,252944.19
OD000130,ORD000085,PROD0051,1,102500,15,102500,15375,87125
OD000131,ORD000085,PROD0089,5,140000,5,700000,35000,665000
OD000132,ORD000085,PROD0198,7,26819,7,187733,13141.31,174591.69
OD000133,ORD000086,PROD0146,2,185000,15,370000,55500,314500
OD000134,ORD000087,PROD0129,1,235000,5,235000,11750,223250
OD000135,ORD000088,PROD0002,7,50000,7,350000,24500,325500
OD000136,ORD000089,PROD0079,2,142000,15,284000,42600,241400
OD000137,ORD000090,PROD0104,9,155000,7,1395000,97650,1297350
OD000138,ORD000090,PROD0016,4,80000,0,320000,0,320000
OD000139,ORD000091,PROD0130,10,250000,15,2500000,375000,2125000
OD000140,ORD000091,PROD0152,1,285000,7,285000,19950,265050
OD000141,ORD000092,PROD0074,5,132000,0,660000,0,660000
OD000142,ORD000093,PROD0186,5,265147,15,1325735,198860.25,1126874.75
OD000143,ORD000094,PROD0187,3,225148,0,675444,0,675444
OD000144,ORD000095,PROD0149,4,225000,10,900000,90000,810000
OD000145,ORD000096,PROD0063,4,140000,10,560000,56000,504000
OD000146,ORD000096,PROD0024,1,98000,0,98000,0,98000
OD000147,ORD000097,PROD0140,3,225000,10,675000,67500,607500
OD000148,ORD000097,PROD0107,3,142000,0,426000,0,426000
OD000149,ORD000098,PROD0144,6,295000,15,1770000,265500,1504500
OD000150,ORD000099,PROD0081,3,135000,5,405000,20250,384750
OD000151,ORD000100,PROD0031,2,100000,5,200000,10000,190000
OD000152,ORD000100,PROD0181,7,90661,15,634627,95194.05,539432.95
OD000153,ORD000101,PROD0193,4,348268,0,1393072,0,1393072
OD000154,ORD000102,PROD0153,1,195000,5,195000,9750,185250
OD000155,ORD000102,PROD0005,2,60000,7,120000,8400,111600
OD000156,ORD000102,PROD0161,6,195000,0,1170000,0,1170000
OD000157,ORD000103,PROD0200,3,120944,0,362832,0,362832
OD000158,ORD000103,PROD0083,10,138000,5,1380000,69000,1311000
OD000159,ORD000104,PROD0101,7,138000,2,966000,19320,946680
OD000160,ORD000105,PROD0005,3,60000,5,180000,9000,171000
OD000161,ORD000105,PROD0121,10,160000,5,1600000,80000,1520000
OD000162,ORD000106,PROD0152,8,285000,2,2280000,45600,2234400
OD000163,ORD000107,PROD0041,7,95000,0,665000,0,665000
OD000164,ORD000108,PROD0127,1,225000,0,225000,0,225000
OD000165,ORD000108,PROD0053,3,108000,0,324000,0,324000
OD000166,ORD000108,PROD0029,7,100000,7,700000,49000,651000
OD000167,ORD000109,PROD0005,5,60000,0,300000,0,300000
OD000168,ORD000109,PROD0152,9,285000,15,2565000,384750,2180250
OD000169,ORD000110,PROD0043,7,98000,0,686000,0,686000
OD000170,ORD000111,PROD0030,1,100000,2,100000,2000,98000
OD000171,ORD000111,PROD0193,9,348268,7,3134412,219408.84,2915003.16
OD000172,ORD000112,PROD0148,10,210000,0,2100000,0,2100000
OD000173,ORD000113,PROD0052,8,105000,5,840000,42000,798000
OD000174,ORD000113,PROD0143,8,285000,0,2280000,0,2280000
OD000175,ORD000114,PROD0100,2,135000,15,270000,40500,229500
OD000176,ORD000114,PROD0002,8,50000,0,400000,0,400000
OD000177,ORD000114,PROD0055,7,120000,0,840000,0,840000
OD000178,ORD000115,PROD0155,2,220000,5,440000,22000,418000
OD000179,ORD000115,PROD0144,2,295000,2,590000,11800,578200
OD000180,ORD000116,PROD0082,6,138000,10,828000,82800,745200
OD000181,ORD000117,PROD0198,4,26819,10,107276,10727.6,96548.4
OD000182,ORD000118,PROD0102,6,143000,7,858000,60060,797940
OD000183,ORD000118,PROD0003,10,60000,0,600000,0,600000
OD000184,ORD000119,PROD0193,7,348268,5,2437876,121893.8,2315982.2
OD000185,ORD000120,PROD0005,9,60000,0,540000,0,540000
OD000186,ORD000120,PROD0184,1,79485,0,79485,0,79485
OD000187,ORD000120,PROD0016,3,80000,0,240000,0,240000
OD000188,ORD000121,PROD0077,9,138000,5,1242000,62100,1179900
OD000189,ORD000122,PROD0011,8,75000,5,600000,30000,570000
OD000190,ORD000123,PROD0142,4,265000,7,1060000,74200,985800
OD000191,ORD000124,PROD0062,4,170000,5,680000,34000,646000
OD000192,ORD000125,PROD0103,8,148000,0,1184000,0,1184000
OD000193,ORD000126,PROD0038,1,111000,0,111000,0,111000
OD000194,ORD000127,PROD0165,1,255000,5,255000,12750,242250
OD000195,ORD000127,PROD0093,9,155000,5,1395000,69750,1325250
OD000196,ORD000127,PROD0064,8,150000,0,1200000,0,1200000
OD000197,ORD000128,PROD0005,9,60000,5,540000,27000,513000
OD000198,ORD000129,PROD0095,5,162000,10,810000,81000,729000
OD000199,ORD000129,PROD0146,3,185000,0,555000,0,555000
OD000200,ORD000130,PROD0023,4,98000,7,392000,27440,364560
OD000201,ORD000131,PROD0102,8,143000,15,1144000,171600,972400
OD000202,ORD000131,PROD0186,3,265147,10,795441,79544.1,715896.9
OD000203,ORD000132,PROD0174,1,325000,0,325000,0,325000
OD000204,ORD000133,PROD0181,5,90661,0,453305,0,453305
OD000205,ORD000133,PROD0180,6,142869,7,857214,60004.98,797209.02
OD000206,ORD000134,PROD0056,5,125000,2,625000,12500,612500
OD000207,ORD000135,PROD0032,10,105000,0,1050000,0,1050000
OD000208,ORD000136,PROD0117,7,175000,2,1225000,24500,1200500
OD000209,ORD000137,PROD0144,8,295000,5,2360000,118000,2242000
OD000210,ORD000138,PROD0076,3,135000,0,405000,0,405000
OD000211,ORD000139,PROD0047,6,120000,0,720000,0,720000
OD000212,ORD000139,PROD0032,4,105000,7,420000,29400,390600
OD000213,ORD000140,PROD0102,4,143000,5,572000,28600,543400
OD000214,ORD000141,PROD0010,2,75000,0,150000,0,150000
OD000215,ORD000141,PROD0137,8,165000,15,1320000,198000,1122000
OD000216,ORD000142,PROD0165,5,255000,7,1275000,89250,1185750
OD000217,ORD000143,PROD0166,10,267000,2,2670000,53400,2616600
OD000218,ORD000143,PROD0058,6,145000,0,870000,0,870000
OD000219,ORD000144,PROD0020,2,95000,7,190000,13300,176700
OD000220,ORD000145,PROD0104,8,155000,7,1240000,86800,1153200
OD000221,ORD000145,PROD0149,1,225000,10,225000,22500,202500
OD000222,ORD000146,PROD0181,8,90661,0,725288,0,725288
OD000223,ORD000146,PROD0025,4,82000,5,328000,16400,311600
OD000224,ORD000146,PROD0004,1,60000,0,60000,0,60000
OD000225,ORD000147,PROD0029,6,100000,15,600000,90000,510000
OD000226,ORD000148,PROD0110,5,155000,0,775000,0,775000
OD000227,ORD000149,PROD0034,3,98000,5,294000,14700,279300
OD000228,ORD000149,PROD0192,2,135661,7,271322,18992.54,252329.46
OD000229,ORD000150,PROD0070,7,126000,7,882000,61740,820260
OD000230,ORD000151,PROD0162,5,210000,5,1050000,52500,997500
OD000231,ORD000152,PROD0066,4,114500,5,458000,22900,435100
OD000232,ORD000153,PROD0044,6,105000,10,630000,63000,567000
OD000233,ORD000154,PROD0018,10,94000,5,940000,47000,893000
OD000234,ORD000154,PROD0041,9,95000,5,855000,42750,812250
OD000235,ORD000155,PROD0151,3,265000,10,795000,79500,715500
OD000236,ORD000156,PROD0153,4,195000,2,780000,15600,764400
OD000237,ORD000157,PROD0134,9,310000,5,2790000,139500,2650500
OD000238,ORD000158,PROD0016,2,80000,2,160000,3200,156800
OD000239,ORD000159,PROD0065,10,110000,0,1100000,0,1100000
OD000240,ORD000159,PROD0120,5,190000,5,950000,47500,902500
OD000241,ORD000160,PROD0188,5,254957,2,1274785,25495.7,1249289.3
OD000242,ORD000160,PROD0047,10,120000,0,1200000,0,1200000
OD000243,ORD000161,PROD0038,2,111000,5,222000,11100,210900
OD000244,ORD000161,PROD0168,2,320000,5,640000,32000,608000
OD000245,ORD000162,PROD0094,9,158000,0,1422000,0,1422000
OD000246,ORD000163,PROD0076,8,135000,5,1080000,54000,1026000
OD000247,ORD000164,PROD0077,5,138000,2,690000,13800,676200
OD000248,ORD000165,PROD0083,2,138000,0,276000,0,276000
OD000249,ORD000165,PROD0097,6,130000,0,780000,0,780000
OD000250,ORD000166,PROD0159,8,285000,7,2280000,159600,2120400
OD000251,ORD000166,PROD0138,1,190000,5,190000,9500,180500
OD000252,ORD000167,PROD0018,3,94000,15,282000,42300,239700
OD000253,ORD000167,PROD0027,4,92000,5,368000,18400,349600
OD000254,ORD000168,PROD0121,3,160000,15,480000,72000,408000
OD000255,ORD000168,PROD0168,6,320000,0,1920000,0,1920000
OD000256,ORD000169,PROD0193,10,348268,5,3482680,174134,3308546
OD000257,ORD000170,PROD0179,7,65000,5,455000,22750,432250
OD000258,ORD000170,PROD0131,6,280000,5,1680000,84000,1596000
OD000259,ORD000170,PROD0048,10,122200,10,1222000,122200,1099800
OD000260,ORD000171,PROD0017,9,90000,5,810000,40500,769500
OD000261,ORD000171,PROD0148,6,210000,0,1260000,0,1260000
OD000262,ORD000171,PROD0182,1,295189,7,295189,20663.23,274525.77
OD000263,ORD000172,PROD0082,3,138000,0,414000,0,414000
OD000264,ORD000173,PROD0026,10,85000,0,850000,0,850000
OD000265,ORD000174,PROD0147,6,195000,5,1170000,58500,1111500
OD000266,ORD000174,PROD0074,10,132000,0,1320000,0,1320000
OD000267,ORD000175,PROD0128,1,250000,7,250000,17500,232500
OD000268,ORD000176,PROD0037,2,105000,2,210000,4200,205800
OD000269,ORD000177,PROD0072,2,125000,10,250000,25000,225000
OD000270,ORD000178,PROD0145,1,170000,2,170000,3400,166600
OD000271,ORD000178,PROD0172,4,277000,2,1108000,22160,1085840
OD000272,ORD000179,PROD0053,10,108000,2,1080000,21600,1058400
OD000273,ORD000179,PROD0160,1,310000,7,310000,21700,288300
OD000274,ORD000180,PROD0053,10,108000,0,1080000,0,1080000
OD000275,ORD000180,PROD0148,1,210000,2,210000,4200,205800
OD000276,ORD000181,PROD0083,1,138000,0,138000,0,138000
OD000277,ORD000181,PROD0141,1,235000,2,235000,4700,230300
OD000278,ORD000181,PROD0058,8,145000,10,1160000,116000,1044000
OD000279,ORD000182,PROD0017,2,90000,5,180000,9000,171000
OD000280,ORD000183,PROD0157,2,250000,5,500000,25000,475000
OD000281,ORD000183,PROD0002,9,50000,0,450000,0,450000
OD000282,ORD000184,PROD0106,7,140000,5,980000,49000,931000
OD000283,ORD000185,PROD0012,4,75000,7,300000,21000,279000
OD000284,ORD000186,PROD0112,8,170000,2,1360000,27200,1332800
OD000285,ORD000186,PROD0022,10,95000,10,950000,95000,855000
OD000286,ORD000186,PROD0033,6,98000,2,588000,11760,576240
OD000287,ORD000187,PROD0198,9,26819,0,241371,0,241371
OD000288,ORD000187,PROD0183,4,324367,10,1297468,129746.8,1167721.2
OD000289,ORD000188,PROD0090,9,145000,5,1305000,65250,1239750
OD000290,ORD000188,PROD0070,7,126000,5,882000,44100,837900
OD000291,ORD000189,PROD0140,3,225000,10,675000,67500,607500
OD000292,ORD000190,PROD0076,7,135000,10,945000,94500,850500
OD000293,ORD000191,PROD0031,4,100000,15,400000,60000,340000
OD000294,ORD000191,PROD0049,1,95000,5,95000,4750,90250
OD000295,ORD000192,PROD0124,5,178000,5,890000,44500,845500
OD000296,ORD000193,PROD0193,1,348268,5,348268,17413.4,330854.6
OD000297,ORD000194,PROD0131,5,280000,2,1400000,28000,1372000
OD000298,ORD000194,PROD0122,9,165000,0,1485000,0,1485000
OD000299,ORD000195,PROD0157,1,250000,10,250000,25000,225000
OD000300,ORD000196,PROD0013,7,80000,0,560000,0,560000
OD000301,ORD000197,PROD0125,3,195000,10,585000,58500,526500
OD000302,ORD000198,PROD0039,6,115000,0,690000,0,690000
OD000303,ORD000199,PROD0085,7,145000,0,1015000,0,1015000
OD000304,ORD000200,PROD0097,8,130000,0,1040000,0,1040000
OD000305,ORD000201,PROD0146,7,185000,2,1295000,25900,1269100
OD000306,ORD000202,PROD0038,3,111000,0,333000,0,333000
OD000307,ORD000203,PROD0191,4,100130,0,400520,0,400520
OD000308,ORD000204,PROD0122,6,165000,5,990000,49500,940500
OD000309,ORD000204,PROD0070,3,126000,2,378000,7560,370440
OD000310,ORD000205,PROD0062,9,170000,0,1530000,0,1530000
OD000311,ORD000206,PROD0021,6,95000,2,570000,11400,558600
OD000312,ORD000206,PROD0070,7,126000,0,882000,0,882000
OD000313,ORD000207,PROD0024,7,98000,10,686000,68600,617400
OD000314,ORD000207,PROD0158,4,265000,10,1060000,106000,954000
OD000315,ORD000208,PROD0159,8,285000,2,2280000,45600,2234400
OD000316,ORD000209,PROD0105,7,135000,0,945000,0,945000
OD000317,ORD000210,PROD0193,9,348268,0,3134412,0,3134412
OD000318,ORD000210,PROD0023,4,98000,7,392000,27440,364560
OD000319,ORD000210,PROD0176,6,450000,0,2700000,0,2700000
OD000320,ORD000211,PROD0075,9,135000,5,1215000,60750,1154250
OD000321,ORD000212,PROD0152,4,285000,0,1140000,0,1140000
OD000322,ORD000212,PROD0180,9,142869,7,1285821,90007.47,1195813.53
OD000323,ORD000213,PROD0026,4,85000,2,340000,6800,333200
OD000324,ORD000213,PROD0170,2,245000,0,490000,0,490000
OD000325,ORD000214,PROD0199,1,63002,0,63002,0,63002
OD000326,ORD000214,PROD0152,5,285000,5,1425000,71250,1353750
OD000327,ORD000215,PROD0030,5,100000,5,500000,25000,475000
OD000328,ORD000216,PROD0169,3,220000,5,660000,33000,627000
OD000329,ORD000217,PROD0056,9,125000,2,1125000,22500,1102500
OD000330,ORD000218,PROD0019,9,95000,5,855000,42750,812250
OD000331,ORD000218,PROD0129,7,235000,0,1645000,0,1645000
OD000332,ORD000219,PROD0025,8,82000,5,656000,32800,623200
OD000333,ORD000220,PROD0114,6,155500,7,933000,65310,867690
OD000334,ORD000220,PROD0004,7,60000,0,420000,0,420000
OD000335,ORD000220,PROD0149,3,225000,7,675000,47250,627750
OD000336,ORD000221,PROD0026,1,85000,10,85000,8500,76500
OD000337,ORD000221,PROD0135,6,350000,15,2100000,315000,1785000
OD000338,ORD000222,PROD0165,2,255000,0,510000,0,510000
OD000339,ORD000223,PROD0020,2,95000,10,190000,19000,171000
OD000340,ORD000224,PROD0008,6,70000,0,420000,0,420000
OD000341,ORD000224,PROD0176,4,450000,2,1800000,36000,1764000
OD000342,ORD000224,PROD0094,4,158000,5,632000,31600,600400
OD000343,ORD000225,PROD0102,6,143000,0,858000,0,858000
OD000344,ORD000226,PROD0050,9,98000,2,882000,17640,864360
OD000345,ORD000227,PROD0096,1,165000,10,165000,16500,148500
OD000346,ORD000228,PROD0167,3,295000,0,885000,0,885000
OD000347,ORD000229,PROD0169,4,220000,5,880000,44000,836000
OD000348,ORD000230,PROD0161,3,195000,10,585000,58500,526500
OD000349,ORD000230,PROD0058,1,145000,0,145000,0,145000
OD000350,ORD000231,PROD0154,3,200000,10,600000,60000,540000
OD000351,ORD000231,PROD0090,2,145000,15,290000,43500,246500
OD000352,ORD000232,PROD0076,9,135000,0,1215000,0,1215000
OD000353,ORD000233,PROD0066,4,114500,5,458000,22900,435100
OD000354,ORD000234,PROD0186,4,265147,0,1060588,0,1060588
OD000355,ORD000235,PROD0035,7,98000,15,686000,102900,583100
OD000356,ORD000235,PROD0180,6,142869,0,857214,0,857214
OD000357,ORD000236,PROD0183,3,324367,2,973101,19462.02,953638.98
OD000358,ORD000237,PROD0131,3,280000,5,840000,42000,798000
OD000359,ORD000237,PROD0006,1,65000,5,65000,3250,61750
OD000360,ORD000237,PROD0123,3,170000,5,510000,25500,484500
OD000361,ORD000238,PROD0024,4,98000,0,392000,0,392000
OD000362,ORD000238,PROD0068,5,120000,7,600000,42000,558000
OD000363,ORD000239,PROD0016,3,80000,7,240000,16800,223200
OD000364,ORD000239,PROD0148,9,210000,5,1890000,94500,1795500
OD000365,ORD000240,PROD0097,8,130000,7,1040000,72800,967200
OD000366,ORD000241,PROD0188,5,254957,0,1274785,0,1274785
OD000367,ORD000241,PROD0137,9,165000,0,1485000,0,1485000
OD000368,ORD000242,PROD0064,4,150000,0,600000,0,600000
OD000369,ORD000243,PROD0156,7,225000,2,1575000,31500,1543500
OD000370,ORD000243,PROD0058,8,145000,0,1160000,0,1160000
OD000371,ORD000244,PROD0054,7,115000,0,805000,0,805000
OD000372,ORD000244,PROD0053,4,108000,2,432000,8640,423360
OD000373,ORD000244,PROD0143,8,285000,5,2280000,114000,2166000
OD000374,ORD000245,PROD0197,2,221508,5,443016,22150.8,420865.2
OD000375,ORD000245,PROD0171,4,255000,10,1020000,102000,918000
OD000376,ORD000245,PROD0109,9,150000,2,1350000,27000,1323000
OD000377,ORD000246,PROD0003,7,60000,2,420000,8400,411600
OD000378,ORD000246,PROD0194,4,285723,0,1142892,0,1142892
OD000379,ORD000247,PROD0077,5,138000,7,690000,48300,641700
OD000380,ORD000247,PROD0124,5,178000,5,890000,44500,845500
OD000381,ORD000248,PROD0085,5,145000,0,725000,0,725000
OD000382,ORD000249,PROD0059,3,135000,0,405000,0,405000
OD000383,ORD000250,PROD0061,8,155000,0,1240000,0,1240000
OD000384,ORD000250,PROD0118,1,180000,2,180000,3600,176400
OD000385,ORD000251,PROD0086,8,148000,0,1184000,0,1184000
OD000386,ORD000251,PROD0032,6,105000,7,630000,44100,585900
OD000387,ORD000251,PROD0076,5,135000,2,675000,13500,661500
OD000388,ORD000252,PROD0090,8,145000,10,1160000,116000,1044000
OD000389,ORD000252,PROD0126,10,210000,0,2100000,0,2100000
OD000390,ORD000253,PROD0089,5,140000,2,700000,14000,686000
OD000391,ORD000253,PROD0040,6,115000,10,690000,69000,621000
OD000392,ORD000254,PROD0116,5,162000,0,810000,0,810000
OD000393,ORD000255,PROD0168,5,320000,10,1600000,160000,1440000
OD000394,ORD000255,PROD0078,4,140000,0,560000,0,560000
OD000395,ORD000256,PROD0127,6,225000,5,1350000,67500,1282500
OD000396,ORD000256,PROD0092,1,150000,10,150000,15000,135000
OD000397,ORD000257,PROD0060,8,150000,0,1200000,0,1200000
OD000398,ORD000258,PROD0176,1,450000,0,450000,0,450000
OD000399,ORD000259,PROD0193,10,348268,0,3482680,0,3482680
OD000400,ORD000259,PROD0037,4,105000,0,420000,0,420000
OD000401,ORD000260,PROD0125,7,195000,2,1365000,27300,1337700
OD000402,ORD000261,PROD0185,1,232339,7,232339,16263.73,216075.27
OD000403,ORD000261,PROD0108,4,145000,0,580000,0,580000
OD000404,ORD000262,PROD0108,10,145000,5,1450000,72500,1377500
OD000405,ORD000262,PROD0192,6,135661,7,813966,56977.62,756988.38
OD000406,ORD000262,PROD0126,5,210000,7,1050000,73500,976500
OD000407,ORD000263,PROD0170,4,245000,15,980000,147000,833000
OD000408,ORD000263,PROD0021,7,95000,10,665000,66500,598500
OD000409,ORD000264,PROD0118,7,180000,0,1260000,0,1260000
OD000410,ORD000265,PROD0030,6,100000,0,600000,0,600000
OD000411,ORD000266,PROD0041,10,95000,7,950000,66500,883500
OD000412,ORD000266,PROD0147,6,195000,0,1170000,0,1170000
OD000413,ORD000267,PROD0174,9,325000,0,2925000,0,2925000
OD000414,ORD000267,PROD0181,5,90661,10,453305,45330.5,407974.5
OD000415,ORD000268,PROD0153,5,195000,5,975000,48750,926250
OD000416,ORD000269,PROD0104,6,155000,2,930000,18600,911400
OD000417,ORD000270,PROD0087,4,150000,5,600000,30000,570000
OD000418,ORD000270,PROD0034,8,98000,0,784000,0,784000
OD000419,ORD000271,PROD0158,5,265000,0,1325000,0,1325000
OD000420,ORD000272,PROD0160,3,310000,15,930000,139500,790500
OD000421,ORD000272,PROD0026,4,85000,0,340000,0,340000
OD000422,ORD000273,PROD0184,4,79485,5,317940,15897,302043
OD000423,ORD000273,PROD0066,10,114500,0,1145000,0,1145000
OD000424,ORD000274,PROD0135,4,350000,0,1400000,0,1400000
OD000425,ORD000274,PROD0026,3,85000,0,255000,0,255000
OD000426,ORD000275,PROD0037,7,105000,0,735000,0,735000
OD000427,ORD000275,PROD0122,9,165000,5,1485000,74250,1410750
OD000428,ORD000275,PROD0083,5,138000,0,690000,0,690000
OD000429,ORD000276,PROD0006,5,65000,5,325000,16250,308750
OD000430,ORD000276,PROD0188,7,254957,5,1784699,89234.95,1695464.05
OD000431,ORD000277,PROD0178,7,115000,2,805000,16100,788900
OD000432,ORD000278,PROD0039,2,115000,0,230000,0,230000
OD000433,ORD000279,PROD0130,10,250000,0,2500000,0,2500000
OD000434,ORD000280,PROD0035,4,98000,0,392000,0,392000
OD000435,ORD000281,PROD0144,6,295000,0,1770000,0,1770000
OD000436,ORD000281,PROD0141,1,235000,2,235000,4700,230300
OD000437,ORD000282,PROD0150,7,255000,2,1785000,35700,1749300
OD000438,ORD000283,PROD0109,2,150000,0,300000,0,300000
OD000439,ORD000284,PROD0005,1,60000,0,60000,0,60000
OD000440,ORD000284,PROD0041,10,95000,5,950000,47500,902500
OD000441,ORD000285,PROD0199,2,63002,0,126004,0,126004
OD000442,ORD000286,PROD0124,8,178000,2,1424000,28480,1395520
OD000443,ORD000287,PROD0069,6,125000,10,750000,75000,675000
OD000444,ORD000287,PROD0188,3,254957,7,764871,53540.97,711330.03
OD000445,ORD000288,PROD0087,4,150000,2,600000,12000,588000
OD000446,ORD000289,PROD0172,2,277000,5,554000,27700,526300
OD000447,ORD000290,PROD0162,7,210000,15,1470000,220500,1249500
OD000448,ORD000291,PROD0002,9,50000,7,450000,31500,418500
OD000449,ORD000291,PROD0187,4,225148,5,900592,45029.6,855562.4
OD000450,ORD000292,PROD0176,10,450000,5,4500000,225000,4275000
OD000451,ORD000292,PROD0199,2,63002,10,126004,12600.4,113403.6
OD000452,ORD000293,PROD0126,10,210000,0,2100000,0,2100000
OD000453,ORD000293,PROD0140,8,225000,5,1800000,90000,1710000
OD000454,ORD000294,PROD0054,1,115000,2,115000,2300,112700
OD000455,ORD000295,PROD0031,9,100000,5,900000,45000,855000
OD000456,ORD000295,PROD0019,1,95000,0,95000,0,95000
OD000457,ORD000296,PROD0036,10,102000,7,1020000,71400,948600
OD000458,ORD000297,PROD0195,7,160472,0,1123304,0,1123304
OD000459,ORD000297,PROD0056,3,125000,5,375000,18750,356250
OD000460,ORD000298,PROD0006,10,65000,10,650000,65000,585000
OD000461,ORD000299,PROD0138,4,190000,0,760000,0,760000
OD000462,ORD000300,PROD0037,2,105000,2,210000,4200,205800
OD000463,ORD000301,PROD0103,3,148000,2,444000,8880,435120
OD000464,ORD000302,PROD0135,9,350000,5,3150000,157500,2992500
OD000465,ORD000303,PROD0115,10,158000,0,1580000,0,1580000
OD000466,ORD000304,PROD0152,10,285000,7,2850000,199500,2650500
OD000467,ORD000304,PROD0004,6,60000,5,360000,18000,342000
OD000468,ORD000305,PROD0054,2,115000,0,230000,0,230000
OD000469,ORD000305,PROD0082,10,138000,5,1380000,69000,1311000
OD000470,ORD000306,PROD0148,6,210000,2,1260000,25200,1234800
OD000471,ORD000306,PROD0109,9,150000,2,1350000,27000,1323000
OD000472,ORD000307,PROD0154,1,200000,15,200000,30000,170000
OD000473,ORD000308,PROD0149,3,225000,2,675000,13500,661500
OD000474,ORD000309,PROD0161,3,195000,0,585000,0,585000
OD000475,ORD000309,PROD0122,5,165000,2,825000,16500,808500
OD000476,ORD000309,PROD0151,9,265000,5,2385000,119250,2265750
OD000477,ORD000310,PROD0136,5,380000,5,1900000,95000,1805000
OD000478,ORD000311,PROD0007,7,70000,0,490000,0,490000
OD000479,ORD000311,PROD0057,5,135000,0,675000,0,675000
OD000480,ORD000312,PROD0179,10,65000,7,650000,45500,604500
OD000481,ORD000312,PROD0019,10,95000,0,950000,0,950000
OD000482,ORD000313,PROD0113,9,150000,0,1350000,0,1350000
OD000483,ORD000314,PROD0154,2,200000,15,400000,60000,340000
OD000484,ORD000314,PROD0087,9,150000,5,1350000,67500,1282500
OD000485,ORD000315,PROD0036,8,102000,0,816000,0,816000
OD000486,ORD000315,PROD0005,4,60000,0,240000,0,240000
OD000487,ORD000316,PROD0133,3,295000,2,885000,17700,867300
OD000488,ORD000316,PROD0119,10,185000,5,1850000,92500,1757500
OD000489,ORD000317,PROD0139,8,210000,0,1680000,0,1680000
OD000490,ORD000318,PROD0033,3,98000,7,294000,20580,273420
OD000491,ORD000319,PROD0094,3,158000,0,474000,0,474000
OD000492,ORD000319,PROD0110,6,155000,0,930000,0,930000
OD000493,ORD000320,PROD0168,6,320000,5,1920000,96000,1824000
OD000494,ORD000321,PROD0038,9,111000,7,999000,69930,929070
OD000495,ORD000322,PROD0140,7,225000,5,1575000,78750,1496250
OD000496,ORD000322,PROD0138,9,190000,0,1710000,0,1710000
OD000497,ORD000323,PROD0119,5,185000,2,925000,18500,906500
OD000498,ORD000324,PROD0018,10,94000,0,940000,0,940000
OD000499,ORD000324,PROD0024,10,98000,0,980000,0,980000
OD000500,ORD000325,PROD0121,10,160000,2,1600000,32000,1568000
OD000501,ORD000325,PROD0125,8,195000,5,1560000,78000,1482000
OD000502,ORD000325,PROD0129,4,235000,10,940000,94000,846000
OD000503,ORD000326,PROD0155,2,220000,15,440000,66000,374000
OD000504,ORD000327,PROD0080,6,145000,5,870000,43500,826500
OD000505,ORD000328,PROD0060,4,150000,7,600000,42000,558000
OD000506,ORD000329,PROD0184,2,79485,0,158970,0,158970
OD000507,ORD000330,PROD0139,4,210000,7,840000,58800,781200
OD000508,ORD000331,PROD0106,9,140000,0,1260000,0,1260000
OD000509,ORD000331,PROD0112,3,170000,2,510000,10200,499800
OD000510,ORD000331,PROD0151,1,265000,0,265000,0,265000
OD000511,ORD000332,PROD0063,3,140000,5,420000,21000,399000
OD000512,ORD000333,PROD0089,2,140000,5,280000,14000,266000
OD000513,ORD000334,PROD0009,2,75000,0,150000,0,150000
OD000514,ORD000335,PROD0159,5,285000,7,1425000,99750,1325250
OD000515,ORD000336,PROD0101,9,138000,10,1242000,124200,1117800
OD000516,ORD000336,PROD0180,4,142869,5,571476,28573.8,542902.2
OD000517,ORD000337,PROD0060,10,150000,0,1500000,0,1500000
OD000518,ORD000337,PROD0083,9,138000,7,1242000,86940,1155060
OD000519,ORD000338,PROD0011,2,75000,0,150000,0,150000
OD000520,ORD000339,PROD0194,7,285723,0,2000061,0,2000061
OD000521,ORD000340,PROD0069,8,125000,0,1000000,0,1000000
OD000522,ORD000340,PROD0031,8,100000,2,800000,16000,784000
OD000523,ORD000341,PROD0123,3,170000,0,510000,0,510000
OD000524,ORD000341,PROD0170,8,245000,2,1960000,39200,1920800
OD000525,ORD000342,PROD0023,6,98000,2,588000,11760,576240
OD000526,ORD000343,PROD0106,3,140000,7,420000,29400,390600
OD000527,ORD000344,PROD0095,2,162000,10,324000,32400,291600
OD000528,ORD000345,PROD0028,4,95000,10,380000,38000,342000
OD000529,ORD000346,PROD0056,3,125000,0,375000,0,375000
OD000530,ORD000347,PROD0126,6,210000,7,1260000,88200,1171800
OD000531,ORD000347,PROD0198,5,26819,5,134095,6704.75,127390.25
OD000532,ORD000348,PROD0027,2,92000,0,184000,0,184000
OD000533,ORD000349,PROD0127,8,225000,2,1800000,36000,1764000
OD000534,ORD000349,PROD0178,1,115000,2,115000,2300,112700
OD000535,ORD000350,PROD0152,5,285000,2,1425000,28500,1396500
OD000536,ORD000350,PROD0164,1,235000,10,235000,23500,211500
OD000537,ORD000351,PROD0184,9,79485,2,715365,14307.3,701057.7
OD000538,ORD000351,PROD0131,4,280000,0,1120000,0,1120000
OD000539,ORD000352,PROD0008,1,70000,7,70000,4900,65100
OD000540,ORD000352,PROD0047,3,120000,7,360000,25200,334800
OD000541,ORD000353,PROD0083,6,138000,5,828000,41400,786600
OD000542,ORD000354,PROD0193,8,348268,5,2786144,139307.2,2646836.8
OD000543,ORD000354,PROD0042,2,98000,7,196000,13720,182280
OD000544,ORD000355,PROD0171,4,255000,0,1020000,0,1020000
OD000545,ORD000355,PROD0127,2,225000,5,450000,22500,427500
OD000546,ORD000356,PROD0144,3,295000,15,885000,132750,752250
OD000547,ORD000357,PROD0021,4,95000,7,380000,26600,353400
OD000548,ORD000357,PROD0074,6,132000,0,792000,0,792000
OD000549,ORD000358,PROD0093,2,155000,10,310000,31000,279000
OD000550,ORD000358,PROD0097,7,130000,0,910000,0,910000
OD000551,ORD000358,PROD0176,8,450000,5,3600000,180000,3420000
OD000552,ORD000359,PROD0068,10,120000,5,1200000,60000,1140000
OD000553,ORD000359,PROD0174,6,325000,0,1950000,0,1950000
OD000554,ORD000360,PROD0170,5,245000,0,1225000,0,1225000
OD000555,ORD000361,PROD0129,7,235000,5,1645000,82250,1562750
OD000556,ORD000361,PROD0062,10,170000,0,1700000,0,1700000
OD000557,ORD000362,PROD0020,1,95000,2,95000,1900,93100
OD000558,ORD000363,PROD0048,2,122200,7,244400,17108,227292
OD000559,ORD000364,PROD0122,3,165000,5,495000,24750,470250
OD000560,ORD000365,PROD0043,2,98000,10,196000,19600,176400
OD000561,ORD000365,PROD0181,6,90661,10,543966,54396.6,489569.4
OD000562,ORD000366,PROD0081,1,135000,10,135000,13500,121500
OD000563,ORD000366,PROD0057,1,135000,2,135000,2700,132300
OD000564,ORD000367,PROD0125,7,195000,0,1365000,0,1365000
OD000565,ORD000368,PROD0032,2,105000,5,210000,10500,199500
OD000566,ORD000369,PROD0167,4,295000,10,1180000,118000,1062000
OD000567,ORD000370,PROD0110,1,155000,7,155000,10850,144150
OD000568,ORD000371,PROD0185,8,232339,5,1858712,92935.6,1765776.4
OD000569,ORD000372,PROD0171,10,255000,7,2550000,178500,2371500
OD000570,ORD000373,PROD0017,7,90000,2,630000,12600,617400
OD000571,ORD000374,PROD0180,5,142869,5,714345,35717.25,678627.75
OD000572,ORD000375,PROD0010,4,75000,0,300000,0,300000
OD000573,ORD000375,PROD0159,1,285000,5,285000,14250,270750
OD000574,ORD000376,PROD0073,3,128000,2,384000,7680,376320
OD000575,ORD000377,PROD0069,5,125000,0,625000,0,625000
OD000576,ORD000377,PROD0163,1,225000,0,225000,0,225000
OD000577,ORD000378,PROD0055,9,120000,5,1080000,54000,1026000
OD000578,ORD000379,PROD0182,7,295189,5,2066323,103316.15,1963006.85
OD000579,ORD000380,PROD0009,2,75000,10,150000,15000,135000
OD000580,ORD000381,PROD0034,9,98000,10,882000,88200,793800
OD000581,ORD000382,PROD0072,3,125000,2,375000,7500,367500
OD000582,ORD000383,PROD0058,7,145000,2,1015000,20300,994700
OD000583,ORD000383,PROD0175,10,435000,0,4350000,0,4350000
OD000584,ORD000384,PROD0181,4,90661,2,362644,7252.88,355391.12
OD000585,ORD000385,PROD0085,9,145000,7,1305000,91350,1213650
OD000586,ORD000386,PROD0116,10,162000,5,1620000,81000,1539000
OD000587,ORD000387,PROD0068,6,120000,0,720000,0,720000
OD000588,ORD000388,PROD0082,7,138000,5,966000,48300,917700
OD000589,ORD000388,PROD0068,2,120000,10,240000,24000,216000
OD000590,ORD000389,PROD0049,9,95000,0,855000,0,855000
OD000591,ORD000390,PROD0139,3,210000,10,630000,63000,567000
OD000592,ORD000391,PROD0023,3,98000,0,294000,0,294000
OD000593,ORD000391,PROD0059,9,135000,2,1215000,24300,1190700
OD000594,ORD000392,PROD0022,3,95000,2,285000,5700,279300
OD000595,ORD000393,PROD0091,7,148000,0,1036000,0,1036000
OD000596,ORD000394,PROD0135,4,350000,0,1400000,0,1400000
OD000597,ORD000394,PROD0104,4,155000,0,620000,0,620000
OD000598,ORD000395,PROD0145,10,170000,0,1700000,0,1700000
OD000599,ORD000396,PROD0115,1,158000,5,158000,7900,150100
OD000600,ORD000396,PROD0074,8,132000,0,1056000,0,1056000
OD000601,ORD000397,PROD0183,2,324367,0,648734,0,648734
OD000602,ORD000397,PROD0122,9,165000,5,1485000,74250,1410750
OD000603,ORD000398,PROD0008,8,70000,5,560000,28000,532000
OD000604,ORD000399,PROD0032,7,105000,5,735000,36750,698250
OD000605,ORD000400,PROD0135,7,350000,5,2450000,122500,2327500
OD000606,ORD000401,PROD0005,1,60000,10,60000,6000,54000
OD000607,ORD000401,PROD0035,4,98000,0,392000,0,392000
OD000608,ORD000402,PROD0020,8,95000,7,760000,53200,706800
OD000609,ORD000403,PROD0162,6,210000,2,1260000,25200,1234800
OD000610,ORD000403,PROD0022,2,95000,10,190000,19000,171000
OD000611,ORD000404,PROD0041,8,95000,0,760000,0,760000
OD000612,ORD000405,PROD0197,3,221508,15,664524,99678.6,564845.4
OD000613,ORD000405,PROD0025,7,82000,10,574000,57400,516600
OD000614,ORD000406,PROD0048,7,122200,0,855400,0,855400
OD000615,ORD000406,PROD0163,3,225000,2,675000,13500,661500
OD000616,ORD000406,PROD0027,1,92000,0,92000,0,92000
OD000617,ORD000407,PROD0046,10,115000,0,1150000,0,1150000
OD000618,ORD000408,PROD0160,8,310000,2,2480000,49600,2430400
OD000619,ORD000409,PROD0001,1,50000,5,50000,2500,47500
OD000620,ORD000410,PROD0074,2,132000,2,264000,5280,258720
OD000621,ORD000410,PROD0052,6,105000,2,630000,12600,617400
OD000622,ORD000411,PROD0042,9,98000,2,882000,17640,864360
OD000623,ORD000412,PROD0079,3,142000,0,426000,0,426000
OD000624,ORD000412,PROD0045,6,110000,0,660000,0,660000
OD000625,ORD000413,PROD0155,8,220000,5,1760000,88000,1672000
OD000626,ORD000413,PROD0028,9,95000,0,855000,0,855000
OD000627,ORD000414,PROD0080,6,145000,10,870000,87000,783000
OD000628,ORD000414,PROD0016,5,80000,7,400000,28000,372000
OD000629,ORD000414,PROD0022,2,95000,15,190000,28500,161500
OD000630,ORD000415,PROD0137,6,165000,2,990000,19800,970200
OD000631,ORD000415,PROD0091,6,148000,0,888000,0,888000
OD000632,ORD000416,PROD0088,9,155500,0,1399500,0,1399500
OD000633,ORD000416,PROD0055,6,120000,2,720000,14400,705600
OD000634,ORD000417,PROD0030,8,100000,10,800000,80000,720000
OD000635,ORD000418,PROD0176,5,450000,5,2250000,112500,2137500
OD000636,ORD000419,PROD0159,5,285000,15,1425000,213750,1211250
OD000637,ORD000419,PROD0093,1,155000,10,155000,15500,139500
OD000638,ORD000420,PROD0004,5,60000,2,300000,6000,294000
OD000639,ORD000420,PROD0180,3,142869,2,428607,8572.14,420034.86
OD000640,ORD000421,PROD0087,4,150000,0,600000,0,600000
OD000641,ORD000421,PROD0038,10,111000,7,1110000,77700,1032300
OD000642,ORD000422,PROD0026,7,85000,5,595000,29750,565250
OD000643,ORD000423,PROD0200,2,120944,0,241888,0,241888
OD000644,ORD000424,PROD0006,6,65000,10,390000,39000,351000
OD000645,ORD000425,PROD0075,5,135000,7,675000,47250,627750
OD000646,ORD000426,PROD0111,8,16000,10,128000,12800,115200
OD000647,ORD000427,PROD0059,3,135000,0,405000,0,405000
OD000648,ORD000428,PROD0032,7,105000,7,735000,51450,683550
OD000649,ORD000429,PROD0129,8,235000,5,1880000,94000,1786000
OD000650,ORD000430,PROD0014,8,80000,0,640000,0,640000
OD000651,ORD000431,PROD0195,6,160472,0,962832,0,962832
OD000652,ORD000431,PROD0096,1,165000,0,165000,0,165000
OD000653,ORD000431,PROD0148,8,210000,0,1680000,0,1680000
OD000654,ORD000432,PROD0169,10,220000,5,2200000,110000,2090000
OD000655,ORD000432,PROD0158,7,265000,10,1855000,185500,1669500
OD000656,ORD000433,PROD0098,6,132000,15,792000,118800,673200
OD000657,ORD000434,PROD0016,6,80000,0,480000,0,480000
OD000658,ORD000434,PROD0016,1,80000,5,80000,4000,76000
OD000659,ORD000435,PROD0072,10,125000,0,1250000,0,1250000
OD000660,ORD000436,PROD0061,4,155000,0,620000,0,620000
OD000661,ORD000436,PROD0178,8,115000,10,920000,92000,828000
OD000662,ORD000436,PROD0090,6,145000,15,870000,130500,739500
OD000663,ORD000437,PROD0200,7,120944,15,846608,126991.2,719616.8
OD000664,ORD000437,PROD0057,1,135000,5,135000,6750,128250
OD000665,ORD000438,PROD0194,7,285723,7,2000061,140004.27,1860056.73
OD000666,ORD000439,PROD0068,6,120000,2,720000,14400,705600
OD000667,ORD000440,PROD0200,5,120944,7,604720,42330.4,562389.6
OD000668,ORD000440,PROD0101,8,138000,0,1104000,0,1104000
OD000669,ORD000440,PROD0004,7,60000,0,420000,0,420000
OD000670,ORD000441,PROD0189,8,235752,15,1886016,282902.4,1603113.6
OD000671,ORD000441,PROD0042,7,98000,2,686000,13720,672280
OD000672,ORD000441,PROD0161,8,195000,10,1560000,156000,1404000
OD000673,ORD000442,PROD0164,9,235000,0,2115000,0,2115000
OD000674,ORD000443,PROD0041,9,95000,10,855000,85500,769500
OD000675,ORD000443,PROD0114,10,155500,10,1555000,155500,1399500
OD000676,ORD000444,PROD0158,6,265000,0,1590000,0,1590000
OD000677,ORD000445,PROD0190,5,309979,2,1549895,30997.9,1518897.1
OD000678,ORD000445,PROD0079,1,142000,7,142000,9940,132060
OD000679,ORD000446,PROD0083,7,138000,0,966000,0,966000
OD000680,ORD000447,PROD0164,7,235000,2,1645000,32900,1612100
OD000681,ORD000448,PROD0099,3,134000,0,402000,0,402000
OD000682,ORD000449,PROD0124,1,178000,0,178000,0,178000
OD000683,ORD000449,PROD0024,9,98000,0,882000,0,882000
OD000684,ORD000450,PROD0136,2,380000,0,760000,0,760000
OD000685,ORD000451,PROD0067,8,120000,0,960000,0,960000
OD000686,ORD000451,PROD0073,10,128000,15,1280000,192000,1088000
OD000687,ORD000452,PROD0181,10,90661,0,906610,0,906610
OD000688,ORD000452,PROD0143,3,285000,0,855000,0,855000
OD000689,ORD000452,PROD0112,7,170000,7,1190000,83300,1106700
OD000690,ORD000453,PROD0114,10,155500,7,1555000,108850,1446150
OD000691,ORD000454,PROD0172,8,277000,5,2216000,110800,2105200
OD000692,ORD000454,PROD0124,3,178000,2,534000,10680,523320
OD000693,ORD000455,PROD0042,1,98000,2,98000,1960,96040
OD000694,ORD000455,PROD0110,6,155000,15,930000,139500,790500
OD000695,ORD000456,PROD0126,7,210000,10,1470000,147000,1323000
OD000696,ORD000456,PROD0012,2,75000,0,150000,0,150000
OD000697,ORD000457,PROD0027,4,92000,5,368000,18400,349600
OD000698,ORD000458,PROD0095,5,162000,7,810000,56700,753300
OD000699,ORD000459,PROD0116,6,162000,10,972000,97200,874800
OD000700,ORD000459,PROD0011,1,75000,0,75000,0,75000
OD000701,ORD000459,PROD0091,4,148000,15,592000,88800,503200
OD000702,ORD000460,PROD0034,9,98000,7,882000,61740,820260
OD000703,ORD000460,PROD0134,3,310000,5,930000,46500,883500
OD000704,ORD000461,PROD0096,9,165000,5,1485000,74250,1410750
OD000705,ORD000461,PROD0019,9,95000,5,855000,42750,812250
OD000706,ORD000462,PROD0082,9,138000,7,1242000,86940,1155060
OD000707,ORD000463,PROD0187,6,225148,5,1350888,67544.4,1283343.6
OD000708,ORD000464,PROD0010,4,75000,7,300000,21000,279000
OD000709,ORD000465,PROD0081,3,135000,10,405000,40500,364500
OD000710,ORD000465,PROD0028,6,95000,7,570000,39900,530100
OD000711,ORD000466,PROD0181,8,90661,0,725288,0,725288
OD000712,ORD000466,PROD0094,9,158000,2,1422000,28440,1393560
OD000713,ORD000467,PROD0126,1,210000,0,210000,0,210000
OD000714,ORD000468,PROD0194,10,285723,0,2857230,0,2857230
OD000715,ORD000469,PROD0011,3,75000,5,225000,11250,213750
OD000716,ORD000470,PROD0098,3,132000,5,396000,19800,376200
OD000717,ORD000471,PROD0014,4,80000,0,320000,0,320000
OD000718,ORD000472,PROD0155,4,220000,5,880000,44000,836000
OD000719,ORD000473,PROD0118,2,180000,0,360000,0,360000
OD000720,ORD000473,PROD0089,4,140000,10,560000,56000,504000
OD000721,ORD000474,PROD0059,9,135000,5,1215000,60750,1154250
OD000722,ORD000475,PROD0039,1,115000,0,115000,0,115000
OD000723,ORD000475,PROD0183,7,324367,10,2270569,227056.9,2043512.1
OD000724,ORD000476,PROD0005,9,60000,0,540000,0,540000
OD000725,ORD000476,PROD0026,7,85000,0,595000,0,595000
OD000726,ORD000476,PROD0076,5,135000,2,675000,13500,661500
OD000727,ORD000477,PROD0079,6,142000,0,852000,0,852000
OD000728,ORD000478,PROD0184,6,79485,7,476910,33383.7,443526.3
OD000729,ORD000478,PROD0063,4,140000,15,560000,84000,476000
OD000730,ORD000479,PROD0065,9,110000,7,990000,69300,920700
OD000731,ORD000480,PROD0047,7,120000,2,840000,16800,823200
OD000732,ORD000481,PROD0074,1,132000,0,132000,0,132000
OD000733,ORD000482,PROD0054,8,115000,2,920000,18400,901600
OD000734,ORD000483,PROD0139,3,210000,0,630000,0,630000
OD000735,ORD000483,PROD0160,6,310000,10,1860000,186000,1674000
OD000736,ORD000484,PROD0148,2,210000,0,420000,0,420000
OD000737,ORD000484,PROD0161,5,195000,0,975000,0,975000
OD000738,ORD000485,PROD0122,2,165000,7,330000,23100,306900
OD000739,ORD000485,PROD0138,3,190000,5,570000,28500,541500
OD000740,ORD000486,PROD0068,9,120000,15,1080000,162000,918000
OD000741,ORD000486,PROD0200,1,120944,15,120944,18141.6,102802.4
OD000742,ORD000487,PROD0190,4,309979,2,1239916,24798.32,1215117.68
OD000743,ORD000487,PROD0012,1,75000,10,75000,7500,67500
OD000744,ORD000488,PROD0071,2,128000,15,256000,38400,217600
OD000745,ORD000488,PROD0139,8,210000,10,1680000,168000,1512000
OD000746,ORD000489,PROD0059,6,135000,10,810000,81000,729000
OD000747,ORD000489,PROD0103,4,148000,5,592000,29600,562400
OD000748,ORD000490,PROD0169,1,220000,0,220000,0,220000
OD000749,ORD000490,PROD0178,8,115000,10,920000,92000,828000
OD000750,ORD000491,PROD0188,3,254957,2,764871,15297.42,749573.58
OD000751,ORD000492,PROD0130,6,250000,10,1500000,150000,1350000
OD000752,ORD000493,PROD0192,2,135661,5,271322,13566.1,257755.9
OD000753,ORD000494,PROD0130,5,250000,5,1250000,62500,1187500
OD000754,ORD000495,PROD0107,9,142000,10,1278000,127800,1150200
OD000755,ORD000495,PROD0041,7,95000,2,665000,13300,651700
OD000756,ORD000496,PROD0174,5,325000,0,1625000,0,1625000
OD000757,ORD000496,PROD0052,2,105000,7,210000,14700,195300
OD000758,ORD000496,PROD0037,3,105000,0,315000,0,315000
OD000759,ORD000497,PROD0153,10,195000,10,1950000,195000,1755000
OD000760,ORD000497,PROD0178,10,115000,10,1150000,115000,1035000
OD000761,ORD000497,PROD0196,4,332371,2,1329484,26589.68,1302894.32
OD000762,ORD000498,PROD0152,7,285000,5,1995000,99750,1895250
OD000763,ORD000499,PROD0193,8,348268,0,2786144,0,2786144
OD000764,ORD000500,PROD0080,5,145000,7,725000,50750,674250
OD000765,ORD000501,PROD0022,3,95000,5,285000,14250,270750
OD000766,ORD000501,PROD0050,4,98000,0,392000,0,392000
OD000767,ORD000502,PROD0032,5,105000,10,525000,52500,472500
OD000768,ORD000502,PROD0152,4,285000,2,1140000,22800,1117200
OD000769,ORD000503,PROD0085,5,145000,10,725000,72500,652500
OD000770,ORD000503,PROD0087,2,150000,2,300000,6000,294000
OD000771,ORD000504,PROD0185,4,232339,15,929356,139403.4,789952.6
OD000772,ORD000504,PROD0196,2,332371,5,664742,33237.1,631504.9
OD000773,ORD000504,PROD0030,4,100000,5,400000,20000,380000
OD000774,ORD000505,PROD0171,3,255000,0,765000,0,765000
OD000775,ORD000506,PROD0128,5,250000,7,1250000,87500,1162500
OD000776,ORD000507,PROD0159,10,285000,5,2850000,142500,2707500
OD000777,ORD000507,PROD0190,9,309979,7,2789811,195286.77,2594524.23
OD000778,ORD000508,PROD0067,7,120000,10,840000,84000,756000
OD000779,ORD000509,PROD0162,6,210000,7,1260000,88200,1171800
OD000780,ORD000510,PROD0143,4,285000,5,1140000,57000,1083000
OD000781,ORD000511,PROD0132,1,285000,10,285000,28500,256500
OD000782,ORD000511,PROD0152,7,285000,7,1995000,139650,1855350
OD000783,ORD000512,PROD0154,3,200000,7,600000,42000,558000
OD000784,ORD000512,PROD0082,1,138000,10,138000,13800,124200
OD000785,ORD000512,PROD0186,10,265147,0,2651470,0,2651470
OD000786,ORD000513,PROD0019,3,95000,5,285000,14250,270750
OD000787,ORD000514,PROD0038,1,111000,0,111000,0,111000
OD000788,ORD000515,PROD0148,6,210000,7,1260000,88200,1171800
OD000789,ORD000515,PROD0093,7,155000,2,1085000,21700,1063300
OD000790,ORD000515,PROD0059,3,135000,7,405000,28350,376650
OD000791,ORD000516,PROD0102,3,143000,0,429000,0,429000
OD000792,ORD000517,PROD0027,2,92000,5,184000,9200,174800
OD000793,ORD000517,PROD0001,5,50000,0,250000,0,250000
OD000794,ORD000518,PROD0009,5,75000,2,375000,7500,367500
OD000795,ORD000518,PROD0179,4,65000,5,260000,13000,247000
OD000796,ORD000518,PROD0066,10,114500,5,1145000,57250,1087750
OD000797,ORD000519,PROD0181,10,90661,5,906610,45330.5,861279.5
OD000798,ORD000520,PROD0102,9,143000,7,1287000,90090,1196910
OD000799,ORD000521,PROD0061,6,155000,0,930000,0,930000
OD000800,ORD000522,PROD0008,10,70000,5,700000,35000,665000
OD000801,ORD000523,PROD0022,3,95000,2,285000,5700,279300
OD000802,ORD000524,PROD0113,8,150000,0,1200000,0,1200000
OD000803,ORD000525,PROD0124,7,178000,10,1246000,124600,1121400
OD000804,ORD000526,PROD0180,7,142869,15,1000083,150012.45,850070.55
OD000805,ORD000526,PROD0039,1,115000,0,115000,0,115000
OD000806,ORD000527,PROD0120,2,190000,0,380000,0,380000
OD000807,ORD000528,PROD0018,10,94000,7,940000,65800,874200
OD000808,ORD000529,PROD0105,3,135000,15,405000,60750,344250
OD000809,ORD000530,PROD0036,4,102000,2,408000,8160,399840
OD000810,ORD000530,PROD0047,7,120000,7,840000,58800,781200
OD000811,ORD000531,PROD0084,9,140000,0,1260000,0,1260000
OD000812,ORD000532,PROD0088,4,155500,0,622000,0,622000
OD000813,ORD000533,PROD0024,9,98000,0,882000,0,882000
OD000814,ORD000533,PROD0121,7,160000,5,1120000,56000,1064000
OD000815,ORD000533,PROD0081,2,135000,5,270000,13500,256500
OD000816,ORD000534,PROD0174,6,325000,5,1950000,97500,1852500
OD000817,ORD000534,PROD0122,10,165000,0,1650000,0,1650000
OD000818,ORD000535,PROD0177,10,120000,0,1200000,0,1200000
OD000819,ORD000535,PROD0004,10,60000,5,600000,30000,570000
OD000820,ORD000536,PROD0091,1,148000,5,148000,7400,140600
OD000821,ORD000536,PROD0169,9,220000,2,1980000,39600,1940400
OD000822,ORD000537,PROD0037,5,105000,5,525000,26250,498750
OD000823,ORD000538,PROD0045,5,110000,2,550000,11000,539000
OD000824,ORD000539,PROD0142,5,265000,10,1325000,132500,1192500
OD000825,ORD000540,PROD0004,7,60000,7,420000,29400,390600
OD000826,ORD000540,PROD0191,6,100130,2,600780,12015.6,588764.4
OD000827,ORD000541,PROD0189,1,235752,10,235752,23575.2,212176.8
OD000828,ORD000541,PROD0192,4,135661,5,542644,27132.2,515511.8
OD000829,ORD000541,PROD0156,10,225000,5,2250000,112500,2137500
OD000830,ORD000542,PROD0200,2,120944,7,241888,16932.16,224955.84
OD000831,ORD000542,PROD0195,3,160472,15,481416,72212.4,409203.6
OD000832,ORD000543,PROD0051,2,102500,0,205000,0,205000
OD000833,ORD000544,PROD0031,8,100000,0,800000,0,800000
OD000834,ORD000544,PROD0168,9,320000,7,2880000,201600,2678400
OD000835,ORD000545,PROD0091,9,148000,2,1332000,26640,1305360
OD000836,ORD000545,PROD0011,1,75000,10,75000,7500,67500
OD000837,ORD000546,PROD0090,10,145000,2,1450000,29000,1421000
OD000838,ORD000547,PROD0004,9,60000,15,540000,81000,459000
OD000839,ORD000548,PROD0116,9,162000,0,1458000,0,1458000
OD000840,ORD000549,PROD0135,9,350000,15,3150000,472500,2677500
OD000841,ORD000550,PROD0010,9,75000,7,675000,47250,627750
OD000842,ORD000550,PROD0024,1,98000,15,98000,14700,83300
OD000843,ORD000551,PROD0181,8,90661,0,725288,0,725288
OD000844,ORD000552,PROD0078,10,140000,2,1400000,28000,1372000
OD000845,ORD000552,PROD0011,6,75000,0,450000,0,450000
OD000846,ORD000553,PROD0003,10,60000,10,600000,60000,540000
OD000847,ORD000554,PROD0080,1,145000,0,145000,0,145000
OD000848,ORD000555,PROD0018,6,94000,5,564000,28200,535800
OD000849,ORD000555,PROD0027,10,92000,0,920000,0,920000
OD000850,ORD000556,PROD0042,6,98000,7,588000,41160,546840
OD000851,ORD000556,PROD0141,5,235000,7,1175000,82250,1092750
OD000852,ORD000557,PROD0111,3,16000,0,48000,0,48000
OD000853,ORD000557,PROD0156,8,225000,5,1800000,90000,1710000
OD000854,ORD000558,PROD0067,10,120000,0,1200000,0,1200000
OD000855,ORD000558,PROD0016,4,80000,15,320000,48000,272000
OD000856,ORD000559,PROD0113,5,150000,10,750000,75000,675000
OD000857,ORD000559,PROD0194,5,285723,0,1428615,0,1428615
OD000858,ORD000560,PROD0130,7,250000,2,1750000,35000,1715000
OD000859,ORD000561,PROD0049,5,95000,5,475000,23750,451250
OD000860,ORD000561,PROD0001,8,50000,7,400000,28000,372000
OD000861,ORD000562,PROD0017,10,90000,15,900000,135000,765000
OD000862,ORD000563,PROD0170,4,245000,2,980000,19600,960400
OD000863,ORD000563,PROD0059,3,135000,5,405000,20250,384750
OD000864,ORD000564,PROD0012,6,75000,0,450000,0,450000
OD000865,ORD000564,PROD0068,6,120000,2,720000,14400,705600
OD000866,ORD000565,PROD0175,5,435000,15,2175000,326250,1848750
OD000867,ORD000566,PROD0085,2,145000,10,290000,29000,261000
OD000868,ORD000567,PROD0196,2,332371,2,664742,13294.84,651447.16
OD000869,ORD000567,PROD0101,5,138000,0,690000,0,690000
OD000870,ORD000568,PROD0181,8,90661,5,725288,36264.4,689023.6
OD000871,ORD000569,PROD0041,6,95000,2,570000,11400,558600
OD000872,ORD000569,PROD0109,8,150000,7,1200000,84000,1116000
OD000873,ORD000570,PROD0096,2,165000,5,330000,16500,313500
OD000874,ORD000570,PROD0154,10,200000,5,2000000,100000,1900000
OD000875,ORD000571,PROD0027,7,92000,2,644000,12880,631120
OD000876,ORD000572,PROD0035,7,98000,5,686000,34300,651700
OD000877,ORD000572,PROD0045,9,110000,5,990000,49500,940500
OD000878,ORD000573,PROD0188,10,254957,5,2549570,127478.5,2422091.5
OD000879,ORD000573,PROD0180,9,142869,5,1285821,64291.05,1221529.95
OD000880,ORD000574,PROD0005,5,60000,10,300000,30000,270000
OD000881,ORD000575,PROD0085,8,145000,0,1160000,0,1160000
OD000882,ORD000576,PROD0111,5,16000,0,80000,0,80000
OD000883,ORD000576,PROD0179,2,65000,0,130000,0,130000
OD000884,ORD000577,PROD0093,10,155000,7,1550000,108500,1441500
OD000885,ORD000577,PROD0155,7,220000,2,1540000,30800,1509200
OD000886,ORD000578,PROD0160,8,310000,5,2480000,124000,2356000
OD000887,ORD000578,PROD0103,7,148000,0,1036000,0,1036000
OD000888,ORD000579,PROD0150,4,255000,10,1020000,102000,918000
OD000889,ORD000579,PROD0015,8,80000,5,640000,32000,608000
OD000890,ORD000580,PROD0067,4,120000,0,480000,0,480000
OD000891,ORD000580,PROD0171,8,255000,2,2040000,40800,1999200
OD000892,ORD000581,PROD0033,9,98000,2,882000,17640,864360
OD000893,ORD000582,PROD0103,7,148000,10,1036000,103600,932400
OD000894,ORD000583,PROD0159,5,285000,10,1425000,142500,1282500
OD000895,ORD000583,PROD0104,8,155000,7,1240000,86800,1153200
OD000896,ORD000584,PROD0196,1,332371,2,332371,6647.42,325723.58
OD000897,ORD000585,PROD0171,9,255000,15,2295000,344250,1950750
OD000898,ORD000585,PROD0020,6,95000,0,570000,0,570000
OD000899,ORD000585,PROD0106,6,140000,5,840000,42000,798000
OD000900,ORD000586,PROD0147,3,195000,5,585000,29250,555750
OD000901,ORD000587,PROD0150,2,255000,2,510000,10200,499800
OD000902,ORD000588,PROD0104,4,155000,0,620000,0,620000
OD000903,ORD000588,PROD0081,9,135000,0,1215000,0,1215000
OD000904,ORD000589,PROD0063,1,140000,10,140000,14000,126000
OD000905,ORD000590,PROD0072,7,125000,5,875000,43750,831250
OD000906,ORD000591,PROD0003,10,60000,10,600000,60000,540000
OD000907,ORD000591,PROD0172,7,277000,5,1939000,96950,1842050
OD000908,ORD000591,PROD0145,3,170000,0,510000,0,510000
OD000909,ORD000592,PROD0058,3,145000,0,435000,0,435000
OD000910,ORD000592,PROD0027,4,92000,7,368000,25760,342240
OD000911,ORD000593,PROD0105,2,135000,0,270000,0,270000
OD000912,ORD000594,PROD0171,6,255000,0,1530000,0,1530000
OD000913,ORD000595,PROD0199,8,63002,2,504016,10080.32,493935.68
OD000914,ORD000595,PROD0053,6,108000,7,648000,45360,602640
OD000915,ORD000596,PROD0088,1,155500,5,155500,7775,147725
OD000916,ORD000597,PROD0119,9,185000,0,1665000,0,1665000
OD000917,ORD000598,PROD0119,5,185000,10,925000,92500,832500
OD000918,ORD000599,PROD0057,6,135000,15,810000,121500,688500
OD000919,ORD000599,PROD0164,6,235000,7,1410000,98700,1311300
OD000920,ORD000600,PROD0141,7,235000,0,1645000,0,1645000
OD000921,ORD000601,PROD0167,1,295000,7,295000,20650,274350
OD000922,ORD000601,PROD0024,3,98000,5,294000,14700,279300
OD000923,ORD000602,PROD0136,6,380000,0,2280000,0,2280000
OD000924,ORD000603,PROD0069,4,125000,5,500000,25000,475000
OD000925,ORD000603,PROD0153,2,195000,15,390000,58500,331500
OD000926,ORD000604,PROD0102,10,143000,2,1430000,28600,1401400
OD000927,ORD000605,PROD0104,3,155000,0,465000,0,465000
OD000928,ORD000606,PROD0118,3,180000,0,540000,0,540000
OD000929,ORD000606,PROD0045,10,110000,5,1100000,55000,1045000
OD000930,ORD000607,PROD0116,3,162000,7,486000,34020,451980
OD000931,ORD000608,PROD0177,6,120000,0,720000,0,720000
OD000932,ORD000608,PROD0016,6,80000,0,480000,0,480000
OD000933,ORD000609,PROD0034,10,98000,10,980000,98000,882000
OD000934,ORD000609,PROD0007,10,70000,10,700000,70000,630000
OD000935,ORD000610,PROD0097,5,130000,10,650000,65000,585000
OD000936,ORD000611,PROD0048,1,122200,0,122200,0,122200
OD000937,ORD000611,PROD0119,9,185000,10,1665000,166500,1498500
OD000938,ORD000612,PROD0008,7,70000,2,490000,9800,480200
OD000939,ORD000612,PROD0022,1,95000,5,95000,4750,90250
OD000940,ORD000612,PROD0045,2,110000,5,220000,11000,209000
OD000941,ORD000613,PROD0132,3,285000,15,855000,128250,726750
OD000942,ORD000614,PROD0012,9,75000,0,675000,0,675000
OD000943,ORD000615,PROD0106,3,140000,15,420000,63000,357000
OD000944,ORD000615,PROD0106,9,140000,15,1260000,189000,1071000
OD000945,ORD000616,PROD0064,1,150000,10,150000,15000,135000
OD000946,ORD000617,PROD0021,6,95000,2,570000,11400,558600
OD000947,ORD000617,PROD0143,10,285000,2,2850000,57000,2793000
OD000948,ORD000618,PROD0084,7,140000,0,980000,0,980000
OD000949,ORD000619,PROD0120,6,190000,5,1140000,57000,1083000
OD000950,ORD000619,PROD0154,4,200000,0,800000,0,800000
OD000951,ORD000620,PROD0003,6,60000,5,360000,18000,342000
OD000952,ORD000621,PROD0155,3,220000,10,660000,66000,594000
OD000953,ORD000622,PROD0018,6,94000,15,564000,84600,479400
OD000954,ORD000622,PROD0113,1,150000,2,150000,3000,147000
OD000955,ORD000623,PROD0019,3,95000,2,285000,5700,279300
OD000956,ORD000624,PROD0007,8,70000,5,560000,28000,532000
OD000957,ORD000625,PROD0083,10,138000,10,1380000,138000,1242000
OD000958,ORD000625,PROD0108,5,145000,0,725000,0,725000
OD000959,ORD000626,PROD0063,7,140000,2,980000,19600,960400
OD000960,ORD000627,PROD0051,5,102500,0,512500,0,512500
OD000961,ORD000628,PROD0037,2,105000,7,210000,14700,195300
OD000962,ORD000628,PROD0114,10,155500,2,1555000,31100,1523900
OD000963,ORD000629,PROD0081,5,135000,15,675000,101250,573750
OD000964,ORD000629,PROD0182,2,295189,15,590378,88556.7,501821.3
OD000965,ORD000629,PROD0087,1,150000,10,150000,15000,135000
OD000966,ORD000630,PROD0120,3,190000,5,570000,28500,541500
OD000967,ORD000631,PROD0192,7,135661,10,949627,94962.7,854664.3
OD000968,ORD000631,PROD0189,4,235752,2,943008,18860.16,924147.84
OD000969,ORD000632,PROD0100,6,135000,2,810000,16200,793800
OD000970,ORD000632,PROD0042,2,98000,5,196000,9800,186200
OD000971,ORD000633,PROD0080,10,145000,5,1450000,72500,1377500
OD000972,ORD000634,PROD0054,10,115000,0,1150000,0,1150000
OD000973,ORD000634,PROD0098,10,132000,5,1320000,66000,1254000
OD000974,ORD000635,PROD0030,7,100000,15,700000,105000,595000
OD000975,ORD000636,PROD0081,1,135000,0,135000,0,135000
OD000976,ORD000636,PROD0016,2,80000,0,160000,0,160000
OD000977,ORD000637,PROD0195,1,160472,15,160472,24070.8,136401.2
OD000978,ORD000637,PROD0003,5,60000,10,300000,30000,270000
OD000979,ORD000638,PROD0178,9,115000,0,1035000,0,1035000
OD000980,ORD000639,PROD0186,8,265147,5,2121176,106058.8,2015117.2
OD000981,ORD000640,PROD0192,6,135661,2,813966,16279.32,797686.68
OD000982,ORD000641,PROD0091,8,148000,0,1184000,0,1184000
OD000983,ORD000642,PROD0155,5,220000,0,1100000,0,1100000
OD000984,ORD000642,PROD0188,7,254957,0,1784699,0,1784699
OD000985,ORD000642,PROD0168,6,320000,5,1920000,96000,1824000
OD000986,ORD000643,PROD0173,7,299000,2,2093000,41860,2051140
OD000987,ORD000643,PROD0098,5,132000,2,660000,13200,646800
OD000988,ORD000644,PROD0149,8,225000,0,1800000,0,1800000
OD000989,ORD000644,PROD0043,7,98000,0,686000,0,686000
OD000990,ORD000645,PROD0184,3,79485,5,238455,11922.75,226532.25
OD000991,ORD000646,PROD0095,10,162000,7,1620000,113400,1506600
OD000992,ORD000647,PROD0053,5,108000,15,540000,81000,459000
OD000993,ORD000647,PROD0060,7,150000,0,1050000,0,1050000
OD000994,ORD000648,PROD0172,6,277000,0,1662000,0,1662000
OD000995,ORD000649,PROD0039,4,115000,7,460000,32200,427800
OD000996,ORD000650,PROD0136,1,380000,2,380000,7600,372400
OD000997,ORD000651,PROD0056,3,125000,5,375000,18750,356250
OD000998,ORD000651,PROD0120,10,190000,7,1900000,133000,1767000
OD000999,ORD000651,PROD0108,10,145000,2,1450000,29000,1421000
OD001000,ORD000652,PROD0124,2,178000,2,356000,7120,348880
OD001001,ORD000652,PROD0046,6,115000,2,690000,13800,676200
OD001002,ORD000653,PROD0182,3,295189,5,885567,44278.35,841288.65
OD001003,ORD000654,PROD0178,6,115000,0,690000,0,690000
OD001004,ORD000654,PROD0186,7,265147,0,1856029,0,1856029
OD001005,ORD000654,PROD0100,1,135000,5,135000,6750,128250
OD001006,ORD000655,PROD0036,10,102000,0,1020000,0,1020000
OD001007,ORD000655,PROD0111,10,16000,0,160000,0,160000
OD001008,ORD000656,PROD0017,10,90000,2,900000,18000,882000
OD001009,ORD000656,PROD0142,5,265000,2,1325000,26500,1298500
OD001010,ORD000657,PROD0055,8,120000,0,960000,0,960000
OD001011,ORD000658,PROD0040,10,115000,10,1150000,115000,1035000
OD001012,ORD000659,PROD0163,2,225000,0,450000,0,450000
OD001013,ORD000660,PROD0132,2,285000,10,570000,57000,513000
OD001014,ORD000660,PROD0020,9,95000,15,855000,128250,726750
OD001015,ORD000661,PROD0175,4,435000,0,1740000,0,1740000
OD001016,ORD000661,PROD0133,2,295000,0,590000,0,590000
OD001017,ORD000662,PROD0054,3,115000,0,345000,0,345000
OD001018,ORD000663,PROD0080,7,145000,10,1015000,101500,913500
OD001019,ORD000664,PROD0092,4,150000,15,600000,90000,510000
OD001020,ORD000665,PROD0183,4,324367,5,1297468,64873.4,1232594.6
OD001021,ORD000665,PROD0111,10,16000,15,160000,24000,136000
OD001022,ORD000666,PROD0165,10,255000,7,2550000,178500,2371500
OD001023,ORD000667,PROD0007,5,70000,5,350000,17500,332500
OD001024,ORD000667,PROD0102,3,143000,10,429000,42900,386100
OD001025,ORD000668,PROD0018,9,94000,5,846000,42300,803700
OD001026,ORD000668,PROD0077,8,138000,2,1104000,22080,1081920
OD001027,ORD000668,PROD0111,8,16000,7,128000,8960,119040
OD001028,ORD000669,PROD0167,3,295000,7,885000,61950,823050
OD001029,ORD000669,PROD0056,3,125000,2,375000,7500,367500
OD001030,ORD000670,PROD0049,1,95000,5,95000,4750,90250
OD001031,ORD000671,PROD0171,6,255000,0,1530000,0,1530000
OD001032,ORD000671,PROD0109,1,150000,0,150000,0,150000
OD001033,ORD000672,PROD0146,9,185000,2,1665000,33300,1631700
OD001034,ORD000672,PROD0187,4,225148,5,900592,45029.6,855562.4
OD001035,ORD000673,PROD0010,7,75000,0,525000,0,525000
OD001036,ORD000673,PROD0121,2,160000,0,320000,0,320000
OD001037,ORD000674,PROD0016,3,80000,0,240000,0,240000
OD001038,ORD000675,PROD0187,3,225148,10,675444,67544.4,607899.6
OD001039,ORD000676,PROD0089,9,140000,5,1260000,63000,1197000
OD001040,ORD000677,PROD0089,10,140000,0,1400000,0,1400000
OD001041,ORD000678,PROD0039,6,115000,5,690000,34500,655500
OD001042,ORD000678,PROD0126,2,210000,5,420000,21000,399000
OD001043,ORD000679,PROD0109,10,150000,5,1500000,75000,1425000
OD001044,ORD000680,PROD0189,3,235752,10,707256,70725.6,636530.4
OD001045,ORD000680,PROD0001,7,50000,5,350000,17500,332500
OD001046,ORD000681,PROD0148,3,210000,0,630000,0,630000
OD001047,ORD000681,PROD0192,5,135661,7,678305,47481.35,630823.65
OD001048,ORD000682,PROD0182,1,295189,0,295189,0,295189
OD001049,ORD000683,PROD0125,5,195000,10,975000,97500,877500
OD001050,ORD000684,PROD0167,7,295000,15,2065000,309750,1755250
OD001051,ORD000685,PROD0009,9,75000,2,675000,13500,661500
OD001052,ORD000686,PROD0016,10,80000,7,800000,56000,744000
OD001053,ORD000686,PROD0140,10,225000,10,2250000,225000,2025000
OD001054,ORD000686,PROD0052,10,105000,10,1050000,105000,945000
OD001055,ORD000687,PROD0142,5,265000,0,1325000,0,1325000
OD001056,ORD000688,PROD0149,3,225000,0,675000,0,675000
OD001057,ORD000689,PROD0134,2,310000,5,620000,31000,589000
OD001058,ORD000690,PROD0179,2,65000,5,130000,6500,123500
OD001059,ORD000690,PROD0044,1,105000,2,105000,2100,102900
OD001060,ORD000691,PROD0161,8,195000,0,1560000,0,1560000
OD001061,ORD000691,PROD0161,4,195000,2,780000,15600,764400
OD001062,ORD000692,PROD0063,6,140000,0,840000,0,840000
OD001063,ORD000692,PROD0041,4,95000,2,380000,7600,372400
OD001064,ORD000692,PROD0125,6,195000,0,1170000,0,1170000
OD001065,ORD000693,PROD0178,5,115000,2,575000,11500,563500
OD001066,ORD000694,PROD0133,6,295000,5,1770000,88500,1681500
OD001067,ORD000695,PROD0024,2,98000,2,196000,3920,192080
OD001068,ORD000695,PROD0088,10,155500,0,1555000,0,1555000
OD001069,ORD000696,PROD0080,5,145000,2,725000,14500,710500
OD001070,ORD000697,PROD0118,7,180000,0,1260000,0,1260000
OD001071,ORD000698,PROD0117,10,175000,0,1750000,0,1750000
OD001072,ORD000698,PROD0198,1,26819,5,26819,1340.95,25478.05
OD001073,ORD000698,PROD0169,3,220000,5,660000,33000,627000
OD001074,ORD000699,PROD0109,6,150000,2,900000,18000,882000
OD001075,ORD000699,PROD0029,7,100000,15,700000,105000,595000
OD001076,ORD000700,PROD0039,5,115000,7,575000,40250,534750
OD001077,ORD000701,PROD0035,1,98000,10,98000,9800,88200
OD001078,ORD000701,PROD0101,7,138000,5,966000,48300,917700
OD001079,ORD000701,PROD0031,7,100000,5,700000,35000,665000
OD001080,ORD000702,PROD0036,1,102000,5,102000,5100,96900
OD001081,ORD000703,PROD0031,10,100000,5,1000000,50000,950000
OD001082,ORD000704,PROD0138,9,190000,5,1710000,85500,1624500
OD001083,ORD000705,PROD0057,3,135000,2,405000,8100,396900
OD001084,ORD000706,PROD0181,7,90661,0,634627,0,634627
OD001085,ORD000707,PROD0099,9,134000,7,1206000,84420,1121580
OD001086,ORD000707,PROD0136,5,380000,2,1900000,38000,1862000
OD001087,ORD000708,PROD0106,1,140000,5,140000,7000,133000
OD001088,ORD000708,PROD0176,5,450000,2,2250000,45000,2205000
OD001089,ORD000708,PROD0026,4,85000,5,340000,17000,323000
OD001090,ORD000709,PROD0146,9,185000,5,1665000,83250,1581750
OD001091,ORD000709,PROD0116,1,162000,5,162000,8100,153900
OD001092,ORD000710,PROD0088,10,155500,0,1555000,0,1555000
OD001093,ORD000710,PROD0140,4,225000,0,900000,0,900000
OD001094,ORD000710,PROD0108,4,145000,0,580000,0,580000
OD001095,ORD000711,PROD0126,4,210000,5,840000,42000,798000
OD001096,ORD000712,PROD0107,1,142000,2,142000,2840,139160
OD001097,ORD000713,PROD0025,7,82000,0,574000,0,574000
OD001098,ORD000714,PROD0079,8,142000,0,1136000,0,1136000
OD001099,ORD000715,PROD0195,3,160472,7,481416,33699.12,447716.88
OD001100,ORD000716,PROD0019,2,95000,0,190000,0,190000
OD001101,ORD000717,PROD0047,9,120000,2,1080000,21600,1058400
OD001102,ORD000717,PROD0141,7,235000,5,1645000,82250,1562750
OD001103,ORD000717,PROD0030,3,100000,5,300000,15000,285000
OD001104,ORD000718,PROD0010,7,75000,0,525000,0,525000
OD001105,ORD000719,PROD0154,3,200000,7,600000,42000,558000
OD001106,ORD000719,PROD0041,7,95000,0,665000,0,665000
OD001107,ORD000720,PROD0045,5,110000,5,550000,27500,522500
OD001108,ORD000721,PROD0091,2,148000,2,296000,5920,290080
OD001109,ORD000722,PROD0170,7,245000,5,1715000,85750,1629250
OD001110,ORD000722,PROD0198,2,26819,5,53638,2681.9,50956.1
OD001111,ORD000723,PROD0053,9,108000,15,972000,145800,826200
OD001112,ORD000724,PROD0062,2,170000,2,340000,6800,333200
OD001113,ORD000725,PROD0104,9,155000,0,1395000,0,1395000
OD001114,ORD000725,PROD0159,3,285000,2,855000,17100,837900
OD001115,ORD000726,PROD0014,6,80000,5,480000,24000,456000
OD001116,ORD000726,PROD0084,9,140000,0,1260000,0,1260000
OD001117,ORD000727,PROD0021,10,95000,10,950000,95000,855000
OD001118,ORD000728,PROD0045,5,110000,0,550000,0,550000
OD001119,ORD000729,PROD0126,3,210000,10,630000,63000,567000
OD001120,ORD000730,PROD0006,8,65000,2,520000,10400,509600
OD001121,ORD000731,PROD0173,10,299000,5,2990000,149500,2840500
OD001122,ORD000731,PROD0018,3,94000,5,282000,14100,267900
OD001123,ORD000732,PROD0165,4,255000,0,1020000,0,1020000
OD001124,ORD000733,PROD0084,9,140000,2,1260000,25200,1234800
OD001125,ORD000734,PROD0113,3,150000,0,450000,0,450000
OD001126,ORD000734,PROD0081,6,135000,0,810000,0,810000
OD001127,ORD000735,PROD0074,4,132000,5,528000,26400,501600
OD001128,ORD000735,PROD0126,6,210000,0,1260000,0,1260000
OD001129,ORD000736,PROD0064,6,150000,5,900000,45000,855000
OD001130,ORD000737,PROD0013,6,80000,2,480000,9600,470400
OD001131,ORD000737,PROD0003,5,60000,15,300000,45000,255000
OD001132,ORD000738,PROD0057,4,135000,10,540000,54000,486000
OD001133,ORD000738,PROD0044,1,105000,0,105000,0,105000
OD001134,ORD000739,PROD0005,8,60000,7,480000,33600,446400
OD001135,ORD000740,PROD0020,4,95000,0,380000,0,380000
OD001136,ORD000741,PROD0175,1,435000,5,435000,21750,413250
OD001137,ORD000741,PROD0100,5,135000,7,675000,47250,627750
OD001138,ORD000742,PROD0080,9,145000,0,1305000,0,1305000
OD001139,ORD000743,PROD0184,7,79485,7,556395,38947.65,517447.35
OD001140,ORD000744,PROD0117,6,175000,0,1050000,0,1050000
OD001141,ORD000744,PROD0026,10,85000,10,850000,85000,765000
OD001142,ORD000745,PROD0143,7,285000,2,1995000,39900,1955100
OD001143,ORD000746,PROD0142,10,265000,0,2650000,0,2650000
OD001144,ORD000747,PROD0054,9,115000,0,1035000,0,1035000
OD001145,ORD000748,PROD0135,6,350000,5,2100000,105000,1995000
OD001146,ORD000749,PROD0027,1,92000,5,92000,4600,87400
OD001147,ORD000749,PROD0199,6,63002,5,378012,18900.6,359111.4
OD001148,ORD000750,PROD0117,10,175000,5,1750000,87500,1662500
OD001149,ORD000751,PROD0057,7,135000,2,945000,18900,926100
OD001150,ORD000752,PROD0181,3,90661,5,271983,13599.15,258383.85
OD001151,ORD000752,PROD0102,9,143000,0,1287000,0,1287000
OD001152,ORD000753,PROD0179,9,65000,0,585000,0,585000
OD001153,ORD000753,PROD0019,8,95000,0,760000,0,760000
OD001154,ORD000754,PROD0062,2,170000,7,340000,23800,316200
OD001155,ORD000755,PROD0087,8,150000,2,1200000,24000,1176000
OD001156,ORD000756,PROD0054,9,115000,0,1035000,0,1035000
OD001157,ORD000757,PROD0104,5,155000,10,775000,77500,697500
OD001158,ORD000757,PROD0071,7,128000,2,896000,17920,878080
OD001159,ORD000757,PROD0177,9,120000,0,1080000,0,1080000
OD001160,ORD000758,PROD0050,8,98000,2,784000,15680,768320
OD001161,ORD000759,PROD0038,7,111000,15,777000,116550,660450
OD001162,ORD000760,PROD0193,5,348268,7,1741340,121893.8,1619446.2
OD001163,ORD000760,PROD0143,2,285000,5,570000,28500,541500
OD001164,ORD000761,PROD0007,3,70000,7,210000,14700,195300
OD001165,ORD000761,PROD0170,6,245000,5,1470000,73500,1396500
OD001166,ORD000762,PROD0039,8,115000,7,920000,64400,855600
OD001167,ORD000762,PROD0137,4,165000,10,660000,66000,594000
OD001168,ORD000762,PROD0006,4,65000,2,260000,5200,254800
OD001169,ORD000763,PROD0052,3,105000,2,315000,6300,308700
OD001170,ORD000764,PROD0171,4,255000,0,1020000,0,1020000
OD001171,ORD000764,PROD0006,7,65000,5,455000,22750,432250
OD001172,ORD000764,PROD0095,1,162000,0,162000,0,162000
OD001173,ORD000765,PROD0080,7,145000,5,1015000,50750,964250
OD001174,ORD000766,PROD0046,1,115000,15,115000,17250,97750
OD001175,ORD000766,PROD0024,10,98000,5,980000,49000,931000
OD001176,ORD000767,PROD0080,8,145000,0,1160000,0,1160000
OD001177,ORD000768,PROD0074,10,132000,0,1320000,0,1320000
OD001178,ORD000768,PROD0022,4,95000,15,380000,57000,323000
OD001179,ORD000768,PROD0143,5,285000,7,1425000,99750,1325250
OD001180,ORD000769,PROD0022,5,95000,7,475000,33250,441750
OD001181,ORD000769,PROD0077,2,138000,2,276000,5520,270480
OD001182,ORD000770,PROD0190,8,309979,5,2479832,123991.6,2355840.4
OD001183,ORD000770,PROD0075,2,135000,5,270000,13500,256500
OD001184,ORD000771,PROD0140,9,225000,7,2025000,141750,1883250
OD001185,ORD000771,PROD0093,10,155000,5,1550000,77500,1472500
OD001186,ORD000772,PROD0128,3,250000,2,750000,15000,735000
OD001187,ORD000773,PROD0157,4,250000,5,1000000,50000,950000
OD001188,ORD000774,PROD0095,1,162000,5,162000,8100,153900
OD001189,ORD000775,PROD0131,4,280000,0,1120000,0,1120000
OD001190,ORD000775,PROD0098,3,132000,5,396000,19800,376200
OD001191,ORD000776,PROD0063,7,140000,2,980000,19600,960400
OD001192,ORD000777,PROD0155,8,220000,10,1760000,176000,1584000
OD001193,ORD000778,PROD0079,1,142000,2,142000,2840,139160
OD001194,ORD000779,PROD0011,2,75000,5,150000,7500,142500
OD001195,ORD000779,PROD0055,7,120000,5,840000,42000,798000
OD001196,ORD000780,PROD0134,5,310000,7,1550000,108500,1441500
OD001197,ORD000781,PROD0133,9,295000,10,2655000,265500,2389500
OD001198,ORD000782,PROD0111,8,16000,0,128000,0,128000
OD001199,ORD000783,PROD0090,8,145000,0,1160000,0,1160000
OD001200,ORD000784,PROD0062,10,170000,7,1700000,119000,1581000
OD001201,ORD000785,PROD0010,5,75000,5,375000,18750,356250
OD001202,ORD000786,PROD0044,7,105000,5,735000,36750,698250
OD001203,ORD000786,PROD0200,2,120944,2,241888,4837.76,237050.24
OD001204,ORD000787,PROD0173,1,299000,7,299000,20930,278070
OD001205,ORD000788,PROD0016,3,80000,7,240000,16800,223200
OD001206,ORD000788,PROD0187,3,225148,2,675444,13508.88,661935.12
OD001207,ORD000788,PROD0155,3,220000,2,660000,13200,646800
OD001208,ORD000789,PROD0020,7,95000,15,665000,99750,565250
OD001209,ORD000790,PROD0084,4,140000,2,560000,11200,548800
OD001210,ORD000791,PROD0034,8,98000,0,784000,0,784000
OD001211,ORD000791,PROD0144,2,295000,15,590000,88500,501500
OD001212,ORD000791,PROD0134,4,310000,7,1240000,86800,1153200
OD001213,ORD000792,PROD0044,6,105000,5,630000,31500,598500
OD001214,ORD000792,PROD0155,10,220000,7,2200000,154000,2046000
OD001215,ORD000793,PROD0059,4,135000,0,540000,0,540000
OD001216,ORD000794,PROD0099,6,134000,5,804000,40200,763800
OD001217,ORD000795,PROD0023,5,98000,0,490000,0,490000
OD001218,ORD000796,PROD0186,1,265147,10,265147,26514.7,238632.3
OD001219,ORD000796,PROD0038,3,111000,0,333000,0,333000
OD001220,ORD000797,PROD0175,3,435000,0,1305000,0,1305000
OD001221,ORD000798,PROD0170,5,245000,0,1225000,0,1225000
OD001222,ORD000799,PROD0026,2,85000,2,170000,3400,166600
OD001223,ORD000800,PROD0023,8,98000,0,784000,0,784000
OD001224,ORD000801,PROD0029,5,100000,5,500000,25000,475000
OD001225,ORD000801,PROD0168,1,320000,7,320000,22400,297600
OD001226,ORD000802,PROD0018,4,94000,0,376000,0,376000
OD001227,ORD000803,PROD0123,6,170000,10,1020000,102000,918000
OD001228,ORD000803,PROD0176,3,450000,10,1350000,135000,1215000
OD001229,ORD000803,PROD0059,7,135000,0,945000,0,945000
OD001230,ORD000804,PROD0112,8,170000,0,1360000,0,1360000
OD001231,ORD000805,PROD0017,7,90000,5,630000,31500,598500
OD001232,ORD000805,PROD0189,7,235752,2,1650264,33005.28,1617258.72
OD001233,ORD000805,PROD0121,10,160000,5,1600000,80000,1520000
OD001234,ORD000806,PROD0146,6,185000,5,1110000,55500,1054500
OD001235,ORD000806,PROD0051,8,102500,5,820000,41000,779000
OD001236,ORD000807,PROD0147,4,195000,7,780000,54600,725400
OD001237,ORD000808,PROD0126,8,210000,10,1680000,168000,1512000
OD001238,ORD000809,PROD0026,6,85000,5,510000,25500,484500
OD001239,ORD000810,PROD0114,9,155500,0,1399500,0,1399500
OD001240,ORD000810,PROD0022,1,95000,0,95000,0,95000
OD001241,ORD000811,PROD0135,10,350000,5,3500000,175000,3325000
OD001242,ORD000812,PROD0187,3,225148,7,675444,47281.08,628162.92
OD001243,ORD000812,PROD0173,9,299000,7,2691000,188370,2502630
OD001244,ORD000813,PROD0097,4,130000,5,520000,26000,494000
OD001245,ORD000813,PROD0178,7,115000,5,805000,40250,764750
OD001246,ORD000814,PROD0199,4,63002,15,252008,37801.2,214206.8
OD001247,ORD000815,PROD0092,9,150000,2,1350000,27000,1323000
OD001248,ORD000815,PROD0065,8,110000,0,880000,0,880000
OD001249,ORD000816,PROD0038,4,111000,15,444000,66600,377400
OD001250,ORD000816,PROD0125,2,195000,10,390000,39000,351000
OD001251,ORD000817,PROD0077,10,138000,0,1380000,0,1380000
OD001252,ORD000817,PROD0115,10,158000,2,1580000,31600,1548400
OD001253,ORD000818,PROD0190,2,309979,7,619958,43397.06,576560.94
OD001254,ORD000819,PROD0014,4,80000,0,320000,0,320000
OD001255,ORD000820,PROD0059,3,135000,0,405000,0,405000
OD001256,ORD000821,PROD0104,3,155000,0,465000,0,465000
OD001257,ORD000822,PROD0145,2,170000,5,340000,17000,323000
OD001258,ORD000823,PROD0185,8,232339,0,1858712,0,1858712
OD001259,ORD000823,PROD0175,8,435000,0,3480000,0,3480000
OD001260,ORD000823,PROD0091,7,148000,0,1036000,0,1036000
OD001261,ORD000824,PROD0111,5,16000,7,80000,5600,74400
OD001262,ORD000825,PROD0095,10,162000,10,1620000,162000,1458000
OD001263,ORD000826,PROD0021,8,95000,7,760000,53200,706800
OD001264,ORD000827,PROD0141,1,235000,0,235000,0,235000
OD001265,ORD000827,PROD0165,6,255000,15,1530000,229500,1300500
OD001266,ORD000827,PROD0157,2,250000,15,500000,75000,425000
OD001267,ORD000828,PROD0073,5,128000,0,640000,0,640000
OD001268,ORD000829,PROD0166,4,267000,15,1068000,160200,907800
OD001269,ORD000830,PROD0044,9,105000,2,945000,18900,926100
OD001270,ORD000830,PROD0091,9,148000,0,1332000,0,1332000
OD001271,ORD000831,PROD0051,5,102500,5,512500,25625,486875
OD001272,ORD000832,PROD0089,8,140000,5,1120000,56000,1064000
OD001273,ORD000833,PROD0186,7,265147,10,1856029,185602.9,1670426.1
OD001274,ORD000833,PROD0095,6,162000,2,972000,19440,952560
OD001275,ORD000834,PROD0152,9,285000,7,2565000,179550,2385450
OD001276,ORD000834,PROD0194,7,285723,7,2000061,140004.27,1860056.73
OD001277,ORD000835,PROD0031,3,100000,0,300000,0,300000
OD001278,ORD000836,PROD0186,4,265147,5,1060588,53029.4,1007558.6
OD001279,ORD000837,PROD0023,5,98000,5,490000,24500,465500
OD001280,ORD000837,PROD0125,9,195000,0,1755000,0,1755000
OD001281,ORD000838,PROD0091,2,148000,2,296000,5920,290080
OD001282,ORD000839,PROD0057,5,135000,10,675000,67500,607500
OD001283,ORD000839,PROD0128,6,250000,5,1500000,75000,1425000
OD001284,ORD000839,PROD0181,10,90661,5,906610,45330.5,861279.5
OD001285,ORD000840,PROD0014,8,80000,0,640000,0,640000
OD001286,ORD000841,PROD0035,3,98000,5,294000,14700,279300
OD001287,ORD000842,PROD0102,1,143000,7,143000,10010,132990
OD001288,ORD000842,PROD0022,2,95000,15,190000,28500,161500
OD001289,ORD000843,PROD0064,1,150000,7,150000,10500,139500
OD001290,ORD000844,PROD0083,5,138000,0,690000,0,690000
OD001291,ORD000845,PROD0087,8,150000,15,1200000,180000,1020000
OD001292,ORD000846,PROD0138,7,190000,7,1330000,93100,1236900
OD001293,ORD000846,PROD0093,8,155000,0,1240000,0,1240000
OD001294,ORD000846,PROD0011,6,75000,7,450000,31500,418500
OD001295,ORD000847,PROD0130,5,250000,2,1250000,25000,1225000
OD001296,ORD000848,PROD0063,9,140000,5,1260000,63000,1197000
OD001297,ORD000849,PROD0002,4,50000,0,200000,0,200000
OD001298,ORD000850,PROD0157,6,250000,7,1500000,105000,1395000
OD001299,ORD000851,PROD0086,3,148000,0,444000,0,444000
OD001300,ORD000852,PROD0132,4,285000,10,1140000,114000,1026000
OD001301,ORD000852,PROD0131,1,280000,0,280000,0,280000
OD001302,ORD000853,PROD0017,7,90000,0,630000,0,630000
OD001303,ORD000853,PROD0167,6,295000,0,1770000,0,1770000
OD001304,ORD000853,PROD0041,4,95000,2,380000,7600,372400
OD001305,ORD000854,PROD0150,7,255000,5,1785000,89250,1695750
OD001306,ORD000854,PROD0146,2,185000,5,370000,18500,351500
OD001307,ORD000854,PROD0025,9,82000,5,738000,36900,701100
OD001308,ORD000855,PROD0024,1,98000,10,98000,9800,88200
OD001309,ORD000856,PROD0170,6,245000,5,1470000,73500,1396500
OD001310,ORD000857,PROD0002,3,50000,5,150000,7500,142500
OD001311,ORD000858,PROD0044,2,105000,2,210000,4200,205800
OD001312,ORD000859,PROD0199,2,63002,15,126004,18900.6,107103.4
OD001313,ORD000859,PROD0023,4,98000,0,392000,0,392000
OD001314,ORD000860,PROD0123,7,170000,0,1190000,0,1190000
OD001315,ORD000861,PROD0074,8,132000,5,1056000,52800,1003200
OD001316,ORD000862,PROD0086,10,148000,5,1480000,74000,1406000
OD001317,ORD000862,PROD0026,7,85000,0,595000,0,595000
OD001318,ORD000863,PROD0120,5,190000,10,950000,95000,855000
OD001319,ORD000863,PROD0067,8,120000,0,960000,0,960000
OD001320,ORD000864,PROD0135,9,350000,5,3150000,157500,2992500
OD001321,ORD000864,PROD0159,5,285000,0,1425000,0,1425000
OD001322,ORD000864,PROD0100,5,135000,10,675000,67500,607500
OD001323,ORD000865,PROD0004,1,60000,2,60000,1200,58800
OD001324,ORD000866,PROD0132,1,285000,0,285000,0,285000
OD001325,ORD000866,PROD0100,9,135000,0,1215000,0,1215000
OD001326,ORD000867,PROD0142,9,265000,2,2385000,47700,2337300
OD001327,ORD000868,PROD0158,4,265000,2,1060000,21200,1038800
OD001328,ORD000869,PROD0036,10,102000,0,1020000,0,1020000
OD001329,ORD000870,PROD0023,1,98000,5,98000,4900,93100
OD001330,ORD000870,PROD0085,10,145000,5,1450000,72500,1377500
OD001331,ORD000871,PROD0181,6,90661,5,543966,27198.3,516767.7
OD001332,ORD000872,PROD0061,6,155000,0,930000,0,930000
OD001333,ORD000872,PROD0087,8,150000,2,1200000,24000,1176000
OD001334,ORD000873,PROD0160,3,310000,15,930000,139500,790500
OD001335,ORD000874,PROD0162,5,210000,2,1050000,21000,1029000
OD001336,ORD000874,PROD0154,3,200000,7,600000,42000,558000
OD001337,ORD000874,PROD0188,7,254957,0,1784699,0,1784699
OD001338,ORD000875,PROD0163,5,225000,0,1125000,0,1125000
OD001339,ORD000876,PROD0032,5,105000,15,525000,78750,446250
OD001340,ORD000876,PROD0088,8,155500,5,1244000,62200,1181800
OD001341,ORD000877,PROD0156,9,225000,5,2025000,101250,1923750
OD001342,ORD000877,PROD0116,9,162000,2,1458000,29160,1428840
OD001343,ORD000877,PROD0030,8,100000,7,800000,56000,744000
OD001344,ORD000878,PROD0142,2,265000,10,530000,53000,477000
OD001345,ORD000878,PROD0035,8,98000,0,784000,0,784000
OD001346,ORD000879,PROD0065,8,110000,0,880000,0,880000
OD001347,ORD000879,PROD0195,1,160472,10,160472,16047.2,144424.8
OD001348,ORD000880,PROD0196,2,332371,0,664742,0,664742
OD001349,ORD000880,PROD0005,6,60000,2,360000,7200,352800
OD001350,ORD000881,PROD0076,4,135000,0,540000,0,540000
OD001351,ORD000882,PROD0064,8,150000,2,1200000,24000,1176000
OD001352,ORD000882,PROD0108,8,145000,2,1160000,23200,1136800
OD001353,ORD000883,PROD0167,3,295000,0,885000,0,885000
OD001354,ORD000883,PROD0166,1,267000,0,267000,0,267000
OD001355,ORD000884,PROD0028,3,95000,2,285000,5700,279300
OD001356,ORD000885,PROD0150,10,255000,5,2550000,127500,2422500
OD001357,ORD000886,PROD0007,10,70000,7,700000,49000,651000
OD001358,ORD000887,PROD0101,6,138000,7,828000,57960,770040
OD001359,ORD000888,PROD0114,9,155500,0,1399500,0,1399500
OD001360,ORD000888,PROD0082,6,138000,2,828000,16560,811440
OD001361,ORD000888,PROD0176,10,450000,10,4500000,450000,4050000
OD001362,ORD000889,PROD0128,2,250000,5,500000,25000,475000
OD001363,ORD000889,PROD0196,5,332371,10,1661855,166185.5,1495669.5
OD001364,ORD000889,PROD0088,2,155500,15,311000,46650,264350
OD001365,ORD000890,PROD0082,2,138000,2,276000,5520,270480
OD001366,ORD000890,PROD0119,2,185000,0,370000,0,370000
OD001367,ORD000891,PROD0049,1,95000,0,95000,0,95000
OD001368,ORD000892,PROD0160,10,310000,0,3100000,0,3100000
OD001369,ORD000893,PROD0061,8,155000,5,1240000,62000,1178000
OD001370,ORD000894,PROD0025,5,82000,0,410000,0,410000
OD001371,ORD000895,PROD0095,9,162000,15,1458000,218700,1239300
OD001372,ORD000895,PROD0140,6,225000,5,1350000,67500,1282500
OD001373,ORD000896,PROD0108,5,145000,15,725000,108750,616250
OD001374,ORD000897,PROD0011,5,75000,5,375000,18750,356250
OD001375,ORD000898,PROD0004,5,60000,0,300000,0,300000
OD001376,ORD000899,PROD0147,5,195000,0,975000,0,975000
OD001377,ORD000899,PROD0200,9,120944,7,1088496,76194.72,1012301.28
OD001378,ORD000899,PROD0042,10,98000,0,980000,0,980000
OD001379,ORD000900,PROD0193,2,348268,10,696536,69653.6,626882.4
OD001380,ORD000901,PROD0099,8,134000,0,1072000,0,1072000
OD001381,ORD000902,PROD0029,1,100000,5,100000,5000,95000
OD001382,ORD000903,PROD0054,8,115000,2,920000,18400,901600
OD001383,ORD000904,PROD0193,10,348268,5,3482680,174134,3308546
OD001384,ORD000904,PROD0065,8,110000,7,880000,61600,818400
OD001385,ORD000905,PROD0168,6,320000,0,1920000,0,1920000
OD001386,ORD000905,PROD0126,10,210000,15,2100000,315000,1785000
OD001387,ORD000906,PROD0162,8,210000,5,1680000,84000,1596000
OD001388,ORD000906,PROD0087,8,150000,2,1200000,24000,1176000
OD001389,ORD000907,PROD0024,10,98000,15,980000,147000,833000
OD001390,ORD000908,PROD0098,6,132000,7,792000,55440,736560
OD001391,ORD000908,PROD0190,9,309979,0,2789811,0,2789811
OD001392,ORD000908,PROD0200,9,120944,0,1088496,0,1088496
OD001393,ORD000909,PROD0082,5,138000,10,690000,69000,621000
OD001394,ORD000909,PROD0025,8,82000,5,656000,32800,623200
OD001395,ORD000910,PROD0043,7,98000,5,686000,34300,651700
OD001396,ORD000910,PROD0077,10,138000,0,1380000,0,1380000
OD001397,ORD000911,PROD0196,7,332371,5,2326597,116329.85,2210267.15
OD001398,ORD000912,PROD0107,8,142000,0,1136000,0,1136000
OD001399,ORD000912,PROD0100,10,135000,0,1350000,0,1350000
OD001400,ORD000912,PROD0163,1,225000,2,225000,4500,220500
OD001401,ORD000913,PROD0036,2,102000,0,204000,0,204000
OD001402,ORD000913,PROD0057,4,135000,5,540000,27000,513000
OD001403,ORD000914,PROD0150,7,255000,5,1785000,89250,1695750
OD001404,ORD000915,PROD0079,5,142000,5,710000,35500,674500
OD001405,ORD000916,PROD0119,9,185000,0,1665000,0,1665000
OD001406,ORD000917,PROD0165,1,255000,0,255000,0,255000
OD001407,ORD000917,PROD0149,4,225000,7,900000,63000,837000
OD001408,ORD000918,PROD0107,2,142000,5,284000,14200,269800
OD001409,ORD000919,PROD0014,8,80000,0,640000,0,640000
OD001410,ORD000919,PROD0172,3,277000,7,831000,58170,772830
OD001411,ORD000920,PROD0018,3,94000,2,282000,5640,276360
OD001412,ORD000920,PROD0013,7,80000,0,560000,0,560000
OD001413,ORD000921,PROD0044,1,105000,7,105000,7350,97650
OD001414,ORD000921,PROD0058,10,145000,2,1450000,29000,1421000
OD001415,ORD000922,PROD0159,1,285000,5,285000,14250,270750
OD001416,ORD000923,PROD0112,4,170000,10,680000,68000,612000
OD001417,ORD000923,PROD0185,6,232339,0,1394034,0,1394034
OD001418,ORD000923,PROD0025,1,82000,5,82000,4100,77900
OD001419,ORD000924,PROD0196,1,332371,0,332371,0,332371
OD001420,ORD000925,PROD0097,10,130000,15,1300000,195000,1105000
OD001421,ORD000925,PROD0120,6,190000,2,1140000,22800,1117200
OD001422,ORD000926,PROD0004,1,60000,10,60000,6000,54000
OD001423,ORD000927,PROD0146,4,185000,2,740000,14800,725200
OD001424,ORD000928,PROD0101,4,138000,10,552000,55200,496800
OD001425,ORD000929,PROD0150,1,255000,7,255000,17850,237150
OD001426,ORD000929,PROD0185,6,232339,0,1394034,0,1394034
OD001427,ORD000930,PROD0044,3,105000,5,315000,15750,299250
OD001428,ORD000930,PROD0190,7,309979,0,2169853,0,2169853
OD001429,ORD000931,PROD0097,8,130000,0,1040000,0,1040000
OD001430,ORD000932,PROD0064,5,150000,2,750000,15000,735000
OD001431,ORD000933,PROD0142,4,265000,7,1060000,74200,985800
OD001432,ORD000933,PROD0001,7,50000,0,350000,0,350000
OD001433,ORD000934,PROD0137,8,165000,5,1320000,66000,1254000
OD001434,ORD000935,PROD0183,4,324367,7,1297468,90822.76,1206645.24
OD001435,ORD000936,PROD0042,9,98000,2,882000,17640,864360
OD001436,ORD000936,PROD0114,3,155500,0,466500,0,466500
OD001437,ORD000937,PROD0157,8,250000,5,2000000,100000,1900000
OD001438,ORD000938,PROD0117,4,175000,0,700000,0,700000
OD001439,ORD000939,PROD0186,7,265147,0,1856029,0,1856029
OD001440,ORD000940,PROD0164,10,235000,0,2350000,0,2350000
OD001441,ORD000940,PROD0056,8,125000,0,1000000,0,1000000
OD001442,ORD000941,PROD0079,4,142000,5,568000,28400,539600
OD001443,ORD000941,PROD0135,6,350000,2,2100000,42000,2058000
OD001444,ORD000942,PROD0085,3,145000,10,435000,43500,391500
OD001445,ORD000943,PROD0079,5,142000,7,710000,49700,660300
OD001446,ORD000944,PROD0171,7,255000,15,1785000,267750,1517250
OD001447,ORD000945,PROD0023,1,98000,5,98000,4900,93100
OD001448,ORD000946,PROD0099,4,134000,0,536000,0,536000
OD001449,ORD000947,PROD0076,10,135000,0,1350000,0,1350000
OD001450,ORD000948,PROD0148,10,210000,0,2100000,0,2100000
OD001451,ORD000948,PROD0197,9,221508,7,1993572,139550.04,1854021.96
OD001452,ORD000949,PROD0182,8,295189,5,2361512,118075.6,2243436.4
OD001453,ORD000950,PROD0071,7,128000,0,896000,0,896000
OD001454,ORD000950,PROD0079,6,142000,5,852000,42600,809400
OD001455,ORD000950,PROD0025,7,82000,0,574000,0,574000
OD001456,ORD000951,PROD0178,3,115000,5,345000,17250,327750
OD001457,ORD000951,PROD0061,6,155000,2,930000,18600,911400
OD001458,ORD000951,PROD0066,6,114500,0,687000,0,687000
OD001459,ORD000952,PROD0076,1,135000,5,135000,6750,128250
OD001460,ORD000953,PROD0186,3,265147,15,795441,119316.15,676124.85
OD001461,ORD000953,PROD0199,4,63002,5,252008,12600.4,239407.6
OD001462,ORD000954,PROD0062,7,170000,2,1190000,23800,1166200
OD001463,ORD000954,PROD0130,4,250000,5,1000000,50000,950000
OD001464,ORD000955,PROD0047,3,120000,2,360000,7200,352800
OD001465,ORD000956,PROD0092,8,150000,0,1200000,0,1200000
OD001466,ORD000957,PROD0145,6,170000,5,1020000,51000,969000
OD001467,ORD000957,PROD0101,7,138000,0,966000,0,966000
OD001468,ORD000957,PROD0185,4,232339,5,929356,46467.8,882888.2
OD001469,ORD000958,PROD0102,4,143000,0,572000,0,572000
OD001470,ORD000959,PROD0154,6,200000,7,1200000,84000,1116000
OD001471,ORD000959,PROD0093,4,155000,0,620000,0,620000
OD001472,ORD000960,PROD0149,10,225000,2,2250000,45000,2205000
OD001473,ORD000960,PROD0165,9,255000,2,2295000,45900,2249100
OD001474,ORD000961,PROD0195,10,160472,7,1604720,112330.4,1492389.6
OD001475,ORD000962,PROD0068,8,120000,15,960000,144000,816000
OD001476,ORD000963,PROD0112,1,170000,0,170000,0,170000
OD001477,ORD000963,PROD0142,9,265000,0,2385000,0,2385000
OD001478,ORD000963,PROD0178,3,115000,5,345000,17250,327750
OD001479,ORD000964,PROD0021,4,95000,0,380000,0,380000
OD001480,ORD000965,PROD0008,5,70000,0,350000,0,350000
OD001481,ORD000966,PROD0017,5,90000,0,450000,0,450000
OD001482,ORD000967,PROD0027,9,92000,0,828000,0,828000
OD001483,ORD000967,PROD0056,6,125000,5,750000,37500,712500
OD001484,ORD000968,PROD0055,6,120000,5,720000,36000,684000
OD001485,ORD000968,PROD0021,2,95000,2,190000,3800,186200
OD001486,ORD000969,PROD0190,8,309979,0,2479832,0,2479832
OD001487,ORD000970,PROD0163,4,225000,0,900000,0,900000
OD001488,ORD000970,PROD0040,7,115000,10,805000,80500,724500
OD001489,ORD000971,PROD0080,5,145000,5,725000,36250,688750
OD001490,ORD000971,PROD0077,7,138000,10,966000,96600,869400
OD001491,ORD000971,PROD0170,7,245000,15,1715000,257250,1457750
OD001492,ORD000972,PROD0008,6,70000,5,420000,21000,399000
OD001493,ORD000973,PROD0172,5,277000,10,1385000,138500,1246500
OD001494,ORD000973,PROD0016,8,80000,0,640000,0,640000
OD001495,ORD000974,PROD0106,2,140000,2,280000,5600,274400
OD001496,ORD000975,PROD0117,10,175000,5,1750000,87500,1662500
OD001497,ORD000976,PROD0042,5,98000,0,490000,0,490000
OD001498,ORD000977,PROD0020,10,95000,5,950000,47500,902500
OD001499,ORD000978,PROD0086,6,148000,10,888000,88800,799200
OD001500,ORD000978,PROD0180,2,142869,15,285738,42860.7,242877.3
OD001501,ORD000979,PROD0114,7,155500,5,1088500,54425,1034075
OD001502,ORD000980,PROD0178,6,115000,7,690000,48300,641700
OD001503,ORD000980,PROD0070,9,126000,5,1134000,56700,1077300
OD001504,ORD000981,PROD0125,9,195000,2,1755000,35100,1719900
OD001505,ORD000982,PROD0175,3,435000,2,1305000,26100,1278900
OD001506,ORD000983,PROD0080,8,145000,5,1160000,58000,1102000
OD001507,ORD000983,PROD0197,6,221508,2,1329048,26580.96,1302467.04
OD001508,ORD000983,PROD0178,5,115000,7,575000,40250,534750
OD001509,ORD000984,PROD0120,5,190000,0,950000,0,950000
OD001510,ORD000984,PROD0098,7,132000,7,924000,64680,859320
OD001511,ORD000985,PROD0034,7,98000,5,686000,34300,651700
OD001512,ORD000986,PROD0039,9,115000,0,1035000,0,1035000
OD001513,ORD000987,PROD0177,9,120000,10,1080000,108000,972000
OD001514,ORD000988,PROD0070,3,126000,5,378000,18900,359100
OD001515,ORD000988,PROD0185,5,232339,7,1161695,81318.65,1080376.35
OD001516,ORD000988,PROD0073,10,128000,0,1280000,0,1280000
OD001517,ORD000989,PROD0052,9,105000,0,945000,0,945000
OD001518,ORD000990,PROD0116,5,162000,10,810000,81000,729000
OD001519,ORD000991,PROD0061,1,155000,5,155000,7750,147250
OD001520,ORD000991,PROD0081,3,135000,0,405000,0,405000
OD001521,ORD000992,PROD0093,10,155000,5,1550000,77500,1472500
OD001522,ORD000992,PROD0164,8,235000,2,1880000,37600,1842400
OD001523,ORD000992,PROD0168,8,320000,15,2560000,384000,2176000
OD001524,ORD000993,PROD0126,8,210000,0,1680000,0,1680000
OD001525,ORD000994,PROD0189,2,235752,5,471504,23575.2,447928.8
OD001526,ORD000994,PROD0051,6,102500,2,615000,12300,602700
OD001527,ORD000995,PROD0131,7,280000,0,1960000,0,1960000
OD001528,ORD000996,PROD0081,1,135000,5,135000,6750,128250
OD001529,ORD000996,PROD0085,6,145000,0,870000,0,870000
OD001530,ORD000997,PROD0145,3,170000,0,510000,0,510000
OD001531,ORD000998,PROD0067,10,120000,5,1200000,60000,1140000
OD001532,ORD000998,PROD0049,3,95000,2,285000,5700,279300
OD001533,ORD000999,PROD0096,4,165000,10,660000,66000,594000
OD001534,ORD000999,PROD0019,9,95000,5,855000,42750,812250
OD001535,ORD001000,PROD0113,7,150000,0,1050000,0,1050000
OD001536,ORD001000,PROD0143,10,285000,0,2850000,0,2850000
OD001537,ORD001000,PROD0031,6,100000,5,600000,30000,570000
OD001538,ORD001001,PROD0082,2,138000,0,276000,0,276000
OD001539,ORD001002,PROD0056,3,125000,0,375000,0,375000
OD001540,ORD001002,PROD0025,2,82000,15,164000,24600,139400
OD001541,ORD001003,PROD0027,9,92000,7,828000,57960,770040
OD001542,ORD001004,PROD0096,1,165000,2,165000,3300,161700
OD001543,ORD001005,PROD0110,8,155000,0,1240000,0,1240000
OD001544,ORD001006,PROD0113,5,150000,7,750000,52500,697500
OD001545,ORD001006,PROD0014,6,80000,5,480000,24000,456000
OD001546,ORD001007,PROD0006,9,65000,2,585000,11700,573300
OD001547,ORD001008,PROD0025,10,82000,5,820000,41000,779000
OD001548,ORD001008,PROD0159,3,285000,10,855000,85500,769500
OD001549,ORD001009,PROD0129,10,235000,0,2350000,0,2350000
OD001550,ORD001009,PROD0099,10,134000,7,1340000,93800,1246200
OD001551,ORD001010,PROD0007,9,70000,10,630000,63000,567000
OD001552,ORD001010,PROD0006,2,65000,5,130000,6500,123500
OD001553,ORD001011,PROD0079,2,142000,15,284000,42600,241400
OD001554,ORD001011,PROD0173,1,299000,0,299000,0,299000
OD001555,ORD001012,PROD0023,9,98000,7,882000,61740,820260
OD001556,ORD001012,PROD0118,10,180000,2,1800000,36000,1764000
OD001557,ORD001013,PROD0115,4,158000,2,632000,12640,619360
OD001558,ORD001014,PROD0193,6,348268,5,2089608,104480.4,1985127.6
OD001559,ORD001014,PROD0060,6,150000,5,900000,45000,855000
OD001560,ORD001015,PROD0057,4,135000,2,540000,10800,529200
OD001561,ORD001016,PROD0121,10,160000,2,1600000,32000,1568000
OD001562,ORD001016,PROD0083,10,138000,5,1380000,69000,1311000
OD001563,ORD001017,PROD0035,3,98000,15,294000,44100,249900
OD001564,ORD001017,PROD0133,6,295000,7,1770000,123900,1646100
OD001565,ORD001018,PROD0193,2,348268,2,696536,13930.72,682605.28
OD001566,ORD001019,PROD0183,1,324367,2,324367,6487.34,317879.66
OD001567,ORD001020,PROD0021,9,95000,10,855000,85500,769500
OD001568,ORD001021,PROD0159,9,285000,7,2565000,179550,2385450
OD001569,ORD001021,PROD0141,1,235000,5,235000,11750,223250
OD001570,ORD001022,PROD0129,6,235000,7,1410000,98700,1311300
OD001571,ORD001022,PROD0093,2,155000,0,310000,0,310000
OD001572,ORD001022,PROD0160,6,310000,0,1860000,0,1860000
OD001573,ORD001023,PROD0115,4,158000,2,632000,12640,619360
OD001574,ORD001024,PROD0019,6,95000,5,570000,28500,541500
OD001575,ORD001024,PROD0026,8,85000,7,680000,47600,632400
OD001576,ORD001024,PROD0145,1,170000,7,170000,11900,158100
OD001577,ORD001025,PROD0082,5,138000,10,690000,69000,621000
OD001578,ORD001026,PROD0116,4,162000,0,648000,0,648000
OD001579,ORD001026,PROD0162,4,210000,7,840000,58800,781200
OD001580,ORD001026,PROD0055,10,120000,15,1200000,180000,1020000
OD001581,ORD001027,PROD0179,10,65000,0,650000,0,650000
OD001582,ORD001027,PROD0048,7,122200,0,855400,0,855400
OD001583,ORD001027,PROD0090,8,145000,10,1160000,116000,1044000
OD001584,ORD001028,PROD0058,4,145000,0,580000,0,580000
OD001585,ORD001029,PROD0140,7,225000,7,1575000,110250,1464750
OD001586,ORD001029,PROD0025,5,82000,2,410000,8200,401800
OD001587,ORD001029,PROD0067,4,120000,2,480000,9600,470400
OD001588,ORD001030,PROD0055,8,120000,15,960000,144000,816000
OD001589,ORD001031,PROD0145,9,170000,2,1530000,30600,1499400
OD001590,ORD001032,PROD0015,4,80000,2,320000,6400,313600
OD001591,ORD001032,PROD0129,3,235000,0,705000,0,705000
OD001592,ORD001033,PROD0135,5,350000,0,1750000,0,1750000
OD001593,ORD001034,PROD0146,10,185000,2,1850000,37000,1813000
OD001594,ORD001035,PROD0103,8,148000,5,1184000,59200,1124800
OD001595,ORD001036,PROD0130,3,250000,0,750000,0,750000
OD001596,ORD001036,PROD0026,7,85000,2,595000,11900,583100
OD001597,ORD001037,PROD0111,9,16000,2,144000,2880,141120
OD001598,ORD001037,PROD0140,4,225000,7,900000,63000,837000
OD001599,ORD001038,PROD0050,10,98000,0,980000,0,980000
OD001600,ORD001038,PROD0036,10,102000,10,1020000,102000,918000
OD001601,ORD001039,PROD0060,3,150000,15,450000,67500,382500
OD001602,ORD001039,PROD0099,7,134000,0,938000,0,938000
OD001603,ORD001040,PROD0010,3,75000,2,225000,4500,220500
OD001604,ORD001040,PROD0185,7,232339,7,1626373,113846.11,1512526.89
OD001605,ORD001041,PROD0131,1,280000,0,280000,0,280000
OD001606,ORD001041,PROD0153,7,195000,10,1365000,136500,1228500
OD001607,ORD001042,PROD0170,4,245000,15,980000,147000,833000
OD001608,ORD001042,PROD0117,6,175000,5,1050000,52500,997500
OD001609,ORD001042,PROD0155,6,220000,0,1320000,0,1320000
OD001610,ORD001043,PROD0117,10,175000,0,1750000,0,1750000
OD001611,ORD001044,PROD0155,1,220000,2,220000,4400,215600
OD001612,ORD001044,PROD0013,6,80000,0,480000,0,480000
OD001613,ORD001045,PROD0165,2,255000,7,510000,35700,474300
OD001614,ORD001046,PROD0086,7,148000,5,1036000,51800,984200
OD001615,ORD001047,PROD0096,5,165000,5,825000,41250,783750
OD001616,ORD001048,PROD0062,2,170000,5,340000,17000,323000
OD001617,ORD001049,PROD0081,2,135000,0,270000,0,270000
OD001618,ORD001049,PROD0095,2,162000,7,324000,22680,301320
OD001619,ORD001049,PROD0075,8,135000,10,1080000,108000,972000
OD001620,ORD001050,PROD0191,10,100130,5,1001300,50065,951235
OD001621,ORD001051,PROD0103,4,148000,5,592000,29600,562400
OD001622,ORD001051,PROD0158,4,265000,0,1060000,0,1060000
OD001623,ORD001051,PROD0192,1,135661,5,135661,6783.05,128877.95
OD001624,ORD001052,PROD0122,2,165000,10,330000,33000,297000
OD001625,ORD001053,PROD0068,2,120000,7,240000,16800,223200
OD001626,ORD001053,PROD0141,10,235000,0,2350000,0,2350000
OD001627,ORD001054,PROD0003,4,60000,2,240000,4800,235200
OD001628,ORD001055,PROD0147,8,195000,15,1560000,234000,1326000
OD001629,ORD001055,PROD0002,2,50000,5,100000,5000,95000
OD001630,ORD001055,PROD0092,2,150000,2,300000,6000,294000
OD001631,ORD001056,PROD0056,3,125000,5,375000,18750,356250
OD001632,ORD001057,PROD0174,2,325000,0,650000,0,650000
OD001633,ORD001057,PROD0129,3,235000,10,705000,70500,634500
OD001634,ORD001058,PROD0124,3,178000,2,534000,10680,523320
OD001635,ORD001058,PROD0131,5,280000,0,1400000,0,1400000
OD001636,ORD001058,PROD0148,2,210000,0,420000,0,420000
OD001637,ORD001059,PROD0032,6,105000,0,630000,0,630000
OD001638,ORD001059,PROD0003,4,60000,5,240000,12000,228000
OD001639,ORD001060,PROD0187,7,225148,5,1576036,78801.8,1497234.2
OD001640,ORD001060,PROD0108,6,145000,5,870000,43500,826500
OD001641,ORD001061,PROD0134,10,310000,2,3100000,62000,3038000
OD001642,ORD001062,PROD0073,7,128000,7,896000,62720,833280
OD001643,ORD001063,PROD0170,7,245000,10,1715000,171500,1543500
OD001644,ORD001064,PROD0012,9,75000,5,675000,33750,641250
OD001645,ORD001065,PROD0089,2,140000,5,280000,14000,266000
OD001646,ORD001066,PROD0130,9,250000,0,2250000,0,2250000
OD001647,ORD001066,PROD0093,5,155000,10,775000,77500,697500
OD001648,ORD001067,PROD0186,7,265147,0,1856029,0,1856029
OD001649,ORD001067,PROD0002,8,50000,7,400000,28000,372000
OD001650,ORD001067,PROD0147,3,195000,2,585000,11700,573300
OD001651,ORD001068,PROD0177,6,120000,0,720000,0,720000
OD001652,ORD001068,PROD0016,3,80000,0,240000,0,240000
OD001653,ORD001069,PROD0129,2,235000,15,470000,70500,399500
OD001654,ORD001069,PROD0012,9,75000,5,675000,33750,641250
OD001655,ORD001070,PROD0125,8,195000,2,1560000,31200,1528800
OD001656,ORD001071,PROD0070,2,126000,10,252000,25200,226800
OD001657,ORD001072,PROD0167,2,295000,5,590000,29500,560500
OD001658,ORD001072,PROD0048,1,122200,10,122200,12220,109980
OD001659,ORD001073,PROD0075,4,135000,10,540000,54000,486000
OD001660,ORD001074,PROD0006,3,65000,7,195000,13650,181350
OD001661,ORD001075,PROD0148,8,210000,0,1680000,0,1680000
OD001662,ORD001075,PROD0009,5,75000,15,375000,56250,318750
OD001663,ORD001075,PROD0135,10,350000,5,3500000,175000,3325000
OD001664,ORD001076,PROD0070,6,126000,2,756000,15120,740880
OD001665,ORD001077,PROD0189,9,235752,7,2121768,148523.76,1973244.24
OD001666,ORD001078,PROD0027,1,92000,0,92000,0,92000
OD001667,ORD001079,PROD0128,10,250000,0,2500000,0,2500000
OD001668,ORD001079,PROD0039,4,115000,5,460000,23000,437000
OD001669,ORD001080,PROD0009,4,75000,5,300000,15000,285000
OD001670,ORD001081,PROD0174,6,325000,5,1950000,97500,1852500
OD001671,ORD001081,PROD0177,5,120000,5,600000,30000,570000
OD001672,ORD001082,PROD0199,4,63002,15,252008,37801.2,214206.8
OD001673,ORD001083,PROD0038,2,111000,0,222000,0,222000
OD001674,ORD001083,PROD0161,5,195000,2,975000,19500,955500
OD001675,ORD001084,PROD0099,5,134000,0,670000,0,670000
OD001676,ORD001084,PROD0047,2,120000,10,240000,24000,216000
OD001677,ORD001085,PROD0079,8,142000,0,1136000,0,1136000
OD001678,ORD001086,PROD0036,2,102000,2,204000,4080,199920
OD001679,ORD001086,PROD0124,1,178000,10,178000,17800,160200
OD001680,ORD001087,PROD0116,4,162000,5,648000,32400,615600
OD001681,ORD001088,PROD0035,4,98000,0,392000,0,392000
OD001682,ORD001089,PROD0157,3,250000,15,750000,112500,637500
OD001683,ORD001090,PROD0113,10,150000,0,1500000,0,1500000
OD001684,ORD001091,PROD0132,6,285000,5,1710000,85500,1624500
OD001685,ORD001091,PROD0027,2,92000,0,184000,0,184000
OD001686,ORD001091,PROD0161,6,195000,5,1170000,58500,1111500
OD001687,ORD001092,PROD0073,3,128000,0,384000,0,384000
OD001688,ORD001092,PROD0098,10,132000,7,1320000,92400,1227600
OD001689,ORD001093,PROD0032,10,105000,5,1050000,52500,997500
OD001690,ORD001093,PROD0198,6,26819,2,160914,3218.28,157695.72
OD001691,ORD001094,PROD0104,4,155000,10,620000,62000,558000
OD001692,ORD001095,PROD0158,2,265000,7,530000,37100,492900
OD001693,ORD001095,PROD0123,9,170000,5,1530000,76500,1453500
OD001694,ORD001096,PROD0011,1,75000,5,75000,3750,71250
OD001695,ORD001096,PROD0140,3,225000,5,675000,33750,641250
OD001696,ORD001097,PROD0073,6,128000,5,768000,38400,729600
OD001697,ORD001098,PROD0120,3,190000,10,570000,57000,513000
OD001698,ORD001098,PROD0112,8,170000,0,1360000,0,1360000
OD001699,ORD001099,PROD0157,2,250000,2,500000,10000,490000
OD001700,ORD001099,PROD0045,9,110000,7,990000,69300,920700
OD001701,ORD001100,PROD0194,1,285723,15,285723,42858.45,242864.55
OD001702,ORD001100,PROD0081,4,135000,0,540000,0,540000
OD001703,ORD001100,PROD0144,5,295000,0,1475000,0,1475000
OD001704,ORD001101,PROD0126,10,210000,7,2100000,147000,1953000
OD001705,ORD001101,PROD0114,8,155500,15,1244000,186600,1057400
OD001706,ORD001101,PROD0111,10,16000,7,160000,11200,148800
OD001707,ORD001102,PROD0123,6,170000,5,1020000,51000,969000
OD001708,ORD001103,PROD0173,10,299000,0,2990000,0,2990000
OD001709,ORD001103,PROD0056,5,125000,15,625000,93750,531250
OD001710,ORD001104,PROD0053,1,108000,7,108000,7560,100440
OD001711,ORD001104,PROD0198,3,26819,5,80457,4022.85,76434.15
OD001712,ORD001104,PROD0185,4,232339,10,929356,92935.6,836420.4
OD001713,ORD001105,PROD0079,7,142000,10,994000,99400,894600
OD001714,ORD001105,PROD0065,3,110000,0,330000,0,330000
OD001715,ORD001106,PROD0150,3,255000,0,765000,0,765000
OD001716,ORD001107,PROD0185,7,232339,0,1626373,0,1626373
OD001717,ORD001108,PROD0190,1,309979,10,309979,30997.9,278981.1
OD001718,ORD001109,PROD0050,9,98000,5,882000,44100,837900
OD001719,ORD001110,PROD0043,10,98000,5,980000,49000,931000
OD001720,ORD001110,PROD0102,9,143000,2,1287000,25740,1261260
OD001721,ORD001110,PROD0036,10,102000,2,1020000,20400,999600
OD001722,ORD001111,PROD0187,2,225148,2,450296,9005.92,441290.08
OD001723,ORD001111,PROD0071,3,128000,15,384000,57600,326400
OD001724,ORD001111,PROD0056,9,125000,2,1125000,22500,1102500
OD001725,ORD001112,PROD0195,3,160472,10,481416,48141.6,433274.4
OD001726,ORD001112,PROD0170,8,245000,0,1960000,0,1960000
OD001727,ORD001112,PROD0189,6,235752,2,1414512,28290.24,1386221.76
OD001728,ORD001113,PROD0101,3,138000,0,414000,0,414000
OD001729,ORD001114,PROD0159,5,285000,0,1425000,0,1425000
OD001730,ORD001114,PROD0084,5,140000,5,700000,35000,665000
OD001731,ORD001115,PROD0015,9,80000,0,720000,0,720000
OD001732,ORD001116,PROD0133,6,295000,5,1770000,88500,1681500
OD001733,ORD001117,PROD0016,5,80000,0,400000,0,400000
OD001734,ORD001118,PROD0040,7,115000,15,805000,120750,684250
OD001735,ORD001118,PROD0060,2,150000,0,300000,0,300000
OD001736,ORD001118,PROD0132,4,285000,7,1140000,79800,1060200
OD001737,ORD001119,PROD0156,6,225000,10,1350000,135000,1215000
OD001738,ORD001119,PROD0036,7,102000,15,714000,107100,606900
OD001739,ORD001120,PROD0147,2,195000,5,390000,19500,370500
OD001740,ORD001120,PROD0143,4,285000,5,1140000,57000,1083000
OD001741,ORD001121,PROD0120,5,190000,5,950000,47500,902500
OD001742,ORD001122,PROD0123,1,170000,7,170000,11900,158100
OD001743,ORD001123,PROD0081,6,135000,10,810000,81000,729000
OD001744,ORD001123,PROD0028,9,95000,5,855000,42750,812250
OD001745,ORD001124,PROD0027,10,92000,7,920000,64400,855600
OD001746,ORD001124,PROD0021,7,95000,15,665000,99750,565250
OD001747,ORD001125,PROD0096,3,165000,0,495000,0,495000
OD001748,ORD001125,PROD0122,8,165000,5,1320000,66000,1254000
OD001749,ORD001126,PROD0029,7,100000,0,700000,0,700000
OD001750,ORD001127,PROD0025,1,82000,2,82000,1640,80360
OD001751,ORD001128,PROD0139,1,210000,7,210000,14700,195300
OD001752,ORD001128,PROD0126,10,210000,2,2100000,42000,2058000
OD001753,ORD001129,PROD0187,9,225148,0,2026332,0,2026332
OD001754,ORD001130,PROD0200,5,120944,10,604720,60472,544248
OD001755,ORD001131,PROD0198,4,26819,0,107276,0,107276
OD001756,ORD001131,PROD0025,1,82000,5,82000,4100,77900
OD001757,ORD001132,PROD0074,3,132000,0,396000,0,396000
OD001758,ORD001132,PROD0095,1,162000,15,162000,24300,137700
OD001759,ORD001133,PROD0148,2,210000,2,420000,8400,411600
OD001760,ORD001133,PROD0185,9,232339,10,2091051,209105.1,1881945.9
OD001761,ORD001134,PROD0167,8,295000,2,2360000,47200,2312800
OD001762,ORD001135,PROD0188,8,254957,2,2039656,40793.12,1998862.88
OD001763,ORD001135,PROD0004,1,60000,0,60000,0,60000
OD001764,ORD001136,PROD0006,4,65000,2,260000,5200,254800
OD001765,ORD001137,PROD0083,7,138000,10,966000,96600,869400
OD001766,ORD001137,PROD0162,6,210000,5,1260000,63000,1197000
OD001767,ORD001138,PROD0066,4,114500,0,458000,0,458000
OD001768,ORD001138,PROD0048,5,122200,5,611000,30550,580450
OD001769,ORD001139,PROD0048,8,122200,5,977600,48880,928720
OD001770,ORD001140,PROD0150,9,255000,5,2295000,114750,2180250
OD001771,ORD001141,PROD0158,10,265000,7,2650000,185500,2464500
OD001772,ORD001142,PROD0072,8,125000,5,1000000,50000,950000
OD001773,ORD001143,PROD0012,3,75000,10,225000,22500,202500
OD001774,ORD001144,PROD0045,10,110000,5,1100000,55000,1045000
OD001775,ORD001144,PROD0058,7,145000,2,1015000,20300,994700
OD001776,ORD001145,PROD0095,8,162000,2,1296000,25920,1270080
OD001777,ORD001146,PROD0077,4,138000,10,552000,55200,496800
OD001778,ORD001147,PROD0036,6,102000,0,612000,0,612000
OD001779,ORD001147,PROD0198,6,26819,0,160914,0,160914
OD001780,ORD001148,PROD0085,8,145000,7,1160000,81200,1078800
OD001781,ORD001148,PROD0045,1,110000,2,110000,2200,107800
OD001782,ORD001149,PROD0079,6,142000,0,852000,0,852000
OD001783,ORD001150,PROD0149,3,225000,10,675000,67500,607500
OD001784,ORD001151,PROD0193,2,348268,0,696536,0,696536
OD001785,ORD001152,PROD0090,8,145000,7,1160000,81200,1078800
OD001786,ORD001153,PROD0109,6,150000,2,900000,18000,882000
OD001787,ORD001154,PROD0061,4,155000,7,620000,43400,576600
OD001788,ORD001154,PROD0140,7,225000,7,1575000,110250,1464750
OD001789,ORD001155,PROD0138,1,190000,0,190000,0,190000
OD001790,ORD001156,PROD0035,10,98000,10,980000,98000,882000
OD001791,ORD001157,PROD0110,4,155000,5,620000,31000,589000
OD001792,ORD001157,PROD0200,2,120944,10,241888,24188.8,217699.2
OD001793,ORD001158,PROD0047,7,120000,0,840000,0,840000
OD001794,ORD001159,PROD0100,9,135000,7,1215000,85050,1129950
OD001795,ORD001159,PROD0135,10,350000,15,3500000,525000,2975000
OD001796,ORD001159,PROD0016,8,80000,7,640000,44800,595200
OD001797,ORD001160,PROD0105,9,135000,10,1215000,121500,1093500
OD001798,ORD001160,PROD0122,4,165000,2,660000,13200,646800
OD001799,ORD001161,PROD0109,8,150000,7,1200000,84000,1116000
OD001800,ORD001161,PROD0064,1,150000,5,150000,7500,142500
OD001801,ORD001162,PROD0162,10,210000,2,2100000,42000,2058000
OD001802,ORD001163,PROD0059,9,135000,5,1215000,60750,1154250
OD001803,ORD001164,PROD0103,7,148000,2,1036000,20720,1015280
OD001804,ORD001165,PROD0064,10,150000,15,1500000,225000,1275000
OD001805,ORD001165,PROD0171,6,255000,7,1530000,107100,1422900
OD001806,ORD001165,PROD0091,4,148000,10,592000,59200,532800
OD001807,ORD001166,PROD0078,6,140000,5,840000,42000,798000
OD001808,ORD001167,PROD0058,1,145000,10,145000,14500,130500
OD001809,ORD001168,PROD0108,10,145000,2,1450000,29000,1421000
OD001810,ORD001168,PROD0156,6,225000,5,1350000,67500,1282500
OD001811,ORD001169,PROD0125,1,195000,2,195000,3900,191100
OD001812,ORD001170,PROD0036,7,102000,5,714000,35700,678300
OD001813,ORD001170,PROD0004,6,60000,0,360000,0,360000
OD001814,ORD001171,PROD0029,10,100000,7,1000000,70000,930000
OD001815,ORD001171,PROD0179,8,65000,2,520000,10400,509600
OD001816,ORD001171,PROD0021,3,95000,15,285000,42750,242250
OD001817,ORD001172,PROD0036,1,102000,10,102000,10200,91800
OD001818,ORD001173,PROD0083,5,138000,5,690000,34500,655500
OD001819,ORD001174,PROD0038,9,111000,0,999000,0,999000
OD001820,ORD001174,PROD0023,8,98000,5,784000,39200,744800
OD001821,ORD001174,PROD0038,9,111000,7,999000,69930,929070
OD001822,ORD001175,PROD0006,9,65000,5,585000,29250,555750
OD001823,ORD001176,PROD0104,6,155000,5,930000,46500,883500
OD001824,ORD001176,PROD0059,9,135000,10,1215000,121500,1093500
OD001825,ORD001177,PROD0058,9,145000,0,1305000,0,1305000
OD001826,ORD001178,PROD0197,2,221508,5,443016,22150.8,420865.2
OD001827,ORD001179,PROD0184,2,79485,10,158970,15897,143073
OD001828,ORD001180,PROD0003,3,60000,2,180000,3600,176400
OD001829,ORD001180,PROD0182,10,295189,10,2951890,295189,2656701
OD001830,ORD001181,PROD0013,9,80000,5,720000,36000,684000
OD001831,ORD001182,PROD0118,1,180000,2,180000,3600,176400
OD001832,ORD001183,PROD0117,10,175000,15,1750000,262500,1487500
OD001833,ORD001184,PROD0124,1,178000,0,178000,0,178000
OD001834,ORD001185,PROD0100,8,135000,2,1080000,21600,1058400
OD001835,ORD001186,PROD0134,6,310000,0,1860000,0,1860000
OD001836,ORD001186,PROD0021,7,95000,15,665000,99750,565250
OD001837,ORD001186,PROD0090,8,145000,0,1160000,0,1160000
OD001838,ORD001187,PROD0179,9,65000,0,585000,0,585000
OD001839,ORD001187,PROD0113,8,150000,0,1200000,0,1200000
OD001840,ORD001188,PROD0135,6,350000,5,2100000,105000,1995000
OD001841,ORD001189,PROD0014,6,80000,0,480000,0,480000
OD001842,ORD001190,PROD0099,10,134000,2,1340000,26800,1313200
OD001843,ORD001191,PROD0020,8,95000,5,760000,38000,722000
OD001844,ORD001192,PROD0109,7,150000,5,1050000,52500,997500
OD001845,ORD001193,PROD0069,7,125000,5,875000,43750,831250
OD001846,ORD001193,PROD0160,3,310000,5,930000,46500,883500
OD001847,ORD001193,PROD0158,9,265000,5,2385000,119250,2265750
OD001848,ORD001194,PROD0020,8,95000,10,760000,76000,684000
OD001849,ORD001195,PROD0075,2,135000,5,270000,13500,256500
OD001850,ORD001196,PROD0187,8,225148,7,1801184,126082.88,1675101.12
OD001851,ORD001196,PROD0003,10,60000,2,600000,12000,588000
OD001852,ORD001197,PROD0023,8,98000,15,784000,117600,666400
OD001853,ORD001198,PROD0187,9,225148,7,2026332,141843.24,1884488.76
OD001854,ORD001198,PROD0092,8,150000,5,1200000,60000,1140000
OD001855,ORD001199,PROD0124,9,178000,2,1602000,32040,1569960
OD001856,ORD001199,PROD0050,6,98000,0,588000,0,588000
OD001857,ORD001200,PROD0084,4,140000,15,560000,84000,476000
OD001858,ORD001201,PROD0134,5,310000,0,1550000,0,1550000
OD001859,ORD001201,PROD0063,10,140000,5,1400000,70000,1330000
OD001860,ORD001202,PROD0168,7,320000,2,2240000,44800,2195200
OD001861,ORD001203,PROD0186,2,265147,2,530294,10605.88,519688.12
OD001862,ORD001204,PROD0124,4,178000,2,712000,14240,697760
OD001863,ORD001204,PROD0053,1,108000,5,108000,5400,102600
OD001864,ORD001205,PROD0045,9,110000,0,990000,0,990000
OD001865,ORD001205,PROD0005,4,60000,0,240000,0,240000
OD001866,ORD001206,PROD0156,1,225000,5,225000,11250,213750
OD001867,ORD001207,PROD0180,10,142869,7,1428690,100008.3,1328681.7
OD001868,ORD001208,PROD0189,9,235752,5,2121768,106088.4,2015679.6
OD001869,ORD001208,PROD0196,10,332371,15,3323710,498556.5,2825153.5
OD001870,ORD001209,PROD0033,4,98000,0,392000,0,392000
OD001871,ORD001209,PROD0140,5,225000,5,1125000,56250,1068750
OD001872,ORD001210,PROD0051,6,102500,2,615000,12300,602700
OD001873,ORD001211,PROD0035,8,98000,0,784000,0,784000
OD001874,ORD001212,PROD0106,9,140000,10,1260000,126000,1134000
OD001875,ORD001212,PROD0136,6,380000,0,2280000,0,2280000
OD001876,ORD001213,PROD0148,6,210000,5,1260000,63000,1197000
OD001877,ORD001213,PROD0099,2,134000,0,268000,0,268000
OD001878,ORD001214,PROD0026,2,85000,2,170000,3400,166600
OD001879,ORD001215,PROD0014,7,80000,7,560000,39200,520800
OD001880,ORD001216,PROD0011,5,75000,7,375000,26250,348750
OD001881,ORD001217,PROD0154,2,200000,7,400000,28000,372000
OD001882,ORD001217,PROD0114,2,155500,0,311000,0,311000
OD001883,ORD001218,PROD0069,7,125000,0,875000,0,875000
OD001884,ORD001218,PROD0160,9,310000,7,2790000,195300,2594700
OD001885,ORD001219,PROD0072,3,125000,0,375000,0,375000
OD001886,ORD001219,PROD0060,6,150000,2,900000,18000,882000
OD001887,ORD001220,PROD0162,3,210000,10,630000,63000,567000
OD001888,ORD001220,PROD0117,9,175000,2,1575000,31500,1543500
OD001889,ORD001221,PROD0136,7,380000,5,2660000,133000,2527000
OD001890,ORD001222,PROD0161,4,195000,15,780000,117000,663000
OD001891,ORD001222,PROD0063,5,140000,10,700000,70000,630000
OD001892,ORD001223,PROD0006,6,65000,0,390000,0,390000
OD001893,ORD001223,PROD0133,9,295000,10,2655000,265500,2389500
OD001894,ORD001223,PROD0068,5,120000,5,600000,30000,570000
OD001895,ORD001224,PROD0195,7,160472,7,1123304,78631.28,1044672.72
OD001896,ORD001224,PROD0061,5,155000,2,775000,15500,759500
OD001897,ORD001225,PROD0160,3,310000,15,930000,139500,790500
OD001898,ORD001225,PROD0145,7,170000,7,1190000,83300,1106700
OD001899,ORD001226,PROD0142,8,265000,2,2120000,42400,2077600
OD001900,ORD001226,PROD0134,10,310000,2,3100000,62000,3038000
OD001901,ORD001226,PROD0015,1,80000,0,80000,0,80000
OD001902,ORD001227,PROD0166,10,267000,0,2670000,0,2670000
OD001903,ORD001228,PROD0054,8,115000,2,920000,18400,901600
OD001904,ORD001229,PROD0110,3,155000,2,465000,9300,455700
OD001905,ORD001230,PROD0052,4,105000,5,420000,21000,399000
OD001906,ORD001231,PROD0046,7,115000,5,805000,40250,764750
OD001907,ORD001231,PROD0077,4,138000,0,552000,0,552000
OD001908,ORD001232,PROD0087,4,150000,0,600000,0,600000
OD001909,ORD001233,PROD0182,6,295189,0,1771134,0,1771134
OD001910,ORD001234,PROD0080,7,145000,2,1015000,20300,994700
OD001911,ORD001235,PROD0190,10,309979,5,3099790,154989.5,2944800.5
OD001912,ORD001236,PROD0134,9,310000,0,2790000,0,2790000
OD001913,ORD001237,PROD0128,3,250000,0,750000,0,750000
OD001914,ORD001238,PROD0191,2,100130,0,200260,0,200260
OD001915,ORD001239,PROD0199,10,63002,5,630020,31501,598519
OD001916,ORD001240,PROD0092,10,150000,15,1500000,225000,1275000
OD001917,ORD001240,PROD0080,6,145000,10,870000,87000,783000
OD001918,ORD001241,PROD0128,7,250000,2,1750000,35000,1715000
OD001919,ORD001241,PROD0041,3,95000,5,285000,14250,270750
OD001920,ORD001242,PROD0036,7,102000,5,714000,35700,678300
OD001921,ORD001243,PROD0063,7,140000,2,980000,19600,960400
OD001922,ORD001243,PROD0115,3,158000,10,474000,47400,426600
OD001923,ORD001243,PROD0200,8,120944,0,967552,0,967552
OD001924,ORD001244,PROD0146,4,185000,2,740000,14800,725200
OD001925,ORD001245,PROD0062,6,170000,10,1020000,102000,918000
OD001926,ORD001245,PROD0153,1,195000,2,195000,3900,191100
OD001927,ORD001246,PROD0104,2,155000,5,310000,15500,294500
OD001928,ORD001246,PROD0195,7,160472,10,1123304,112330.4,1010973.6
OD001929,ORD001247,PROD0123,9,170000,2,1530000,30600,1499400
OD001930,ORD001247,PROD0198,6,26819,15,160914,24137.1,136776.9
OD001931,ORD001248,PROD0156,9,225000,0,2025000,0,2025000
OD001932,ORD001249,PROD0104,9,155000,5,1395000,69750,1325250
OD001933,ORD001250,PROD0157,8,250000,0,2000000,0,2000000
OD001934,ORD001250,PROD0173,9,299000,5,2691000,134550,2556450
OD001935,ORD001251,PROD0042,8,98000,0,784000,0,784000
OD001936,ORD001251,PROD0148,9,210000,5,1890000,94500,1795500
OD001937,ORD001252,PROD0199,4,63002,5,252008,12600.4,239407.6
OD001938,ORD001252,PROD0105,4,135000,2,540000,10800,529200
OD001939,ORD001253,PROD0091,5,148000,10,740000,74000,666000
OD001940,ORD001254,PROD0007,6,70000,10,420000,42000,378000
OD001941,ORD001254,PROD0148,7,210000,7,1470000,102900,1367100
OD001942,ORD001254,PROD0196,6,332371,7,1994226,139595.82,1854630.18
OD001943,ORD001255,PROD0124,2,178000,0,356000,0,356000
OD001944,ORD001255,PROD0194,4,285723,2,1142892,22857.84,1120034.16
OD001945,ORD001255,PROD0028,7,95000,0,665000,0,665000
OD001946,ORD001256,PROD0104,1,155000,2,155000,3100,151900
OD001947,ORD001256,PROD0156,2,225000,0,450000,0,450000
OD001948,ORD001257,PROD0069,10,125000,2,1250000,25000,1225000
OD001949,ORD001257,PROD0168,9,320000,5,2880000,144000,2736000
OD001950,ORD001257,PROD0023,6,98000,0,588000,0,588000
OD001951,ORD001258,PROD0173,2,299000,0,598000,0,598000
OD001952,ORD001259,PROD0012,3,75000,7,225000,15750,209250
OD001953,ORD001260,PROD0019,8,95000,0,760000,0,760000
OD001954,ORD001260,PROD0161,8,195000,5,1560000,78000,1482000
OD001955,ORD001261,PROD0194,3,285723,10,857169,85716.9,771452.1
OD001956,ORD001261,PROD0082,1,138000,2,138000,2760,135240
OD001957,ORD001262,PROD0045,10,110000,0,1100000,0,1100000
OD001958,ORD001263,PROD0113,8,150000,7,1200000,84000,1116000
OD001959,ORD001264,PROD0057,7,135000,7,945000,66150,878850
OD001960,ORD001264,PROD0061,9,155000,5,1395000,69750,1325250
OD001961,ORD001265,PROD0001,5,50000,5,250000,12500,237500
OD001962,ORD001266,PROD0123,2,170000,7,340000,23800,316200
OD001963,ORD001266,PROD0032,1,105000,2,105000,2100,102900
OD001964,ORD001267,PROD0152,10,285000,2,2850000,57000,2793000
OD001965,ORD001267,PROD0042,7,98000,5,686000,34300,651700
OD001966,ORD001267,PROD0179,8,65000,0,520000,0,520000
OD001967,ORD001268,PROD0137,4,165000,5,660000,33000,627000
OD001968,ORD001269,PROD0100,2,135000,10,270000,27000,243000
OD001969,ORD001269,PROD0085,8,145000,5,1160000,58000,1102000
OD001970,ORD001270,PROD0061,8,155000,0,1240000,0,1240000
OD001971,ORD001271,PROD0014,8,80000,5,640000,32000,608000
OD001972,ORD001272,PROD0016,6,80000,10,480000,48000,432000
OD001973,ORD001272,PROD0114,7,155500,0,1088500,0,1088500
OD001974,ORD001272,PROD0171,4,255000,5,1020000,51000,969000
OD001975,ORD001273,PROD0139,3,210000,0,630000,0,630000
OD001976,ORD001274,PROD0171,1,255000,7,255000,17850,237150
OD001977,ORD001275,PROD0148,2,210000,0,420000,0,420000
OD001978,ORD001275,PROD0071,5,128000,5,640000,32000,608000
OD001979,ORD001275,PROD0187,5,225148,5,1125740,56287,1069453
OD001980,ORD001276,PROD0042,5,98000,2,490000,9800,480200
OD001981,ORD001277,PROD0055,5,120000,10,600000,60000,540000
OD001982,ORD001278,PROD0135,3,350000,10,1050000,105000,945000
OD001983,ORD001279,PROD0008,7,70000,2,490000,9800,480200
OD001984,ORD001280,PROD0152,5,285000,2,1425000,28500,1396500
OD001985,ORD001281,PROD0061,6,155000,5,930000,46500,883500
OD001986,ORD001281,PROD0145,6,170000,0,1020000,0,1020000
OD001987,ORD001282,PROD0148,5,210000,2,1050000,21000,1029000
OD001988,ORD001283,PROD0015,6,80000,0,480000,0,480000
OD001989,ORD001284,PROD0066,5,114500,0,572500,0,572500
OD001990,ORD001284,PROD0197,4,221508,5,886032,44301.6,841730.4
OD001991,ORD001285,PROD0187,6,225148,2,1350888,27017.76,1323870.24
OD001992,ORD001286,PROD0109,7,150000,0,1050000,0,1050000
OD001993,ORD001287,PROD0086,9,148000,10,1332000,133200,1198800
OD001994,ORD001287,PROD0122,1,165000,0,165000,0,165000
OD001995,ORD001287,PROD0147,2,195000,0,390000,0,390000
OD001996,ORD001288,PROD0010,2,75000,5,150000,7500,142500
OD001997,ORD001288,PROD0064,1,150000,10,150000,15000,135000
OD001998,ORD001289,PROD0003,9,60000,10,540000,54000,486000
OD001999,ORD001289,PROD0102,3,143000,2,429000,8580,420420
OD002000,ORD001290,PROD0026,3,85000,7,255000,17850,237150
OD002001,ORD001291,PROD0180,4,142869,5,571476,28573.8,542902.2
OD002002,ORD001291,PROD0079,9,142000,5,1278000,63900,1214100
OD002003,ORD001292,PROD0177,7,120000,2,840000,16800,823200
OD002004,ORD001292,PROD0189,2,235752,0,471504,0,471504
OD002005,ORD001293,PROD0055,9,120000,10,1080000,108000,972000
OD002006,ORD001294,PROD0146,10,185000,5,1850000,92500,1757500
OD002007,ORD001295,PROD0010,8,75000,2,600000,12000,588000
OD002008,ORD001296,PROD0200,5,120944,5,604720,30236,574484
OD002009,ORD001296,PROD0152,10,285000,2,2850000,57000,2793000
OD002010,ORD001296,PROD0136,1,380000,10,380000,38000,342000
OD002011,ORD001297,PROD0117,1,175000,0,175000,0,175000
OD002012,ORD001297,PROD0020,8,95000,0,760000,0,760000
OD002013,ORD001298,PROD0053,2,108000,5,216000,10800,205200
OD002014,ORD001299,PROD0139,1,210000,0,210000,0,210000
OD002015,ORD001300,PROD0043,1,98000,0,98000,0,98000
OD002016,ORD001300,PROD0129,5,235000,0,1175000,0,1175000
OD002017,ORD001300,PROD0167,7,295000,7,2065000,144550,1920450
OD002018,ORD001301,PROD0178,5,115000,15,575000,86250,488750
OD002019,ORD001302,PROD0014,5,80000,5,400000,20000,380000
OD002020,ORD001302,PROD0109,2,150000,7,300000,21000,279000
OD002021,ORD001303,PROD0027,4,92000,10,368000,36800,331200
OD002022,ORD001303,PROD0050,10,98000,7,980000,68600,911400
OD002023,ORD001304,PROD0177,4,120000,2,480000,9600,470400
OD002024,ORD001304,PROD0147,4,195000,0,780000,0,780000
OD002025,ORD001304,PROD0136,9,380000,5,3420000,171000,3249000
OD002026,ORD001305,PROD0151,1,265000,15,265000,39750,225250
OD002027,ORD001306,PROD0024,1,98000,10,98000,9800,88200
OD002028,ORD001306,PROD0103,9,148000,0,1332000,0,1332000
OD002029,ORD001307,PROD0046,4,115000,10,460000,46000,414000
OD002030,ORD001308,PROD0019,3,95000,0,285000,0,285000
OD002031,ORD001308,PROD0183,5,324367,5,1621835,81091.75,1540743.25
OD002032,ORD001308,PROD0083,1,138000,10,138000,13800,124200
OD002033,ORD001309,PROD0041,5,95000,2,475000,9500,465500
OD002034,ORD001310,PROD0168,1,320000,5,320000,16000,304000
OD002035,ORD001310,PROD0142,7,265000,0,1855000,0,1855000
OD002036,ORD001311,PROD0061,9,155000,15,1395000,209250,1185750
OD002037,ORD001312,PROD0164,7,235000,0,1645000,0,1645000
OD002038,ORD001312,PROD0147,2,195000,5,390000,19500,370500
OD002039,ORD001313,PROD0054,9,115000,0,1035000,0,1035000
OD002040,ORD001314,PROD0051,7,102500,0,717500,0,717500
OD002041,ORD001315,PROD0035,9,98000,0,882000,0,882000
OD002042,ORD001315,PROD0066,10,114500,0,1145000,0,1145000
OD002043,ORD001316,PROD0058,4,145000,0,580000,0,580000
OD002044,ORD001317,PROD0068,10,120000,0,1200000,0,1200000
OD002045,ORD001318,PROD0041,9,95000,10,855000,85500,769500
OD002046,ORD001319,PROD0028,6,95000,0,570000,0,570000
OD002047,ORD001319,PROD0143,7,285000,5,1995000,99750,1895250
OD002048,ORD001319,PROD0071,5,128000,5,640000,32000,608000
OD002049,ORD001320,PROD0021,9,95000,10,855000,85500,769500
OD002050,ORD001320,PROD0145,1,170000,2,170000,3400,166600
OD002051,ORD001321,PROD0046,5,115000,0,575000,0,575000
OD002052,ORD001321,PROD0081,2,135000,0,270000,0,270000
OD002053,ORD001322,PROD0169,1,220000,0,220000,0,220000
OD002054,ORD001322,PROD0060,10,150000,5,1500000,75000,1425000
OD002055,ORD001323,PROD0037,7,105000,5,735000,36750,698250
OD002056,ORD001323,PROD0141,5,235000,7,1175000,82250,1092750
OD002057,ORD001324,PROD0016,10,80000,7,800000,56000,744000
OD002058,ORD001325,PROD0104,1,155000,10,155000,15500,139500
OD002059,ORD001326,PROD0164,10,235000,0,2350000,0,2350000
OD002060,ORD001326,PROD0088,5,155500,7,777500,54425,723075
OD002061,ORD001327,PROD0032,2,105000,0,210000,0,210000
OD002062,ORD001327,PROD0160,3,310000,10,930000,93000,837000
OD002063,ORD001328,PROD0146,5,185000,5,925000,46250,878750
OD002064,ORD001329,PROD0077,9,138000,5,1242000,62100,1179900
OD002065,ORD001329,PROD0031,9,100000,5,900000,45000,855000
OD002066,ORD001330,PROD0109,2,150000,5,300000,15000,285000
OD002067,ORD001331,PROD0156,5,225000,5,1125000,56250,1068750
OD002068,ORD001332,PROD0007,5,70000,10,350000,35000,315000
OD002069,ORD001333,PROD0098,6,132000,2,792000,15840,776160
OD002070,ORD001333,PROD0068,6,120000,7,720000,50400,669600
OD002071,ORD001333,PROD0073,10,128000,2,1280000,25600,1254400
OD002072,ORD001334,PROD0048,3,122200,0,366600,0,366600
OD002073,ORD001335,PROD0131,5,280000,2,1400000,28000,1372000
OD002074,ORD001336,PROD0178,3,115000,0,345000,0,345000
OD002075,ORD001337,PROD0019,2,95000,2,190000,3800,186200
OD002076,ORD001337,PROD0005,4,60000,0,240000,0,240000
OD002077,ORD001337,PROD0079,1,142000,7,142000,9940,132060
OD002078,ORD001338,PROD0141,8,235000,5,1880000,94000,1786000
OD002079,ORD001339,PROD0016,5,80000,0,400000,0,400000
OD002080,ORD001340,PROD0152,5,285000,5,1425000,71250,1353750
OD002081,ORD001340,PROD0145,6,170000,15,1020000,153000,867000
OD002082,ORD001340,PROD0067,6,120000,0,720000,0,720000
OD002083,ORD001341,PROD0067,10,120000,2,1200000,24000,1176000
OD002084,ORD001341,PROD0052,6,105000,10,630000,63000,567000
OD002085,ORD001342,PROD0143,8,285000,0,2280000,0,2280000
OD002086,ORD001343,PROD0033,9,98000,10,882000,88200,793800
OD002087,ORD001344,PROD0067,1,120000,15,120000,18000,102000
OD002088,ORD001344,PROD0056,9,125000,2,1125000,22500,1102500
OD002089,ORD001345,PROD0075,9,135000,5,1215000,60750,1154250
OD002090,ORD001346,PROD0183,7,324367,15,2270569,340585.35,1929983.65
OD002091,ORD001347,PROD0005,1,60000,0,60000,0,60000
OD002092,ORD001348,PROD0009,1,75000,2,75000,1500,73500
OD002093,ORD001348,PROD0082,1,138000,0,138000,0,138000
OD002094,ORD001348,PROD0092,8,150000,7,1200000,84000,1116000
OD002095,ORD001349,PROD0199,6,63002,5,378012,18900.6,359111.4
OD002096,ORD001349,PROD0053,4,108000,10,432000,43200,388800
OD002097,ORD001350,PROD0112,6,170000,0,1020000,0,1020000
OD002098,ORD001350,PROD0140,5,225000,5,1125000,56250,1068750
OD002099,ORD001351,PROD0140,4,225000,7,900000,63000,837000
OD002100,ORD001352,PROD0067,8,120000,0,960000,0,960000
OD002101,ORD001353,PROD0171,5,255000,10,1275000,127500,1147500
OD002102,ORD001353,PROD0070,6,126000,0,756000,0,756000
OD002103,ORD001353,PROD0087,10,150000,0,1500000,0,1500000
OD002104,ORD001354,PROD0012,10,75000,0,750000,0,750000
OD002105,ORD001354,PROD0200,7,120944,7,846608,59262.56,787345.44
OD002106,ORD001355,PROD0183,10,324367,7,3243670,227056.9,3016613.1
OD002107,ORD001356,PROD0050,4,98000,10,392000,39200,352800
OD002108,ORD001356,PROD0105,4,135000,5,540000,27000,513000
OD002109,ORD001357,PROD0168,10,320000,10,3200000,320000,2880000
OD002110,ORD001358,PROD0014,9,80000,5,720000,36000,684000
OD002111,ORD001359,PROD0135,2,350000,10,700000,70000,630000
OD002112,ORD001360,PROD0151,1,265000,10,265000,26500,238500
OD002113,ORD001360,PROD0129,2,235000,5,470000,23500,446500
OD002114,ORD001361,PROD0157,8,250000,0,2000000,0,2000000
OD002115,ORD001361,PROD0045,3,110000,15,330000,49500,280500
OD002116,ORD001362,PROD0093,10,155000,5,1550000,77500,1472500
OD002117,ORD001363,PROD0127,3,225000,7,675000,47250,627750
OD002118,ORD001364,PROD0196,2,332371,5,664742,33237.1,631504.9
OD002119,ORD001364,PROD0012,1,75000,2,75000,1500,73500
OD002120,ORD001365,PROD0046,10,115000,2,1150000,23000,1127000
OD002121,ORD001366,PROD0066,4,114500,2,458000,9160,448840
OD002122,ORD001367,PROD0169,9,220000,5,1980000,99000,1881000
OD002123,ORD001367,PROD0153,6,195000,7,1170000,81900,1088100
OD002124,ORD001368,PROD0170,2,245000,5,490000,24500,465500
OD002125,ORD001368,PROD0130,3,250000,5,750000,37500,712500
OD002126,ORD001369,PROD0105,1,135000,2,135000,2700,132300
OD002127,ORD001370,PROD0081,2,135000,5,270000,13500,256500
OD002128,ORD001371,PROD0109,9,150000,0,1350000,0,1350000
OD002129,ORD001371,PROD0021,7,95000,7,665000,46550,618450
OD002130,ORD001372,PROD0023,2,98000,7,196000,13720,182280
OD002131,ORD001373,PROD0015,5,80000,0,400000,0,400000
OD002132,ORD001373,PROD0027,3,92000,5,276000,13800,262200
OD002133,ORD001374,PROD0066,7,114500,0,801500,0,801500
OD002134,ORD001374,PROD0085,2,145000,15,290000,43500,246500
OD002135,ORD001375,PROD0198,3,26819,0,80457,0,80457
OD002136,ORD001375,PROD0184,7,79485,10,556395,55639.5,500755.5
OD002137,ORD001376,PROD0155,8,220000,7,1760000,123200,1636800
OD002138,ORD001377,PROD0043,10,98000,15,980000,147000,833000
OD002139,ORD001377,PROD0106,10,140000,7,1400000,98000,1302000
OD002140,ORD001378,PROD0096,8,165000,5,1320000,66000,1254000
OD002141,ORD001378,PROD0126,3,210000,5,630000,31500,598500
OD002142,ORD001378,PROD0013,9,80000,5,720000,36000,684000
OD002143,ORD001379,PROD0013,7,80000,0,560000,0,560000
OD002144,ORD001379,PROD0060,10,150000,15,1500000,225000,1275000
OD002145,ORD001380,PROD0017,8,90000,5,720000,36000,684000
OD002146,ORD001381,PROD0075,9,135000,5,1215000,60750,1154250
OD002147,ORD001381,PROD0078,6,140000,0,840000,0,840000
OD002148,ORD001381,PROD0193,9,348268,2,3134412,62688.24,3071723.76
OD002149,ORD001382,PROD0136,3,380000,0,1140000,0,1140000
OD002150,ORD001383,PROD0039,1,115000,0,115000,0,115000
OD002151,ORD001384,PROD0118,3,180000,5,540000,27000,513000
OD002152,ORD001385,PROD0021,6,95000,0,570000,0,570000
OD002153,ORD001386,PROD0195,7,160472,5,1123304,56165.2,1067138.8
OD002154,ORD001387,PROD0011,5,75000,2,375000,7500,367500
OD002155,ORD001387,PROD0046,5,115000,2,575000,11500,563500
OD002156,ORD001388,PROD0105,2,135000,7,270000,18900,251100
OD002157,ORD001389,PROD0138,9,190000,5,1710000,85500,1624500
OD002158,ORD001390,PROD0104,3,155000,2,465000,9300,455700
OD002159,ORD001390,PROD0188,1,254957,10,254957,25495.7,229461.3
OD002160,ORD001391,PROD0040,2,115000,2,230000,4600,225400
OD002161,ORD001392,PROD0200,1,120944,7,120944,8466.08,112477.92
OD002162,ORD001392,PROD0050,10,98000,7,980000,68600,911400
OD002163,ORD001393,PROD0147,4,195000,0,780000,0,780000
OD002164,ORD001393,PROD0064,8,150000,5,1200000,60000,1140000
OD002165,ORD001393,PROD0137,5,165000,0,825000,0,825000
OD002166,ORD001394,PROD0002,10,50000,2,500000,10000,490000
OD002167,ORD001395,PROD0144,7,295000,0,2065000,0,2065000
OD002168,ORD001396,PROD0164,3,235000,7,705000,49350,655650
OD002169,ORD001397,PROD0069,2,125000,0,250000,0,250000
OD002170,ORD001397,PROD0155,2,220000,0,440000,0,440000
OD002171,ORD001398,PROD0107,6,142000,0,852000,0,852000
OD002172,ORD001399,PROD0065,1,110000,7,110000,7700,102300
OD002173,ORD001399,PROD0117,9,175000,0,1575000,0,1575000
OD002174,ORD001399,PROD0115,3,158000,5,474000,23700,450300
OD002175,ORD001400,PROD0069,10,125000,0,1250000,0,1250000
OD002176,ORD001400,PROD0066,2,114500,0,229000,0,229000
OD002177,ORD001401,PROD0090,9,145000,7,1305000,91350,1213650
OD002178,ORD001401,PROD0006,9,65000,5,585000,29250,555750
OD002179,ORD001402,PROD0116,6,162000,5,972000,48600,923400
OD002180,ORD001402,PROD0118,5,180000,10,900000,90000,810000
OD002181,ORD001402,PROD0108,9,145000,10,1305000,130500,1174500
OD002182,ORD001403,PROD0145,9,170000,10,1530000,153000,1377000
OD002183,ORD001404,PROD0099,6,134000,0,804000,0,804000
OD002184,ORD001404,PROD0067,4,120000,0,480000,0,480000
OD002185,ORD001405,PROD0161,1,195000,15,195000,29250,165750
OD002186,ORD001405,PROD0049,10,95000,5,950000,47500,902500
OD002187,ORD001406,PROD0002,10,50000,5,500000,25000,475000
OD002188,ORD001406,PROD0053,9,108000,5,972000,48600,923400
OD002189,ORD001407,PROD0144,1,295000,7,295000,20650,274350
OD002190,ORD001407,PROD0070,5,126000,5,630000,31500,598500
OD002191,ORD001408,PROD0034,3,98000,0,294000,0,294000
OD002192,ORD001409,PROD0094,5,158000,0,790000,0,790000
OD002193,ORD001409,PROD0039,1,115000,2,115000,2300,112700
OD002194,ORD001410,PROD0151,6,265000,10,1590000,159000,1431000
OD002195,ORD001410,PROD0021,6,95000,2,570000,11400,558600
OD002196,ORD001411,PROD0040,3,115000,10,345000,34500,310500
OD002197,ORD001411,PROD0157,6,250000,5,1500000,75000,1425000
OD002198,ORD001412,PROD0142,6,265000,10,1590000,159000,1431000
OD002199,ORD001412,PROD0050,7,98000,10,686000,68600,617400
OD002200,ORD001413,PROD0193,3,348268,2,1044804,20896.08,1023907.92
OD002201,ORD001414,PROD0013,2,80000,5,160000,8000,152000
OD002202,ORD001414,PROD0037,4,105000,7,420000,29400,390600
OD002203,ORD001414,PROD0046,1,115000,0,115000,0,115000
OD002204,ORD001415,PROD0102,7,143000,0,1001000,0,1001000
OD002205,ORD001416,PROD0103,3,148000,7,444000,31080,412920
OD002206,ORD001417,PROD0073,4,128000,10,512000,51200,460800
OD002207,ORD001418,PROD0047,1,120000,2,120000,2400,117600
OD002208,ORD001419,PROD0121,6,160000,2,960000,19200,940800
OD002209,ORD001419,PROD0081,1,135000,10,135000,13500,121500
OD002210,ORD001420,PROD0177,5,120000,0,600000,0,600000
OD002211,ORD001421,PROD0016,3,80000,10,240000,24000,216000
OD002212,ORD001421,PROD0178,7,115000,0,805000,0,805000
OD002213,ORD001422,PROD0164,10,235000,0,2350000,0,2350000
OD002214,ORD001422,PROD0089,6,140000,0,840000,0,840000
OD002215,ORD001422,PROD0140,9,225000,0,2025000,0,2025000
OD002216,ORD001423,PROD0152,2,285000,0,570000,0,570000
OD002217,ORD001423,PROD0177,4,120000,5,480000,24000,456000
OD002218,ORD001424,PROD0103,9,148000,0,1332000,0,1332000
OD002219,ORD001425,PROD0017,4,90000,10,360000,36000,324000
OD002220,ORD001425,PROD0155,10,220000,2,2200000,44000,2156000
OD002221,ORD001425,PROD0031,10,100000,5,1000000,50000,950000
OD002222,ORD001426,PROD0177,8,120000,5,960000,48000,912000
OD002223,ORD001426,PROD0165,7,255000,0,1785000,0,1785000
OD002224,ORD001427,PROD0143,4,285000,5,1140000,57000,1083000
OD002225,ORD001427,PROD0070,9,126000,0,1134000,0,1134000
OD002226,ORD001428,PROD0013,10,80000,10,800000,80000,720000
OD002227,ORD001429,PROD0087,9,150000,5,1350000,67500,1282500
OD002228,ORD001429,PROD0050,4,98000,0,392000,0,392000
OD002229,ORD001430,PROD0195,2,160472,7,320944,22466.08,298477.92
OD002230,ORD001431,PROD0158,10,265000,0,2650000,0,2650000
OD002231,ORD001432,PROD0038,1,111000,15,111000,16650,94350
OD002232,ORD001433,PROD0004,8,60000,5,480000,24000,456000
OD002233,ORD001433,PROD0185,3,232339,2,697017,13940.34,683076.66
OD002234,ORD001434,PROD0104,8,155000,2,1240000,24800,1215200
OD002235,ORD001435,PROD0146,6,185000,2,1110000,22200,1087800
OD002236,ORD001436,PROD0123,2,170000,7,340000,23800,316200
OD002237,ORD001436,PROD0063,10,140000,5,1400000,70000,1330000
OD002238,ORD001437,PROD0164,10,235000,5,2350000,117500,2232500
OD002239,ORD001438,PROD0044,4,105000,0,420000,0,420000
OD002240,ORD001439,PROD0162,2,210000,10,420000,42000,378000
OD002241,ORD001439,PROD0194,9,285723,5,2571507,128575.35,2442931.65
OD002242,ORD001440,PROD0015,5,80000,5,400000,20000,380000
OD002243,ORD001440,PROD0157,7,250000,0,1750000,0,1750000
OD002244,ORD001440,PROD0136,9,380000,0,3420000,0,3420000
OD002245,ORD001441,PROD0154,7,200000,2,1400000,28000,1372000
OD002246,ORD001441,PROD0159,5,285000,7,1425000,99750,1325250
OD002247,ORD001442,PROD0188,8,254957,5,2039656,101982.8,1937673.2
OD002248,ORD001442,PROD0022,1,95000,0,95000,0,95000
OD002249,ORD001443,PROD0061,6,155000,5,930000,46500,883500
OD002250,ORD001444,PROD0098,7,132000,2,924000,18480,905520
OD002251,ORD001445,PROD0178,7,115000,0,805000,0,805000
OD002252,ORD001446,PROD0130,3,250000,7,750000,52500,697500
OD002253,ORD001446,PROD0122,8,165000,0,1320000,0,1320000
OD002254,ORD001446,PROD0069,4,125000,5,500000,25000,475000
OD002255,ORD001447,PROD0025,6,82000,7,492000,34440,457560
OD002256,ORD001448,PROD0075,8,135000,0,1080000,0,1080000
OD002257,ORD001449,PROD0096,1,165000,5,165000,8250,156750
OD002258,ORD001449,PROD0021,10,95000,0,950000,0,950000
OD002259,ORD001450,PROD0033,6,98000,7,588000,41160,546840
OD002260,ORD001450,PROD0155,1,220000,0,220000,0,220000
OD002261,ORD001451,PROD0050,6,98000,0,588000,0,588000
OD002262,ORD001452,PROD0048,3,122200,0,366600,0,366600
OD002263,ORD001452,PROD0021,9,95000,2,855000,17100,837900
OD002264,ORD001453,PROD0087,2,150000,0,300000,0,300000
OD002265,ORD001453,PROD0009,1,75000,5,75000,3750,71250
OD002266,ORD001454,PROD0104,8,155000,10,1240000,124000,1116000
OD002267,ORD001454,PROD0015,1,80000,0,80000,0,80000
OD002268,ORD001454,PROD0018,2,94000,0,188000,0,188000
OD002269,ORD001455,PROD0196,4,332371,0,1329484,0,1329484
OD002270,ORD001456,PROD0087,9,150000,5,1350000,67500,1282500
OD002271,ORD001457,PROD0059,9,135000,5,1215000,60750,1154250
OD002272,ORD001458,PROD0031,7,100000,10,700000,70000,630000
OD002273,ORD001459,PROD0090,5,145000,7,725000,50750,674250
OD002274,ORD001460,PROD0047,7,120000,5,840000,42000,798000
OD002275,ORD001461,PROD0045,4,110000,0,440000,0,440000
OD002276,ORD001462,PROD0072,9,125000,7,1125000,78750,1046250
OD002277,ORD001463,PROD0027,7,92000,0,644000,0,644000
OD002278,ORD001464,PROD0098,6,132000,7,792000,55440,736560
OD002279,ORD001465,PROD0082,6,138000,7,828000,57960,770040
OD002280,ORD001466,PROD0087,7,150000,0,1050000,0,1050000
OD002281,ORD001467,PROD0157,6,250000,2,1500000,30000,1470000
OD002282,ORD001468,PROD0015,7,80000,0,560000,0,560000
OD002283,ORD001468,PROD0054,5,115000,7,575000,40250,534750
OD002284,ORD001468,PROD0071,3,128000,2,384000,7680,376320
OD002285,ORD001469,PROD0077,8,138000,2,1104000,22080,1081920
OD002286,ORD001470,PROD0008,4,70000,5,280000,14000,266000
OD002287,ORD001470,PROD0051,1,102500,7,102500,7175,95325
OD002288,ORD001471,PROD0051,1,102500,5,102500,5125,97375
OD002289,ORD001472,PROD0183,1,324367,7,324367,22705.69,301661.31
OD002290,ORD001473,PROD0018,6,94000,15,564000,84600,479400
OD002291,ORD001474,PROD0100,7,135000,0,945000,0,945000
OD002292,ORD001475,PROD0034,3,98000,0,294000,0,294000
OD002293,ORD001475,PROD0196,1,332371,5,332371,16618.55,315752.45
OD002294,ORD001476,PROD0101,7,138000,0,966000,0,966000
OD002295,ORD001476,PROD0066,4,114500,5,458000,22900,435100
OD002296,ORD001477,PROD0186,8,265147,15,2121176,318176.4,1802999.6
OD002297,ORD001478,PROD0129,4,235000,5,940000,47000,893000
OD002298,ORD001479,PROD0039,7,115000,0,805000,0,805000
OD002299,ORD001479,PROD0143,7,285000,15,1995000,299250,1695750
OD002300,ORD001480,PROD0147,3,195000,2,585000,11700,573300
OD002301,ORD001480,PROD0102,8,143000,0,1144000,0,1144000
OD002302,ORD001481,PROD0009,9,75000,2,675000,13500,661500
OD002303,ORD001482,PROD0148,9,210000,0,1890000,0,1890000
OD002304,ORD001483,PROD0068,4,120000,0,480000,0,480000
OD002305,ORD001484,PROD0022,3,95000,0,285000,0,285000
OD002306,ORD001485,PROD0081,3,135000,5,405000,20250,384750
OD002307,ORD001486,PROD0099,2,134000,5,268000,13400,254600
OD002308,ORD001487,PROD0022,9,95000,7,855000,59850,795150
OD002309,ORD001487,PROD0044,10,105000,5,1050000,52500,997500
OD002310,ORD001488,PROD0128,9,250000,10,2250000,225000,2025000
OD002311,ORD001489,PROD0135,1,350000,10,350000,35000,315000
OD002312,ORD001490,PROD0030,10,100000,0,1000000,0,1000000
OD002313,ORD001491,PROD0049,9,95000,0,855000,0,855000
OD002314,ORD001491,PROD0161,1,195000,7,195000,13650,181350
OD002315,ORD001492,PROD0018,1,94000,0,94000,0,94000
OD002316,ORD001493,PROD0119,3,185000,2,555000,11100,543900
OD002317,ORD001494,PROD0084,5,140000,0,700000,0,700000
OD002318,ORD001495,PROD0149,4,225000,5,900000,45000,855000
OD002319,ORD001496,PROD0008,7,70000,2,490000,9800,480200
OD002320,ORD001497,PROD0033,7,98000,10,686000,68600,617400
OD002321,ORD001498,PROD0165,5,255000,5,1275000,63750,1211250
OD002322,ORD001499,PROD0064,4,150000,2,600000,12000,588000
OD002323,ORD001500,PROD0076,6,135000,5,810000,40500,769500
OD002324,ORD001501,PROD0142,2,265000,5,530000,26500,503500
OD002325,ORD001502,PROD0094,1,158000,0,158000,0,158000
OD002326,ORD001503,PROD0091,8,148000,7,1184000,82880,1101120
OD002327,ORD001503,PROD0012,2,75000,5,150000,7500,142500
OD002328,ORD001503,PROD0127,10,225000,5,2250000,112500,2137500
OD002329,ORD001504,PROD0028,6,95000,0,570000,0,570000
OD002330,ORD001504,PROD0083,6,138000,0,828000,0,828000
OD002331,ORD001505,PROD0071,9,128000,5,1152000,57600,1094400
OD002332,ORD001505,PROD0135,3,350000,7,1050000,73500,976500
OD002333,ORD001506,PROD0136,6,380000,2,2280000,45600,2234400
OD002334,ORD001507,PROD0129,5,235000,15,1175000,176250,998750
OD002335,ORD001507,PROD0124,5,178000,10,890000,89000,801000
OD002336,ORD001507,PROD0060,10,150000,5,1500000,75000,1425000
OD002337,ORD001508,PROD0070,10,126000,5,1260000,63000,1197000
OD002338,ORD001508,PROD0177,5,120000,5,600000,30000,570000
OD002339,ORD001509,PROD0143,4,285000,2,1140000,22800,1117200
OD002340,ORD001510,PROD0147,3,195000,0,585000,0,585000
OD002341,ORD001510,PROD0174,4,325000,7,1300000,91000,1209000
OD002342,ORD001511,PROD0014,5,80000,5,400000,20000,380000
OD002343,ORD001512,PROD0001,1,50000,10,50000,5000,45000
OD002344,ORD001512,PROD0008,3,70000,2,210000,4200,205800
OD002345,ORD001512,PROD0100,8,135000,0,1080000,0,1080000
OD002346,ORD001513,PROD0144,8,295000,0,2360000,0,2360000
OD002347,ORD001514,PROD0191,1,100130,0,100130,0,100130
OD002348,ORD001514,PROD0127,9,225000,7,2025000,141750,1883250
OD002349,ORD001515,PROD0147,2,195000,0,390000,0,390000
OD002350,ORD001515,PROD0185,2,232339,7,464678,32527.46,432150.54
OD002351,ORD001515,PROD0035,1,98000,5,98000,4900,93100
OD002352,ORD001516,PROD0136,2,380000,2,760000,15200,744800
OD002353,ORD001517,PROD0134,2,310000,5,620000,31000,589000
OD002354,ORD001517,PROD0042,9,98000,10,882000,88200,793800
OD002355,ORD001518,PROD0094,5,158000,0,790000,0,790000
OD002356,ORD001519,PROD0009,2,75000,2,150000,3000,147000
OD002357,ORD001519,PROD0097,1,130000,2,130000,2600,127400
OD002358,ORD001520,PROD0107,3,142000,15,426000,63900,362100
OD002359,ORD001521,PROD0076,5,135000,15,675000,101250,573750
OD002360,ORD001522,PROD0100,5,135000,10,675000,67500,607500
OD002361,ORD001523,PROD0127,5,225000,2,1125000,22500,1102500
OD002362,ORD001523,PROD0188,3,254957,10,764871,76487.1,688383.9
OD002363,ORD001524,PROD0079,2,142000,5,284000,14200,269800
OD002364,ORD001524,PROD0142,5,265000,5,1325000,66250,1258750
OD002365,ORD001525,PROD0088,1,155500,10,155500,15550,139950
OD002366,ORD001526,PROD0181,9,90661,0,815949,0,815949
OD002367,ORD001527,PROD0113,4,150000,10,600000,60000,540000
OD002368,ORD001528,PROD0152,7,285000,2,1995000,39900,1955100
OD002369,ORD001528,PROD0059,7,135000,10,945000,94500,850500
OD002370,ORD001529,PROD0133,1,295000,5,295000,14750,280250
OD002371,ORD001530,PROD0051,7,102500,0,717500,0,717500
OD002372,ORD001531,PROD0113,7,150000,7,1050000,73500,976500
OD002373,ORD001531,PROD0039,2,115000,0,230000,0,230000
OD002374,ORD001531,PROD0117,6,175000,0,1050000,0,1050000
OD002375,ORD001532,PROD0036,1,102000,0,102000,0,102000
OD002376,ORD001532,PROD0102,5,143000,10,715000,71500,643500
OD002377,ORD001532,PROD0097,2,130000,10,260000,26000,234000
OD002378,ORD001533,PROD0168,4,320000,5,1280000,64000,1216000
OD002379,ORD001534,PROD0021,9,95000,0,855000,0,855000
OD002380,ORD001535,PROD0047,9,120000,2,1080000,21600,1058400
OD002381,ORD001535,PROD0143,10,285000,0,2850000,0,2850000
OD002382,ORD001536,PROD0184,10,79485,0,794850,0,794850
OD002383,ORD001537,PROD0162,6,210000,10,1260000,126000,1134000
OD002384,ORD001538,PROD0112,9,170000,0,1530000,0,1530000
OD002385,ORD001538,PROD0054,10,115000,0,1150000,0,1150000
OD002386,ORD001538,PROD0088,3,155500,0,466500,0,466500
OD002387,ORD001539,PROD0172,2,277000,10,554000,55400,498600
OD002388,ORD001540,PROD0043,4,98000,2,392000,7840,384160
OD002389,ORD001541,PROD0198,7,26819,5,187733,9386.65,178346.35
OD002390,ORD001542,PROD0056,2,125000,0,250000,0,250000
OD002391,ORD001542,PROD0097,7,130000,5,910000,45500,864500
OD002392,ORD001543,PROD0117,4,175000,7,700000,49000,651000
OD002393,ORD001543,PROD0060,5,150000,0,750000,0,750000
OD002394,ORD001544,PROD0031,4,100000,0,400000,0,400000
OD002395,ORD001545,PROD0063,8,140000,2,1120000,22400,1097600
OD002396,ORD001545,PROD0001,4,50000,10,200000,20000,180000
OD002397,ORD001546,PROD0128,5,250000,5,1250000,62500,1187500
OD002398,ORD001546,PROD0052,7,105000,10,735000,73500,661500
OD002399,ORD001547,PROD0089,9,140000,2,1260000,25200,1234800
OD002400,ORD001547,PROD0061,5,155000,5,775000,38750,736250
OD002401,ORD001548,PROD0041,2,95000,5,190000,9500,180500
OD002402,ORD001549,PROD0189,6,235752,0,1414512,0,1414512
OD002403,ORD001550,PROD0069,1,125000,2,125000,2500,122500
OD002404,ORD001550,PROD0117,7,175000,0,1225000,0,1225000
OD002405,ORD001551,PROD0068,4,120000,0,480000,0,480000
OD002406,ORD001552,PROD0082,7,138000,15,966000,144900,821100
OD002407,ORD001553,PROD0050,2,98000,15,196000,29400,166600
OD002408,ORD001553,PROD0197,5,221508,10,1107540,110754,996786
OD002409,ORD001554,PROD0121,2,160000,0,320000,0,320000
OD002410,ORD001554,PROD0074,6,132000,0,792000,0,792000
OD002411,ORD001555,PROD0111,1,16000,0,16000,0,16000
OD002412,ORD001556,PROD0192,6,135661,10,813966,81396.6,732569.4
OD002413,ORD001557,PROD0125,5,195000,0,975000,0,975000
OD002414,ORD001557,PROD0189,2,235752,0,471504,0,471504
OD002415,ORD001558,PROD0133,8,295000,5,2360000,118000,2242000
OD002416,ORD001559,PROD0138,9,190000,5,1710000,85500,1624500
OD002417,ORD001560,PROD0075,6,135000,5,810000,40500,769500
OD002418,ORD001561,PROD0106,6,140000,5,840000,42000,798000
OD002419,ORD001562,PROD0121,4,160000,5,640000,32000,608000
OD002420,ORD001563,PROD0165,3,255000,10,765000,76500,688500
OD002421,ORD001563,PROD0149,1,225000,0,225000,0,225000
OD002422,ORD001563,PROD0065,5,110000,0,550000,0,550000
OD002423,ORD001564,PROD0086,6,148000,2,888000,17760,870240
OD002424,ORD001565,PROD0074,1,132000,5,132000,6600,125400
OD002425,ORD001566,PROD0198,4,26819,5,107276,5363.8,101912.2
OD002426,ORD001567,PROD0042,6,98000,5,588000,29400,558600
OD002427,ORD001568,PROD0117,3,175000,5,525000,26250,498750
OD002428,ORD001569,PROD0052,6,105000,5,630000,31500,598500
OD002429,ORD001569,PROD0027,5,92000,10,460000,46000,414000
OD002430,ORD001570,PROD0028,10,95000,0,950000,0,950000
OD002431,ORD001570,PROD0005,2,60000,15,120000,18000,102000
OD002432,ORD001571,PROD0171,1,255000,5,255000,12750,242250
OD002433,ORD001572,PROD0167,4,295000,0,1180000,0,1180000
OD002434,ORD001573,PROD0001,9,50000,0,450000,0,450000
OD002435,ORD001574,PROD0054,10,115000,5,1150000,57500,1092500
OD002436,ORD001575,PROD0085,7,145000,5,1015000,50750,964250
OD002437,ORD001576,PROD0031,7,100000,5,700000,35000,665000
OD002438,ORD001577,PROD0073,8,128000,2,1024000,20480,1003520
OD002439,ORD001578,PROD0185,10,232339,0,2323390,0,2323390
OD002440,ORD001579,PROD0078,10,140000,5,1400000,70000,1330000
OD002441,ORD001579,PROD0102,7,143000,10,1001000,100100,900900
OD002442,ORD001580,PROD0169,4,220000,2,880000,17600,862400
OD002443,ORD001581,PROD0001,1,50000,5,50000,2500,47500
OD002444,ORD001581,PROD0165,2,255000,0,510000,0,510000
OD002445,ORD001581,PROD0091,7,148000,2,1036000,20720,1015280
OD002446,ORD001582,PROD0133,1,295000,7,295000,20650,274350
OD002447,ORD001583,PROD0192,9,135661,10,1220949,122094.9,1098854.1
OD002448,ORD001583,PROD0138,5,190000,5,950000,47500,902500
OD002449,ORD001584,PROD0061,10,155000,5,1550000,77500,1472500
OD002450,ORD001584,PROD0161,9,195000,0,1755000,0,1755000
OD002451,ORD001585,PROD0048,6,122200,0,733200,0,733200
OD002452,ORD001585,PROD0078,5,140000,5,700000,35000,665000
OD002453,ORD001586,PROD0130,2,250000,7,500000,35000,465000
OD002454,ORD001586,PROD0091,10,148000,0,1480000,0,1480000
OD002455,ORD001587,PROD0171,7,255000,15,1785000,267750,1517250
OD002456,ORD001588,PROD0049,5,95000,15,475000,71250,403750
OD002457,ORD001589,PROD0129,2,235000,0,470000,0,470000
OD002458,ORD001589,PROD0048,9,122200,0,1099800,0,1099800
OD002459,ORD001589,PROD0119,1,185000,2,185000,3700,181300
OD002460,ORD001590,PROD0187,7,225148,15,1576036,236405.4,1339630.6
OD002461,ORD001591,PROD0195,3,160472,2,481416,9628.32,471787.68
OD002462,ORD001591,PROD0153,7,195000,2,1365000,27300,1337700
OD002463,ORD001592,PROD0127,1,225000,10,225000,22500,202500
OD002464,ORD001592,PROD0091,9,148000,0,1332000,0,1332000
OD002465,ORD001593,PROD0063,5,140000,15,700000,105000,595000
OD002466,ORD001594,PROD0008,5,70000,7,350000,24500,325500
OD002467,ORD001594,PROD0102,10,143000,2,1430000,28600,1401400
OD002468,ORD001595,PROD0149,2,225000,7,450000,31500,418500
OD002469,ORD001596,PROD0168,7,320000,7,2240000,156800,2083200
OD002470,ORD001597,PROD0190,6,309979,5,1859874,92993.7,1766880.3
OD002471,ORD001597,PROD0037,7,105000,7,735000,51450,683550
OD002472,ORD001598,PROD0186,7,265147,5,1856029,92801.45,1763227.55
OD002473,ORD001598,PROD0056,9,125000,10,1125000,112500,1012500
OD002474,ORD001599,PROD0143,4,285000,7,1140000,79800,1060200
OD002475,ORD001600,PROD0150,3,255000,10,765000,76500,688500
OD002476,ORD001601,PROD0130,7,250000,7,1750000,122500,1627500
OD002477,ORD001601,PROD0084,6,140000,10,840000,84000,756000
OD002478,ORD001602,PROD0025,10,82000,0,820000,0,820000
OD002479,ORD001602,PROD0101,8,138000,0,1104000,0,1104000
OD002480,ORD001603,PROD0018,3,94000,5,282000,14100,267900
OD002481,ORD001603,PROD0126,4,210000,0,840000,0,840000
OD002482,ORD001604,PROD0054,7,115000,10,805000,80500,724500
OD002483,ORD001605,PROD0039,4,115000,0,460000,0,460000
OD002484,ORD001606,PROD0113,10,150000,5,1500000,75000,1425000
OD002485,ORD001607,PROD0050,8,98000,5,784000,39200,744800
OD002486,ORD001608,PROD0183,4,324367,10,1297468,129746.8,1167721.2
OD002487,ORD001608,PROD0020,9,95000,0,855000,0,855000
OD002488,ORD001609,PROD0175,7,435000,15,3045000,456750,2588250
OD002489,ORD001610,PROD0155,4,220000,0,880000,0,880000
OD002490,ORD001611,PROD0062,5,170000,0,850000,0,850000
OD002491,ORD001611,PROD0114,7,155500,0,1088500,0,1088500
OD002492,ORD001612,PROD0074,3,132000,10,396000,39600,356400
OD002493,ORD001613,PROD0048,7,122200,0,855400,0,855400
OD002494,ORD001613,PROD0063,4,140000,0,560000,0,560000
OD002495,ORD001614,PROD0069,10,125000,0,1250000,0,1250000
OD002496,ORD001615,PROD0107,6,142000,5,852000,42600,809400
OD002497,ORD001616,PROD0116,8,162000,2,1296000,25920,1270080
OD002498,ORD001616,PROD0162,6,210000,0,1260000,0,1260000
OD002499,ORD001617,PROD0115,2,158000,2,316000,6320,309680
OD002500,ORD001617,PROD0157,7,250000,5,1750000,87500,1662500
OD002501,ORD001618,PROD0185,7,232339,2,1626373,32527.46,1593845.54
OD002502,ORD001618,PROD0178,2,115000,5,230000,11500,218500
OD002503,ORD001619,PROD0082,10,138000,15,1380000,207000,1173000
OD002504,ORD001620,PROD0105,1,135000,7,135000,9450,125550
OD002505,ORD001621,PROD0162,4,210000,7,840000,58800,781200
OD002506,ORD001621,PROD0132,2,285000,0,570000,0,570000
OD002507,ORD001622,PROD0027,8,92000,5,736000,36800,699200
OD002508,ORD001622,PROD0191,5,100130,2,500650,10013,490637
OD002509,ORD001623,PROD0154,6,200000,5,1200000,60000,1140000
OD002510,ORD001624,PROD0136,9,380000,0,3420000,0,3420000
OD002511,ORD001625,PROD0198,5,26819,5,134095,6704.75,127390.25
OD002512,ORD001626,PROD0034,5,98000,5,490000,24500,465500
OD002513,ORD001627,PROD0178,6,115000,5,690000,34500,655500
OD002514,ORD001627,PROD0066,10,114500,0,1145000,0,1145000
OD002515,ORD001627,PROD0163,5,225000,0,1125000,0,1125000
OD002516,ORD001628,PROD0016,3,80000,2,240000,4800,235200
OD002517,ORD001629,PROD0112,4,170000,5,680000,34000,646000
OD002518,ORD001630,PROD0023,6,98000,2,588000,11760,576240
OD002519,ORD001630,PROD0190,8,309979,7,2479832,173588.24,2306243.76
OD002520,ORD001631,PROD0099,9,134000,5,1206000,60300,1145700
OD002521,ORD001631,PROD0171,6,255000,0,1530000,0,1530000
OD002522,ORD001631,PROD0148,5,210000,0,1050000,0,1050000
OD002523,ORD001632,PROD0097,10,130000,5,1300000,65000,1235000
OD002524,ORD001632,PROD0038,7,111000,5,777000,38850,738150
OD002525,ORD001633,PROD0094,1,158000,2,158000,3160,154840
OD002526,ORD001633,PROD0065,7,110000,0,770000,0,770000
OD002527,ORD001634,PROD0051,8,102500,10,820000,82000,738000
OD002528,ORD001634,PROD0068,8,120000,2,960000,19200,940800
OD002529,ORD001634,PROD0046,2,115000,0,230000,0,230000
OD002530,ORD001635,PROD0169,6,220000,7,1320000,92400,1227600
OD002531,ORD001636,PROD0182,8,295189,0,2361512,0,2361512
OD002532,ORD001636,PROD0037,10,105000,0,1050000,0,1050000
OD002533,ORD001637,PROD0043,9,98000,10,882000,88200,793800
OD002534,ORD001638,PROD0007,8,70000,10,560000,56000,504000
OD002535,ORD001639,PROD0084,8,140000,5,1120000,56000,1064000
OD002536,ORD001640,PROD0125,4,195000,5,780000,39000,741000
OD002537,ORD001641,PROD0053,6,108000,2,648000,12960,635040
OD002538,ORD001641,PROD0106,1,140000,5,140000,7000,133000
OD002539,ORD001642,PROD0068,2,120000,7,240000,16800,223200
OD002540,ORD001642,PROD0001,3,50000,7,150000,10500,139500
OD002541,ORD001643,PROD0048,10,122200,0,1222000,0,1222000
OD002542,ORD001644,PROD0153,3,195000,0,585000,0,585000
OD002543,ORD001644,PROD0177,4,120000,7,480000,33600,446400
OD002544,ORD001645,PROD0085,9,145000,5,1305000,65250,1239750
OD002545,ORD001645,PROD0117,1,175000,15,175000,26250,148750
OD002546,ORD001646,PROD0110,2,155000,0,310000,0,310000
OD002547,ORD001647,PROD0061,1,155000,15,155000,23250,131750
OD002548,ORD001647,PROD0135,6,350000,0,2100000,0,2100000
OD002549,ORD001648,PROD0082,8,138000,0,1104000,0,1104000
OD002550,ORD001649,PROD0011,10,75000,10,750000,75000,675000
OD002551,ORD001650,PROD0078,9,140000,5,1260000,63000,1197000
OD002552,ORD001651,PROD0035,8,98000,0,784000,0,784000
OD002553,ORD001651,PROD0096,9,165000,5,1485000,74250,1410750
OD002554,ORD001651,PROD0093,10,155000,2,1550000,31000,1519000
OD002555,ORD001652,PROD0094,6,158000,15,948000,142200,805800
OD002556,ORD001653,PROD0035,2,98000,7,196000,13720,182280
OD002557,ORD001654,PROD0190,7,309979,5,2169853,108492.65,2061360.35
OD002558,ORD001654,PROD0024,4,98000,2,392000,7840,384160
OD002559,ORD001655,PROD0059,10,135000,0,1350000,0,1350000
OD002560,ORD001655,PROD0065,6,110000,7,660000,46200,613800
OD002561,ORD001656,PROD0092,7,150000,0,1050000,0,1050000
OD002562,ORD001656,PROD0086,6,148000,0,888000,0,888000
OD002563,ORD001656,PROD0198,4,26819,5,107276,5363.8,101912.2
OD002564,ORD001657,PROD0170,10,245000,7,2450000,171500,2278500
OD002565,ORD001658,PROD0011,10,75000,2,750000,15000,735000
OD002566,ORD001658,PROD0119,9,185000,5,1665000,83250,1581750
OD002567,ORD001659,PROD0104,10,155000,15,1550000,232500,1317500
OD002568,ORD001659,PROD0186,1,265147,0,265147,0,265147
OD002569,ORD001660,PROD0069,7,125000,0,875000,0,875000
OD002570,ORD001661,PROD0092,5,150000,0,750000,0,750000
OD002571,ORD001661,PROD0186,6,265147,2,1590882,31817.64,1559064.36
OD002572,ORD001662,PROD0095,5,162000,7,810000,56700,753300
OD002573,ORD001663,PROD0122,10,165000,2,1650000,33000,1617000
OD002574,ORD001663,PROD0063,9,140000,5,1260000,63000,1197000
OD002575,ORD001664,PROD0157,8,250000,5,2000000,100000,1900000
OD002576,ORD001665,PROD0017,7,90000,5,630000,31500,598500
OD002577,ORD001666,PROD0196,2,332371,0,664742,0,664742
OD002578,ORD001666,PROD0035,2,98000,0,196000,0,196000
OD002579,ORD001666,PROD0116,10,162000,0,1620000,0,1620000
OD002580,ORD001667,PROD0014,1,80000,0,80000,0,80000
OD002581,ORD001667,PROD0020,8,95000,0,760000,0,760000
OD002582,ORD001667,PROD0141,6,235000,0,1410000,0,1410000
OD002583,ORD001668,PROD0158,8,265000,5,2120000,106000,2014000
OD002584,ORD001669,PROD0070,10,126000,5,1260000,63000,1197000
OD002585,ORD001669,PROD0012,5,75000,0,375000,0,375000
OD002586,ORD001670,PROD0007,6,70000,0,420000,0,420000
OD002587,ORD001670,PROD0187,1,225148,0,225148,0,225148
OD002588,ORD001670,PROD0151,4,265000,5,1060000,53000,1007000
OD002589,ORD001671,PROD0078,3,140000,5,420000,21000,399000
OD002590,ORD001672,PROD0051,9,102500,5,922500,46125,876375
OD002591,ORD001672,PROD0141,4,235000,2,940000,18800,921200
OD002592,ORD001673,PROD0179,4,65000,0,260000,0,260000
OD002593,ORD001674,PROD0132,5,285000,10,1425000,142500,1282500
OD002594,ORD001674,PROD0165,6,255000,0,1530000,0,1530000
OD002595,ORD001675,PROD0171,8,255000,2,2040000,40800,1999200
OD002596,ORD001676,PROD0061,10,155000,5,1550000,77500,1472500
OD002597,ORD001676,PROD0147,5,195000,5,975000,48750,926250
OD002598,ORD001677,PROD0048,7,122200,5,855400,42770,812630
OD002599,ORD001678,PROD0045,4,110000,7,440000,30800,409200
OD002600,ORD001679,PROD0199,6,63002,5,378012,18900.6,359111.4
OD002601,ORD001679,PROD0066,3,114500,10,343500,34350,309150
OD002602,ORD001680,PROD0164,3,235000,0,705000,0,705000
OD002603,ORD001681,PROD0070,8,126000,5,1008000,50400,957600
OD002604,ORD001681,PROD0186,7,265147,0,1856029,0,1856029
OD002605,ORD001681,PROD0056,8,125000,5,1000000,50000,950000
OD002606,ORD001682,PROD0004,8,60000,2,480000,9600,470400
OD002607,ORD001683,PROD0093,4,155000,5,620000,31000,589000
OD002608,ORD001684,PROD0120,8,190000,7,1520000,106400,1413600
OD002609,ORD001684,PROD0077,3,138000,2,414000,8280,405720
OD002610,ORD001685,PROD0054,1,115000,5,115000,5750,109250
OD002611,ORD001686,PROD0166,3,267000,7,801000,56070,744930
OD002612,ORD001686,PROD0075,7,135000,10,945000,94500,850500
OD002613,ORD001687,PROD0141,7,235000,0,1645000,0,1645000
OD002614,ORD001688,PROD0019,8,95000,5,760000,38000,722000
OD002615,ORD001688,PROD0175,8,435000,10,3480000,348000,3132000
OD002616,ORD001689,PROD0150,3,255000,0,765000,0,765000
OD002617,ORD001689,PROD0034,8,98000,5,784000,39200,744800
OD002618,ORD001690,PROD0106,5,140000,0,700000,0,700000
OD002619,ORD001691,PROD0150,9,255000,7,2295000,160650,2134350
OD002620,ORD001692,PROD0159,1,285000,7,285000,19950,265050
OD002621,ORD001693,PROD0085,8,145000,15,1160000,174000,986000
OD002622,ORD001693,PROD0024,7,98000,5,686000,34300,651700
OD002623,ORD001693,PROD0012,5,75000,5,375000,18750,356250
OD002624,ORD001694,PROD0200,9,120944,5,1088496,54424.8,1034071.2
OD002625,ORD001695,PROD0022,3,95000,7,285000,19950,265050
OD002626,ORD001696,PROD0070,4,126000,7,504000,35280,468720
OD002627,ORD001697,PROD0172,4,277000,0,1108000,0,1108000
OD002628,ORD001697,PROD0191,5,100130,0,500650,0,500650
OD002629,ORD001698,PROD0095,3,162000,5,486000,24300,461700
OD002630,ORD001699,PROD0136,7,380000,0,2660000,0,2660000
OD002631,ORD001700,PROD0103,1,148000,5,148000,7400,140600
OD002632,ORD001700,PROD0022,1,95000,10,95000,9500,85500
OD002633,ORD001701,PROD0099,2,134000,2,268000,5360,262640
OD002634,ORD001701,PROD0157,5,250000,0,1250000,0,1250000
OD002635,ORD001701,PROD0126,1,210000,10,210000,21000,189000
OD002636,ORD001702,PROD0113,7,150000,5,1050000,52500,997500
OD002637,ORD001702,PROD0167,2,295000,10,590000,59000,531000
OD002638,ORD001703,PROD0038,8,111000,0,888000,0,888000
OD002639,ORD001703,PROD0114,9,155500,0,1399500,0,1399500
OD002640,ORD001704,PROD0038,9,111000,0,999000,0,999000
OD002641,ORD001705,PROD0013,6,80000,2,480000,9600,470400
OD002642,ORD001706,PROD0191,6,100130,10,600780,60078,540702
OD002643,ORD001707,PROD0156,4,225000,5,900000,45000,855000
OD002644,ORD001707,PROD0200,2,120944,0,241888,0,241888
OD002645,ORD001708,PROD0092,3,150000,0,450000,0,450000
OD002646,ORD001709,PROD0116,3,162000,7,486000,34020,451980
OD002647,ORD001710,PROD0013,6,80000,0,480000,0,480000
OD002648,ORD001710,PROD0038,1,111000,0,111000,0,111000
OD002649,ORD001711,PROD0017,10,90000,5,900000,45000,855000
OD002650,ORD001711,PROD0069,2,125000,0,250000,0,250000
OD002651,ORD001712,PROD0082,4,138000,5,552000,27600,524400
OD002652,ORD001713,PROD0043,4,98000,2,392000,7840,384160
OD002653,ORD001713,PROD0156,9,225000,2,2025000,40500,1984500
OD002654,ORD001714,PROD0122,7,165000,0,1155000,0,1155000
OD002655,ORD001715,PROD0087,10,150000,2,1500000,30000,1470000
OD002656,ORD001715,PROD0081,10,135000,0,1350000,0,1350000
OD002657,ORD001716,PROD0114,8,155500,15,1244000,186600,1057400
OD002658,ORD001716,PROD0076,2,135000,2,270000,5400,264600
OD002659,ORD001716,PROD0155,6,220000,7,1320000,92400,1227600
OD002660,ORD001717,PROD0161,6,195000,0,1170000,0,1170000
OD002661,ORD001718,PROD0037,4,105000,0,420000,0,420000
OD002662,ORD001718,PROD0193,1,348268,5,348268,17413.4,330854.6
OD002663,ORD001719,PROD0092,1,150000,7,150000,10500,139500
OD002664,ORD001719,PROD0040,4,115000,0,460000,0,460000
OD002665,ORD001720,PROD0171,8,255000,0,2040000,0,2040000
OD002666,ORD001720,PROD0083,2,138000,7,276000,19320,256680
OD002667,ORD001720,PROD0030,10,100000,2,1000000,20000,980000
OD002668,ORD001721,PROD0108,3,145000,10,435000,43500,391500
OD002669,ORD001722,PROD0082,7,138000,0,966000,0,966000
OD002670,ORD001723,PROD0050,1,98000,7,98000,6860,91140
OD002671,ORD001724,PROD0146,1,185000,5,185000,9250,175750
OD002672,ORD001724,PROD0081,6,135000,0,810000,0,810000
OD002673,ORD001725,PROD0106,2,140000,0,280000,0,280000
OD002674,ORD001726,PROD0012,7,75000,10,525000,52500,472500
OD002675,ORD001727,PROD0074,4,132000,0,528000,0,528000
OD002676,ORD001727,PROD0009,3,75000,0,225000,0,225000
OD002677,ORD001727,PROD0057,10,135000,0,1350000,0,1350000
OD002678,ORD001728,PROD0158,4,265000,2,1060000,21200,1038800
OD002679,ORD001729,PROD0186,1,265147,5,265147,13257.35,251889.65
OD002680,ORD001730,PROD0068,2,120000,5,240000,12000,228000
OD002681,ORD001730,PROD0140,4,225000,10,900000,90000,810000
OD002682,ORD001731,PROD0142,5,265000,0,1325000,0,1325000
OD002683,ORD001732,PROD0157,6,250000,7,1500000,105000,1395000
OD002684,ORD001733,PROD0017,5,90000,10,450000,45000,405000
OD002685,ORD001734,PROD0060,2,150000,0,300000,0,300000
OD002686,ORD001735,PROD0135,3,350000,7,1050000,73500,976500
OD002687,ORD001736,PROD0060,2,150000,0,300000,0,300000
OD002688,ORD001736,PROD0131,6,280000,2,1680000,33600,1646400
OD002689,ORD001737,PROD0180,1,142869,0,142869,0,142869
OD002690,ORD001738,PROD0165,8,255000,0,2040000,0,2040000
OD002691,ORD001739,PROD0098,6,132000,0,792000,0,792000
OD002692,ORD001739,PROD0041,3,95000,0,285000,0,285000
OD002693,ORD001739,PROD0064,3,150000,0,450000,0,450000
OD002694,ORD001740,PROD0111,1,16000,10,16000,1600,14400
OD002695,ORD001740,PROD0150,1,255000,10,255000,25500,229500
OD002696,ORD001741,PROD0181,7,90661,5,634627,31731.35,602895.65
OD002697,ORD001741,PROD0169,6,220000,2,1320000,26400,1293600
OD002698,ORD001742,PROD0044,2,105000,15,210000,31500,178500
OD002699,ORD001742,PROD0023,8,98000,15,784000,117600,666400
OD002700,ORD001742,PROD0025,10,82000,7,820000,57400,762600
OD002701,ORD001743,PROD0044,7,105000,5,735000,36750,698250
OD002702,ORD001744,PROD0069,9,125000,2,1125000,22500,1102500
OD002703,ORD001744,PROD0009,7,75000,10,525000,52500,472500
OD002704,ORD001745,PROD0194,10,285723,5,2857230,142861.5,2714368.5
OD002705,ORD001745,PROD0070,6,126000,5,756000,37800,718200
OD002706,ORD001745,PROD0032,9,105000,0,945000,0,945000
OD002707,ORD001746,PROD0107,8,142000,0,1136000,0,1136000
OD002708,ORD001746,PROD0024,4,98000,15,392000,58800,333200
OD002709,ORD001747,PROD0171,1,255000,5,255000,12750,242250
OD002710,ORD001748,PROD0200,5,120944,5,604720,30236,574484
OD002711,ORD001748,PROD0183,2,324367,0,648734,0,648734
OD002712,ORD001749,PROD0079,9,142000,2,1278000,25560,1252440
OD002713,ORD001750,PROD0128,8,250000,0,2000000,0,2000000
OD002714,ORD001751,PROD0030,9,100000,10,900000,90000,810000
OD002715,ORD001751,PROD0010,4,75000,5,300000,15000,285000
OD002716,ORD001752,PROD0112,6,170000,2,1020000,20400,999600
OD002717,ORD001753,PROD0150,3,255000,0,765000,0,765000
OD002718,ORD001754,PROD0003,5,60000,2,300000,6000,294000
OD002719,ORD001755,PROD0199,1,63002,2,63002,1260.04,61741.96
OD002720,ORD001756,PROD0086,4,148000,7,592000,41440,550560
OD002721,ORD001757,PROD0124,9,178000,10,1602000,160200,1441800
OD002722,ORD001757,PROD0008,7,70000,2,490000,9800,480200
OD002723,ORD001758,PROD0178,9,115000,2,1035000,20700,1014300
OD002724,ORD001758,PROD0114,8,155500,15,1244000,186600,1057400
OD002725,ORD001759,PROD0096,1,165000,2,165000,3300,161700
OD002726,ORD001759,PROD0125,5,195000,5,975000,48750,926250
OD002727,ORD001760,PROD0167,4,295000,0,1180000,0,1180000
OD002728,ORD001761,PROD0001,2,50000,2,100000,2000,98000
OD002729,ORD001762,PROD0010,3,75000,0,225000,0,225000
OD002730,ORD001762,PROD0103,1,148000,0,148000,0,148000
OD002731,ORD001762,PROD0157,3,250000,0,750000,0,750000
OD002732,ORD001763,PROD0189,7,235752,5,1650264,82513.2,1567750.8
OD002733,ORD001764,PROD0019,3,95000,0,285000,0,285000
OD002734,ORD001765,PROD0080,8,145000,7,1160000,81200,1078800
OD002735,ORD001765,PROD0157,3,250000,2,750000,15000,735000
OD002736,ORD001765,PROD0191,1,100130,0,100130,0,100130
OD002737,ORD001766,PROD0052,8,105000,2,840000,16800,823200
OD002738,ORD001767,PROD0193,2,348268,0,696536,0,696536
OD002739,ORD001768,PROD0162,10,210000,0,2100000,0,2100000
OD002740,ORD001769,PROD0049,5,95000,0,475000,0,475000
OD002741,ORD001769,PROD0164,1,235000,7,235000,16450,218550
OD002742,ORD001770,PROD0116,3,162000,2,486000,9720,476280
OD002743,ORD001771,PROD0169,4,220000,0,880000,0,880000
OD002744,ORD001771,PROD0167,5,295000,5,1475000,73750,1401250
OD002745,ORD001772,PROD0041,7,95000,0,665000,0,665000
OD002746,ORD001772,PROD0142,4,265000,7,1060000,74200,985800
OD002747,ORD001773,PROD0092,4,150000,15,600000,90000,510000
OD002748,ORD001773,PROD0153,10,195000,0,1950000,0,1950000
OD002749,ORD001774,PROD0028,2,95000,0,190000,0,190000
OD002750,ORD001775,PROD0053,8,108000,7,864000,60480,803520
OD002751,ORD001776,PROD0046,2,115000,5,230000,11500,218500
OD002752,ORD001776,PROD0184,3,79485,10,238455,23845.5,214609.5
OD002753,ORD001777,PROD0074,6,132000,5,792000,39600,752400
OD002754,ORD001777,PROD0048,1,122200,0,122200,0,122200
OD002755,ORD001777,PROD0147,2,195000,10,390000,39000,351000
OD002756,ORD001778,PROD0129,9,235000,0,2115000,0,2115000
OD002757,ORD001779,PROD0128,1,250000,0,250000,0,250000
OD002758,ORD001780,PROD0177,2,120000,10,240000,24000,216000
OD002759,ORD001780,PROD0182,8,295189,5,2361512,118075.6,2243436.4
OD002760,ORD001781,PROD0072,5,125000,2,625000,12500,612500
OD002761,ORD001781,PROD0193,4,348268,0,1393072,0,1393072
OD002762,ORD001782,PROD0111,9,16000,0,144000,0,144000
OD002763,ORD001782,PROD0178,9,115000,5,1035000,51750,983250
OD002764,ORD001782,PROD0139,2,210000,10,420000,42000,378000
OD002765,ORD001783,PROD0017,5,90000,5,450000,22500,427500
OD002766,ORD001783,PROD0186,10,265147,7,2651470,185602.9,2465867.1
OD002767,ORD001784,PROD0116,2,162000,5,324000,16200,307800
OD002768,ORD001785,PROD0090,5,145000,0,725000,0,725000
OD002769,ORD001785,PROD0069,2,125000,2,250000,5000,245000
OD002770,ORD001786,PROD0121,2,160000,0,320000,0,320000
OD002771,ORD001786,PROD0185,9,232339,0,2091051,0,2091051
OD002772,ORD001787,PROD0029,7,100000,0,700000,0,700000
OD002773,ORD001788,PROD0045,2,110000,10,220000,22000,198000
OD002774,ORD001789,PROD0014,4,80000,0,320000,0,320000
OD002775,ORD001790,PROD0040,4,115000,5,460000,23000,437000
OD002776,ORD001791,PROD0005,10,60000,10,600000,60000,540000
OD002777,ORD001791,PROD0043,4,98000,5,392000,19600,372400
OD002778,ORD001792,PROD0096,2,165000,0,330000,0,330000
OD002779,ORD001793,PROD0166,10,267000,5,2670000,133500,2536500
OD002780,ORD001793,PROD0110,1,155000,7,155000,10850,144150
OD002781,ORD001794,PROD0046,10,115000,2,1150000,23000,1127000
OD002782,ORD001795,PROD0018,4,94000,0,376000,0,376000
OD002783,ORD001796,PROD0178,7,115000,5,805000,40250,764750
OD002784,ORD001796,PROD0037,6,105000,2,630000,12600,617400
OD002785,ORD001797,PROD0154,3,200000,5,600000,30000,570000
OD002786,ORD001798,PROD0054,6,115000,0,690000,0,690000
OD002787,ORD001798,PROD0127,2,225000,10,450000,45000,405000
OD002788,ORD001799,PROD0179,6,65000,10,390000,39000,351000
OD002789,ORD001800,PROD0183,1,324367,2,324367,6487.34,317879.66
OD002790,ORD001800,PROD0020,3,95000,0,285000,0,285000
OD002791,ORD001801,PROD0103,1,148000,0,148000,0,148000
OD002792,ORD001801,PROD0098,7,132000,5,924000,46200,877800
OD002793,ORD001801,PROD0176,10,450000,0,4500000,0,4500000
OD002794,ORD001802,PROD0158,1,265000,5,265000,13250,251750
OD002795,ORD001803,PROD0029,7,100000,15,700000,105000,595000
OD002796,ORD001804,PROD0175,6,435000,0,2610000,0,2610000
OD002797,ORD001804,PROD0073,2,128000,0,256000,0,256000
OD002798,ORD001805,PROD0139,7,210000,0,1470000,0,1470000
OD002799,ORD001806,PROD0036,8,102000,2,816000,16320,799680
OD002800,ORD001807,PROD0054,10,115000,10,1150000,115000,1035000
OD002801,ORD001807,PROD0015,1,80000,0,80000,0,80000
OD002802,ORD001808,PROD0025,2,82000,5,164000,8200,155800
OD002803,ORD001809,PROD0187,6,225148,2,1350888,27017.76,1323870.24
OD002804,ORD001809,PROD0032,8,105000,2,840000,16800,823200
OD002805,ORD001810,PROD0125,2,195000,0,390000,0,390000
OD002806,ORD001811,PROD0155,4,220000,10,880000,88000,792000
OD002807,ORD001811,PROD0016,5,80000,10,400000,40000,360000
OD002808,ORD001812,PROD0060,7,150000,0,1050000,0,1050000
OD002809,ORD001812,PROD0097,3,130000,5,390000,19500,370500
OD002810,ORD001813,PROD0068,3,120000,2,360000,7200,352800
OD002811,ORD001814,PROD0177,2,120000,0,240000,0,240000
OD002812,ORD001814,PROD0036,3,102000,2,306000,6120,299880
OD002813,ORD001815,PROD0145,10,170000,0,1700000,0,1700000
OD002814,ORD001816,PROD0087,8,150000,7,1200000,84000,1116000
OD002815,ORD001817,PROD0078,10,140000,2,1400000,28000,1372000
OD002816,ORD001817,PROD0067,10,120000,7,1200000,84000,1116000
OD002817,ORD001818,PROD0136,5,380000,15,1900000,285000,1615000
OD002818,ORD001818,PROD0072,2,125000,2,250000,5000,245000
OD002819,ORD001819,PROD0126,8,210000,5,1680000,84000,1596000
OD002820,ORD001819,PROD0007,10,70000,15,700000,105000,595000
OD002821,ORD001820,PROD0055,3,120000,0,360000,0,360000
OD002822,ORD001820,PROD0093,8,155000,0,1240000,0,1240000
OD002823,ORD001821,PROD0044,4,105000,5,420000,21000,399000
OD002824,ORD001822,PROD0023,10,98000,5,980000,49000,931000
OD002825,ORD001822,PROD0045,3,110000,10,330000,33000,297000
OD002826,ORD001823,PROD0108,7,145000,5,1015000,50750,964250
OD002827,ORD001823,PROD0192,1,135661,2,135661,2713.22,132947.78
OD002828,ORD001824,PROD0134,10,310000,5,3100000,155000,2945000
OD002829,ORD001825,PROD0181,5,90661,2,453305,9066.1,444238.9
OD002830,ORD001826,PROD0110,5,155000,10,775000,77500,697500
OD002831,ORD001827,PROD0007,8,70000,5,560000,28000,532000
OD002832,ORD001828,PROD0030,3,100000,7,300000,21000,279000
OD002833,ORD001828,PROD0152,8,285000,0,2280000,0,2280000
OD002834,ORD001829,PROD0124,2,178000,10,356000,35600,320400
OD002835,ORD001830,PROD0169,5,220000,15,1100000,165000,935000
OD002836,ORD001830,PROD0083,4,138000,15,552000,82800,469200
OD002837,ORD001831,PROD0187,5,225148,15,1125740,168861,956879
OD002838,ORD001831,PROD0072,6,125000,5,750000,37500,712500
OD002839,ORD001831,PROD0169,7,220000,5,1540000,77000,1463000
OD002840,ORD001832,PROD0030,3,100000,0,300000,0,300000
OD002841,ORD001832,PROD0091,10,148000,0,1480000,0,1480000
OD002842,ORD001832,PROD0199,7,63002,7,441014,30870.98,410143.02
OD002843,ORD001833,PROD0160,2,310000,2,620000,12400,607600
OD002844,ORD001833,PROD0079,2,142000,5,284000,14200,269800
OD002845,ORD001834,PROD0180,5,142869,5,714345,35717.25,678627.75
OD002846,ORD001834,PROD0092,10,150000,5,1500000,75000,1425000
OD002847,ORD001835,PROD0189,10,235752,2,2357520,47150.4,2310369.6
OD002848,ORD001836,PROD0019,3,95000,10,285000,28500,256500
OD002849,ORD001836,PROD0166,6,267000,0,1602000,0,1602000
OD002850,ORD001837,PROD0136,4,380000,7,1520000,106400,1413600
OD002851,ORD001837,PROD0036,8,102000,0,816000,0,816000
OD002852,ORD001838,PROD0057,8,135000,10,1080000,108000,972000
OD002853,ORD001838,PROD0164,5,235000,7,1175000,82250,1092750
OD002854,ORD001838,PROD0149,4,225000,15,900000,135000,765000
OD002855,ORD001839,PROD0039,10,115000,0,1150000,0,1150000
OD002856,ORD001839,PROD0014,5,80000,7,400000,28000,372000
OD002857,ORD001840,PROD0064,9,150000,2,1350000,27000,1323000
OD002858,ORD001841,PROD0060,1,150000,0,150000,0,150000
OD002859,ORD001841,PROD0126,5,210000,0,1050000,0,1050000
OD002860,ORD001842,PROD0150,6,255000,7,1530000,107100,1422900
OD002861,ORD001842,PROD0056,1,125000,15,125000,18750,106250
OD002862,ORD001843,PROD0080,1,145000,5,145000,7250,137750
OD002863,ORD001844,PROD0038,6,111000,0,666000,0,666000
OD002864,ORD001844,PROD0007,8,70000,2,560000,11200,548800
OD002865,ORD001845,PROD0183,3,324367,0,973101,0,973101
OD002866,ORD001845,PROD0158,9,265000,0,2385000,0,2385000
OD002867,ORD001846,PROD0158,3,265000,7,795000,55650,739350
OD002868,ORD001846,PROD0194,1,285723,0,285723,0,285723
OD002869,ORD001847,PROD0009,5,75000,5,375000,18750,356250
OD002870,ORD001847,PROD0076,2,135000,2,270000,5400,264600
OD002871,ORD001847,PROD0149,5,225000,0,1125000,0,1125000
OD002872,ORD001848,PROD0125,1,195000,2,195000,3900,191100
OD002873,ORD001848,PROD0158,9,265000,0,2385000,0,2385000
OD002874,ORD001849,PROD0075,7,135000,5,945000,47250,897750
OD002875,ORD001849,PROD0019,1,95000,5,95000,4750,90250
OD002876,ORD001850,PROD0111,10,16000,10,160000,16000,144000
OD002877,ORD001851,PROD0148,3,210000,0,630000,0,630000
OD002878,ORD001852,PROD0148,6,210000,0,1260000,0,1260000
OD002879,ORD001853,PROD0036,7,102000,5,714000,35700,678300
OD002880,ORD001854,PROD0127,5,225000,7,1125000,78750,1046250
OD002881,ORD001854,PROD0127,7,225000,5,1575000,78750,1496250
OD002882,ORD001855,PROD0063,2,140000,15,280000,42000,238000
OD002883,ORD001855,PROD0053,4,108000,0,432000,0,432000
OD002884,ORD001856,PROD0040,7,115000,7,805000,56350,748650
OD002885,ORD001857,PROD0022,2,95000,5,190000,9500,180500
OD002886,ORD001858,PROD0109,4,150000,0,600000,0,600000
OD002887,ORD001858,PROD0063,3,140000,0,420000,0,420000
OD002888,ORD001858,PROD0132,2,285000,2,570000,11400,558600
OD002889,ORD001859,PROD0118,9,180000,2,1620000,32400,1587600
OD002890,ORD001860,PROD0115,10,158000,2,1580000,31600,1548400
OD002891,ORD001861,PROD0193,3,348268,7,1044804,73136.28,971667.72
OD002892,ORD001861,PROD0026,9,85000,0,765000,0,765000
OD002893,ORD001862,PROD0008,5,70000,7,350000,24500,325500
OD002894,ORD001862,PROD0072,3,125000,5,375000,18750,356250
OD002895,ORD001863,PROD0005,10,60000,0,600000,0,600000
OD002896,ORD001864,PROD0149,2,225000,5,450000,22500,427500
OD002897,ORD001865,PROD0075,2,135000,2,270000,5400,264600
OD002898,ORD001866,PROD0030,5,100000,0,500000,0,500000
OD002899,ORD001867,PROD0017,9,90000,5,810000,40500,769500
OD002900,ORD001868,PROD0177,3,120000,2,360000,7200,352800
OD002901,ORD001869,PROD0076,8,135000,0,1080000,0,1080000
OD002902,ORD001870,PROD0094,9,158000,5,1422000,71100,1350900
OD002903,ORD001871,PROD0034,5,98000,5,490000,24500,465500
OD002904,ORD001871,PROD0159,2,285000,7,570000,39900,530100
OD002905,ORD001872,PROD0148,10,210000,5,2100000,105000,1995000
OD002906,ORD001873,PROD0069,9,125000,5,1125000,56250,1068750
OD002907,ORD001874,PROD0171,1,255000,5,255000,12750,242250
OD002908,ORD001875,PROD0072,6,125000,10,750000,75000,675000
OD002909,ORD001876,PROD0181,9,90661,0,815949,0,815949
OD002910,ORD001876,PROD0194,6,285723,5,1714338,85716.9,1628621.1
OD002911,ORD001877,PROD0093,2,155000,0,310000,0,310000
OD002912,ORD001878,PROD0114,10,155500,0,1555000,0,1555000
OD002913,ORD001878,PROD0168,4,320000,7,1280000,89600,1190400
OD002914,ORD001878,PROD0021,1,95000,2,95000,1900,93100
OD002915,ORD001879,PROD0096,2,165000,0,330000,0,330000
OD002916,ORD001879,PROD0192,5,135661,5,678305,33915.25,644389.75
OD002917,ORD001880,PROD0041,5,95000,2,475000,9500,465500
OD002918,ORD001881,PROD0075,7,135000,10,945000,94500,850500
OD002919,ORD001881,PROD0171,2,255000,15,510000,76500,433500
OD002920,ORD001881,PROD0143,1,285000,0,285000,0,285000
OD002921,ORD001882,PROD0098,3,132000,10,396000,39600,356400
OD002922,ORD001883,PROD0026,1,85000,5,85000,4250,80750
OD002923,ORD001884,PROD0037,1,105000,5,105000,5250,99750
OD002924,ORD001885,PROD0172,7,277000,0,1939000,0,1939000
OD002925,ORD001885,PROD0102,4,143000,10,572000,57200,514800
OD002926,ORD001886,PROD0192,2,135661,5,271322,13566.1,257755.9
OD002927,ORD001886,PROD0021,2,95000,15,190000,28500,161500
OD002928,ORD001887,PROD0077,8,138000,7,1104000,77280,1026720
OD002929,ORD001887,PROD0019,7,95000,5,665000,33250,631750
OD002930,ORD001888,PROD0029,1,100000,10,100000,10000,90000
OD002931,ORD001888,PROD0003,7,60000,2,420000,8400,411600
OD002932,ORD001888,PROD0112,7,170000,10,1190000,119000,1071000
OD002933,ORD001889,PROD0048,7,122200,0,855400,0,855400
OD002934,ORD001889,PROD0033,8,98000,2,784000,15680,768320
OD002935,ORD001889,PROD0177,7,120000,10,840000,84000,756000
OD002936,ORD001890,PROD0089,8,140000,0,1120000,0,1120000
OD002937,ORD001891,PROD0109,2,150000,10,300000,30000,270000
OD002938,ORD001891,PROD0125,10,195000,0,1950000,0,1950000
OD002939,ORD001891,PROD0087,3,150000,5,450000,22500,427500
OD002940,ORD001892,PROD0028,8,95000,5,760000,38000,722000
OD002941,ORD001893,PROD0098,8,132000,0,1056000,0,1056000
OD002942,ORD001893,PROD0190,5,309979,10,1549895,154989.5,1394905.5
OD002943,ORD001893,PROD0138,5,190000,0,950000,0,950000
OD002944,ORD001894,PROD0142,9,265000,10,2385000,238500,2146500
OD002945,ORD001895,PROD0114,7,155500,15,1088500,163275,925225
OD002946,ORD001896,PROD0073,3,128000,5,384000,19200,364800
OD002947,ORD001897,PROD0094,1,158000,10,158000,15800,142200
OD002948,ORD001898,PROD0084,2,140000,5,280000,14000,266000
OD002949,ORD001898,PROD0117,4,175000,15,700000,105000,595000
OD002950,ORD001899,PROD0170,7,245000,7,1715000,120050,1594950
OD002951,ORD001900,PROD0003,5,60000,5,300000,15000,285000
OD002952,ORD001901,PROD0096,8,165000,15,1320000,198000,1122000
OD002953,ORD001901,PROD0054,7,115000,5,805000,40250,764750
OD002954,ORD001901,PROD0198,8,26819,5,214552,10727.6,203824.4
OD002955,ORD001902,PROD0030,10,100000,10,1000000,100000,900000
OD002956,ORD001902,PROD0013,1,80000,5,80000,4000,76000
OD002957,ORD001903,PROD0141,6,235000,0,1410000,0,1410000
OD002958,ORD001903,PROD0055,4,120000,2,480000,9600,470400
OD002959,ORD001904,PROD0044,8,105000,5,840000,42000,798000
OD002960,ORD001904,PROD0104,9,155000,0,1395000,0,1395000
OD002961,ORD001904,PROD0186,7,265147,5,1856029,92801.45,1763227.55
OD002962,ORD001905,PROD0028,8,95000,0,760000,0,760000
OD002963,ORD001906,PROD0108,10,145000,0,1450000,0,1450000
OD002964,ORD001907,PROD0072,6,125000,10,750000,75000,675000
OD002965,ORD001908,PROD0038,9,111000,0,999000,0,999000
OD002966,ORD001909,PROD0104,2,155000,10,310000,31000,279000
OD002967,ORD001910,PROD0193,3,348268,5,1044804,52240.2,992563.8
OD002968,ORD001910,PROD0053,10,108000,10,1080000,108000,972000
OD002969,ORD001911,PROD0044,3,105000,7,315000,22050,292950
OD002970,ORD001912,PROD0033,1,98000,2,98000,1960,96040
OD002971,ORD001912,PROD0124,10,178000,0,1780000,0,1780000
OD002972,ORD001913,PROD0054,4,115000,10,460000,46000,414000
OD002973,ORD001913,PROD0119,6,185000,7,1110000,77700,1032300
OD002974,ORD001914,PROD0017,8,90000,0,720000,0,720000
OD002975,ORD001915,PROD0141,5,235000,10,1175000,117500,1057500
OD002976,ORD001916,PROD0040,1,115000,5,115000,5750,109250
OD002977,ORD001917,PROD0018,8,94000,0,752000,0,752000
OD002978,ORD001917,PROD0013,7,80000,0,560000,0,560000
OD002979,ORD001918,PROD0159,3,285000,10,855000,85500,769500
OD002980,ORD001919,PROD0191,7,100130,2,700910,14018.2,686891.8
OD002981,ORD001919,PROD0084,9,140000,7,1260000,88200,1171800
OD002982,ORD001920,PROD0033,10,98000,2,980000,19600,960400
OD002983,ORD001921,PROD0165,6,255000,0,1530000,0,1530000
OD002984,ORD001921,PROD0001,1,50000,0,50000,0,50000
OD002985,ORD001922,PROD0064,9,150000,10,1350000,135000,1215000
OD002986,ORD001923,PROD0192,5,135661,0,678305,0,678305
OD002987,ORD001924,PROD0079,7,142000,10,994000,99400,894600
OD002988,ORD001925,PROD0152,9,285000,0,2565000,0,2565000
OD002989,ORD001925,PROD0073,3,128000,15,384000,57600,326400
OD002990,ORD001926,PROD0054,1,115000,0,115000,0,115000
OD002991,ORD001927,PROD0064,10,150000,5,1500000,75000,1425000
OD002992,ORD001927,PROD0176,2,450000,0,900000,0,900000
OD002993,ORD001928,PROD0090,5,145000,0,725000,0,725000
OD002994,ORD001929,PROD0175,8,435000,10,3480000,348000,3132000
OD002995,ORD001929,PROD0199,8,63002,0,504016,0,504016
OD002996,ORD001929,PROD0149,2,225000,10,450000,45000,405000
OD002997,ORD001930,PROD0060,3,150000,5,450000,22500,427500
OD002998,ORD001930,PROD0119,7,185000,7,1295000,90650,1204350
OD002999,ORD001930,PROD0075,5,135000,2,675000,13500,661500
OD003000,ORD001931,PROD0117,6,175000,15,1050000,157500,892500
OD003001,ORD001932,PROD0142,8,265000,10,2120000,212000,1908000
OD003002,ORD001933,PROD0194,9,285723,10,2571507,257150.7,2314356.3
OD003003,ORD001933,PROD0157,7,250000,0,1750000,0,1750000
OD003004,ORD001934,PROD0094,2,158000,0,316000,0,316000
OD003005,ORD001935,PROD0174,10,325000,10,3250000,325000,2925000
OD003006,ORD001936,PROD0162,6,210000,5,1260000,63000,1197000
OD003007,ORD001937,PROD0058,8,145000,2,1160000,23200,1136800
OD003008,ORD001937,PROD0023,7,98000,5,686000,34300,651700
OD003009,ORD001938,PROD0084,4,140000,2,560000,11200,548800
OD003010,ORD001939,PROD0141,7,235000,5,1645000,82250,1562750
OD003011,ORD001939,PROD0049,9,95000,5,855000,42750,812250
OD003012,ORD001939,PROD0198,9,26819,5,241371,12068.55,229302.45
OD003013,ORD001940,PROD0195,10,160472,2,1604720,32094.4,1572625.6
OD003014,ORD001941,PROD0002,1,50000,2,50000,1000,49000
OD003015,ORD001942,PROD0080,10,145000,0,1450000,0,1450000
OD003016,ORD001943,PROD0052,4,105000,0,420000,0,420000
OD003017,ORD001943,PROD0174,10,325000,5,3250000,162500,3087500
OD003018,ORD001943,PROD0157,6,250000,15,1500000,225000,1275000
OD003019,ORD001944,PROD0135,7,350000,0,2450000,0,2450000
OD003020,ORD001944,PROD0147,8,195000,10,1560000,156000,1404000
OD003021,ORD001945,PROD0160,8,310000,5,2480000,124000,2356000
OD003022,ORD001946,PROD0147,4,195000,15,780000,117000,663000
OD003023,ORD001946,PROD0134,7,310000,2,2170000,43400,2126600
OD003024,ORD001947,PROD0197,6,221508,5,1329048,66452.4,1262595.6
OD003025,ORD001948,PROD0110,4,155000,5,620000,31000,589000
OD003026,ORD001949,PROD0020,1,95000,15,95000,14250,80750
OD003027,ORD001950,PROD0086,9,148000,0,1332000,0,1332000
OD003028,ORD001950,PROD0136,5,380000,0,1900000,0,1900000
OD003029,ORD001951,PROD0175,3,435000,10,1305000,130500,1174500
OD003030,ORD001952,PROD0129,4,235000,0,940000,0,940000
OD003031,ORD001952,PROD0057,5,135000,10,675000,67500,607500
OD003032,ORD001953,PROD0042,10,98000,0,980000,0,980000
OD003033,ORD001954,PROD0168,4,320000,0,1280000,0,1280000
OD003034,ORD001954,PROD0043,2,98000,2,196000,3920,192080
OD003035,ORD001954,PROD0006,2,65000,7,130000,9100,120900
OD003036,ORD001955,PROD0131,10,280000,5,2800000,140000,2660000
OD003037,ORD001955,PROD0105,8,135000,10,1080000,108000,972000
OD003038,ORD001955,PROD0131,1,280000,5,280000,14000,266000
OD003039,ORD001956,PROD0093,5,155000,5,775000,38750,736250
OD003040,ORD001957,PROD0121,3,160000,5,480000,24000,456000
OD003041,ORD001957,PROD0071,6,128000,2,768000,15360,752640
OD003042,ORD001958,PROD0093,7,155000,5,1085000,54250,1030750
OD003043,ORD001958,PROD0034,6,98000,15,588000,88200,499800
OD003044,ORD001959,PROD0138,5,190000,15,950000,142500,807500
OD003045,ORD001959,PROD0119,7,185000,0,1295000,0,1295000
OD003046,ORD001959,PROD0065,8,110000,5,880000,44000,836000
OD003047,ORD001960,PROD0115,2,158000,5,316000,15800,300200
OD003048,ORD001961,PROD0048,7,122200,7,855400,59878,795522
OD003049,ORD001962,PROD0147,6,195000,2,1170000,23400,1146600
OD003050,ORD001963,PROD0120,5,190000,15,950000,142500,807500
OD003051,ORD001963,PROD0131,3,280000,2,840000,16800,823200
OD003052,ORD001964,PROD0124,6,178000,0,1068000,0,1068000
OD003053,ORD001965,PROD0169,10,220000,7,2200000,154000,2046000
OD003054,ORD001966,PROD0163,5,225000,5,1125000,56250,1068750
OD003055,ORD001966,PROD0055,1,120000,10,120000,12000,108000
OD003056,ORD001967,PROD0084,3,140000,0,420000,0,420000
OD003057,ORD001967,PROD0110,10,155000,0,1550000,0,1550000
OD003058,ORD001968,PROD0153,9,195000,15,1755000,263250,1491750
OD003059,ORD001969,PROD0008,1,70000,2,70000,1400,68600
OD003060,ORD001970,PROD0184,9,79485,0,715365,0,715365
OD003061,ORD001971,PROD0064,2,150000,7,300000,21000,279000
OD003062,ORD001972,PROD0086,4,148000,15,592000,88800,503200
OD003063,ORD001973,PROD0053,10,108000,15,1080000,162000,918000
OD003064,ORD001974,PROD0109,7,150000,15,1050000,157500,892500
OD003065,ORD001975,PROD0055,7,120000,0,840000,0,840000
OD003066,ORD001975,PROD0183,3,324367,10,973101,97310.1,875790.9
OD003067,ORD001975,PROD0064,4,150000,0,600000,0,600000
OD003068,ORD001976,PROD0061,1,155000,2,155000,3100,151900
OD003069,ORD001977,PROD0004,6,60000,0,360000,0,360000
OD003070,ORD001978,PROD0145,5,170000,2,850000,17000,833000
OD003071,ORD001979,PROD0184,2,79485,0,158970,0,158970
OD003072,ORD001979,PROD0116,3,162000,10,486000,48600,437400
OD003073,ORD001980,PROD0182,1,295189,15,295189,44278.35,250910.65
OD003074,ORD001981,PROD0083,1,138000,0,138000,0,138000
OD003075,ORD001982,PROD0139,1,210000,0,210000,0,210000
OD003076,ORD001983,PROD0173,4,299000,0,1196000,0,1196000
OD003077,ORD001984,PROD0148,3,210000,5,630000,31500,598500
OD003078,ORD001985,PROD0032,2,105000,10,210000,21000,189000
OD003079,ORD001985,PROD0195,2,160472,7,320944,22466.08,298477.92
OD003080,ORD001986,PROD0008,10,70000,2,700000,14000,686000
OD003081,ORD001987,PROD0024,5,98000,15,490000,73500,416500
OD003082,ORD001987,PROD0042,6,98000,5,588000,29400,558600
OD003083,ORD001988,PROD0145,9,170000,7,1530000,107100,1422900
OD003084,ORD001989,PROD0176,10,450000,5,4500000,225000,4275000
OD003085,ORD001989,PROD0108,4,145000,5,580000,29000,551000
OD003086,ORD001990,PROD0069,8,125000,2,1000000,20000,980000
OD003087,ORD001990,PROD0092,4,150000,0,600000,0,600000
OD003088,ORD001990,PROD0137,3,165000,5,495000,24750,470250
OD003089,ORD001991,PROD0044,2,105000,0,210000,0,210000
OD003090,ORD001992,PROD0047,4,120000,5,480000,24000,456000
OD003091,ORD001992,PROD0059,10,135000,5,1350000,67500,1282500
OD003092,ORD001993,PROD0099,2,134000,5,268000,13400,254600
OD003093,ORD001994,PROD0148,2,210000,0,420000,0,420000
OD003094,ORD001994,PROD0105,3,135000,7,405000,28350,376650
OD003095,ORD001995,PROD0020,4,95000,0,380000,0,380000
OD003096,ORD001996,PROD0050,4,98000,0,392000,0,392000
OD003097,ORD001996,PROD0009,10,75000,2,750000,15000,735000
OD003098,ORD001996,PROD0078,10,140000,0,1400000,0,1400000
OD003099,ORD001997,PROD0102,5,143000,2,715000,14300,700700
OD003100,ORD001998,PROD0053,9,108000,7,972000,68040,903960
OD003101,ORD001999,PROD0009,4,75000,7,300000,21000,279000
OD003102,ORD002000,PROD0021,4,95000,5,380000,19000,361000
OD003103,ORD002001,PROD0139,8,210000,0,1680000,0,1680000
OD003104,ORD002001,PROD0087,9,150000,15,1350000,202500,1147500
OD003105,ORD002002,PROD0194,1,285723,10,285723,28572.3,257150.7
OD003106,ORD002002,PROD0113,6,150000,0,900000,0,900000
OD003107,ORD002003,PROD0062,4,170000,5,680000,34000,646000
OD003108,ORD002004,PROD0019,4,95000,15,380000,57000,323000
OD003109,ORD002004,PROD0148,6,210000,10,1260000,126000,1134000
OD003110,ORD002005,PROD0072,6,125000,2,750000,15000,735000
OD003111,ORD002006,PROD0120,10,190000,5,1900000,95000,1805000
OD003112,ORD002006,PROD0093,5,155000,5,775000,38750,736250
OD003113,ORD002007,PROD0017,10,90000,7,900000,63000,837000
OD003114,ORD002008,PROD0187,7,225148,15,1576036,236405.4,1339630.6
OD003115,ORD002009,PROD0024,7,98000,5,686000,34300,651700
OD003116,ORD002010,PROD0123,6,170000,0,1020000,0,1020000
OD003117,ORD002011,PROD0029,4,100000,7,400000,28000,372000
OD003118,ORD002011,PROD0189,6,235752,15,1414512,212176.8,1202335.2
OD003119,ORD002012,PROD0057,6,135000,10,810000,81000,729000
OD003120,ORD002012,PROD0105,2,135000,0,270000,0,270000
OD003121,ORD002012,PROD0016,10,80000,10,800000,80000,720000
OD003122,ORD002013,PROD0161,9,195000,0,1755000,0,1755000
OD003123,ORD002014,PROD0045,7,110000,15,770000,115500,654500
OD003124,ORD002015,PROD0020,7,95000,7,665000,46550,618450
OD003125,ORD002016,PROD0057,2,135000,0,270000,0,270000
OD003126,ORD002016,PROD0113,6,150000,0,900000,0,900000
OD003127,ORD002017,PROD0066,10,114500,0,1145000,0,1145000
OD003128,ORD002018,PROD0071,2,128000,0,256000,0,256000
OD003129,ORD002018,PROD0016,10,80000,0,800000,0,800000
OD003130,ORD002019,PROD0146,4,185000,10,740000,74000,666000
OD003131,ORD002019,PROD0069,3,125000,0,375000,0,375000
OD003132,ORD002020,PROD0176,10,450000,15,4500000,675000,3825000
OD003133,ORD002021,PROD0081,7,135000,0,945000,0,945000
OD003134,ORD002021,PROD0143,9,285000,5,2565000,128250,2436750
OD003135,ORD002021,PROD0063,9,140000,5,1260000,63000,1197000
OD003136,ORD002022,PROD0018,1,94000,2,94000,1880,92120
OD003137,ORD002023,PROD0128,3,250000,5,750000,37500,712500
OD003138,ORD002023,PROD0125,3,195000,7,585000,40950,544050
OD003139,ORD002024,PROD0196,10,332371,0,3323710,0,3323710
OD003140,ORD002025,PROD0149,6,225000,2,1350000,27000,1323000
OD003141,ORD002026,PROD0127,2,225000,7,450000,31500,418500
OD003142,ORD002027,PROD0006,7,65000,2,455000,9100,445900
OD003143,ORD002027,PROD0166,4,267000,0,1068000,0,1068000
OD003144,ORD002028,PROD0034,6,98000,0,588000,0,588000
OD003145,ORD002029,PROD0147,10,195000,5,1950000,97500,1852500
OD003146,ORD002029,PROD0137,3,165000,15,495000,74250,420750
OD003147,ORD002030,PROD0161,10,195000,0,1950000,0,1950000
OD003148,ORD002031,PROD0063,8,140000,5,1120000,56000,1064000
OD003149,ORD002032,PROD0100,1,135000,0,135000,0,135000
OD003150,ORD002032,PROD0013,4,80000,10,320000,32000,288000
OD003151,ORD002033,PROD0072,9,125000,10,1125000,112500,1012500
OD003152,ORD002034,PROD0178,9,115000,2,1035000,20700,1014300
OD003153,ORD002035,PROD0041,7,95000,0,665000,0,665000
OD003154,ORD002036,PROD0191,7,100130,5,700910,35045.5,665864.5
OD003155,ORD002037,PROD0011,9,75000,5,675000,33750,641250
OD003156,ORD002038,PROD0075,2,135000,5,270000,13500,256500
OD003157,ORD002039,PROD0076,5,135000,0,675000,0,675000
OD003158,ORD002039,PROD0199,4,63002,0,252008,0,252008
OD003159,ORD002040,PROD0109,10,150000,0,1500000,0,1500000
OD003160,ORD002040,PROD0172,8,277000,7,2216000,155120,2060880
OD003161,ORD002041,PROD0170,8,245000,5,1960000,98000,1862000
OD003162,ORD002042,PROD0112,1,170000,0,170000,0,170000
OD003163,ORD002042,PROD0145,8,170000,10,1360000,136000,1224000
OD003164,ORD002043,PROD0150,9,255000,10,2295000,229500,2065500
OD003165,ORD002044,PROD0101,5,138000,7,690000,48300,641700
OD003166,ORD002045,PROD0188,9,254957,5,2294613,114730.65,2179882.35
OD003167,ORD002046,PROD0087,4,150000,5,600000,30000,570000
OD003168,ORD002047,PROD0146,7,185000,5,1295000,64750,1230250
OD003169,ORD002048,PROD0071,3,128000,0,384000,0,384000
OD003170,ORD002049,PROD0068,6,120000,7,720000,50400,669600
OD003171,ORD002050,PROD0073,1,128000,5,128000,6400,121600
OD003172,ORD002051,PROD0039,2,115000,5,230000,11500,218500
OD003173,ORD002052,PROD0162,10,210000,5,2100000,105000,1995000
OD003174,ORD002053,PROD0087,8,150000,2,1200000,24000,1176000
OD003175,ORD002054,PROD0135,6,350000,7,2100000,147000,1953000
OD003176,ORD002054,PROD0038,5,111000,0,555000,0,555000
OD003177,ORD002055,PROD0138,6,190000,10,1140000,114000,1026000
OD003178,ORD002056,PROD0005,8,60000,15,480000,72000,408000
OD003179,ORD002057,PROD0130,4,250000,5,1000000,50000,950000
OD003180,ORD002058,PROD0092,4,150000,2,600000,12000,588000
OD003181,ORD002058,PROD0025,8,82000,0,656000,0,656000
OD003182,ORD002059,PROD0066,6,114500,10,687000,68700,618300
OD003183,ORD002059,PROD0009,5,75000,2,375000,7500,367500
OD003184,ORD002060,PROD0020,5,95000,7,475000,33250,441750
OD003185,ORD002060,PROD0163,9,225000,2,2025000,40500,1984500
OD003186,ORD002061,PROD0175,6,435000,10,2610000,261000,2349000
OD003187,ORD002062,PROD0166,1,267000,2,267000,5340,261660
OD003188,ORD002062,PROD0025,9,82000,5,738000,36900,701100
OD003189,ORD002063,PROD0117,3,175000,0,525000,0,525000
OD003190,ORD002064,PROD0127,1,225000,15,225000,33750,191250
OD003191,ORD002064,PROD0070,3,126000,5,378000,18900,359100
OD003192,ORD002065,PROD0114,2,155500,5,311000,15550,295450
OD003193,ORD002065,PROD0055,1,120000,0,120000,0,120000
OD003194,ORD002066,PROD0196,7,332371,5,2326597,116329.85,2210267.15
OD003195,ORD002067,PROD0050,7,98000,2,686000,13720,672280
OD003196,ORD002067,PROD0051,4,102500,2,410000,8200,401800
OD003197,ORD002067,PROD0154,8,200000,5,1600000,80000,1520000
OD003198,ORD002068,PROD0048,1,122200,5,122200,6110,116090
OD003199,ORD002069,PROD0181,5,90661,7,453305,31731.35,421573.65
OD003200,ORD002069,PROD0126,6,210000,2,1260000,25200,1234800
OD003201,ORD002069,PROD0181,8,90661,10,725288,72528.8,652759.2
OD003202,ORD002070,PROD0112,3,170000,0,510000,0,510000
OD003203,ORD002071,PROD0193,10,348268,5,3482680,174134,3308546
OD003204,ORD002072,PROD0163,4,225000,5,900000,45000,855000
OD003205,ORD002072,PROD0162,8,210000,15,1680000,252000,1428000
OD003206,ORD002073,PROD0035,2,98000,2,196000,3920,192080
OD003207,ORD002074,PROD0161,7,195000,5,1365000,68250,1296750
OD003208,ORD002074,PROD0061,6,155000,7,930000,65100,864900
OD003209,ORD002075,PROD0167,5,295000,10,1475000,147500,1327500
OD003210,ORD002076,PROD0002,3,50000,10,150000,15000,135000
OD003211,ORD002077,PROD0013,6,80000,2,480000,9600,470400
OD003212,ORD002078,PROD0145,5,170000,10,850000,85000,765000
OD003213,ORD002078,PROD0014,3,80000,15,240000,36000,204000
OD003214,ORD002078,PROD0066,6,114500,5,687000,34350,652650
OD003215,ORD002079,PROD0093,3,155000,5,465000,23250,441750
OD003216,ORD002079,PROD0048,7,122200,2,855400,17108,838292
OD003217,ORD002079,PROD0148,1,210000,0,210000,0,210000
OD003218,ORD002080,PROD0121,3,160000,0,480000,0,480000
OD003219,ORD002081,PROD0131,5,280000,0,1400000,0,1400000
OD003220,ORD002082,PROD0051,2,102500,5,205000,10250,194750
OD003221,ORD002083,PROD0005,3,60000,10,180000,18000,162000
OD003222,ORD002084,PROD0012,5,75000,0,375000,0,375000
OD003223,ORD002084,PROD0051,5,102500,0,512500,0,512500
OD003224,ORD002084,PROD0048,4,122200,0,488800,0,488800
OD003225,ORD002085,PROD0123,9,170000,7,1530000,107100,1422900
OD003226,ORD002085,PROD0170,6,245000,2,1470000,29400,1440600
OD003227,ORD002086,PROD0057,4,135000,7,540000,37800,502200
OD003228,ORD002086,PROD0120,6,190000,0,1140000,0,1140000
OD003229,ORD002087,PROD0184,4,79485,5,317940,15897,302043
OD003230,ORD002088,PROD0095,1,162000,7,162000,11340,150660
OD003231,ORD002088,PROD0042,5,98000,7,490000,34300,455700
OD003232,ORD002089,PROD0099,4,134000,5,536000,26800,509200
OD003233,ORD002089,PROD0013,5,80000,10,400000,40000,360000
OD003234,ORD002089,PROD0200,6,120944,0,725664,0,725664
OD003235,ORD002090,PROD0183,3,324367,5,973101,48655.05,924445.95
OD003236,ORD002090,PROD0007,5,70000,2,350000,7000,343000
OD003237,ORD002090,PROD0054,6,115000,15,690000,103500,586500
OD003238,ORD002091,PROD0033,3,98000,5,294000,14700,279300
OD003239,ORD002091,PROD0176,1,450000,5,450000,22500,427500
OD003240,ORD002092,PROD0174,2,325000,10,650000,65000,585000
OD003241,ORD002093,PROD0069,5,125000,0,625000,0,625000
OD003242,ORD002093,PROD0107,7,142000,2,994000,19880,974120
OD003243,ORD002093,PROD0130,7,250000,2,1750000,35000,1715000
OD003244,ORD002094,PROD0200,8,120944,0,967552,0,967552
OD003245,ORD002095,PROD0165,5,255000,5,1275000,63750,1211250
OD003246,ORD002096,PROD0137,9,165000,2,1485000,29700,1455300
OD003247,ORD002097,PROD0091,10,148000,0,1480000,0,1480000
OD003248,ORD002097,PROD0145,1,170000,0,170000,0,170000
OD003249,ORD002098,PROD0129,2,235000,0,470000,0,470000
OD003250,ORD002098,PROD0116,4,162000,2,648000,12960,635040
OD003251,ORD002099,PROD0043,5,98000,5,490000,24500,465500
OD003252,ORD002099,PROD0004,3,60000,0,180000,0,180000
OD003253,ORD002099,PROD0104,3,155000,10,465000,46500,418500
OD003254,ORD002100,PROD0182,1,295189,0,295189,0,295189
OD003255,ORD002100,PROD0199,10,63002,0,630020,0,630020
OD003256,ORD002100,PROD0105,8,135000,2,1080000,21600,1058400
OD003257,ORD002101,PROD0194,2,285723,0,571446,0,571446
OD003258,ORD002101,PROD0002,5,50000,15,250000,37500,212500
OD003259,ORD002102,PROD0165,6,255000,7,1530000,107100,1422900
OD003260,ORD002102,PROD0042,5,98000,2,490000,9800,480200
OD003261,ORD002102,PROD0072,5,125000,15,625000,93750,531250
OD003262,ORD002103,PROD0071,6,128000,5,768000,38400,729600
OD003263,ORD002104,PROD0045,10,110000,7,1100000,77000,1023000
OD003264,ORD002105,PROD0058,6,145000,2,870000,17400,852600
OD003265,ORD002106,PROD0110,6,155000,0,930000,0,930000
OD003266,ORD002106,PROD0006,3,65000,2,195000,3900,191100
OD003267,ORD002107,PROD0044,5,105000,2,525000,10500,514500
OD003268,ORD002107,PROD0057,7,135000,15,945000,141750,803250
OD003269,ORD002107,PROD0018,6,94000,0,564000,0,564000
OD003270,ORD002108,PROD0180,5,142869,0,714345,0,714345
OD003271,ORD002108,PROD0088,8,155500,5,1244000,62200,1181800
OD003272,ORD002109,PROD0118,3,180000,5,540000,27000,513000
OD003273,ORD002109,PROD0117,1,175000,5,175000,8750,166250
OD003274,ORD002109,PROD0066,4,114500,2,458000,9160,448840
OD003275,ORD002110,PROD0054,3,115000,2,345000,6900,338100
OD003276,ORD002111,PROD0018,10,94000,0,940000,0,940000
OD003277,ORD002111,PROD0165,3,255000,7,765000,53550,711450
OD003278,ORD002112,PROD0151,10,265000,2,2650000,53000,2597000
OD003279,ORD002113,PROD0132,5,285000,10,1425000,142500,1282500
OD003280,ORD002113,PROD0144,8,295000,5,2360000,118000,2242000
OD003281,ORD002114,PROD0162,6,210000,10,1260000,126000,1134000
OD003282,ORD002114,PROD0001,1,50000,10,50000,5000,45000
OD003283,ORD002115,PROD0135,10,350000,5,3500000,175000,3325000
OD003284,ORD002116,PROD0199,5,63002,7,315010,22050.7,292959.3
OD003285,ORD002117,PROD0166,6,267000,0,1602000,0,1602000
OD003286,ORD002118,PROD0054,3,115000,0,345000,0,345000
OD003287,ORD002118,PROD0118,2,180000,7,360000,25200,334800
OD003288,ORD002119,PROD0053,1,108000,0,108000,0,108000
OD003289,ORD002119,PROD0026,6,85000,7,510000,35700,474300
OD003290,ORD002120,PROD0061,4,155000,0,620000,0,620000
OD003291,ORD002121,PROD0070,5,126000,0,630000,0,630000
OD003292,ORD002121,PROD0193,10,348268,2,3482680,69653.6,3413026.4
OD003293,ORD002121,PROD0094,7,158000,10,1106000,110600,995400
OD003294,ORD002122,PROD0169,8,220000,7,1760000,123200,1636800
OD003295,ORD002123,PROD0191,7,100130,7,700910,49063.7,651846.3
OD003296,ORD002124,PROD0128,2,250000,7,500000,35000,465000
OD003297,ORD002124,PROD0099,7,134000,10,938000,93800,844200
OD003298,ORD002125,PROD0099,9,134000,0,1206000,0,1206000
OD003299,ORD002126,PROD0158,10,265000,15,2650000,397500,2252500
OD003300,ORD002127,PROD0066,1,114500,2,114500,2290,112210
OD003301,ORD002127,PROD0091,1,148000,5,148000,7400,140600
OD003302,ORD002128,PROD0068,10,120000,7,1200000,84000,1116000
OD003303,ORD002129,PROD0052,8,105000,10,840000,84000,756000
OD003304,ORD002130,PROD0066,1,114500,5,114500,5725,108775
OD003305,ORD002131,PROD0020,9,95000,5,855000,42750,812250
OD003306,ORD002131,PROD0173,10,299000,2,2990000,59800,2930200
OD003307,ORD002132,PROD0174,3,325000,0,975000,0,975000
OD003308,ORD002133,PROD0137,3,165000,5,495000,24750,470250
OD003309,ORD002133,PROD0151,8,265000,5,2120000,106000,2014000
OD003310,ORD002134,PROD0082,4,138000,5,552000,27600,524400
OD003311,ORD002134,PROD0106,2,140000,0,280000,0,280000
OD003312,ORD002135,PROD0199,7,63002,5,441014,22050.7,418963.3
OD003313,ORD002136,PROD0012,6,75000,0,450000,0,450000
OD003314,ORD002137,PROD0036,3,102000,5,306000,15300,290700
OD003315,ORD002138,PROD0166,4,267000,7,1068000,74760,993240
OD003316,ORD002138,PROD0016,5,80000,0,400000,0,400000
OD003317,ORD002139,PROD0156,3,225000,10,675000,67500,607500
OD003318,ORD002140,PROD0074,1,132000,7,132000,9240,122760
OD003319,ORD002140,PROD0142,7,265000,0,1855000,0,1855000
OD003320,ORD002141,PROD0197,3,221508,0,664524,0,664524
OD003321,ORD002141,PROD0115,5,158000,0,790000,0,790000
OD003322,ORD002142,PROD0005,4,60000,10,240000,24000,216000
OD003323,ORD002143,PROD0106,2,140000,0,280000,0,280000
OD003324,ORD002143,PROD0017,6,90000,5,540000,27000,513000
OD003325,ORD002144,PROD0189,7,235752,7,1650264,115518.48,1534745.52
OD003326,ORD002145,PROD0069,6,125000,0,750000,0,750000
OD003327,ORD002145,PROD0192,6,135661,2,813966,16279.32,797686.68
OD003328,ORD002146,PROD0198,8,26819,0,214552,0,214552
OD003329,ORD002147,PROD0065,1,110000,7,110000,7700,102300
OD003330,ORD002148,PROD0069,8,125000,15,1000000,150000,850000
OD003331,ORD002148,PROD0174,9,325000,15,2925000,438750,2486250
OD003332,ORD002149,PROD0136,2,380000,0,760000,0,760000
OD003333,ORD002150,PROD0101,10,138000,5,1380000,69000,1311000
OD003334,ORD002150,PROD0173,5,299000,5,1495000,74750,1420250
OD003335,ORD002151,PROD0052,4,105000,10,420000,42000,378000
OD003336,ORD002151,PROD0135,3,350000,5,1050000,52500,997500
OD003337,ORD002152,PROD0070,10,126000,5,1260000,63000,1197000
OD003338,ORD002152,PROD0018,6,94000,2,564000,11280,552720
OD003339,ORD002153,PROD0071,10,128000,10,1280000,128000,1152000
OD003340,ORD002154,PROD0030,8,100000,5,800000,40000,760000
OD003341,ORD002154,PROD0199,5,63002,0,315010,0,315010
OD003342,ORD002154,PROD0052,1,105000,10,105000,10500,94500
OD003343,ORD002155,PROD0187,10,225148,5,2251480,112574,2138906
OD003344,ORD002155,PROD0160,3,310000,0,930000,0,930000
OD003345,ORD002155,PROD0074,8,132000,5,1056000,52800,1003200
OD003346,ORD002156,PROD0161,2,195000,0,390000,0,390000
OD003347,ORD002157,PROD0011,9,75000,5,675000,33750,641250
OD003348,ORD002158,PROD0035,1,98000,5,98000,4900,93100
OD003349,ORD002158,PROD0161,2,195000,15,390000,58500,331500
OD003350,ORD002158,PROD0076,3,135000,0,405000,0,405000
OD003351,ORD002159,PROD0031,8,100000,5,800000,40000,760000
OD003352,ORD002160,PROD0028,10,95000,0,950000,0,950000
OD003353,ORD002161,PROD0161,3,195000,0,585000,0,585000
OD003354,ORD002161,PROD0095,6,162000,7,972000,68040,903960
OD003355,ORD002161,PROD0089,8,140000,7,1120000,78400,1041600
OD003356,ORD002162,PROD0073,9,128000,10,1152000,115200,1036800
OD003357,ORD002163,PROD0019,3,95000,5,285000,14250,270750
OD003358,ORD002163,PROD0199,2,63002,0,126004,0,126004
OD003359,ORD002163,PROD0044,8,105000,2,840000,16800,823200
OD003360,ORD002164,PROD0078,1,140000,5,140000,7000,133000
OD003361,ORD002165,PROD0166,9,267000,5,2403000,120150,2282850
OD003362,ORD002166,PROD0011,5,75000,0,375000,0,375000
OD003363,ORD002167,PROD0118,6,180000,10,1080000,108000,972000
OD003364,ORD002168,PROD0105,5,135000,10,675000,67500,607500
OD003365,ORD002168,PROD0145,5,170000,7,850000,59500,790500
OD003366,ORD002168,PROD0182,1,295189,0,295189,0,295189
OD003367,ORD002169,PROD0020,2,95000,2,190000,3800,186200
OD003368,ORD002169,PROD0074,4,132000,7,528000,36960,491040
OD003369,ORD002170,PROD0073,3,128000,2,384000,7680,376320
OD003370,ORD002170,PROD0164,9,235000,2,2115000,42300,2072700
OD003371,ORD002170,PROD0091,10,148000,5,1480000,74000,1406000
OD003372,ORD002171,PROD0084,3,140000,0,420000,0,420000
OD003373,ORD002172,PROD0055,8,120000,0,960000,0,960000
OD003374,ORD002172,PROD0114,6,155500,0,933000,0,933000
OD003375,ORD002172,PROD0125,8,195000,0,1560000,0,1560000
OD003376,ORD002173,PROD0101,8,138000,5,1104000,55200,1048800
OD003377,ORD002173,PROD0124,9,178000,10,1602000,160200,1441800
OD003378,ORD002174,PROD0175,10,435000,0,4350000,0,4350000
OD003379,ORD002175,PROD0173,6,299000,2,1794000,35880,1758120
OD003380,ORD002176,PROD0114,10,155500,0,1555000,0,1555000
OD003381,ORD002177,PROD0190,5,309979,5,1549895,77494.75,1472400.25
OD003382,ORD002178,PROD0076,1,135000,0,135000,0,135000
OD003383,ORD002178,PROD0005,4,60000,2,240000,4800,235200
OD003384,ORD002178,PROD0154,7,200000,10,1400000,140000,1260000
OD003385,ORD002179,PROD0154,1,200000,10,200000,20000,180000
OD003386,ORD002179,PROD0011,9,75000,2,675000,13500,661500
OD003387,ORD002179,PROD0066,9,114500,0,1030500,0,1030500
OD003388,ORD002180,PROD0055,3,120000,7,360000,25200,334800
OD003389,ORD002181,PROD0106,9,140000,5,1260000,63000,1197000
OD003390,ORD002182,PROD0058,8,145000,2,1160000,23200,1136800
OD003391,ORD002183,PROD0149,4,225000,10,900000,90000,810000
OD003392,ORD002183,PROD0114,10,155500,5,1555000,77750,1477250
OD003393,ORD002184,PROD0174,6,325000,10,1950000,195000,1755000
OD003394,ORD002184,PROD0167,5,295000,10,1475000,147500,1327500
OD003395,ORD002185,PROD0060,6,150000,15,900000,135000,765000
OD003396,ORD002185,PROD0111,10,16000,0,160000,0,160000
OD003397,ORD002186,PROD0124,7,178000,0,1246000,0,1246000
OD003398,ORD002186,PROD0092,6,150000,2,900000,18000,882000
OD003399,ORD002187,PROD0193,7,348268,7,2437876,170651.32,2267224.68
OD003400,ORD002187,PROD0014,8,80000,0,640000,0,640000
OD003401,ORD002187,PROD0184,2,79485,0,158970,0,158970
OD003402,ORD002188,PROD0195,6,160472,2,962832,19256.64,943575.36
OD003403,ORD002189,PROD0074,7,132000,2,924000,18480,905520
OD003404,ORD002190,PROD0060,2,150000,7,300000,21000,279000
OD003405,ORD002190,PROD0009,8,75000,15,600000,90000,510000
OD003406,ORD002191,PROD0026,1,85000,2,85000,1700,83300
OD003407,ORD002191,PROD0047,1,120000,0,120000,0,120000
OD003408,ORD002191,PROD0167,4,295000,7,1180000,82600,1097400
OD003409,ORD002192,PROD0155,7,220000,5,1540000,77000,1463000
OD003410,ORD002192,PROD0179,2,65000,2,130000,2600,127400
OD003411,ORD002193,PROD0064,5,150000,2,750000,15000,735000
OD003412,ORD002193,PROD0060,2,150000,5,300000,15000,285000
OD003413,ORD002194,PROD0164,9,235000,0,2115000,0,2115000
OD003414,ORD002194,PROD0110,8,155000,5,1240000,62000,1178000
OD003415,ORD002195,PROD0012,10,75000,10,750000,75000,675000
OD003416,ORD002196,PROD0157,4,250000,10,1000000,100000,900000
OD003417,ORD002196,PROD0020,6,95000,7,570000,39900,530100
OD003418,ORD002197,PROD0005,4,60000,2,240000,4800,235200
OD003419,ORD002197,PROD0186,4,265147,10,1060588,106058.8,954529.2
OD003420,ORD002198,PROD0198,6,26819,5,160914,8045.7,152868.3
OD003421,ORD002199,PROD0142,10,265000,5,2650000,132500,2517500
OD003422,ORD002199,PROD0065,9,110000,0,990000,0,990000
OD003423,ORD002200,PROD0033,3,98000,7,294000,20580,273420
OD003424,ORD002201,PROD0096,4,165000,7,660000,46200,613800
OD003425,ORD002201,PROD0104,5,155000,5,775000,38750,736250
OD003426,ORD002202,PROD0011,8,75000,0,600000,0,600000
OD003427,ORD002203,PROD0133,4,295000,2,1180000,23600,1156400
OD003428,ORD002204,PROD0010,1,75000,5,75000,3750,71250
OD003429,ORD002204,PROD0099,2,134000,0,268000,0,268000
OD003430,ORD002205,PROD0023,4,98000,5,392000,19600,372400
OD003431,ORD002205,PROD0010,9,75000,0,675000,0,675000
OD003432,ORD002206,PROD0065,7,110000,7,770000,53900,716100
OD003433,ORD002207,PROD0118,3,180000,2,540000,10800,529200
OD003434,ORD002208,PROD0185,6,232339,2,1394034,27880.68,1366153.32
OD003435,ORD002208,PROD0012,8,75000,10,600000,60000,540000
OD003436,ORD002209,PROD0104,3,155000,2,465000,9300,455700
OD003437,ORD002209,PROD0153,8,195000,5,1560000,78000,1482000
OD003438,ORD002209,PROD0066,7,114500,0,801500,0,801500
OD003439,ORD002210,PROD0162,7,210000,7,1470000,102900,1367100
OD003440,ORD002210,PROD0091,2,148000,2,296000,5920,290080
OD003441,ORD002211,PROD0002,2,50000,5,100000,5000,95000
OD003442,ORD002212,PROD0054,5,115000,5,575000,28750,546250
OD003443,ORD002212,PROD0084,5,140000,5,700000,35000,665000
OD003444,ORD002213,PROD0125,4,195000,5,780000,39000,741000
OD003445,ORD002213,PROD0031,10,100000,2,1000000,20000,980000
OD003446,ORD002214,PROD0102,3,143000,5,429000,21450,407550
OD003447,ORD002215,PROD0158,4,265000,5,1060000,53000,1007000
OD003448,ORD002216,PROD0076,1,135000,7,135000,9450,125550
OD003449,ORD002217,PROD0040,1,115000,5,115000,5750,109250
OD003450,ORD002218,PROD0138,4,190000,15,760000,114000,646000
OD003451,ORD002218,PROD0128,8,250000,5,2000000,100000,1900000
OD003452,ORD002219,PROD0079,6,142000,7,852000,59640,792360
OD003453,ORD002220,PROD0166,7,267000,5,1869000,93450,1775550
OD003454,ORD002221,PROD0162,8,210000,2,1680000,33600,1646400
OD003455,ORD002222,PROD0021,6,95000,5,570000,28500,541500
OD003456,ORD002222,PROD0120,5,190000,5,950000,47500,902500
OD003457,ORD002223,PROD0126,4,210000,2,840000,16800,823200
OD003458,ORD002223,PROD0041,1,95000,7,95000,6650,88350
OD003459,ORD002224,PROD0037,4,105000,2,420000,8400,411600
OD003460,ORD002225,PROD0033,5,98000,5,490000,24500,465500
OD003461,ORD002226,PROD0066,3,114500,0,343500,0,343500
OD003462,ORD002227,PROD0052,2,105000,5,210000,10500,199500
OD003463,ORD002227,PROD0141,6,235000,2,1410000,28200,1381800
OD003464,ORD002228,PROD0184,5,79485,2,397425,7948.5,389476.5
OD003465,ORD002229,PROD0092,10,150000,5,1500000,75000,1425000
OD003466,ORD002230,PROD0165,9,255000,0,2295000,0,2295000
OD003467,ORD002231,PROD0102,8,143000,0,1144000,0,1144000
OD003468,ORD002232,PROD0195,5,160472,2,802360,16047.2,786312.8
OD003469,ORD002233,PROD0078,7,140000,0,980000,0,980000
OD003470,ORD002233,PROD0149,9,225000,0,2025000,0,2025000
OD003471,ORD002234,PROD0169,6,220000,7,1320000,92400,1227600
OD003472,ORD002235,PROD0183,3,324367,0,973101,0,973101
OD003473,ORD002235,PROD0080,8,145000,5,1160000,58000,1102000
OD003474,ORD002236,PROD0072,2,125000,5,250000,12500,237500
OD003475,ORD002237,PROD0003,6,60000,0,360000,0,360000
OD003476,ORD002237,PROD0124,9,178000,0,1602000,0,1602000
OD003477,ORD002238,PROD0112,9,170000,0,1530000,0,1530000
OD003478,ORD002239,PROD0079,8,142000,0,1136000,0,1136000
OD003479,ORD002239,PROD0044,6,105000,2,630000,12600,617400
OD003480,ORD002240,PROD0173,4,299000,7,1196000,83720,1112280
OD003481,ORD002241,PROD0200,3,120944,2,362832,7256.64,355575.36
OD003482,ORD002242,PROD0200,5,120944,5,604720,30236,574484
OD003483,ORD002242,PROD0091,6,148000,0,888000,0,888000
OD003484,ORD002243,PROD0150,4,255000,10,1020000,102000,918000
OD003485,ORD002244,PROD0166,3,267000,2,801000,16020,784980
OD003486,ORD002245,PROD0157,8,250000,0,2000000,0,2000000
OD003487,ORD002246,PROD0071,6,128000,2,768000,15360,752640
OD003488,ORD002246,PROD0177,5,120000,15,600000,90000,510000
OD003489,ORD002246,PROD0132,9,285000,5,2565000,128250,2436750
OD003490,ORD002247,PROD0020,10,95000,0,950000,0,950000
OD003491,ORD002247,PROD0033,8,98000,0,784000,0,784000
OD003492,ORD002247,PROD0097,8,130000,7,1040000,72800,967200
OD003493,ORD002248,PROD0189,3,235752,10,707256,70725.6,636530.4
OD003494,ORD002248,PROD0147,9,195000,0,1755000,0,1755000
OD003495,ORD002249,PROD0130,8,250000,0,2000000,0,2000000
OD003496,ORD002250,PROD0122,6,165000,0,990000,0,990000
OD003497,ORD002251,PROD0184,2,79485,0,158970,0,158970
OD003498,ORD002251,PROD0109,6,150000,0,900000,0,900000
OD003499,ORD002252,PROD0082,7,138000,2,966000,19320,946680
OD003500,ORD002253,PROD0078,2,140000,0,280000,0,280000
OD003501,ORD002254,PROD0105,4,135000,7,540000,37800,502200
OD003502,ORD002254,PROD0045,8,110000,2,880000,17600,862400
OD003503,ORD002255,PROD0192,7,135661,2,949627,18992.54,930634.46
OD003504,ORD002256,PROD0185,3,232339,15,697017,104552.55,592464.45
OD003505,ORD002256,PROD0077,9,138000,2,1242000,24840,1217160
OD003506,ORD002257,PROD0147,9,195000,0,1755000,0,1755000
OD003507,ORD002257,PROD0155,2,220000,2,440000,8800,431200
OD003508,ORD002258,PROD0123,1,170000,5,170000,8500,161500
OD003509,ORD002258,PROD0023,7,98000,5,686000,34300,651700
OD003510,ORD002259,PROD0018,1,94000,5,94000,4700,89300
OD003511,ORD002259,PROD0144,7,295000,2,2065000,41300,2023700
OD003512,ORD002260,PROD0023,6,98000,5,588000,29400,558600
OD003513,ORD002261,PROD0165,8,255000,10,2040000,204000,1836000
OD003514,ORD002261,PROD0087,1,150000,2,150000,3000,147000
OD003515,ORD002262,PROD0161,10,195000,5,1950000,97500,1852500
OD003516,ORD002262,PROD0026,1,85000,10,85000,8500,76500
OD003517,ORD002263,PROD0079,5,142000,2,710000,14200,695800
OD003518,ORD002263,PROD0030,9,100000,0,900000,0,900000
OD003519,ORD002264,PROD0098,2,132000,2,264000,5280,258720
OD003520,ORD002264,PROD0017,8,90000,5,720000,36000,684000
OD003521,ORD002265,PROD0056,7,125000,10,875000,87500,787500
OD003522,ORD002265,PROD0059,9,135000,10,1215000,121500,1093500
OD003523,ORD002265,PROD0102,6,143000,7,858000,60060,797940
OD003524,ORD002266,PROD0003,4,60000,2,240000,4800,235200
OD003525,ORD002266,PROD0063,9,140000,0,1260000,0,1260000
OD003526,ORD002267,PROD0147,2,195000,2,390000,7800,382200
OD003527,ORD002267,PROD0082,8,138000,2,1104000,22080,1081920
OD003528,ORD002267,PROD0120,2,190000,15,380000,57000,323000
OD003529,ORD002268,PROD0172,8,277000,0,2216000,0,2216000
OD003530,ORD002269,PROD0102,1,143000,5,143000,7150,135850
OD003531,ORD002269,PROD0176,4,450000,2,1800000,36000,1764000
OD003532,ORD002269,PROD0198,9,26819,7,241371,16895.97,224475.03
OD003533,ORD002270,PROD0106,5,140000,5,700000,35000,665000
OD003534,ORD002270,PROD0097,1,130000,0,130000,0,130000
OD003535,ORD002270,PROD0064,10,150000,5,1500000,75000,1425000
OD003536,ORD002271,PROD0174,6,325000,5,1950000,97500,1852500
OD003537,ORD002272,PROD0157,5,250000,5,1250000,62500,1187500
OD003538,ORD002272,PROD0038,9,111000,0,999000,0,999000
OD003539,ORD002273,PROD0131,6,280000,5,1680000,84000,1596000
OD003540,ORD002274,PROD0053,6,108000,5,648000,32400,615600
OD003541,ORD002274,PROD0198,7,26819,0,187733,0,187733
OD003542,ORD002275,PROD0066,2,114500,5,229000,11450,217550
OD003543,ORD002276,PROD0017,2,90000,10,180000,18000,162000
OD003544,ORD002277,PROD0199,7,63002,0,441014,0,441014
OD003545,ORD002278,PROD0122,8,165000,0,1320000,0,1320000
OD003546,ORD002279,PROD0182,10,295189,2,2951890,59037.8,2892852.2
OD003547,ORD002279,PROD0179,1,65000,5,65000,3250,61750
OD003548,ORD002279,PROD0090,1,145000,7,145000,10150,134850
OD003549,ORD002280,PROD0089,10,140000,5,1400000,70000,1330000
OD003550,ORD002281,PROD0169,2,220000,5,440000,22000,418000
OD003551,ORD002282,PROD0076,6,135000,15,810000,121500,688500
OD003552,ORD002282,PROD0047,5,120000,2,600000,12000,588000
OD003553,ORD002283,PROD0114,2,155500,7,311000,21770,289230
OD003554,ORD002284,PROD0119,8,185000,10,1480000,148000,1332000
OD003555,ORD002285,PROD0165,8,255000,0,2040000,0,2040000
OD003556,ORD002286,PROD0033,3,98000,0,294000,0,294000
OD003557,ORD002286,PROD0098,9,132000,15,1188000,178200,1009800
OD003558,ORD002286,PROD0116,7,162000,2,1134000,22680,1111320
OD003559,ORD002287,PROD0193,3,348268,5,1044804,52240.2,992563.8
OD003560,ORD002287,PROD0045,3,110000,0,330000,0,330000
OD003561,ORD002288,PROD0125,1,195000,7,195000,13650,181350
OD003562,ORD002288,PROD0118,6,180000,2,1080000,21600,1058400
OD003563,ORD002289,PROD0191,6,100130,5,600780,30039,570741
OD003564,ORD002290,PROD0086,2,148000,0,296000,0,296000
OD003565,ORD002291,PROD0037,7,105000,0,735000,0,735000
OD003566,ORD002291,PROD0112,4,170000,10,680000,68000,612000
OD003567,ORD002292,PROD0172,2,277000,5,554000,27700,526300
OD003568,ORD002293,PROD0033,2,98000,7,196000,13720,182280
OD003569,ORD002294,PROD0144,6,295000,0,1770000,0,1770000
OD003570,ORD002295,PROD0102,10,143000,2,1430000,28600,1401400
OD003571,ORD002295,PROD0160,6,310000,10,1860000,186000,1674000
OD003572,ORD002295,PROD0064,7,150000,5,1050000,52500,997500
OD003573,ORD002296,PROD0171,9,255000,5,2295000,114750,2180250
OD003574,ORD002296,PROD0029,7,100000,0,700000,0,700000
OD003575,ORD002297,PROD0106,9,140000,5,1260000,63000,1197000
OD003576,ORD002298,PROD0101,6,138000,7,828000,57960,770040
OD003577,ORD002298,PROD0056,2,125000,0,250000,0,250000
OD003578,ORD002298,PROD0028,7,95000,0,665000,0,665000
OD003579,ORD002299,PROD0189,8,235752,0,1886016,0,1886016
OD003580,ORD002300,PROD0086,5,148000,15,740000,111000,629000
OD003581,ORD002300,PROD0186,6,265147,10,1590882,159088.2,1431793.8
OD003582,ORD002301,PROD0065,1,110000,0,110000,0,110000
OD003583,ORD002302,PROD0129,5,235000,10,1175000,117500,1057500
OD003584,ORD002302,PROD0109,10,150000,5,1500000,75000,1425000
OD003585,ORD002302,PROD0081,2,135000,15,270000,40500,229500
OD003586,ORD002303,PROD0097,7,130000,5,910000,45500,864500
OD003587,ORD002304,PROD0051,8,102500,0,820000,0,820000
OD003588,ORD002304,PROD0027,8,92000,10,736000,73600,662400
OD003589,ORD002304,PROD0134,9,310000,10,2790000,279000,2511000
OD003590,ORD002305,PROD0056,2,125000,5,250000,12500,237500
OD003591,ORD002305,PROD0107,3,142000,2,426000,8520,417480
OD003592,ORD002306,PROD0112,4,170000,7,680000,47600,632400
OD003593,ORD002307,PROD0200,1,120944,0,120944,0,120944
OD003594,ORD002308,PROD0167,1,295000,10,295000,29500,265500
OD003595,ORD002308,PROD0038,7,111000,10,777000,77700,699300
OD003596,ORD002309,PROD0012,3,75000,0,225000,0,225000
OD003597,ORD002310,PROD0194,10,285723,0,2857230,0,2857230
OD003598,ORD002311,PROD0019,9,95000,0,855000,0,855000
OD003599,ORD002311,PROD0143,7,285000,15,1995000,299250,1695750
OD003600,ORD002312,PROD0160,9,310000,7,2790000,195300,2594700
OD003601,ORD002313,PROD0174,3,325000,2,975000,19500,955500
OD003602,ORD002314,PROD0068,8,120000,10,960000,96000,864000
OD003603,ORD002314,PROD0070,9,126000,10,1134000,113400,1020600
OD003604,ORD002315,PROD0052,2,105000,10,210000,21000,189000
OD003605,ORD002316,PROD0034,6,98000,5,588000,29400,558600
OD003606,ORD002317,PROD0046,10,115000,10,1150000,115000,1035000
OD003607,ORD002318,PROD0041,6,95000,0,570000,0,570000
OD003608,ORD002318,PROD0195,9,160472,0,1444248,0,1444248
OD003609,ORD002318,PROD0098,1,132000,5,132000,6600,125400
OD003610,ORD002319,PROD0103,4,148000,0,592000,0,592000
OD003611,ORD002320,PROD0126,1,210000,0,210000,0,210000
OD003612,ORD002320,PROD0033,8,98000,0,784000,0,784000
OD003613,ORD002321,PROD0198,6,26819,5,160914,8045.7,152868.3
OD003614,ORD002321,PROD0082,2,138000,5,276000,13800,262200
OD003615,ORD002322,PROD0102,9,143000,10,1287000,128700,1158300
OD003616,ORD002322,PROD0053,6,108000,2,648000,12960,635040
OD003617,ORD002323,PROD0060,8,150000,5,1200000,60000,1140000
OD003618,ORD002324,PROD0034,8,98000,7,784000,54880,729120
OD003619,ORD002325,PROD0101,10,138000,7,1380000,96600,1283400
OD003620,ORD002326,PROD0196,3,332371,2,997113,19942.26,977170.74
OD003621,ORD002326,PROD0004,6,60000,7,360000,25200,334800
OD003622,ORD002327,PROD0090,2,145000,10,290000,29000,261000
OD003623,ORD002327,PROD0079,7,142000,10,994000,99400,894600
OD003624,ORD002328,PROD0139,4,210000,2,840000,16800,823200
OD003625,ORD002329,PROD0149,7,225000,7,1575000,110250,1464750
OD003626,ORD002329,PROD0180,1,142869,7,142869,10000.83,132868.17
OD003627,ORD002330,PROD0052,4,105000,0,420000,0,420000
OD003628,ORD002331,PROD0042,5,98000,5,490000,24500,465500
OD003629,ORD002332,PROD0096,1,165000,0,165000,0,165000
OD003630,ORD002332,PROD0026,2,85000,0,170000,0,170000
OD003631,ORD002333,PROD0097,9,130000,0,1170000,0,1170000
OD003632,ORD002334,PROD0053,5,108000,0,540000,0,540000
OD003633,ORD002334,PROD0063,1,140000,0,140000,0,140000
OD003634,ORD002334,PROD0143,2,285000,15,570000,85500,484500
OD003635,ORD002335,PROD0030,10,100000,0,1000000,0,1000000
OD003636,ORD002335,PROD0077,2,138000,0,276000,0,276000
OD003637,ORD002336,PROD0136,9,380000,7,3420000,239400,3180600
OD003638,ORD002337,PROD0098,3,132000,5,396000,19800,376200
OD003639,ORD002338,PROD0172,2,277000,5,554000,27700,526300
OD003640,ORD002338,PROD0005,9,60000,10,540000,54000,486000
OD003641,ORD002339,PROD0082,2,138000,5,276000,13800,262200
OD003642,ORD002339,PROD0001,9,50000,5,450000,22500,427500
OD003643,ORD002340,PROD0013,8,80000,5,640000,32000,608000
OD003644,ORD002341,PROD0082,10,138000,5,1380000,69000,1311000
OD003645,ORD002342,PROD0051,6,102500,7,615000,43050,571950
OD003646,ORD002342,PROD0031,10,100000,2,1000000,20000,980000
OD003647,ORD002343,PROD0192,7,135661,0,949627,0,949627
OD003648,ORD002344,PROD0159,1,285000,2,285000,5700,279300
OD003649,ORD002345,PROD0087,3,150000,2,450000,9000,441000
OD003650,ORD002346,PROD0191,1,100130,0,100130,0,100130
OD003651,ORD002347,PROD0017,9,90000,7,810000,56700,753300
OD003652,ORD002348,PROD0186,5,265147,7,1325735,92801.45,1232933.55
OD003653,ORD002349,PROD0176,6,450000,0,2700000,0,2700000
OD003654,ORD002350,PROD0094,9,158000,5,1422000,71100,1350900
OD003655,ORD002351,PROD0143,6,285000,2,1710000,34200,1675800
OD003656,ORD002351,PROD0058,10,145000,5,1450000,72500,1377500
OD003657,ORD002351,PROD0194,10,285723,0,2857230,0,2857230
OD003658,ORD002352,PROD0097,3,130000,10,390000,39000,351000
OD003659,ORD002353,PROD0044,8,105000,0,840000,0,840000
OD003660,ORD002354,PROD0021,2,95000,10,190000,19000,171000
OD003661,ORD002354,PROD0140,7,225000,0,1575000,0,1575000
OD003662,ORD002355,PROD0189,6,235752,7,1414512,99015.84,1315496.16
OD003663,ORD002355,PROD0139,9,210000,0,1890000,0,1890000
OD003664,ORD002355,PROD0135,2,350000,7,700000,49000,651000
OD003665,ORD002356,PROD0158,10,265000,10,2650000,265000,2385000
OD003666,ORD002356,PROD0058,6,145000,10,870000,87000,783000
OD003667,ORD002357,PROD0068,9,120000,10,1080000,108000,972000
OD003668,ORD002358,PROD0152,9,285000,2,2565000,51300,2513700
OD003669,ORD002358,PROD0130,9,250000,2,2250000,45000,2205000
OD003670,ORD002359,PROD0050,3,98000,15,294000,44100,249900
OD003671,ORD002359,PROD0012,2,75000,10,150000,15000,135000
OD003672,ORD002360,PROD0151,1,265000,5,265000,13250,251750
OD003673,ORD002360,PROD0173,9,299000,2,2691000,53820,2637180
OD003674,ORD002361,PROD0081,7,135000,0,945000,0,945000
OD003675,ORD002362,PROD0167,9,295000,2,2655000,53100,2601900
OD003676,ORD002363,PROD0173,4,299000,5,1196000,59800,1136200
OD003677,ORD002364,PROD0141,6,235000,10,1410000,141000,1269000
OD003678,ORD002364,PROD0198,1,26819,2,26819,536.38,26282.62
OD003679,ORD002365,PROD0195,7,160472,2,1123304,22466.08,1100837.92
OD003680,ORD002366,PROD0065,10,110000,0,1100000,0,1100000
OD003681,ORD002367,PROD0180,7,142869,0,1000083,0,1000083
OD003682,ORD002367,PROD0111,9,16000,7,144000,10080,133920
OD003683,ORD002368,PROD0077,6,138000,0,828000,0,828000
OD003684,ORD002368,PROD0048,5,122200,15,611000,91650,519350
OD003685,ORD002369,PROD0139,2,210000,0,420000,0,420000
OD003686,ORD002369,PROD0161,3,195000,7,585000,40950,544050
OD003687,ORD002369,PROD0041,7,95000,0,665000,0,665000
OD003688,ORD002370,PROD0099,4,134000,5,536000,26800,509200
OD003689,ORD002370,PROD0179,4,65000,7,260000,18200,241800
OD003690,ORD002371,PROD0197,6,221508,0,1329048,0,1329048
OD003691,ORD002372,PROD0088,6,155500,5,933000,46650,886350
OD003692,ORD002372,PROD0178,9,115000,7,1035000,72450,962550
OD003693,ORD002373,PROD0171,10,255000,0,2550000,0,2550000
OD003694,ORD002374,PROD0055,2,120000,5,240000,12000,228000
OD003695,ORD002375,PROD0091,2,148000,5,296000,14800,281200
OD003696,ORD002376,PROD0024,9,98000,7,882000,61740,820260
OD003697,ORD002376,PROD0002,10,50000,2,500000,10000,490000
OD003698,ORD002377,PROD0124,6,178000,5,1068000,53400,1014600
OD003699,ORD002378,PROD0001,6,50000,15,300000,45000,255000
OD003700,ORD002379,PROD0064,8,150000,7,1200000,84000,1116000
OD003701,ORD002380,PROD0036,10,102000,0,1020000,0,1020000
OD003702,ORD002380,PROD0051,4,102500,0,410000,0,410000
OD003703,ORD002381,PROD0049,3,95000,2,285000,5700,279300
OD003704,ORD002381,PROD0110,9,155000,2,1395000,27900,1367100
OD003705,ORD002382,PROD0155,1,220000,2,220000,4400,215600
OD003706,ORD002383,PROD0108,2,145000,2,290000,5800,284200
OD003707,ORD002384,PROD0152,7,285000,15,1995000,299250,1695750
OD003708,ORD002384,PROD0108,4,145000,7,580000,40600,539400
OD003709,ORD002385,PROD0138,6,190000,0,1140000,0,1140000
OD003710,ORD002386,PROD0059,5,135000,2,675000,13500,661500
OD003711,ORD002387,PROD0066,8,114500,5,916000,45800,870200
OD003712,ORD002387,PROD0032,2,105000,0,210000,0,210000
OD003713,ORD002388,PROD0105,7,135000,0,945000,0,945000
OD003714,ORD002388,PROD0037,8,105000,15,840000,126000,714000
OD003715,ORD002389,PROD0126,6,210000,7,1260000,88200,1171800
OD003716,ORD002389,PROD0145,4,170000,10,680000,68000,612000
OD003717,ORD002390,PROD0177,10,120000,7,1200000,84000,1116000
OD003718,ORD002391,PROD0094,2,158000,5,316000,15800,300200
OD003719,ORD002391,PROD0199,4,63002,7,252008,17640.56,234367.44
OD003720,ORD002392,PROD0094,6,158000,5,948000,47400,900600
OD003721,ORD002393,PROD0143,3,285000,0,855000,0,855000
OD003722,ORD002393,PROD0196,7,332371,0,2326597,0,2326597
OD003723,ORD002393,PROD0106,9,140000,5,1260000,63000,1197000
OD003724,ORD002394,PROD0184,6,79485,0,476910,0,476910
OD003725,ORD002395,PROD0116,4,162000,10,648000,64800,583200
OD003726,ORD002396,PROD0013,7,80000,5,560000,28000,532000
OD003727,ORD002397,PROD0099,6,134000,15,804000,120600,683400
OD003728,ORD002398,PROD0160,9,310000,2,2790000,55800,2734200
OD003729,ORD002399,PROD0130,7,250000,2,1750000,35000,1715000
OD003730,ORD002399,PROD0050,1,98000,0,98000,0,98000
OD003731,ORD002400,PROD0058,3,145000,0,435000,0,435000
OD003732,ORD002400,PROD0145,4,170000,5,680000,34000,646000
OD003733,ORD002401,PROD0160,4,310000,0,1240000,0,1240000
OD003734,ORD002402,PROD0035,9,98000,10,882000,88200,793800
OD003735,ORD002402,PROD0091,1,148000,0,148000,0,148000
OD003736,ORD002403,PROD0030,8,100000,10,800000,80000,720000
OD003737,ORD002403,PROD0059,3,135000,2,405000,8100,396900
OD003738,ORD002404,PROD0188,6,254957,5,1529742,76487.1,1453254.9
OD003739,ORD002404,PROD0006,4,65000,15,260000,39000,221000
OD003740,ORD002404,PROD0112,1,170000,7,170000,11900,158100
OD003741,ORD002405,PROD0091,1,148000,0,148000,0,148000
OD003742,ORD002406,PROD0070,4,126000,2,504000,10080,493920
OD003743,ORD002407,PROD0180,9,142869,0,1285821,0,1285821
OD003744,ORD002407,PROD0179,4,65000,5,260000,13000,247000
OD003745,ORD002407,PROD0005,9,60000,5,540000,27000,513000
OD003746,ORD002408,PROD0058,10,145000,10,1450000,145000,1305000
OD003747,ORD002408,PROD0048,2,122200,0,244400,0,244400
OD003748,ORD002409,PROD0013,9,80000,0,720000,0,720000
OD003749,ORD002410,PROD0101,7,138000,0,966000,0,966000
OD003750,ORD002411,PROD0079,6,142000,15,852000,127800,724200
OD003751,ORD002412,PROD0080,5,145000,15,725000,108750,616250
OD003752,ORD002413,PROD0142,10,265000,2,2650000,53000,2597000
OD003753,ORD002414,PROD0195,2,160472,5,320944,16047.2,304896.8
OD003754,ORD002414,PROD0133,1,295000,10,295000,29500,265500
OD003755,ORD002415,PROD0124,1,178000,5,178000,8900,169100
OD003756,ORD002416,PROD0095,9,162000,15,1458000,218700,1239300
OD003757,ORD002417,PROD0081,7,135000,10,945000,94500,850500
OD003758,ORD002418,PROD0103,6,148000,7,888000,62160,825840
OD003759,ORD002419,PROD0054,1,115000,5,115000,5750,109250
OD003760,ORD002420,PROD0106,2,140000,0,280000,0,280000
OD003761,ORD002421,PROD0076,9,135000,0,1215000,0,1215000
OD003762,ORD002421,PROD0075,9,135000,10,1215000,121500,1093500
OD003763,ORD002422,PROD0174,8,325000,0,2600000,0,2600000
OD003764,ORD002423,PROD0017,9,90000,0,810000,0,810000
OD003765,ORD002424,PROD0164,8,235000,10,1880000,188000,1692000
OD003766,ORD002425,PROD0032,8,105000,0,840000,0,840000
OD003767,ORD002425,PROD0076,9,135000,7,1215000,85050,1129950
OD003768,ORD002426,PROD0145,5,170000,5,850000,42500,807500
OD003769,ORD002427,PROD0183,2,324367,0,648734,0,648734
OD003770,ORD002427,PROD0163,2,225000,0,450000,0,450000
OD003771,ORD002428,PROD0146,7,185000,0,1295000,0,1295000
OD003772,ORD002429,PROD0080,2,145000,0,290000,0,290000
OD003773,ORD002430,PROD0073,3,128000,0,384000,0,384000
OD003774,ORD002431,PROD0066,9,114500,10,1030500,103050,927450
OD003775,ORD002431,PROD0167,6,295000,10,1770000,177000,1593000
OD003776,ORD002432,PROD0122,5,165000,0,825000,0,825000
OD003777,ORD002432,PROD0013,4,80000,5,320000,16000,304000
OD003778,ORD002433,PROD0005,3,60000,2,180000,3600,176400
OD003779,ORD002433,PROD0025,2,82000,2,164000,3280,160720
OD003780,ORD002434,PROD0114,10,155500,15,1555000,233250,1321750
OD003781,ORD002435,PROD0197,8,221508,0,1772064,0,1772064
OD003782,ORD002436,PROD0094,9,158000,15,1422000,213300,1208700
OD003783,ORD002436,PROD0050,4,98000,2,392000,7840,384160
OD003784,ORD002437,PROD0089,2,140000,5,280000,14000,266000
OD003785,ORD002438,PROD0142,2,265000,10,530000,53000,477000
OD003786,ORD002438,PROD0001,10,50000,5,500000,25000,475000
OD003787,ORD002439,PROD0132,9,285000,7,2565000,179550,2385450
OD003788,ORD002440,PROD0189,10,235752,0,2357520,0,2357520
OD003789,ORD002441,PROD0187,2,225148,5,450296,22514.8,427781.2
OD003790,ORD002441,PROD0035,5,98000,2,490000,9800,480200
OD003791,ORD002442,PROD0197,3,221508,2,664524,13290.48,651233.52
OD003792,ORD002443,PROD0023,6,98000,0,588000,0,588000
OD003793,ORD002443,PROD0095,1,162000,5,162000,8100,153900
OD003794,ORD002444,PROD0078,4,140000,5,560000,28000,532000
OD003795,ORD002444,PROD0134,6,310000,0,1860000,0,1860000
OD003796,ORD002445,PROD0156,3,225000,7,675000,47250,627750
OD003797,ORD002446,PROD0122,9,165000,0,1485000,0,1485000
OD003798,ORD002447,PROD0153,1,195000,5,195000,9750,185250
OD003799,ORD002448,PROD0197,9,221508,10,1993572,199357.2,1794214.8
OD003800,ORD002449,PROD0103,1,148000,2,148000,2960,145040
OD003801,ORD002450,PROD0116,8,162000,5,1296000,64800,1231200
OD003802,ORD002451,PROD0110,7,155000,10,1085000,108500,976500
OD003803,ORD002451,PROD0054,5,115000,5,575000,28750,546250
OD003804,ORD002452,PROD0092,1,150000,15,150000,22500,127500
OD003805,ORD002453,PROD0112,9,170000,0,1530000,0,1530000
OD003806,ORD002454,PROD0006,10,65000,2,650000,13000,637000
OD003807,ORD002455,PROD0079,8,142000,7,1136000,79520,1056480
OD003808,ORD002455,PROD0056,10,125000,5,1250000,62500,1187500
OD003809,ORD002456,PROD0134,9,310000,0,2790000,0,2790000
OD003810,ORD002457,PROD0078,9,140000,2,1260000,25200,1234800
OD003811,ORD002457,PROD0028,3,95000,7,285000,19950,265050
OD003812,ORD002457,PROD0111,9,16000,7,144000,10080,133920
OD003813,ORD002458,PROD0093,7,155000,5,1085000,54250,1030750
OD003814,ORD002458,PROD0132,1,285000,10,285000,28500,256500
OD003815,ORD002459,PROD0149,1,225000,5,225000,11250,213750
OD003816,ORD002459,PROD0198,3,26819,10,80457,8045.7,72411.3
OD003817,ORD002460,PROD0124,6,178000,0,1068000,0,1068000
OD003818,ORD002460,PROD0102,10,143000,15,1430000,214500,1215500
OD003819,ORD002461,PROD0057,9,135000,10,1215000,121500,1093500
OD003820,ORD002461,PROD0135,10,350000,10,3500000,350000,3150000
OD003821,ORD002462,PROD0083,8,138000,10,1104000,110400,993600
OD003822,ORD002463,PROD0193,2,348268,10,696536,69653.6,626882.4
OD003823,ORD002463,PROD0138,8,190000,0,1520000,0,1520000
OD003824,ORD002464,PROD0056,4,125000,10,500000,50000,450000
OD003825,ORD002465,PROD0188,4,254957,0,1019828,0,1019828
OD003826,ORD002466,PROD0091,6,148000,10,888000,88800,799200
OD003827,ORD002466,PROD0125,4,195000,5,780000,39000,741000
OD003828,ORD002466,PROD0145,7,170000,0,1190000,0,1190000
OD003829,ORD002467,PROD0131,10,280000,2,2800000,56000,2744000
OD003830,ORD002468,PROD0114,4,155500,0,622000,0,622000
OD003831,ORD002469,PROD0147,3,195000,7,585000,40950,544050
OD003832,ORD002470,PROD0179,10,65000,7,650000,45500,604500
OD003833,ORD002471,PROD0033,1,98000,2,98000,1960,96040
OD003834,ORD002471,PROD0114,9,155500,2,1399500,27990,1371510
OD003835,ORD002472,PROD0122,4,165000,0,660000,0,660000
OD003836,ORD002472,PROD0185,10,232339,2,2323390,46467.8,2276922.2
OD003837,ORD002473,PROD0116,8,162000,5,1296000,64800,1231200
OD003838,ORD002474,PROD0030,2,100000,5,200000,10000,190000
OD003839,ORD002475,PROD0153,6,195000,0,1170000,0,1170000
OD003840,ORD002476,PROD0161,3,195000,7,585000,40950,544050
OD003841,ORD002476,PROD0168,1,320000,15,320000,48000,272000
OD003842,ORD002477,PROD0043,7,98000,7,686000,48020,637980
OD003843,ORD002478,PROD0031,7,100000,0,700000,0,700000
OD003844,ORD002478,PROD0010,9,75000,10,675000,67500,607500
OD003845,ORD002479,PROD0086,8,148000,0,1184000,0,1184000
OD003846,ORD002479,PROD0023,7,98000,0,686000,0,686000
OD003847,ORD002480,PROD0154,7,200000,0,1400000,0,1400000
OD003848,ORD002481,PROD0117,7,175000,5,1225000,61250,1163750
OD003849,ORD002482,PROD0064,2,150000,10,300000,30000,270000
OD003850,ORD002483,PROD0059,7,135000,7,945000,66150,878850
OD003851,ORD002483,PROD0090,2,145000,2,290000,5800,284200
OD003852,ORD002484,PROD0029,6,100000,5,600000,30000,570000
OD003853,ORD002484,PROD0084,5,140000,0,700000,0,700000
OD003854,ORD002485,PROD0126,9,210000,15,1890000,283500,1606500
OD003855,ORD002485,PROD0093,4,155000,0,620000,0,620000
OD003856,ORD002485,PROD0098,1,132000,0,132000,0,132000
OD003857,ORD002486,PROD0166,2,267000,15,534000,80100,453900
OD003858,ORD002487,PROD0077,3,138000,0,414000,0,414000
OD003859,ORD002487,PROD0025,9,82000,0,738000,0,738000
OD003860,ORD002487,PROD0108,8,145000,15,1160000,174000,986000
OD003861,ORD002488,PROD0035,10,98000,0,980000,0,980000
OD003862,ORD002489,PROD0173,8,299000,0,2392000,0,2392000
OD003863,ORD002490,PROD0032,2,105000,5,210000,10500,199500
OD003864,ORD002491,PROD0145,1,170000,0,170000,0,170000
OD003865,ORD002492,PROD0091,6,148000,10,888000,88800,799200
OD003866,ORD002493,PROD0100,6,135000,7,810000,56700,753300
OD003867,ORD002494,PROD0178,5,115000,5,575000,28750,546250
OD003868,ORD002494,PROD0165,6,255000,0,1530000,0,1530000
OD003869,ORD002495,PROD0035,5,98000,0,490000,0,490000
OD003870,ORD002495,PROD0173,3,299000,10,897000,89700,807300
OD003871,ORD002496,PROD0065,6,110000,0,660000,0,660000
OD003872,ORD002496,PROD0076,4,135000,0,540000,0,540000
OD003873,ORD002497,PROD0166,5,267000,0,1335000,0,1335000
OD003874,ORD002497,PROD0030,9,100000,7,900000,63000,837000
OD003875,ORD002498,PROD0083,5,138000,10,690000,69000,621000
OD003876,ORD002498,PROD0024,10,98000,0,980000,0,980000
OD003877,ORD002499,PROD0113,2,150000,0,300000,0,300000
OD003878,ORD002499,PROD0128,7,250000,10,1750000,175000,1575000
OD003879,ORD002499,PROD0117,8,175000,0,1400000,0,1400000
OD003880,ORD002500,PROD0188,1,254957,2,254957,5099.14,249857.86
OD003881,ORD002501,PROD0143,6,285000,2,1710000,34200,1675800
OD003882,ORD002501,PROD0008,8,70000,2,560000,11200,548800
OD003883,ORD002501,PROD0042,1,98000,0,98000,0,98000
OD003884,ORD002502,PROD0100,9,135000,10,1215000,121500,1093500
OD003885,ORD002503,PROD0092,4,150000,0,600000,0,600000
OD003886,ORD002504,PROD0039,7,115000,2,805000,16100,788900
OD003887,ORD002504,PROD0106,3,140000,5,420000,21000,399000
OD003888,ORD002505,PROD0107,2,142000,7,284000,19880,264120
OD003889,ORD002506,PROD0091,4,148000,5,592000,29600,562400
OD003890,ORD002507,PROD0172,2,277000,2,554000,11080,542920
OD003891,ORD002508,PROD0077,2,138000,0,276000,0,276000
OD003892,ORD002508,PROD0158,6,265000,5,1590000,79500,1510500
OD003893,ORD002509,PROD0140,7,225000,5,1575000,78750,1496250
OD003894,ORD002509,PROD0195,10,160472,2,1604720,32094.4,1572625.6
OD003895,ORD002510,PROD0128,6,250000,5,1500000,75000,1425000
OD003896,ORD002511,PROD0097,6,130000,7,780000,54600,725400
OD003897,ORD002512,PROD0001,6,50000,0,300000,0,300000
OD003898,ORD002512,PROD0133,10,295000,7,2950000,206500,2743500
OD003899,ORD002513,PROD0106,4,140000,5,560000,28000,532000
OD003900,ORD002514,PROD0180,7,142869,2,1000083,20001.66,980081.34
OD003901,ORD002515,PROD0120,8,190000,5,1520000,76000,1444000
OD003902,ORD002516,PROD0140,2,225000,7,450000,31500,418500
OD003903,ORD002516,PROD0183,9,324367,7,2919303,204351.21,2714951.79
OD003904,ORD002517,PROD0193,5,348268,2,1741340,34826.8,1706513.2
OD003905,ORD002518,PROD0045,5,110000,5,550000,27500,522500
OD003906,ORD002519,PROD0050,3,98000,5,294000,14700,279300
OD003907,ORD002520,PROD0157,5,250000,2,1250000,25000,1225000
OD003908,ORD002521,PROD0027,6,92000,0,552000,0,552000
OD003909,ORD002522,PROD0164,9,235000,10,2115000,211500,1903500
OD003910,ORD002522,PROD0030,4,100000,0,400000,0,400000
OD003911,ORD002523,PROD0073,7,128000,5,896000,44800,851200
OD003912,ORD002523,PROD0171,9,255000,2,2295000,45900,2249100
OD003913,ORD002524,PROD0028,6,95000,10,570000,57000,513000
OD003914,ORD002525,PROD0011,2,75000,5,150000,7500,142500
OD003915,ORD002526,PROD0152,8,285000,0,2280000,0,2280000
OD003916,ORD002527,PROD0162,6,210000,0,1260000,0,1260000
OD003917,ORD002527,PROD0151,4,265000,2,1060000,21200,1038800
OD003918,ORD002527,PROD0093,9,155000,5,1395000,69750,1325250
OD003919,ORD002528,PROD0153,1,195000,5,195000,9750,185250
OD003920,ORD002529,PROD0139,10,210000,10,2100000,210000,1890000
OD003921,ORD002529,PROD0076,8,135000,2,1080000,21600,1058400
OD003922,ORD002530,PROD0150,7,255000,7,1785000,124950,1660050
OD003923,ORD002530,PROD0039,7,115000,0,805000,0,805000
OD003924,ORD002531,PROD0085,10,145000,10,1450000,145000,1305000
OD003925,ORD002531,PROD0166,5,267000,0,1335000,0,1335000
OD003926,ORD002531,PROD0030,10,100000,7,1000000,70000,930000
OD003927,ORD002532,PROD0085,1,145000,0,145000,0,145000
OD003928,ORD002532,PROD0124,10,178000,5,1780000,89000,1691000
OD003929,ORD002533,PROD0120,10,190000,5,1900000,95000,1805000
OD003930,ORD002534,PROD0192,3,135661,5,406983,20349.15,386633.85
OD003931,ORD002534,PROD0133,8,295000,15,2360000,354000,2006000
OD003932,ORD002535,PROD0006,4,65000,5,260000,13000,247000
OD003933,ORD002535,PROD0200,4,120944,0,483776,0,483776
OD003934,ORD002535,PROD0046,6,115000,2,690000,13800,676200
OD003935,ORD002536,PROD0119,3,185000,0,555000,0,555000
OD003936,ORD002536,PROD0175,3,435000,2,1305000,26100,1278900
OD003937,ORD002537,PROD0122,6,165000,0,990000,0,990000
OD003938,ORD002537,PROD0014,10,80000,5,800000,40000,760000
OD003939,ORD002538,PROD0071,1,128000,10,128000,12800,115200
OD003940,ORD002538,PROD0003,5,60000,0,300000,0,300000
OD003941,ORD002538,PROD0085,5,145000,10,725000,72500,652500
OD003942,ORD002539,PROD0176,8,450000,10,3600000,360000,3240000
OD003943,ORD002539,PROD0052,10,105000,5,1050000,52500,997500
OD003944,ORD002540,PROD0154,6,200000,5,1200000,60000,1140000
OD003945,ORD002540,PROD0009,8,75000,7,600000,42000,558000
OD003946,ORD002541,PROD0051,2,102500,2,205000,4100,200900
OD003947,ORD002541,PROD0115,10,158000,15,1580000,237000,1343000
OD003948,ORD002542,PROD0194,10,285723,2,2857230,57144.6,2800085.4
OD003949,ORD002543,PROD0124,4,178000,0,712000,0,712000
OD003950,ORD002544,PROD0143,8,285000,7,2280000,159600,2120400
OD003951,ORD002544,PROD0155,1,220000,2,220000,4400,215600
OD003952,ORD002545,PROD0024,6,98000,0,588000,0,588000
OD003953,ORD002545,PROD0192,10,135661,0,1356610,0,1356610
OD003954,ORD002545,PROD0093,2,155000,2,310000,6200,303800
OD003955,ORD002546,PROD0062,9,170000,0,1530000,0,1530000
OD003956,ORD002546,PROD0174,10,325000,0,3250000,0,3250000
OD003957,ORD002546,PROD0099,6,134000,0,804000,0,804000
OD003958,ORD002547,PROD0134,8,310000,5,2480000,124000,2356000
OD003959,ORD002548,PROD0074,3,132000,0,396000,0,396000
OD003960,ORD002548,PROD0118,5,180000,7,900000,63000,837000
OD003961,ORD002549,PROD0031,8,100000,10,800000,80000,720000
OD003962,ORD002550,PROD0084,5,140000,7,700000,49000,651000
OD003963,ORD002550,PROD0091,1,148000,0,148000,0,148000
OD003964,ORD002551,PROD0050,9,98000,5,882000,44100,837900
OD003965,ORD002551,PROD0183,10,324367,0,3243670,0,3243670
OD003966,ORD002551,PROD0123,6,170000,15,1020000,153000,867000
OD003967,ORD002552,PROD0175,7,435000,0,3045000,0,3045000
OD003968,ORD002552,PROD0031,2,100000,0,200000,0,200000
OD003969,ORD002552,PROD0085,2,145000,0,290000,0,290000
OD003970,ORD002553,PROD0162,10,210000,15,2100000,315000,1785000
OD003971,ORD002553,PROD0033,2,98000,0,196000,0,196000
OD003972,ORD002554,PROD0042,10,98000,0,980000,0,980000
OD003973,ORD002554,PROD0185,1,232339,0,232339,0,232339
OD003974,ORD002555,PROD0025,5,82000,10,410000,41000,369000
OD003975,ORD002556,PROD0092,8,150000,2,1200000,24000,1176000
OD003976,ORD002556,PROD0015,1,80000,15,80000,12000,68000
OD003977,ORD002557,PROD0068,2,120000,15,240000,36000,204000
OD003978,ORD002558,PROD0163,8,225000,7,1800000,126000,1674000
OD003979,ORD002559,PROD0073,6,128000,0,768000,0,768000
OD003980,ORD002559,PROD0094,9,158000,15,1422000,213300,1208700
OD003981,ORD002560,PROD0184,4,79485,2,317940,6358.8,311581.2
OD003982,ORD002561,PROD0080,8,145000,5,1160000,58000,1102000
OD003983,ORD002561,PROD0121,6,160000,5,960000,48000,912000
OD003984,ORD002562,PROD0105,1,135000,7,135000,9450,125550
OD003985,ORD002563,PROD0144,7,295000,15,2065000,309750,1755250
OD003986,ORD002564,PROD0118,10,180000,15,1800000,270000,1530000
OD003987,ORD002565,PROD0167,3,295000,2,885000,17700,867300
OD003988,ORD002566,PROD0177,8,120000,0,960000,0,960000
OD003989,ORD002567,PROD0198,3,26819,10,80457,8045.7,72411.3
OD003990,ORD002567,PROD0069,10,125000,0,1250000,0,1250000
OD003991,ORD002568,PROD0036,4,102000,5,408000,20400,387600
OD003992,ORD002568,PROD0038,7,111000,0,777000,0,777000
OD003993,ORD002569,PROD0158,10,265000,2,2650000,53000,2597000
OD003994,ORD002570,PROD0174,6,325000,5,1950000,97500,1852500
OD003995,ORD002570,PROD0049,5,95000,7,475000,33250,441750
OD003996,ORD002571,PROD0097,5,130000,15,650000,97500,552500
OD003997,ORD002571,PROD0004,3,60000,10,180000,18000,162000
OD003998,ORD002572,PROD0116,1,162000,5,162000,8100,153900
OD003999,ORD002572,PROD0141,6,235000,2,1410000,28200,1381800
OD004000,ORD002573,PROD0032,8,105000,5,840000,42000,798000
OD004001,ORD002573,PROD0186,2,265147,2,530294,10605.88,519688.12
OD004002,ORD002574,PROD0173,10,299000,5,2990000,149500,2840500
OD004003,ORD002574,PROD0192,8,135661,10,1085288,108528.8,976759.2
OD004004,ORD002575,PROD0188,7,254957,5,1784699,89234.95,1695464.05
OD004005,ORD002576,PROD0017,4,90000,0,360000,0,360000
OD004006,ORD002577,PROD0090,8,145000,5,1160000,58000,1102000
OD004007,ORD002578,PROD0086,10,148000,0,1480000,0,1480000
OD004008,ORD002578,PROD0005,3,60000,0,180000,0,180000
OD004009,ORD002579,PROD0188,7,254957,7,1784699,124928.93,1659770.07
OD004010,ORD002580,PROD0006,5,65000,0,325000,0,325000
OD004011,ORD002580,PROD0140,7,225000,5,1575000,78750,1496250
OD004012,ORD002580,PROD0061,3,155000,7,465000,32550,432450
OD004013,ORD002581,PROD0120,3,190000,2,570000,11400,558600
OD004014,ORD002582,PROD0099,9,134000,5,1206000,60300,1145700
OD004015,ORD002583,PROD0045,2,110000,5,220000,11000,209000
OD004016,ORD002584,PROD0087,9,150000,5,1350000,67500,1282500
OD004017,ORD002584,PROD0142,1,265000,15,265000,39750,225250
OD004018,ORD002585,PROD0114,9,155500,10,1399500,139950,1259550
OD004019,ORD002586,PROD0045,9,110000,0,990000,0,990000
OD004020,ORD002586,PROD0052,10,105000,5,1050000,52500,997500
OD004021,ORD002587,PROD0140,10,225000,0,2250000,0,2250000
OD004022,ORD002587,PROD0042,10,98000,0,980000,0,980000
OD004023,ORD002588,PROD0120,3,190000,2,570000,11400,558600
OD004024,ORD002589,PROD0195,9,160472,2,1444248,28884.96,1415363.04
OD004025,ORD002589,PROD0116,10,162000,5,1620000,81000,1539000
OD004026,ORD002590,PROD0057,6,135000,5,810000,40500,769500
OD004027,ORD002590,PROD0134,7,310000,2,2170000,43400,2126600
OD004028,ORD002591,PROD0190,9,309979,10,2789811,278981.1,2510829.9
OD004029,ORD002591,PROD0130,8,250000,10,2000000,200000,1800000
OD004030,ORD002592,PROD0115,8,158000,7,1264000,88480,1175520
OD004031,ORD002593,PROD0123,10,170000,2,1700000,34000,1666000
OD004032,ORD002593,PROD0014,9,80000,0,720000,0,720000
OD004033,ORD002594,PROD0005,10,60000,0,600000,0,600000
OD004034,ORD002594,PROD0120,10,190000,0,1900000,0,1900000
OD004035,ORD002595,PROD0096,6,165000,15,990000,148500,841500
OD004036,ORD002595,PROD0198,6,26819,2,160914,3218.28,157695.72
OD004037,ORD002595,PROD0096,6,165000,2,990000,19800,970200
OD004038,ORD002596,PROD0168,4,320000,5,1280000,64000,1216000
OD004039,ORD002597,PROD0132,7,285000,5,1995000,99750,1895250
OD004040,ORD002597,PROD0061,7,155000,10,1085000,108500,976500
OD004041,ORD002597,PROD0173,3,299000,0,897000,0,897000
OD004042,ORD002598,PROD0020,9,95000,10,855000,85500,769500
OD004043,ORD002598,PROD0140,4,225000,2,900000,18000,882000
OD004044,ORD002599,PROD0093,5,155000,0,775000,0,775000
OD004045,ORD002600,PROD0145,9,170000,5,1530000,76500,1453500
OD004046,ORD002600,PROD0020,7,95000,5,665000,33250,631750
OD004047,ORD002601,PROD0041,2,95000,0,190000,0,190000
OD004048,ORD002602,PROD0060,4,150000,0,600000,0,600000
OD004049,ORD002603,PROD0114,5,155500,5,777500,38875,738625
OD004050,ORD002603,PROD0184,8,79485,7,635880,44511.6,591368.4
OD004051,ORD002604,PROD0182,4,295189,5,1180756,59037.8,1121718.2
OD004052,ORD002605,PROD0131,5,280000,2,1400000,28000,1372000
OD004053,ORD002606,PROD0023,6,98000,5,588000,29400,558600
OD004054,ORD002606,PROD0157,6,250000,10,1500000,150000,1350000
OD004055,ORD002607,PROD0170,2,245000,10,490000,49000,441000
OD004056,ORD002607,PROD0109,6,150000,0,900000,0,900000
OD004057,ORD002607,PROD0014,10,80000,0,800000,0,800000
OD004058,ORD002608,PROD0034,7,98000,5,686000,34300,651700
OD004059,ORD002609,PROD0162,8,210000,0,1680000,0,1680000
OD004060,ORD002610,PROD0031,8,100000,7,800000,56000,744000
OD004061,ORD002611,PROD0068,1,120000,0,120000,0,120000
OD004062,ORD002612,PROD0154,5,200000,0,1000000,0,1000000
OD004063,ORD002612,PROD0031,4,100000,7,400000,28000,372000
OD004064,ORD002612,PROD0086,6,148000,0,888000,0,888000
OD004065,ORD002613,PROD0137,1,165000,0,165000,0,165000
OD004066,ORD002614,PROD0100,3,135000,10,405000,40500,364500
OD004067,ORD002614,PROD0176,2,450000,0,900000,0,900000
OD004068,ORD002615,PROD0036,1,102000,2,102000,2040,99960
OD004069,ORD002616,PROD0115,5,158000,2,790000,15800,774200
OD004070,ORD002616,PROD0073,8,128000,0,1024000,0,1024000
OD004071,ORD002616,PROD0112,4,170000,0,680000,0,680000
OD004072,ORD002617,PROD0027,8,92000,0,736000,0,736000
OD004073,ORD002618,PROD0138,6,190000,2,1140000,22800,1117200
OD004074,ORD002618,PROD0041,7,95000,15,665000,99750,565250
OD004075,ORD002618,PROD0162,3,210000,7,630000,44100,585900
OD004076,ORD002619,PROD0178,5,115000,7,575000,40250,534750
OD004077,ORD002619,PROD0069,4,125000,5,500000,25000,475000
OD004078,ORD002620,PROD0144,5,295000,7,1475000,103250,1371750
OD004079,ORD002620,PROD0110,10,155000,5,1550000,77500,1472500
OD004080,ORD002620,PROD0171,2,255000,15,510000,76500,433500
OD004081,ORD002621,PROD0186,9,265147,5,2386323,119316.15,2267006.85
OD004082,ORD002622,PROD0175,10,435000,5,4350000,217500,4132500
OD004083,ORD002622,PROD0052,1,105000,0,105000,0,105000
OD004084,ORD002623,PROD0118,5,180000,7,900000,63000,837000
OD004085,ORD002624,PROD0019,7,95000,2,665000,13300,651700
OD004086,ORD002624,PROD0061,3,155000,7,465000,32550,432450
OD004087,ORD002625,PROD0073,2,128000,10,256000,25600,230400
OD004088,ORD002625,PROD0099,4,134000,0,536000,0,536000
OD004089,ORD002626,PROD0167,8,295000,2,2360000,47200,2312800
OD004090,ORD002627,PROD0004,5,60000,10,300000,30000,270000
OD004091,ORD002628,PROD0099,9,134000,0,1206000,0,1206000
OD004092,ORD002629,PROD0164,4,235000,7,940000,65800,874200
OD004093,ORD002629,PROD0047,7,120000,2,840000,16800,823200
OD004094,ORD002629,PROD0161,8,195000,5,1560000,78000,1482000
OD004095,ORD002630,PROD0016,7,80000,10,560000,56000,504000
OD004096,ORD002631,PROD0102,5,143000,5,715000,35750,679250
OD004097,ORD002632,PROD0198,9,26819,2,241371,4827.42,236543.58
OD004098,ORD002632,PROD0076,2,135000,5,270000,13500,256500
OD004099,ORD002633,PROD0129,2,235000,0,470000,0,470000
OD004100,ORD002633,PROD0035,1,98000,0,98000,0,98000
OD004101,ORD002634,PROD0085,8,145000,5,1160000,58000,1102000
OD004102,ORD002635,PROD0016,4,80000,10,320000,32000,288000
OD004103,ORD002636,PROD0024,2,98000,5,196000,9800,186200
OD004104,ORD002636,PROD0065,2,110000,5,220000,11000,209000
OD004105,ORD002637,PROD0197,1,221508,0,221508,0,221508
OD004106,ORD002637,PROD0188,5,254957,0,1274785,0,1274785
OD004107,ORD002638,PROD0012,7,75000,0,525000,0,525000
OD004108,ORD002639,PROD0014,3,80000,15,240000,36000,204000
OD004109,ORD002640,PROD0138,3,190000,5,570000,28500,541500
OD004110,ORD002640,PROD0190,10,309979,7,3099790,216985.3,2882804.7
OD004111,ORD002641,PROD0102,1,143000,0,143000,0,143000
OD004112,ORD002642,PROD0106,9,140000,5,1260000,63000,1197000
OD004113,ORD002642,PROD0121,1,160000,0,160000,0,160000
OD004114,ORD002643,PROD0089,8,140000,15,1120000,168000,952000
OD004115,ORD002643,PROD0149,10,225000,0,2250000,0,2250000
OD004116,ORD002644,PROD0025,4,82000,0,328000,0,328000
OD004117,ORD002644,PROD0012,3,75000,0,225000,0,225000
OD004118,ORD002645,PROD0015,3,80000,0,240000,0,240000
OD004119,ORD002646,PROD0045,5,110000,2,550000,11000,539000
OD004120,ORD002647,PROD0109,3,150000,15,450000,67500,382500
OD004121,ORD002647,PROD0053,3,108000,10,324000,32400,291600
OD004122,ORD002648,PROD0120,2,190000,5,380000,19000,361000
OD004123,ORD002649,PROD0004,10,60000,10,600000,60000,540000
OD004124,ORD002650,PROD0087,3,150000,2,450000,9000,441000
OD004125,ORD002651,PROD0030,1,100000,10,100000,10000,90000
OD004126,ORD002652,PROD0058,4,145000,0,580000,0,580000
OD004127,ORD002653,PROD0130,6,250000,2,1500000,30000,1470000
OD004128,ORD002654,PROD0003,2,60000,0,120000,0,120000
OD004129,ORD002655,PROD0155,5,220000,10,1100000,110000,990000
OD004130,ORD002655,PROD0054,10,115000,2,1150000,23000,1127000
OD004131,ORD002656,PROD0173,7,299000,0,2093000,0,2093000
OD004132,ORD002657,PROD0143,4,285000,0,1140000,0,1140000
OD004133,ORD002657,PROD0181,9,90661,5,815949,40797.45,775151.55
OD004134,ORD002658,PROD0122,4,165000,5,660000,33000,627000
OD004135,ORD002658,PROD0082,1,138000,5,138000,6900,131100
OD004136,ORD002659,PROD0032,3,105000,7,315000,22050,292950
OD004137,ORD002659,PROD0015,1,80000,7,80000,5600,74400
OD004138,ORD002660,PROD0159,5,285000,5,1425000,71250,1353750
OD004139,ORD002660,PROD0129,4,235000,5,940000,47000,893000
OD004140,ORD002660,PROD0030,1,100000,15,100000,15000,85000
OD004141,ORD002661,PROD0020,5,95000,2,475000,9500,465500
OD004142,ORD002661,PROD0160,2,310000,2,620000,12400,607600
OD004143,ORD002661,PROD0012,9,75000,5,675000,33750,641250
OD004144,ORD002662,PROD0103,7,148000,5,1036000,51800,984200
OD004145,ORD002663,PROD0065,3,110000,10,330000,33000,297000
OD004146,ORD002664,PROD0144,8,295000,2,2360000,47200,2312800
OD004147,ORD002664,PROD0012,9,75000,5,675000,33750,641250
OD004148,ORD002665,PROD0017,8,90000,5,720000,36000,684000
OD004149,ORD002665,PROD0028,1,95000,7,95000,6650,88350
OD004150,ORD002666,PROD0149,6,225000,0,1350000,0,1350000
OD004151,ORD002667,PROD0143,1,285000,10,285000,28500,256500
OD004152,ORD002667,PROD0145,7,170000,0,1190000,0,1190000
OD004153,ORD002667,PROD0116,8,162000,0,1296000,0,1296000
OD004154,ORD002668,PROD0036,1,102000,5,102000,5100,96900
OD004155,ORD002668,PROD0046,8,115000,0,920000,0,920000
OD004156,ORD002669,PROD0028,3,95000,0,285000,0,285000
OD004157,ORD002669,PROD0026,1,85000,15,85000,12750,72250
OD004158,ORD002670,PROD0150,3,255000,5,765000,38250,726750
OD004159,ORD002671,PROD0092,10,150000,15,1500000,225000,1275000
OD004160,ORD002672,PROD0084,3,140000,0,420000,0,420000
OD004161,ORD002673,PROD0030,1,100000,0,100000,0,100000
OD004162,ORD002674,PROD0130,1,250000,0,250000,0,250000
OD004163,ORD002675,PROD0167,9,295000,0,2655000,0,2655000
OD004164,ORD002676,PROD0002,7,50000,2,350000,7000,343000
OD004165,ORD002676,PROD0187,2,225148,15,450296,67544.4,382751.6
OD004166,ORD002677,PROD0037,7,105000,2,735000,14700,720300
OD004167,ORD002678,PROD0183,1,324367,7,324367,22705.69,301661.31
OD004168,ORD002678,PROD0150,7,255000,5,1785000,89250,1695750
OD004169,ORD002679,PROD0179,9,65000,0,585000,0,585000
OD004170,ORD002680,PROD0040,8,115000,0,920000,0,920000
OD004171,ORD002680,PROD0113,2,150000,5,300000,15000,285000
OD004172,ORD002680,PROD0017,4,90000,0,360000,0,360000
OD004173,ORD002681,PROD0090,6,145000,5,870000,43500,826500
OD004174,ORD002681,PROD0036,1,102000,5,102000,5100,96900
OD004175,ORD002681,PROD0015,9,80000,2,720000,14400,705600
OD004176,ORD002682,PROD0167,7,295000,2,2065000,41300,2023700
OD004177,ORD002682,PROD0152,2,285000,7,570000,39900,530100
OD004178,ORD002683,PROD0070,8,126000,2,1008000,20160,987840
OD004179,ORD002684,PROD0083,8,138000,5,1104000,55200,1048800
OD004180,ORD002685,PROD0107,2,142000,0,284000,0,284000
OD004181,ORD002685,PROD0122,6,165000,7,990000,69300,920700
OD004182,ORD002686,PROD0116,4,162000,5,648000,32400,615600
OD004183,ORD002686,PROD0062,3,170000,15,510000,76500,433500
OD004184,ORD002687,PROD0075,9,135000,7,1215000,85050,1129950
OD004185,ORD002687,PROD0198,1,26819,5,26819,1340.95,25478.05
OD004186,ORD002687,PROD0019,5,95000,5,475000,23750,451250
OD004187,ORD002688,PROD0081,3,135000,2,405000,8100,396900
OD004188,ORD002689,PROD0052,4,105000,2,420000,8400,411600
OD004189,ORD002690,PROD0049,5,95000,5,475000,23750,451250
OD004190,ORD002691,PROD0032,6,105000,5,630000,31500,598500
OD004191,ORD002692,PROD0020,4,95000,15,380000,57000,323000
OD004192,ORD002692,PROD0182,6,295189,5,1771134,88556.7,1682577.3
OD004193,ORD002693,PROD0175,8,435000,0,3480000,0,3480000
OD004194,ORD002694,PROD0149,2,225000,0,450000,0,450000
OD004195,ORD002694,PROD0186,5,265147,0,1325735,0,1325735
OD004196,ORD002695,PROD0165,6,255000,10,1530000,153000,1377000
OD004197,ORD002696,PROD0026,4,85000,2,340000,6800,333200
OD004198,ORD002697,PROD0163,6,225000,10,1350000,135000,1215000
OD004199,ORD002698,PROD0162,9,210000,2,1890000,37800,1852200
OD004200,ORD002698,PROD0001,7,50000,10,350000,35000,315000
OD004201,ORD002699,PROD0176,5,450000,5,2250000,112500,2137500
OD004202,ORD002699,PROD0150,7,255000,10,1785000,178500,1606500
OD004203,ORD002700,PROD0199,10,63002,5,630020,31501,598519
OD004204,ORD002700,PROD0097,1,130000,0,130000,0,130000
OD004205,ORD002701,PROD0149,6,225000,5,1350000,67500,1282500
OD004206,ORD002702,PROD0155,1,220000,0,220000,0,220000
OD004207,ORD002703,PROD0134,10,310000,0,3100000,0,3100000
OD004208,ORD002703,PROD0192,8,135661,2,1085288,21705.76,1063582.24
OD004209,ORD002704,PROD0029,9,100000,0,900000,0,900000
OD004210,ORD002704,PROD0072,6,125000,5,750000,37500,712500
OD004211,ORD002704,PROD0020,5,95000,5,475000,23750,451250
OD004212,ORD002705,PROD0121,1,160000,15,160000,24000,136000
OD004213,ORD002706,PROD0005,7,60000,5,420000,21000,399000
OD004214,ORD002707,PROD0061,10,155000,7,1550000,108500,1441500
OD004215,ORD002708,PROD0148,2,210000,5,420000,21000,399000
OD004216,ORD002708,PROD0179,3,65000,2,195000,3900,191100
OD004217,ORD002709,PROD0045,6,110000,2,660000,13200,646800
OD004218,ORD002710,PROD0051,6,102500,10,615000,61500,553500
OD004219,ORD002711,PROD0006,5,65000,0,325000,0,325000
OD004220,ORD002712,PROD0071,2,128000,0,256000,0,256000
OD004221,ORD002712,PROD0141,5,235000,7,1175000,82250,1092750
OD004222,ORD002713,PROD0178,6,115000,0,690000,0,690000
OD004223,ORD002714,PROD0085,2,145000,0,290000,0,290000
OD004224,ORD002715,PROD0021,7,95000,0,665000,0,665000
OD004225,ORD002715,PROD0065,9,110000,0,990000,0,990000
OD004226,ORD002716,PROD0099,1,134000,0,134000,0,134000
OD004227,ORD002717,PROD0122,1,165000,2,165000,3300,161700
OD004228,ORD002718,PROD0117,6,175000,15,1050000,157500,892500
OD004229,ORD002719,PROD0161,8,195000,7,1560000,109200,1450800
OD004230,ORD002720,PROD0116,2,162000,0,324000,0,324000
OD004231,ORD002721,PROD0081,10,135000,0,1350000,0,1350000
OD004232,ORD002722,PROD0025,5,82000,15,410000,61500,348500
OD004233,ORD002723,PROD0188,2,254957,5,509914,25495.7,484418.3
OD004234,ORD002723,PROD0008,5,70000,5,350000,17500,332500
OD004235,ORD002724,PROD0066,5,114500,5,572500,28625,543875
OD004236,ORD002724,PROD0084,4,140000,0,560000,0,560000
OD004237,ORD002725,PROD0179,6,65000,0,390000,0,390000
OD004238,ORD002726,PROD0091,3,148000,2,444000,8880,435120
OD004239,ORD002726,PROD0083,10,138000,2,1380000,27600,1352400
OD004240,ORD002727,PROD0189,3,235752,15,707256,106088.4,601167.6
OD004241,ORD002728,PROD0073,9,128000,0,1152000,0,1152000
OD004242,ORD002728,PROD0152,9,285000,0,2565000,0,2565000
OD004243,ORD002729,PROD0007,5,70000,10,350000,35000,315000
OD004244,ORD002730,PROD0120,2,190000,10,380000,38000,342000
OD004245,ORD002731,PROD0146,10,185000,0,1850000,0,1850000
OD004246,ORD002732,PROD0043,6,98000,2,588000,11760,576240
OD004247,ORD002733,PROD0152,4,285000,5,1140000,57000,1083000
OD004248,ORD002734,PROD0181,2,90661,0,181322,0,181322
OD004249,ORD002735,PROD0011,4,75000,10,300000,30000,270000
OD004250,ORD002735,PROD0039,7,115000,0,805000,0,805000
OD004251,ORD002736,PROD0029,6,100000,0,600000,0,600000
OD004252,ORD002737,PROD0190,1,309979,5,309979,15498.95,294480.05
OD004253,ORD002738,PROD0059,8,135000,7,1080000,75600,1004400
OD004254,ORD002738,PROD0190,4,309979,15,1239916,185987.4,1053928.6
OD004255,ORD002739,PROD0076,2,135000,5,270000,13500,256500
OD004256,ORD002740,PROD0196,7,332371,0,2326597,0,2326597
OD004257,ORD002741,PROD0113,8,150000,5,1200000,60000,1140000
OD004258,ORD002742,PROD0057,9,135000,0,1215000,0,1215000
OD004259,ORD002743,PROD0102,1,143000,0,143000,0,143000
OD004260,ORD002743,PROD0028,4,95000,0,380000,0,380000
OD004261,ORD002744,PROD0040,3,115000,0,345000,0,345000
OD004262,ORD002745,PROD0126,6,210000,2,1260000,25200,1234800
OD004263,ORD002746,PROD0151,10,265000,7,2650000,185500,2464500
OD004264,ORD002746,PROD0085,2,145000,0,290000,0,290000
OD004265,ORD002747,PROD0171,7,255000,5,1785000,89250,1695750
OD004266,ORD002747,PROD0078,5,140000,0,700000,0,700000
OD004267,ORD002748,PROD0075,5,135000,5,675000,33750,641250
OD004268,ORD002748,PROD0112,10,170000,5,1700000,85000,1615000
OD004269,ORD002749,PROD0079,8,142000,0,1136000,0,1136000
OD004270,ORD002750,PROD0138,1,190000,10,190000,19000,171000
OD004271,ORD002751,PROD0181,5,90661,5,453305,22665.25,430639.75
OD004272,ORD002751,PROD0067,8,120000,15,960000,144000,816000
OD004273,ORD002751,PROD0098,2,132000,15,264000,39600,224400
OD004274,ORD002752,PROD0068,6,120000,0,720000,0,720000
OD004275,ORD002753,PROD0119,5,185000,10,925000,92500,832500
OD004276,ORD002753,PROD0123,1,170000,7,170000,11900,158100
OD004277,ORD002753,PROD0091,10,148000,2,1480000,29600,1450400
OD004278,ORD002754,PROD0015,4,80000,7,320000,22400,297600
OD004279,ORD002754,PROD0186,3,265147,2,795441,15908.82,779532.18
OD004280,ORD002755,PROD0140,1,225000,5,225000,11250,213750
OD004281,ORD002755,PROD0145,1,170000,2,170000,3400,166600
OD004282,ORD002756,PROD0160,2,310000,10,620000,62000,558000
OD004283,ORD002757,PROD0006,8,65000,10,520000,52000,468000
OD004284,ORD002757,PROD0176,3,450000,0,1350000,0,1350000
OD004285,ORD002757,PROD0018,5,94000,5,470000,23500,446500
OD004286,ORD002758,PROD0151,7,265000,0,1855000,0,1855000
OD004287,ORD002758,PROD0191,4,100130,10,400520,40052,360468
OD004288,ORD002759,PROD0102,5,143000,0,715000,0,715000
OD004289,ORD002759,PROD0144,5,295000,0,1475000,0,1475000
OD004290,ORD002760,PROD0175,10,435000,7,4350000,304500,4045500
OD004291,ORD002760,PROD0114,10,155500,5,1555000,77750,1477250
OD004292,ORD002760,PROD0099,3,134000,2,402000,8040,393960
OD004293,ORD002761,PROD0162,3,210000,5,630000,31500,598500
OD004294,ORD002761,PROD0158,5,265000,7,1325000,92750,1232250
OD004295,ORD002762,PROD0017,3,90000,0,270000,0,270000
OD004296,ORD002762,PROD0013,6,80000,2,480000,9600,470400
OD004297,ORD002763,PROD0143,6,285000,5,1710000,85500,1624500
OD004298,ORD002763,PROD0142,5,265000,5,1325000,66250,1258750
OD004299,ORD002764,PROD0163,5,225000,5,1125000,56250,1068750
OD004300,ORD002764,PROD0017,9,90000,5,810000,40500,769500
OD004301,ORD002765,PROD0032,2,105000,5,210000,10500,199500
OD004302,ORD002765,PROD0006,8,65000,0,520000,0,520000
OD004303,ORD002766,PROD0057,6,135000,2,810000,16200,793800
OD004304,ORD002766,PROD0101,8,138000,5,1104000,55200,1048800
OD004305,ORD002767,PROD0073,6,128000,2,768000,15360,752640
OD004306,ORD002767,PROD0024,8,98000,15,784000,117600,666400
OD004307,ORD002768,PROD0111,7,16000,15,112000,16800,95200
OD004308,ORD002768,PROD0066,8,114500,2,916000,18320,897680
OD004309,ORD002769,PROD0058,5,145000,0,725000,0,725000
OD004310,ORD002770,PROD0155,9,220000,0,1980000,0,1980000
OD004311,ORD002770,PROD0064,3,150000,2,450000,9000,441000
OD004312,ORD002771,PROD0111,8,16000,15,128000,19200,108800
OD004313,ORD002771,PROD0014,4,80000,0,320000,0,320000
OD004314,ORD002772,PROD0147,8,195000,2,1560000,31200,1528800
OD004315,ORD002772,PROD0109,9,150000,5,1350000,67500,1282500
OD004316,ORD002773,PROD0157,2,250000,5,500000,25000,475000
OD004317,ORD002774,PROD0061,7,155000,5,1085000,54250,1030750
OD004318,ORD002775,PROD0097,6,130000,7,780000,54600,725400
OD004319,ORD002776,PROD0086,4,148000,7,592000,41440,550560
OD004320,ORD002776,PROD0198,3,26819,5,80457,4022.85,76434.15
OD004321,ORD002777,PROD0021,7,95000,0,665000,0,665000
OD004322,ORD002777,PROD0041,9,95000,5,855000,42750,812250
OD004323,ORD002778,PROD0194,4,285723,5,1142892,57144.6,1085747.4
OD004324,ORD002778,PROD0017,4,90000,0,360000,0,360000
OD004325,ORD002779,PROD0056,9,125000,10,1125000,112500,1012500
OD004326,ORD002779,PROD0064,8,150000,7,1200000,84000,1116000
OD004327,ORD002780,PROD0158,8,265000,2,2120000,42400,2077600
OD004328,ORD002781,PROD0153,6,195000,15,1170000,175500,994500
OD004329,ORD002781,PROD0174,2,325000,5,650000,32500,617500
OD004330,ORD002782,PROD0020,2,95000,10,190000,19000,171000
OD004331,ORD002782,PROD0044,1,105000,7,105000,7350,97650
OD004332,ORD002783,PROD0094,4,158000,7,632000,44240,587760
OD004333,ORD002783,PROD0147,1,195000,0,195000,0,195000
OD004334,ORD002784,PROD0115,5,158000,2,790000,15800,774200
OD004335,ORD002785,PROD0105,1,135000,5,135000,6750,128250
OD004336,ORD002786,PROD0162,10,210000,10,2100000,210000,1890000
OD004337,ORD002786,PROD0040,5,115000,10,575000,57500,517500
OD004338,ORD002787,PROD0170,1,245000,0,245000,0,245000
OD004339,ORD002788,PROD0132,2,285000,7,570000,39900,530100
OD004340,ORD002788,PROD0048,2,122200,0,244400,0,244400
OD004341,ORD002789,PROD0088,7,155500,7,1088500,76195,1012305
OD004342,ORD002789,PROD0055,8,120000,2,960000,19200,940800
OD004343,ORD002789,PROD0062,5,170000,5,850000,42500,807500
OD004344,ORD002790,PROD0137,8,165000,5,1320000,66000,1254000
OD004345,ORD002790,PROD0061,1,155000,10,155000,15500,139500
OD004346,ORD002791,PROD0172,4,277000,5,1108000,55400,1052600
OD004347,ORD002792,PROD0020,1,95000,0,95000,0,95000
OD004348,ORD002793,PROD0034,5,98000,5,490000,24500,465500
OD004349,ORD002793,PROD0183,1,324367,5,324367,16218.35,308148.65
OD004350,ORD002794,PROD0145,8,170000,2,1360000,27200,1332800
OD004351,ORD002794,PROD0088,6,155500,0,933000,0,933000
OD004352,ORD002795,PROD0048,8,122200,10,977600,97760,879840
OD004353,ORD002796,PROD0051,6,102500,0,615000,0,615000
OD004354,ORD002797,PROD0037,1,105000,0,105000,0,105000
OD004355,ORD002797,PROD0180,4,142869,5,571476,28573.8,542902.2
OD004356,ORD002798,PROD0068,1,120000,2,120000,2400,117600
OD004357,ORD002799,PROD0188,1,254957,5,254957,12747.85,242209.15
OD004358,ORD002800,PROD0159,10,285000,0,2850000,0,2850000
OD004359,ORD002800,PROD0072,10,125000,2,1250000,25000,1225000
OD004360,ORD002800,PROD0149,2,225000,2,450000,9000,441000
OD004361,ORD002801,PROD0096,5,165000,5,825000,41250,783750
OD004362,ORD002802,PROD0096,3,165000,0,495000,0,495000
OD004363,ORD002803,PROD0154,5,200000,2,1000000,20000,980000
OD004364,ORD002804,PROD0143,7,285000,5,1995000,99750,1895250
OD004365,ORD002805,PROD0044,4,105000,7,420000,29400,390600
OD004366,ORD002806,PROD0082,9,138000,0,1242000,0,1242000
OD004367,ORD002807,PROD0187,1,225148,5,225148,11257.4,213890.6
OD004368,ORD002808,PROD0043,6,98000,2,588000,11760,576240
OD004369,ORD002808,PROD0143,8,285000,0,2280000,0,2280000
OD004370,ORD002809,PROD0169,6,220000,2,1320000,26400,1293600
OD004371,ORD002810,PROD0121,7,160000,5,1120000,56000,1064000
OD004372,ORD002810,PROD0011,7,75000,15,525000,78750,446250
OD004373,ORD002811,PROD0171,2,255000,0,510000,0,510000
OD004374,ORD002811,PROD0181,8,90661,2,725288,14505.76,710782.24
OD004375,ORD002811,PROD0129,3,235000,15,705000,105750,599250
OD004376,ORD002812,PROD0158,2,265000,5,530000,26500,503500
OD004377,ORD002812,PROD0010,6,75000,10,450000,45000,405000
OD004378,ORD002812,PROD0145,7,170000,5,1190000,59500,1130500
OD004379,ORD002813,PROD0161,4,195000,10,780000,78000,702000
OD004380,ORD002814,PROD0114,1,155500,7,155500,10885,144615
OD004381,ORD002815,PROD0105,10,135000,0,1350000,0,1350000
OD004382,ORD002815,PROD0163,9,225000,7,2025000,141750,1883250
OD004383,ORD002816,PROD0133,5,295000,0,1475000,0,1475000
OD004384,ORD002817,PROD0006,4,65000,7,260000,18200,241800
OD004385,ORD002817,PROD0037,9,105000,2,945000,18900,926100
OD004386,ORD002818,PROD0119,4,185000,5,740000,37000,703000
OD004387,ORD002818,PROD0122,3,165000,0,495000,0,495000
OD004388,ORD002819,PROD0053,3,108000,0,324000,0,324000
OD004389,ORD002820,PROD0028,6,95000,0,570000,0,570000
OD004390,ORD002821,PROD0128,8,250000,2,2000000,40000,1960000
OD004391,ORD002821,PROD0062,4,170000,0,680000,0,680000
OD004392,ORD002822,PROD0135,2,350000,0,700000,0,700000
OD004393,ORD002822,PROD0133,10,295000,10,2950000,295000,2655000
OD004394,ORD002823,PROD0043,1,98000,7,98000,6860,91140
OD004395,ORD002823,PROD0154,6,200000,5,1200000,60000,1140000
OD004396,ORD002824,PROD0031,2,100000,7,200000,14000,186000
OD004397,ORD002824,PROD0080,7,145000,2,1015000,20300,994700
OD004398,ORD002825,PROD0118,4,180000,7,720000,50400,669600
OD004399,ORD002826,PROD0178,1,115000,5,115000,5750,109250
OD004400,ORD002827,PROD0189,2,235752,0,471504,0,471504
OD004401,ORD002827,PROD0139,5,210000,5,1050000,52500,997500
OD004402,ORD002828,PROD0133,2,295000,15,590000,88500,501500
OD004403,ORD002829,PROD0101,6,138000,0,828000,0,828000
OD004404,ORD002829,PROD0097,9,130000,0,1170000,0,1170000
OD004405,ORD002830,PROD0112,3,170000,7,510000,35700,474300
OD004406,ORD002831,PROD0188,10,254957,0,2549570,0,2549570
OD004407,ORD002831,PROD0131,8,280000,2,2240000,44800,2195200
OD004408,ORD002831,PROD0164,1,235000,0,235000,0,235000
OD004409,ORD002832,PROD0111,5,16000,0,80000,0,80000
OD004410,ORD002832,PROD0147,6,195000,7,1170000,81900,1088100
OD004411,ORD002833,PROD0171,6,255000,15,1530000,229500,1300500
OD004412,ORD002834,PROD0088,5,155500,5,777500,38875,738625
OD004413,ORD002834,PROD0130,4,250000,10,1000000,100000,900000
OD004414,ORD002835,PROD0099,6,134000,0,804000,0,804000
OD004415,ORD002835,PROD0103,7,148000,0,1036000,0,1036000
OD004416,ORD002836,PROD0053,9,108000,2,972000,19440,952560
OD004417,ORD002836,PROD0168,2,320000,0,640000,0,640000
OD004418,ORD002837,PROD0164,2,235000,5,470000,23500,446500
OD004419,ORD002838,PROD0185,6,232339,15,1394034,209105.1,1184928.9
OD004420,ORD002839,PROD0057,5,135000,0,675000,0,675000
OD004421,ORD002839,PROD0200,9,120944,10,1088496,108849.6,979646.4
OD004422,ORD002840,PROD0141,6,235000,5,1410000,70500,1339500
OD004423,ORD002841,PROD0069,3,125000,0,375000,0,375000
OD004424,ORD002841,PROD0175,9,435000,5,3915000,195750,3719250
OD004425,ORD002842,PROD0112,9,170000,5,1530000,76500,1453500
OD004426,ORD002843,PROD0111,1,16000,7,16000,1120,14880
OD004427,ORD002843,PROD0152,9,285000,7,2565000,179550,2385450
OD004428,ORD002844,PROD0032,4,105000,5,420000,21000,399000
OD004429,ORD002844,PROD0094,3,158000,5,474000,23700,450300
OD004430,ORD002844,PROD0005,2,60000,5,120000,6000,114000
OD004431,ORD002845,PROD0086,1,148000,0,148000,0,148000
OD004432,ORD002846,PROD0135,1,350000,10,350000,35000,315000
OD004433,ORD002847,PROD0198,8,26819,0,214552,0,214552
OD004434,ORD002848,PROD0045,10,110000,5,1100000,55000,1045000
OD004435,ORD002848,PROD0176,10,450000,7,4500000,315000,4185000
OD004436,ORD002849,PROD0008,6,70000,0,420000,0,420000
OD004437,ORD002850,PROD0003,3,60000,5,180000,9000,171000
OD004438,ORD002850,PROD0069,9,125000,0,1125000,0,1125000
OD004439,ORD002851,PROD0058,10,145000,0,1450000,0,1450000
OD004440,ORD002851,PROD0117,5,175000,5,875000,43750,831250
OD004441,ORD002852,PROD0039,3,115000,10,345000,34500,310500
OD004442,ORD002853,PROD0111,9,16000,2,144000,2880,141120
OD004443,ORD002853,PROD0198,4,26819,10,107276,10727.6,96548.4
OD004444,ORD002854,PROD0034,6,98000,5,588000,29400,558600
OD004445,ORD002855,PROD0087,9,150000,7,1350000,94500,1255500
OD004446,ORD002856,PROD0121,2,160000,7,320000,22400,297600
OD004447,ORD002856,PROD0086,4,148000,5,592000,29600,562400
OD004448,ORD002857,PROD0083,3,138000,2,414000,8280,405720
OD004449,ORD002858,PROD0008,8,70000,5,560000,28000,532000
OD004450,ORD002859,PROD0096,2,165000,5,330000,16500,313500
OD004451,ORD002859,PROD0186,2,265147,10,530294,53029.4,477264.6
OD004452,ORD002860,PROD0175,4,435000,5,1740000,87000,1653000
OD004453,ORD002860,PROD0160,4,310000,10,1240000,124000,1116000
OD004454,ORD002861,PROD0016,8,80000,2,640000,12800,627200
OD004455,ORD002861,PROD0026,10,85000,7,850000,59500,790500
OD004456,ORD002862,PROD0106,6,140000,5,840000,42000,798000
OD004457,ORD002863,PROD0060,3,150000,0,450000,0,450000
OD004458,ORD002863,PROD0035,7,98000,5,686000,34300,651700
OD004459,ORD002864,PROD0037,8,105000,7,840000,58800,781200
OD004460,ORD002865,PROD0037,1,105000,5,105000,5250,99750
OD004461,ORD002866,PROD0019,10,95000,5,950000,47500,902500
OD004462,ORD002867,PROD0123,6,170000,7,1020000,71400,948600
OD004463,ORD002867,PROD0083,8,138000,10,1104000,110400,993600
OD004464,ORD002868,PROD0134,1,310000,0,310000,0,310000
OD004465,ORD002868,PROD0043,10,98000,0,980000,0,980000
OD004466,ORD002869,PROD0122,10,165000,15,1650000,247500,1402500
OD004467,ORD002870,PROD0037,10,105000,0,1050000,0,1050000
OD004468,ORD002871,PROD0185,6,232339,10,1394034,139403.4,1254630.6
OD004469,ORD002871,PROD0035,2,98000,5,196000,9800,186200
OD004470,ORD002872,PROD0159,5,285000,2,1425000,28500,1396500
OD004471,ORD002873,PROD0138,7,190000,7,1330000,93100,1236900
OD004472,ORD002874,PROD0040,5,115000,7,575000,40250,534750
OD004473,ORD002874,PROD0019,5,95000,0,475000,0,475000
OD004474,ORD002875,PROD0128,4,250000,0,1000000,0,1000000
OD004475,ORD002876,PROD0009,7,75000,7,525000,36750,488250
OD004476,ORD002877,PROD0125,6,195000,5,1170000,58500,1111500
OD004477,ORD002877,PROD0136,8,380000,0,3040000,0,3040000
OD004478,ORD002878,PROD0130,1,250000,0,250000,0,250000
OD004479,ORD002879,PROD0196,3,332371,5,997113,49855.65,947257.35
OD004480,ORD002879,PROD0086,9,148000,5,1332000,66600,1265400
OD004481,ORD002880,PROD0101,8,138000,7,1104000,77280,1026720
OD004482,ORD002880,PROD0190,7,309979,10,2169853,216985.3,1952867.7
OD004483,ORD002881,PROD0173,5,299000,5,1495000,74750,1420250
OD004484,ORD002882,PROD0093,5,155000,5,775000,38750,736250
OD004485,ORD002882,PROD0085,7,145000,5,1015000,50750,964250
OD004486,ORD002883,PROD0158,8,265000,5,2120000,106000,2014000
OD004487,ORD002883,PROD0114,5,155500,15,777500,116625,660875
OD004488,ORD002884,PROD0097,9,130000,0,1170000,0,1170000
OD004489,ORD002884,PROD0164,4,235000,5,940000,47000,893000
OD004490,ORD002884,PROD0158,4,265000,0,1060000,0,1060000
OD004491,ORD002885,PROD0083,7,138000,7,966000,67620,898380
OD004492,ORD002885,PROD0080,8,145000,7,1160000,81200,1078800
OD004493,ORD002886,PROD0134,6,310000,0,1860000,0,1860000
OD004494,ORD002887,PROD0001,10,50000,7,500000,35000,465000
OD004495,ORD002887,PROD0157,9,250000,5,2250000,112500,2137500
OD004496,ORD002888,PROD0100,3,135000,15,405000,60750,344250
OD004497,ORD002888,PROD0175,8,435000,7,3480000,243600,3236400
OD004498,ORD002889,PROD0110,9,155000,7,1395000,97650,1297350
OD004499,ORD002889,PROD0078,9,140000,0,1260000,0,1260000
OD004500,ORD002890,PROD0024,6,98000,15,588000,88200,499800
OD004501,ORD002891,PROD0001,8,50000,7,400000,28000,372000
OD004502,ORD002891,PROD0134,8,310000,10,2480000,248000,2232000
OD004503,ORD002892,PROD0040,10,115000,7,1150000,80500,1069500
OD004504,ORD002893,PROD0171,3,255000,10,765000,76500,688500
OD004505,ORD002893,PROD0099,2,134000,5,268000,13400,254600
OD004506,ORD002893,PROD0174,8,325000,0,2600000,0,2600000
OD004507,ORD002894,PROD0094,7,158000,5,1106000,55300,1050700
OD004508,ORD002895,PROD0076,10,135000,0,1350000,0,1350000
OD004509,ORD002896,PROD0029,1,100000,2,100000,2000,98000
OD004510,ORD002897,PROD0083,1,138000,0,138000,0,138000
OD004511,ORD002897,PROD0165,5,255000,5,1275000,63750,1211250
OD004512,ORD002897,PROD0172,7,277000,7,1939000,135730,1803270
OD004513,ORD002898,PROD0096,9,165000,10,1485000,148500,1336500
OD004514,ORD002898,PROD0200,7,120944,10,846608,84660.8,761947.2
OD004515,ORD002899,PROD0008,8,70000,0,560000,0,560000
OD004516,ORD002900,PROD0011,4,75000,7,300000,21000,279000
OD004517,ORD002900,PROD0013,6,80000,10,480000,48000,432000
OD004518,ORD002900,PROD0013,2,80000,7,160000,11200,148800
OD004519,ORD002901,PROD0001,7,50000,0,350000,0,350000
OD004520,ORD002902,PROD0011,2,75000,15,150000,22500,127500
OD004521,ORD002903,PROD0160,2,310000,5,620000,31000,589000
OD004522,ORD002904,PROD0093,2,155000,5,310000,15500,294500
OD004523,ORD002905,PROD0157,10,250000,0,2500000,0,2500000
OD004524,ORD002906,PROD0157,2,250000,10,500000,50000,450000
OD004525,ORD002907,PROD0139,3,210000,10,630000,63000,567000
OD004526,ORD002908,PROD0019,10,95000,7,950000,66500,883500
OD004527,ORD002909,PROD0025,2,82000,0,164000,0,164000
OD004528,ORD002910,PROD0138,6,190000,0,1140000,0,1140000
OD004529,ORD002910,PROD0191,2,100130,15,200260,30039,170221
OD004530,ORD002911,PROD0035,5,98000,10,490000,49000,441000
OD004531,ORD002912,PROD0127,10,225000,10,2250000,225000,2025000
OD004532,ORD002913,PROD0007,4,70000,7,280000,19600,260400
OD004533,ORD002914,PROD0040,5,115000,0,575000,0,575000
OD004534,ORD002914,PROD0120,9,190000,5,1710000,85500,1624500
OD004535,ORD002915,PROD0131,6,280000,0,1680000,0,1680000
OD004536,ORD002915,PROD0119,10,185000,2,1850000,37000,1813000
OD004537,ORD002916,PROD0091,4,148000,0,592000,0,592000
OD004538,ORD002917,PROD0057,3,135000,5,405000,20250,384750
OD004539,ORD002917,PROD0160,1,310000,5,310000,15500,294500
OD004540,ORD002918,PROD0065,4,110000,10,440000,44000,396000
OD004541,ORD002918,PROD0143,1,285000,0,285000,0,285000
OD004542,ORD002918,PROD0071,6,128000,10,768000,76800,691200
OD004543,ORD002919,PROD0104,1,155000,0,155000,0,155000
OD004544,ORD002919,PROD0186,2,265147,15,530294,79544.1,450749.9
OD004545,ORD002920,PROD0080,6,145000,5,870000,43500,826500
OD004546,ORD002921,PROD0174,7,325000,0,2275000,0,2275000
OD004547,ORD002921,PROD0013,2,80000,7,160000,11200,148800
OD004548,ORD002922,PROD0106,8,140000,0,1120000,0,1120000
OD004549,ORD002923,PROD0103,5,148000,5,740000,37000,703000
OD004550,ORD002924,PROD0193,2,348268,7,696536,48757.52,647778.48
OD004551,ORD002924,PROD0053,5,108000,5,540000,27000,513000
OD004552,ORD002925,PROD0117,10,175000,5,1750000,87500,1662500
OD004553,ORD002926,PROD0118,6,180000,5,1080000,54000,1026000
OD004554,ORD002926,PROD0021,9,95000,0,855000,0,855000
OD004555,ORD002927,PROD0199,9,63002,5,567018,28350.9,538667.1
OD004556,ORD002928,PROD0098,3,132000,15,396000,59400,336600
OD004557,ORD002929,PROD0088,1,155500,2,155500,3110,152390
OD004558,ORD002930,PROD0179,7,65000,0,455000,0,455000
OD004559,ORD002930,PROD0014,5,80000,0,400000,0,400000
OD004560,ORD002931,PROD0133,4,295000,5,1180000,59000,1121000
OD004561,ORD002932,PROD0004,2,60000,15,120000,18000,102000
OD004562,ORD002933,PROD0191,2,100130,7,200260,14018.2,186241.8
OD004563,ORD002933,PROD0163,10,225000,7,2250000,157500,2092500
OD004564,ORD002934,PROD0107,2,142000,2,284000,5680,278320
OD004565,ORD002935,PROD0079,10,142000,5,1420000,71000,1349000
OD004566,ORD002936,PROD0183,3,324367,2,973101,19462.02,953638.98
OD004567,ORD002936,PROD0050,2,98000,0,196000,0,196000
OD004568,ORD002937,PROD0154,6,200000,5,1200000,60000,1140000
OD004569,ORD002938,PROD0083,2,138000,5,276000,13800,262200
OD004570,ORD002939,PROD0165,3,255000,10,765000,76500,688500
OD004571,ORD002940,PROD0150,2,255000,7,510000,35700,474300
OD004572,ORD002941,PROD0199,1,63002,5,63002,3150.1,59851.9
OD004573,ORD002942,PROD0121,1,160000,5,160000,8000,152000
OD004574,ORD002942,PROD0061,10,155000,7,1550000,108500,1441500
OD004575,ORD002943,PROD0178,2,115000,0,230000,0,230000
OD004576,ORD002944,PROD0126,3,210000,2,630000,12600,617400
OD004577,ORD002945,PROD0141,2,235000,10,470000,47000,423000
OD004578,ORD002946,PROD0052,1,105000,7,105000,7350,97650
OD004579,ORD002946,PROD0107,2,142000,15,284000,42600,241400
OD004580,ORD002946,PROD0171,2,255000,10,510000,51000,459000
OD004581,ORD002947,PROD0074,2,132000,7,264000,18480,245520
OD004582,ORD002947,PROD0118,5,180000,0,900000,0,900000
OD004583,ORD002948,PROD0042,4,98000,5,392000,19600,372400
OD004584,ORD002949,PROD0036,2,102000,2,204000,4080,199920
OD004585,ORD002949,PROD0155,3,220000,2,660000,13200,646800
OD004586,ORD002950,PROD0085,5,145000,7,725000,50750,674250
OD004587,ORD002951,PROD0042,5,98000,2,490000,9800,480200
OD004588,ORD002952,PROD0037,2,105000,0,210000,0,210000
OD004589,ORD002953,PROD0025,9,82000,2,738000,14760,723240
OD004590,ORD002953,PROD0092,4,150000,7,600000,42000,558000
OD004591,ORD002954,PROD0063,4,140000,5,560000,28000,532000
OD004592,ORD002955,PROD0016,6,80000,0,480000,0,480000
OD004593,ORD002956,PROD0097,3,130000,5,390000,19500,370500
OD004594,ORD002956,PROD0194,7,285723,0,2000061,0,2000061
OD004595,ORD002957,PROD0196,10,332371,0,3323710,0,3323710
OD004596,ORD002957,PROD0120,9,190000,2,1710000,34200,1675800
OD004597,ORD002958,PROD0116,4,162000,7,648000,45360,602640
OD004598,ORD002958,PROD0199,1,63002,0,63002,0,63002
OD004599,ORD002959,PROD0152,2,285000,0,570000,0,570000
OD004600,ORD002959,PROD0035,3,98000,0,294000,0,294000
OD004601,ORD002960,PROD0106,7,140000,10,980000,98000,882000
OD004602,ORD002960,PROD0077,5,138000,0,690000,0,690000
OD004603,ORD002961,PROD0030,3,100000,5,300000,15000,285000
OD004604,ORD002962,PROD0187,2,225148,0,450296,0,450296
OD004605,ORD002963,PROD0118,6,180000,7,1080000,75600,1004400
OD004606,ORD002963,PROD0139,10,210000,0,2100000,0,2100000
OD004607,ORD002964,PROD0159,8,285000,5,2280000,114000,2166000
OD004608,ORD002965,PROD0015,3,80000,2,240000,4800,235200
OD004609,ORD002965,PROD0064,6,150000,5,900000,45000,855000
OD004610,ORD002966,PROD0177,6,120000,0,720000,0,720000
OD004611,ORD002967,PROD0041,9,95000,0,855000,0,855000
OD004612,ORD002968,PROD0038,4,111000,5,444000,22200,421800
OD004613,ORD002969,PROD0124,4,178000,15,712000,106800,605200
OD004614,ORD002969,PROD0053,5,108000,10,540000,54000,486000
OD004615,ORD002970,PROD0167,2,295000,15,590000,88500,501500
OD004616,ORD002971,PROD0147,9,195000,2,1755000,35100,1719900
OD004617,ORD002971,PROD0154,4,200000,5,800000,40000,760000
OD004618,ORD002972,PROD0143,9,285000,7,2565000,179550,2385450
OD004619,ORD002973,PROD0030,5,100000,2,500000,10000,490000
OD004620,ORD002973,PROD0133,7,295000,0,2065000,0,2065000
OD004621,ORD002974,PROD0035,8,98000,0,784000,0,784000
OD004622,ORD002974,PROD0002,8,50000,15,400000,60000,340000
OD004623,ORD002975,PROD0196,7,332371,7,2326597,162861.79,2163735.21
OD004624,ORD002975,PROD0050,7,98000,0,686000,0,686000
OD004625,ORD002975,PROD0140,4,225000,7,900000,63000,837000
OD004626,ORD002976,PROD0069,1,125000,7,125000,8750,116250
OD004627,ORD002977,PROD0141,10,235000,5,2350000,117500,2232500
OD004628,ORD002978,PROD0081,9,135000,0,1215000,0,1215000
OD004629,ORD002979,PROD0089,3,140000,7,420000,29400,390600
OD004630,ORD002980,PROD0015,1,80000,0,80000,0,80000
OD004631,ORD002980,PROD0093,10,155000,0,1550000,0,1550000
OD004632,ORD002981,PROD0136,1,380000,5,380000,19000,361000
OD004633,ORD002982,PROD0143,1,285000,0,285000,0,285000
OD004634,ORD002982,PROD0179,10,65000,7,650000,45500,604500
OD004635,ORD002982,PROD0118,7,180000,0,1260000,0,1260000
OD004636,ORD002983,PROD0198,7,26819,7,187733,13141.31,174591.69
OD004637,ORD002984,PROD0126,7,210000,2,1470000,29400,1440600
OD004638,ORD002984,PROD0160,8,310000,5,2480000,124000,2356000
OD004639,ORD002985,PROD0030,6,100000,0,600000,0,600000
OD004640,ORD002985,PROD0041,8,95000,0,760000,0,760000
OD004641,ORD002986,PROD0118,8,180000,0,1440000,0,1440000
OD004642,ORD002986,PROD0103,3,148000,2,444000,8880,435120
OD004643,ORD002986,PROD0099,6,134000,0,804000,0,804000
OD004644,ORD002987,PROD0184,4,79485,5,317940,15897,302043
OD004645,ORD002988,PROD0096,7,165000,5,1155000,57750,1097250
OD004646,ORD002988,PROD0014,2,80000,7,160000,11200,148800
OD004647,ORD002989,PROD0105,9,135000,5,1215000,60750,1154250
OD004648,ORD002990,PROD0046,3,115000,2,345000,6900,338100
OD004649,ORD002991,PROD0007,2,70000,10,140000,14000,126000
OD004650,ORD002991,PROD0053,2,108000,2,216000,4320,211680
OD004651,ORD002992,PROD0001,6,50000,0,300000,0,300000
OD004652,ORD002993,PROD0122,4,165000,0,660000,0,660000
OD004653,ORD002993,PROD0093,8,155000,0,1240000,0,1240000
OD004654,ORD002994,PROD0191,5,100130,5,500650,25032.5,475617.5
OD004655,ORD002995,PROD0013,4,80000,0,320000,0,320000
OD004656,ORD002996,PROD0097,4,130000,2,520000,10400,509600
OD004657,ORD002996,PROD0184,3,79485,0,238455,0,238455
OD004658,ORD002997,PROD0113,7,150000,2,1050000,21000,1029000
OD004659,ORD002998,PROD0073,2,128000,5,256000,12800,243200
OD004660,ORD002998,PROD0128,10,250000,0,2500000,0,2500000
OD004661,ORD002999,PROD0055,3,120000,0,360000,0,360000
OD004662,ORD002999,PROD0171,1,255000,10,255000,25500,229500
OD004663,ORD002999,PROD0133,7,295000,7,2065000,144550,1920450
OD004664,ORD003000,PROD0058,8,145000,15,1160000,174000,986000
OD004665,ORD003001,PROD0016,7,80000,0,560000,0,560000
OD004666,ORD003002,PROD0126,4,210000,5,840000,42000,798000
OD004667,ORD003003,PROD0180,2,142869,0,285738,0,285738
OD004668,ORD003004,PROD0186,9,265147,5,2386323,119316.15,2267006.85
OD004669,ORD003004,PROD0133,5,295000,7,1475000,103250,1371750
OD004670,ORD003005,PROD0188,5,254957,0,1274785,0,1274785
OD004671,ORD003005,PROD0164,3,235000,5,705000,35250,669750
OD004672,ORD003005,PROD0077,8,138000,0,1104000,0,1104000
OD004673,ORD003006,PROD0170,10,245000,0,2450000,0,2450000
OD004674,ORD003007,PROD0023,7,98000,7,686000,48020,637980
OD004675,ORD003008,PROD0178,8,115000,0,920000,0,920000
OD004676,ORD003009,PROD0185,8,232339,5,1858712,92935.6,1765776.4
OD004677,ORD003010,PROD0113,2,150000,5,300000,15000,285000
OD004678,ORD003011,PROD0185,5,232339,2,1161695,23233.9,1138461.1
OD004679,ORD003011,PROD0027,3,92000,0,276000,0,276000
OD004680,ORD003011,PROD0020,5,95000,0,475000,0,475000
OD004681,ORD003012,PROD0069,9,125000,2,1125000,22500,1102500
OD004682,ORD003013,PROD0017,9,90000,15,810000,121500,688500
OD004683,ORD003013,PROD0048,6,122200,15,733200,109980,623220
OD004684,ORD003014,PROD0038,2,111000,2,222000,4440,217560
OD004685,ORD003015,PROD0092,4,150000,2,600000,12000,588000
OD004686,ORD003015,PROD0130,8,250000,5,2000000,100000,1900000
OD004687,ORD003016,PROD0040,6,115000,10,690000,69000,621000
OD004688,ORD003016,PROD0061,6,155000,5,930000,46500,883500
OD004689,ORD003017,PROD0148,4,210000,7,840000,58800,781200
OD004690,ORD003017,PROD0049,10,95000,0,950000,0,950000
OD004691,ORD003018,PROD0067,10,120000,10,1200000,120000,1080000
OD004692,ORD003019,PROD0160,7,310000,5,2170000,108500,2061500
OD004693,ORD003020,PROD0080,9,145000,5,1305000,65250,1239750
OD004694,ORD003021,PROD0049,2,95000,0,190000,0,190000
OD004695,ORD003022,PROD0161,2,195000,0,390000,0,390000
OD004696,ORD003022,PROD0193,8,348268,2,2786144,55722.88,2730421.12
OD004697,ORD003023,PROD0181,7,90661,10,634627,63462.7,571164.3
OD004698,ORD003023,PROD0088,3,155500,5,466500,23325,443175
OD004699,ORD003023,PROD0005,9,60000,2,540000,10800,529200
OD004700,ORD003024,PROD0085,8,145000,0,1160000,0,1160000
OD004701,ORD003024,PROD0154,3,200000,0,600000,0,600000
OD004702,ORD003025,PROD0189,7,235752,5,1650264,82513.2,1567750.8
OD004703,ORD003026,PROD0014,9,80000,15,720000,108000,612000
OD004704,ORD003027,PROD0025,8,82000,2,656000,13120,642880
OD004705,ORD003027,PROD0058,5,145000,0,725000,0,725000
OD004706,ORD003028,PROD0023,9,98000,2,882000,17640,864360
OD004707,ORD003029,PROD0036,4,102000,5,408000,20400,387600
OD004708,ORD003030,PROD0087,10,150000,7,1500000,105000,1395000
OD004709,ORD003031,PROD0051,10,102500,5,1025000,51250,973750
OD004710,ORD003031,PROD0118,4,180000,10,720000,72000,648000
OD004711,ORD003032,PROD0190,7,309979,5,2169853,108492.65,2061360.35
OD004712,ORD003033,PROD0102,10,143000,0,1430000,0,1430000
OD004713,ORD003033,PROD0102,3,143000,0,429000,0,429000
OD004714,ORD003033,PROD0191,8,100130,5,801040,40052,760988
OD004715,ORD003034,PROD0122,6,165000,7,990000,69300,920700
OD004716,ORD003035,PROD0199,5,63002,5,315010,15750.5,299259.5
OD004717,ORD003035,PROD0185,7,232339,7,1626373,113846.11,1512526.89
OD004718,ORD003036,PROD0009,5,75000,0,375000,0,375000
OD004719,ORD003036,PROD0188,8,254957,2,2039656,40793.12,1998862.88
OD004720,ORD003037,PROD0034,10,98000,0,980000,0,980000
OD004721,ORD003037,PROD0054,3,115000,2,345000,6900,338100
OD004722,ORD003038,PROD0111,2,16000,5,32000,1600,30400
OD004723,ORD003039,PROD0155,7,220000,10,1540000,154000,1386000
OD004724,ORD003040,PROD0191,10,100130,5,1001300,50065,951235
OD004725,ORD003041,PROD0093,9,155000,2,1395000,27900,1367100
OD004726,ORD003042,PROD0056,5,125000,5,625000,31250,593750
OD004727,ORD003043,PROD0078,9,140000,7,1260000,88200,1171800
OD004728,ORD003043,PROD0074,10,132000,0,1320000,0,1320000
OD004729,ORD003044,PROD0059,3,135000,7,405000,28350,376650
OD004730,ORD003045,PROD0047,2,120000,5,240000,12000,228000
OD004731,ORD003045,PROD0142,10,265000,5,2650000,132500,2517500
OD004732,ORD003045,PROD0194,2,285723,15,571446,85716.9,485729.1
OD004733,ORD003046,PROD0120,1,190000,7,190000,13300,176700
OD004734,ORD003046,PROD0031,4,100000,7,400000,28000,372000
OD004735,ORD003047,PROD0134,8,310000,10,2480000,248000,2232000
OD004736,ORD003047,PROD0113,8,150000,5,1200000,60000,1140000
OD004737,ORD003048,PROD0081,4,135000,0,540000,0,540000
OD004738,ORD003048,PROD0005,7,60000,2,420000,8400,411600
OD004739,ORD003049,PROD0156,10,225000,7,2250000,157500,2092500
OD004740,ORD003050,PROD0121,1,160000,0,160000,0,160000
OD004741,ORD003051,PROD0047,9,120000,15,1080000,162000,918000
OD004742,ORD003052,PROD0079,7,142000,0,994000,0,994000
OD004743,ORD003052,PROD0106,9,140000,5,1260000,63000,1197000
OD004744,ORD003052,PROD0114,1,155500,0,155500,0,155500
OD004745,ORD003053,PROD0132,3,285000,7,855000,59850,795150
OD004746,ORD003054,PROD0017,4,90000,5,360000,18000,342000
OD004747,ORD003055,PROD0107,8,142000,2,1136000,22720,1113280
OD004748,ORD003055,PROD0019,7,95000,0,665000,0,665000
OD004749,ORD003056,PROD0033,4,98000,5,392000,19600,372400
OD004750,ORD003057,PROD0019,3,95000,2,285000,5700,279300
OD004751,ORD003057,PROD0125,5,195000,0,975000,0,975000
OD004752,ORD003057,PROD0168,2,320000,0,640000,0,640000
OD004753,ORD003058,PROD0194,10,285723,10,2857230,285723,2571507
OD004754,ORD003058,PROD0145,9,170000,2,1530000,30600,1499400
OD004755,ORD003058,PROD0157,8,250000,0,2000000,0,2000000
OD004756,ORD003059,PROD0026,5,85000,0,425000,0,425000
OD004757,ORD003060,PROD0002,7,50000,5,350000,17500,332500
OD004758,ORD003060,PROD0064,3,150000,2,450000,9000,441000
OD004759,ORD003061,PROD0073,2,128000,0,256000,0,256000
OD004760,ORD003062,PROD0088,3,155500,0,466500,0,466500
OD004761,ORD003063,PROD0134,6,310000,0,1860000,0,1860000
OD004762,ORD003063,PROD0020,10,95000,7,950000,66500,883500
OD004763,ORD003064,PROD0021,2,95000,10,190000,19000,171000
OD004764,ORD003065,PROD0168,4,320000,10,1280000,128000,1152000
OD004765,ORD003065,PROD0116,1,162000,5,162000,8100,153900
OD004766,ORD003065,PROD0073,5,128000,2,640000,12800,627200
OD004767,ORD003066,PROD0167,10,295000,2,2950000,59000,2891000
OD004768,ORD003066,PROD0135,1,350000,7,350000,24500,325500
OD004769,ORD003066,PROD0168,6,320000,7,1920000,134400,1785600
OD004770,ORD003067,PROD0129,2,235000,10,470000,47000,423000
OD004771,ORD003067,PROD0101,1,138000,15,138000,20700,117300
OD004772,ORD003068,PROD0183,6,324367,7,1946202,136234.14,1809967.86
OD004773,ORD003069,PROD0199,5,63002,0,315010,0,315010
OD004774,ORD003070,PROD0149,10,225000,15,2250000,337500,1912500
OD004775,ORD003071,PROD0126,3,210000,0,630000,0,630000
OD004776,ORD003072,PROD0007,7,70000,0,490000,0,490000
OD004777,ORD003073,PROD0174,2,325000,10,650000,65000,585000
OD004778,ORD003074,PROD0032,6,105000,5,630000,31500,598500
OD004779,ORD003074,PROD0007,9,70000,0,630000,0,630000
OD004780,ORD003075,PROD0089,4,140000,5,560000,28000,532000
OD004781,ORD003076,PROD0016,2,80000,7,160000,11200,148800
OD004782,ORD003077,PROD0019,6,95000,0,570000,0,570000
OD004783,ORD003077,PROD0093,2,155000,5,310000,15500,294500
OD004784,ORD003078,PROD0079,7,142000,0,994000,0,994000
OD004785,ORD003079,PROD0026,3,85000,2,255000,5100,249900
OD004786,ORD003080,PROD0196,7,332371,0,2326597,0,2326597
OD004787,ORD003081,PROD0042,8,98000,7,784000,54880,729120
OD004788,ORD003082,PROD0042,10,98000,2,980000,19600,960400
OD004789,ORD003083,PROD0162,2,210000,5,420000,21000,399000
OD004790,ORD003084,PROD0141,10,235000,7,2350000,164500,2185500
OD004791,ORD003085,PROD0072,4,125000,0,500000,0,500000
OD004792,ORD003086,PROD0052,2,105000,5,210000,10500,199500
OD004793,ORD003087,PROD0183,10,324367,2,3243670,64873.4,3178796.6
OD004794,ORD003087,PROD0007,6,70000,5,420000,21000,399000
OD004795,ORD003088,PROD0129,6,235000,7,1410000,98700,1311300
OD004796,ORD003088,PROD0020,4,95000,10,380000,38000,342000
OD004797,ORD003089,PROD0001,2,50000,10,100000,10000,90000
OD004798,ORD003090,PROD0021,1,95000,10,95000,9500,85500
OD004799,ORD003090,PROD0113,9,150000,0,1350000,0,1350000
OD004800,ORD003090,PROD0060,1,150000,2,150000,3000,147000
OD004801,ORD003091,PROD0139,6,210000,7,1260000,88200,1171800
OD004802,ORD003091,PROD0193,3,348268,7,1044804,73136.28,971667.72
OD004803,ORD003092,PROD0008,9,70000,2,630000,12600,617400
OD004804,ORD003092,PROD0125,8,195000,0,1560000,0,1560000
OD004805,ORD003093,PROD0183,1,324367,5,324367,16218.35,308148.65
OD004806,ORD003094,PROD0025,2,82000,7,164000,11480,152520
OD004807,ORD003095,PROD0084,2,140000,5,280000,14000,266000
OD004808,ORD003096,PROD0015,8,80000,0,640000,0,640000
OD004809,ORD003097,PROD0022,1,95000,0,95000,0,95000
OD004810,ORD003097,PROD0195,3,160472,10,481416,48141.6,433274.4
OD004811,ORD003097,PROD0051,5,102500,2,512500,10250,502250
OD004812,ORD003098,PROD0035,2,98000,10,196000,19600,176400
OD004813,ORD003098,PROD0179,4,65000,10,260000,26000,234000
OD004814,ORD003098,PROD0055,4,120000,10,480000,48000,432000
OD004815,ORD003099,PROD0056,5,125000,2,625000,12500,612500
OD004816,ORD003100,PROD0169,1,220000,5,220000,11000,209000
OD004817,ORD003100,PROD0152,4,285000,5,1140000,57000,1083000
OD004818,ORD003100,PROD0111,6,16000,0,96000,0,96000
OD004819,ORD003101,PROD0170,5,245000,2,1225000,24500,1200500
OD004820,ORD003101,PROD0046,10,115000,2,1150000,23000,1127000
OD004821,ORD003102,PROD0160,4,310000,0,1240000,0,1240000
OD004822,ORD003102,PROD0133,4,295000,2,1180000,23600,1156400
OD004823,ORD003103,PROD0115,2,158000,2,316000,6320,309680
OD004824,ORD003103,PROD0075,7,135000,7,945000,66150,878850
OD004825,ORD003103,PROD0025,6,82000,10,492000,49200,442800
OD004826,ORD003104,PROD0117,1,175000,7,175000,12250,162750
OD004827,ORD003105,PROD0161,9,195000,7,1755000,122850,1632150
OD004828,ORD003106,PROD0020,10,95000,0,950000,0,950000
OD004829,ORD003106,PROD0033,10,98000,5,980000,49000,931000
OD004830,ORD003107,PROD0177,8,120000,0,960000,0,960000
OD004831,ORD003108,PROD0173,2,299000,2,598000,11960,586040
OD004832,ORD003108,PROD0120,9,190000,7,1710000,119700,1590300
OD004833,ORD003109,PROD0092,5,150000,15,750000,112500,637500
OD004834,ORD003109,PROD0001,9,50000,2,450000,9000,441000
OD004835,ORD003110,PROD0183,3,324367,5,973101,48655.05,924445.95
OD004836,ORD003110,PROD0112,7,170000,0,1190000,0,1190000
OD004837,ORD003111,PROD0016,6,80000,5,480000,24000,456000
OD004838,ORD003112,PROD0073,5,128000,0,640000,0,640000
OD004839,ORD003112,PROD0167,4,295000,5,1180000,59000,1121000
OD004840,ORD003113,PROD0182,1,295189,2,295189,5903.78,289285.22
OD004841,ORD003114,PROD0128,9,250000,0,2250000,0,2250000
OD004842,ORD003114,PROD0028,8,95000,7,760000,53200,706800
OD004843,ORD003115,PROD0033,10,98000,5,980000,49000,931000
OD004844,ORD003116,PROD0067,6,120000,7,720000,50400,669600
OD004845,ORD003116,PROD0153,4,195000,15,780000,117000,663000
OD004846,ORD003117,PROD0153,7,195000,2,1365000,27300,1337700
OD004847,ORD003117,PROD0150,4,255000,7,1020000,71400,948600
OD004848,ORD003118,PROD0046,10,115000,2,1150000,23000,1127000
OD004849,ORD003119,PROD0063,6,140000,2,840000,16800,823200
OD004850,ORD003120,PROD0063,7,140000,10,980000,98000,882000
OD004851,ORD003121,PROD0146,7,185000,10,1295000,129500,1165500
OD004852,ORD003121,PROD0155,4,220000,2,880000,17600,862400
OD004853,ORD003122,PROD0006,8,65000,7,520000,36400,483600
OD004854,ORD003122,PROD0143,5,285000,7,1425000,99750,1325250
OD004855,ORD003123,PROD0078,2,140000,0,280000,0,280000
OD004856,ORD003123,PROD0072,5,125000,5,625000,31250,593750
OD004857,ORD003124,PROD0102,1,143000,5,143000,7150,135850
OD004858,ORD003125,PROD0094,8,158000,0,1264000,0,1264000
OD004859,ORD003126,PROD0196,7,332371,5,2326597,116329.85,2210267.15
OD004860,ORD003127,PROD0111,9,16000,15,144000,21600,122400
OD004861,ORD003128,PROD0166,5,267000,7,1335000,93450,1241550
OD004862,ORD003128,PROD0178,10,115000,0,1150000,0,1150000
OD004863,ORD003129,PROD0197,7,221508,0,1550556,0,1550556
OD004864,ORD003130,PROD0133,4,295000,2,1180000,23600,1156400
OD004865,ORD003131,PROD0190,4,309979,0,1239916,0,1239916
OD004866,ORD003131,PROD0119,10,185000,0,1850000,0,1850000
OD004867,ORD003132,PROD0074,2,132000,7,264000,18480,245520
OD004868,ORD003133,PROD0163,1,225000,5,225000,11250,213750
OD004869,ORD003133,PROD0177,2,120000,5,240000,12000,228000
OD004870,ORD003134,PROD0061,7,155000,7,1085000,75950,1009050
OD004871,ORD003135,PROD0193,8,348268,0,2786144,0,2786144
OD004872,ORD003136,PROD0089,6,140000,15,840000,126000,714000
OD004873,ORD003137,PROD0047,5,120000,15,600000,90000,510000
OD004874,ORD003138,PROD0138,2,190000,0,380000,0,380000
OD004875,ORD003138,PROD0049,1,95000,0,95000,0,95000
OD004876,ORD003139,PROD0081,8,135000,7,1080000,75600,1004400
OD004877,ORD003139,PROD0107,3,142000,5,426000,21300,404700
OD004878,ORD003140,PROD0096,10,165000,15,1650000,247500,1402500
OD004879,ORD003141,PROD0024,9,98000,0,882000,0,882000
OD004880,ORD003141,PROD0033,8,98000,7,784000,54880,729120
OD004881,ORD003142,PROD0016,5,80000,5,400000,20000,380000
OD004882,ORD003143,PROD0123,4,170000,5,680000,34000,646000
OD004883,ORD003143,PROD0199,9,63002,0,567018,0,567018
OD004884,ORD003144,PROD0129,1,235000,5,235000,11750,223250
OD004885,ORD003145,PROD0112,10,170000,2,1700000,34000,1666000
OD004886,ORD003145,PROD0172,9,277000,0,2493000,0,2493000
OD004887,ORD003146,PROD0005,1,60000,10,60000,6000,54000
OD004888,ORD003146,PROD0018,3,94000,0,282000,0,282000
OD004889,ORD003147,PROD0199,10,63002,2,630020,12600.4,617419.6
OD004890,ORD003147,PROD0180,7,142869,0,1000083,0,1000083
OD004891,ORD003148,PROD0112,4,170000,5,680000,34000,646000
OD004892,ORD003149,PROD0018,9,94000,0,846000,0,846000
OD004893,ORD003150,PROD0038,7,111000,15,777000,116550,660450
OD004894,ORD003151,PROD0150,10,255000,7,2550000,178500,2371500
OD004895,ORD003151,PROD0047,5,120000,10,600000,60000,540000
OD004896,ORD003152,PROD0118,6,180000,0,1080000,0,1080000
OD004897,ORD003152,PROD0152,7,285000,5,1995000,99750,1895250
OD004898,ORD003153,PROD0082,1,138000,10,138000,13800,124200
OD004899,ORD003153,PROD0095,7,162000,15,1134000,170100,963900
OD004900,ORD003154,PROD0185,8,232339,5,1858712,92935.6,1765776.4
OD004901,ORD003155,PROD0197,2,221508,15,443016,66452.4,376563.6
OD004902,ORD003156,PROD0092,9,150000,0,1350000,0,1350000
OD004903,ORD003157,PROD0041,5,95000,0,475000,0,475000
OD004904,ORD003157,PROD0005,5,60000,5,300000,15000,285000
OD004905,ORD003158,PROD0037,3,105000,2,315000,6300,308700
OD004906,ORD003159,PROD0105,9,135000,10,1215000,121500,1093500
OD004907,ORD003159,PROD0196,2,332371,0,664742,0,664742
OD004908,ORD003159,PROD0107,10,142000,2,1420000,28400,1391600
OD004909,ORD003160,PROD0197,6,221508,2,1329048,26580.96,1302467.04
OD004910,ORD003161,PROD0149,3,225000,7,675000,47250,627750
OD004911,ORD003161,PROD0017,7,90000,0,630000,0,630000
OD004912,ORD003162,PROD0072,8,125000,10,1000000,100000,900000
OD004913,ORD003163,PROD0117,3,175000,10,525000,52500,472500
OD004914,ORD003163,PROD0015,9,80000,5,720000,36000,684000
OD004915,ORD003164,PROD0004,1,60000,0,60000,0,60000
OD004916,ORD003164,PROD0070,2,126000,0,252000,0,252000
OD004917,ORD003165,PROD0179,10,65000,0,650000,0,650000
OD004918,ORD003166,PROD0121,8,160000,0,1280000,0,1280000
OD004919,ORD003167,PROD0105,5,135000,5,675000,33750,641250
OD004920,ORD003167,PROD0109,4,150000,2,600000,12000,588000
OD004921,ORD003167,PROD0110,7,155000,0,1085000,0,1085000
OD004922,ORD003168,PROD0170,7,245000,10,1715000,171500,1543500
OD004923,ORD003168,PROD0064,1,150000,5,150000,7500,142500
OD004924,ORD003169,PROD0055,5,120000,5,600000,30000,570000
OD004925,ORD003170,PROD0057,7,135000,5,945000,47250,897750
OD004926,ORD003170,PROD0114,6,155500,10,933000,93300,839700
OD004927,ORD003171,PROD0054,8,115000,5,920000,46000,874000
OD004928,ORD003172,PROD0196,10,332371,0,3323710,0,3323710
OD004929,ORD003173,PROD0138,1,190000,2,190000,3800,186200
OD004930,ORD003173,PROD0063,6,140000,5,840000,42000,798000
OD004931,ORD003174,PROD0053,6,108000,0,648000,0,648000
OD004932,ORD003174,PROD0088,3,155500,15,466500,69975,396525
OD004933,ORD003174,PROD0172,2,277000,0,554000,0,554000
OD004934,ORD003175,PROD0199,10,63002,7,630020,44101.4,585918.6
OD004935,ORD003176,PROD0107,2,142000,15,284000,42600,241400
OD004936,ORD003177,PROD0029,5,100000,0,500000,0,500000
OD004937,ORD003178,PROD0009,7,75000,5,525000,26250,498750
OD004938,ORD003178,PROD0115,5,158000,0,790000,0,790000
OD004939,ORD003179,PROD0125,7,195000,10,1365000,136500,1228500
OD004940,ORD003179,PROD0075,1,135000,7,135000,9450,125550
OD004941,ORD003180,PROD0178,6,115000,10,690000,69000,621000
OD004942,ORD003180,PROD0010,9,75000,0,675000,0,675000
OD004943,ORD003180,PROD0062,6,170000,7,1020000,71400,948600
OD004944,ORD003181,PROD0153,10,195000,5,1950000,97500,1852500
OD004945,ORD003182,PROD0049,5,95000,2,475000,9500,465500
OD004946,ORD003183,PROD0040,4,115000,10,460000,46000,414000
OD004947,ORD003183,PROD0147,5,195000,10,975000,97500,877500
OD004948,ORD003184,PROD0179,4,65000,5,260000,13000,247000
OD004949,ORD003185,PROD0037,4,105000,0,420000,0,420000
OD004950,ORD003186,PROD0084,5,140000,0,700000,0,700000
OD004951,ORD003187,PROD0195,3,160472,0,481416,0,481416
OD004952,ORD003187,PROD0029,1,100000,0,100000,0,100000
OD004953,ORD003188,PROD0028,3,95000,7,285000,19950,265050
OD004954,ORD003188,PROD0050,1,98000,2,98000,1960,96040
OD004955,ORD003189,PROD0096,10,165000,0,1650000,0,1650000
OD004956,ORD003189,PROD0167,9,295000,0,2655000,0,2655000
OD004957,ORD003190,PROD0088,3,155500,0,466500,0,466500
OD004958,ORD003191,PROD0075,9,135000,2,1215000,24300,1190700
OD004959,ORD003191,PROD0170,4,245000,0,980000,0,980000
OD004960,ORD003192,PROD0052,4,105000,5,420000,21000,399000
OD004961,ORD003193,PROD0074,6,132000,0,792000,0,792000
OD004962,ORD003194,PROD0050,10,98000,0,980000,0,980000
OD004963,ORD003194,PROD0023,8,98000,5,784000,39200,744800
OD004964,ORD003195,PROD0117,7,175000,2,1225000,24500,1200500
OD004965,ORD003195,PROD0194,8,285723,2,2285784,45715.68,2240068.32
OD004966,ORD003196,PROD0052,9,105000,15,945000,141750,803250
OD004967,ORD003197,PROD0015,8,80000,0,640000,0,640000
OD004968,ORD003197,PROD0188,5,254957,10,1274785,127478.5,1147306.5
OD004969,ORD003198,PROD0022,4,95000,10,380000,38000,342000
OD004970,ORD003198,PROD0010,5,75000,15,375000,56250,318750
OD004971,ORD003199,PROD0148,2,210000,10,420000,42000,378000
OD004972,ORD003199,PROD0032,7,105000,7,735000,51450,683550
OD004973,ORD003200,PROD0200,9,120944,0,1088496,0,1088496
OD004974,ORD003200,PROD0086,1,148000,0,148000,0,148000
OD004975,ORD003201,PROD0135,9,350000,5,3150000,157500,2992500
OD004976,ORD003201,PROD0042,7,98000,5,686000,34300,651700
OD004977,ORD003202,PROD0043,10,98000,7,980000,68600,911400
OD004978,ORD003202,PROD0156,8,225000,0,1800000,0,1800000
OD004979,ORD003203,PROD0102,9,143000,0,1287000,0,1287000
OD004980,ORD003204,PROD0184,8,79485,5,635880,31794,604086
OD004981,ORD003205,PROD0185,4,232339,5,929356,46467.8,882888.2
OD004982,ORD003205,PROD0121,6,160000,2,960000,19200,940800
OD004983,ORD003206,PROD0157,2,250000,0,500000,0,500000
OD004984,ORD003206,PROD0171,9,255000,10,2295000,229500,2065500
OD004985,ORD003206,PROD0117,7,175000,10,1225000,122500,1102500
OD004986,ORD003207,PROD0161,6,195000,0,1170000,0,1170000
OD004987,ORD003207,PROD0006,7,65000,7,455000,31850,423150
OD004988,ORD003208,PROD0032,7,105000,0,735000,0,735000
OD004989,ORD003208,PROD0095,3,162000,5,486000,24300,461700
OD004990,ORD003209,PROD0016,7,80000,5,560000,28000,532000
OD004991,ORD003209,PROD0093,7,155000,2,1085000,21700,1063300
OD004992,ORD003210,PROD0126,7,210000,2,1470000,29400,1440600
OD004993,ORD003210,PROD0074,10,132000,5,1320000,66000,1254000
OD004994,ORD003211,PROD0197,4,221508,7,886032,62022.24,824009.76
OD004995,ORD003212,PROD0175,2,435000,2,870000,17400,852600
OD004996,ORD003213,PROD0167,10,295000,5,2950000,147500,2802500
OD004997,ORD003213,PROD0143,4,285000,2,1140000,22800,1117200
OD004998,ORD003214,PROD0124,3,178000,15,534000,80100,453900
OD004999,ORD003215,PROD0133,4,295000,5,1180000,59000,1121000
OD005000,ORD003215,PROD0023,8,98000,10,784000,78400,705600
OD005001,ORD003216,PROD0188,3,254957,2,764871,15297.42,749573.58
OD005002,ORD003216,PROD0156,1,225000,0,225000,0,225000
OD005003,ORD003216,PROD0058,8,145000,0,1160000,0,1160000
OD005004,ORD003217,PROD0137,6,165000,7,990000,69300,920700
OD005005,ORD003217,PROD0083,8,138000,5,1104000,55200,1048800
OD005006,ORD003218,PROD0187,3,225148,10,675444,67544.4,607899.6
OD005007,ORD003218,PROD0108,3,145000,5,435000,21750,413250
OD005008,ORD003219,PROD0142,5,265000,0,1325000,0,1325000
OD005009,ORD003219,PROD0038,9,111000,2,999000,19980,979020
OD005010,ORD003220,PROD0021,8,95000,2,760000,15200,744800
OD005011,ORD003220,PROD0181,5,90661,2,453305,9066.1,444238.9
OD005012,ORD003221,PROD0122,2,165000,5,330000,16500,313500
OD005013,ORD003221,PROD0133,6,295000,5,1770000,88500,1681500
OD005014,ORD003222,PROD0081,1,135000,5,135000,6750,128250
OD005015,ORD003223,PROD0127,7,225000,0,1575000,0,1575000
OD005016,ORD003223,PROD0085,5,145000,5,725000,36250,688750
OD005017,ORD003224,PROD0128,9,250000,0,2250000,0,2250000
OD005018,ORD003225,PROD0127,10,225000,5,2250000,112500,2137500
OD005019,ORD003225,PROD0045,3,110000,0,330000,0,330000
OD005020,ORD003226,PROD0180,2,142869,0,285738,0,285738
OD005021,ORD003227,PROD0190,6,309979,15,1859874,278981.1,1580892.9
OD005022,ORD003228,PROD0152,1,285000,0,285000,0,285000
OD005023,ORD003229,PROD0005,7,60000,5,420000,21000,399000
OD005024,ORD003229,PROD0005,9,60000,5,540000,27000,513000
OD005025,ORD003230,PROD0161,9,195000,5,1755000,87750,1667250
OD005026,ORD003230,PROD0030,8,100000,7,800000,56000,744000
OD005027,ORD003231,PROD0196,8,332371,5,2658968,132948.4,2526019.6
OD005028,ORD003232,PROD0073,3,128000,10,384000,38400,345600
OD005029,ORD003233,PROD0036,10,102000,0,1020000,0,1020000
OD005030,ORD003233,PROD0137,8,165000,0,1320000,0,1320000
OD005031,ORD003233,PROD0138,1,190000,5,190000,9500,180500
OD005032,ORD003234,PROD0127,6,225000,2,1350000,27000,1323000
OD005033,ORD003235,PROD0154,5,200000,0,1000000,0,1000000
OD005034,ORD003235,PROD0101,2,138000,2,276000,5520,270480
OD005035,ORD003236,PROD0063,4,140000,5,560000,28000,532000
OD005036,ORD003236,PROD0087,10,150000,10,1500000,150000,1350000
OD005037,ORD003237,PROD0126,5,210000,0,1050000,0,1050000
OD005038,ORD003237,PROD0158,2,265000,0,530000,0,530000
OD005039,ORD003238,PROD0087,9,150000,0,1350000,0,1350000
OD005040,ORD003239,PROD0020,3,95000,15,285000,42750,242250
OD005041,ORD003239,PROD0081,5,135000,0,675000,0,675000
OD005042,ORD003240,PROD0120,2,190000,0,380000,0,380000
OD005043,ORD003240,PROD0155,1,220000,2,220000,4400,215600
OD005044,ORD003240,PROD0162,10,210000,0,2100000,0,2100000
OD005045,ORD003241,PROD0158,7,265000,5,1855000,92750,1762250
OD005046,ORD003242,PROD0055,7,120000,0,840000,0,840000
OD005047,ORD003242,PROD0005,1,60000,5,60000,3000,57000
OD005048,ORD003243,PROD0041,7,95000,0,665000,0,665000
OD005049,ORD003244,PROD0024,1,98000,5,98000,4900,93100
OD005050,ORD003244,PROD0135,2,350000,0,700000,0,700000
OD005051,ORD003244,PROD0055,8,120000,0,960000,0,960000
OD005052,ORD003245,PROD0036,6,102000,10,612000,61200,550800
OD005053,ORD003246,PROD0108,9,145000,10,1305000,130500,1174500
OD005054,ORD003247,PROD0098,4,132000,2,528000,10560,517440
OD005055,ORD003248,PROD0141,4,235000,5,940000,47000,893000
OD005056,ORD003248,PROD0185,9,232339,5,2091051,104552.55,1986498.45
OD005057,ORD003248,PROD0017,6,90000,7,540000,37800,502200
OD005058,ORD003249,PROD0013,10,80000,5,800000,40000,760000
OD005059,ORD003249,PROD0164,6,235000,5,1410000,70500,1339500
OD005060,ORD003250,PROD0182,2,295189,7,590378,41326.46,549051.54
OD005061,ORD003251,PROD0068,1,120000,5,120000,6000,114000
OD005062,ORD003252,PROD0039,3,115000,5,345000,17250,327750
OD005063,ORD003252,PROD0060,6,150000,0,900000,0,900000
OD005064,ORD003253,PROD0097,7,130000,10,910000,91000,819000
OD005065,ORD003254,PROD0003,1,60000,2,60000,1200,58800
OD005066,ORD003254,PROD0027,3,92000,5,276000,13800,262200
OD005067,ORD003255,PROD0007,9,70000,5,630000,31500,598500
OD005068,ORD003255,PROD0142,4,265000,5,1060000,53000,1007000
OD005069,ORD003256,PROD0089,8,140000,2,1120000,22400,1097600
OD005070,ORD003256,PROD0200,4,120944,5,483776,24188.8,459587.2
OD005071,ORD003257,PROD0089,3,140000,0,420000,0,420000
OD005072,ORD003257,PROD0061,7,155000,10,1085000,108500,976500
OD005073,ORD003258,PROD0062,3,170000,0,510000,0,510000
OD005074,ORD003258,PROD0185,7,232339,15,1626373,243955.95,1382417.05
OD005075,ORD003259,PROD0038,2,111000,15,222000,33300,188700
OD005076,ORD003260,PROD0146,8,185000,10,1480000,148000,1332000
OD005077,ORD003261,PROD0176,10,450000,0,4500000,0,4500000
OD005078,ORD003262,PROD0194,10,285723,0,2857230,0,2857230
OD005079,ORD003263,PROD0017,9,90000,5,810000,40500,769500
OD005080,ORD003263,PROD0135,1,350000,0,350000,0,350000
OD005081,ORD003264,PROD0163,9,225000,15,2025000,303750,1721250
OD005082,ORD003264,PROD0137,7,165000,5,1155000,57750,1097250
OD005083,ORD003265,PROD0169,5,220000,10,1100000,110000,990000
OD005084,ORD003265,PROD0189,9,235752,15,2121768,318265.2,1803502.8
OD005085,ORD003265,PROD0177,9,120000,10,1080000,108000,972000
OD005086,ORD003266,PROD0146,10,185000,0,1850000,0,1850000
OD005087,ORD003266,PROD0039,6,115000,15,690000,103500,586500
OD005088,ORD003266,PROD0170,8,245000,0,1960000,0,1960000
OD005089,ORD003267,PROD0137,3,165000,7,495000,34650,460350
OD005090,ORD003268,PROD0057,7,135000,7,945000,66150,878850
OD005091,ORD003268,PROD0130,5,250000,0,1250000,0,1250000
OD005092,ORD003269,PROD0034,7,98000,2,686000,13720,672280
OD005093,ORD003269,PROD0167,5,295000,5,1475000,73750,1401250
OD005094,ORD003270,PROD0129,2,235000,5,470000,23500,446500
OD005095,ORD003270,PROD0129,4,235000,7,940000,65800,874200
OD005096,ORD003270,PROD0051,4,102500,0,410000,0,410000
OD005097,ORD003271,PROD0031,3,100000,2,300000,6000,294000
OD005098,ORD003272,PROD0086,2,148000,7,296000,20720,275280
OD005099,ORD003272,PROD0070,4,126000,0,504000,0,504000
OD005100,ORD003273,PROD0172,6,277000,5,1662000,83100,1578900
OD005101,ORD003274,PROD0197,6,221508,5,1329048,66452.4,1262595.6
OD005102,ORD003275,PROD0127,7,225000,10,1575000,157500,1417500
OD005103,ORD003275,PROD0160,2,310000,15,620000,93000,527000
OD005104,ORD003276,PROD0189,2,235752,5,471504,23575.2,447928.8
OD005105,ORD003277,PROD0147,2,195000,5,390000,19500,370500
OD005106,ORD003278,PROD0071,7,128000,5,896000,44800,851200
OD005107,ORD003278,PROD0047,7,120000,2,840000,16800,823200
OD005108,ORD003279,PROD0057,6,135000,7,810000,56700,753300
OD005109,ORD003280,PROD0063,6,140000,2,840000,16800,823200
OD005110,ORD003281,PROD0043,7,98000,0,686000,0,686000
OD005111,ORD003281,PROD0136,4,380000,2,1520000,30400,1489600
OD005112,ORD003282,PROD0196,8,332371,2,2658968,53179.36,2605788.64
OD005113,ORD003282,PROD0052,10,105000,7,1050000,73500,976500
OD005114,ORD003283,PROD0086,3,148000,0,444000,0,444000
OD005115,ORD003283,PROD0189,5,235752,2,1178760,23575.2,1155184.8
OD005116,ORD003284,PROD0185,4,232339,0,929356,0,929356
OD005117,ORD003284,PROD0006,4,65000,5,260000,13000,247000
OD005118,ORD003284,PROD0069,4,125000,2,500000,10000,490000
OD005119,ORD003285,PROD0070,3,126000,5,378000,18900,359100
OD005120,ORD003286,PROD0058,4,145000,7,580000,40600,539400
OD005121,ORD003287,PROD0189,4,235752,7,943008,66010.56,876997.44
OD005122,ORD003288,PROD0155,9,220000,2,1980000,39600,1940400
OD005123,ORD003289,PROD0013,3,80000,5,240000,12000,228000
OD005124,ORD003290,PROD0124,1,178000,2,178000,3560,174440
OD005125,ORD003290,PROD0116,9,162000,5,1458000,72900,1385100
OD005126,ORD003290,PROD0105,10,135000,10,1350000,135000,1215000
OD005127,ORD003291,PROD0145,9,170000,10,1530000,153000,1377000
OD005128,ORD003292,PROD0089,2,140000,10,280000,28000,252000
OD005129,ORD003293,PROD0143,5,285000,2,1425000,28500,1396500
OD005130,ORD003293,PROD0094,3,158000,7,474000,33180,440820
OD005131,ORD003294,PROD0190,3,309979,2,929937,18598.74,911338.26
OD005132,ORD003294,PROD0167,10,295000,0,2950000,0,2950000
OD005133,ORD003295,PROD0011,2,75000,5,150000,7500,142500
OD005134,ORD003295,PROD0031,7,100000,5,700000,35000,665000
OD005135,ORD003296,PROD0080,8,145000,7,1160000,81200,1078800
OD005136,ORD003297,PROD0011,1,75000,10,75000,7500,67500
OD005137,ORD003298,PROD0014,9,80000,10,720000,72000,648000
OD005138,ORD003298,PROD0002,3,50000,7,150000,10500,139500
OD005139,ORD003299,PROD0180,5,142869,5,714345,35717.25,678627.75
OD005140,ORD003300,PROD0100,6,135000,0,810000,0,810000
OD005141,ORD003301,PROD0157,9,250000,0,2250000,0,2250000
OD005142,ORD003301,PROD0164,10,235000,0,2350000,0,2350000
OD005143,ORD003302,PROD0034,3,98000,0,294000,0,294000
OD005144,ORD003303,PROD0135,5,350000,10,1750000,175000,1575000
OD005145,ORD003304,PROD0124,7,178000,7,1246000,87220,1158780
OD005146,ORD003305,PROD0199,5,63002,5,315010,15750.5,299259.5
OD005147,ORD003305,PROD0175,1,435000,0,435000,0,435000
OD005148,ORD003306,PROD0122,8,165000,5,1320000,66000,1254000
OD005149,ORD003307,PROD0136,6,380000,7,2280000,159600,2120400
OD005150,ORD003308,PROD0102,2,143000,2,286000,5720,280280
OD005151,ORD003308,PROD0117,7,175000,0,1225000,0,1225000
OD005152,ORD003309,PROD0117,10,175000,5,1750000,87500,1662500
OD005153,ORD003310,PROD0177,7,120000,0,840000,0,840000
OD005154,ORD003310,PROD0177,5,120000,5,600000,30000,570000
OD005155,ORD003311,PROD0045,8,110000,15,880000,132000,748000
OD005156,ORD003312,PROD0003,3,60000,0,180000,0,180000
OD005157,ORD003312,PROD0053,1,108000,0,108000,0,108000
OD005158,ORD003313,PROD0094,5,158000,5,790000,39500,750500
OD005159,ORD003314,PROD0045,3,110000,0,330000,0,330000
OD005160,ORD003315,PROD0083,5,138000,7,690000,48300,641700
OD005161,ORD003316,PROD0087,7,150000,0,1050000,0,1050000
OD005162,ORD003316,PROD0191,9,100130,0,901170,0,901170
OD005163,ORD003317,PROD0088,6,155500,5,933000,46650,886350
OD005164,ORD003318,PROD0038,7,111000,7,777000,54390,722610
OD005165,ORD003318,PROD0082,10,138000,2,1380000,27600,1352400
OD005166,ORD003319,PROD0006,10,65000,0,650000,0,650000
OD005167,ORD003319,PROD0006,8,65000,2,520000,10400,509600
OD005168,ORD003320,PROD0127,10,225000,0,2250000,0,2250000
OD005169,ORD003320,PROD0051,5,102500,0,512500,0,512500
OD005170,ORD003321,PROD0126,8,210000,5,1680000,84000,1596000
OD005171,ORD003321,PROD0008,6,70000,10,420000,42000,378000
OD005172,ORD003322,PROD0064,7,150000,10,1050000,105000,945000
OD005173,ORD003323,PROD0115,7,158000,7,1106000,77420,1028580
OD005174,ORD003323,PROD0108,1,145000,10,145000,14500,130500
OD005175,ORD003324,PROD0119,1,185000,5,185000,9250,175750
OD005176,ORD003325,PROD0120,10,190000,15,1900000,285000,1615000
OD005177,ORD003325,PROD0065,4,110000,10,440000,44000,396000
OD005178,ORD003325,PROD0071,1,128000,5,128000,6400,121600
OD005179,ORD003326,PROD0082,2,138000,0,276000,0,276000
OD005180,ORD003326,PROD0085,1,145000,7,145000,10150,134850
OD005181,ORD003326,PROD0158,3,265000,10,795000,79500,715500
OD005182,ORD003327,PROD0029,8,100000,5,800000,40000,760000
OD005183,ORD003328,PROD0113,9,150000,2,1350000,27000,1323000
OD005184,ORD003328,PROD0155,1,220000,2,220000,4400,215600
OD005185,ORD003328,PROD0069,6,125000,7,750000,52500,697500
OD005186,ORD003329,PROD0078,7,140000,15,980000,147000,833000
OD005187,ORD003330,PROD0136,9,380000,2,3420000,68400,3351600
OD005188,ORD003330,PROD0130,10,250000,0,2500000,0,2500000
OD005189,ORD003331,PROD0111,9,16000,0,144000,0,144000
OD005190,ORD003331,PROD0086,8,148000,10,1184000,118400,1065600
OD005191,ORD003332,PROD0010,9,75000,2,675000,13500,661500
OD005192,ORD003333,PROD0033,8,98000,10,784000,78400,705600
OD005193,ORD003334,PROD0098,8,132000,0,1056000,0,1056000
OD005194,ORD003334,PROD0141,10,235000,0,2350000,0,2350000
OD005195,ORD003335,PROD0041,2,95000,2,190000,3800,186200
OD005196,ORD003336,PROD0084,1,140000,2,140000,2800,137200
OD005197,ORD003337,PROD0050,3,98000,15,294000,44100,249900
OD005198,ORD003337,PROD0038,10,111000,0,1110000,0,1110000
OD005199,ORD003338,PROD0180,8,142869,7,1142952,80006.64,1062945.36
OD005200,ORD003339,PROD0187,5,225148,10,1125740,112574,1013166
OD005201,ORD003340,PROD0197,4,221508,7,886032,62022.24,824009.76
OD005202,ORD003340,PROD0179,2,65000,15,130000,19500,110500
OD005203,ORD003340,PROD0081,4,135000,0,540000,0,540000
OD005204,ORD003341,PROD0146,10,185000,5,1850000,92500,1757500
OD005205,ORD003341,PROD0057,10,135000,5,1350000,67500,1282500
OD005206,ORD003342,PROD0116,10,162000,10,1620000,162000,1458000
OD005207,ORD003342,PROD0051,8,102500,7,820000,57400,762600
OD005208,ORD003343,PROD0126,6,210000,7,1260000,88200,1171800
OD005209,ORD003344,PROD0085,2,145000,2,290000,5800,284200
OD005210,ORD003344,PROD0073,6,128000,5,768000,38400,729600
OD005211,ORD003344,PROD0018,8,94000,10,752000,75200,676800
OD005212,ORD003345,PROD0053,5,108000,0,540000,0,540000
OD005213,ORD003346,PROD0089,8,140000,0,1120000,0,1120000
OD005214,ORD003347,PROD0119,6,185000,2,1110000,22200,1087800
OD005215,ORD003348,PROD0168,10,320000,10,3200000,320000,2880000
OD005216,ORD003348,PROD0149,2,225000,5,450000,22500,427500
OD005217,ORD003349,PROD0110,7,155000,0,1085000,0,1085000
OD005218,ORD003350,PROD0100,4,135000,10,540000,54000,486000
OD005219,ORD003351,PROD0094,1,158000,0,158000,0,158000
OD005220,ORD003352,PROD0180,4,142869,7,571476,40003.32,531472.68
OD005221,ORD003352,PROD0168,8,320000,7,2560000,179200,2380800
OD005222,ORD003353,PROD0078,2,140000,5,280000,14000,266000
OD005223,ORD003354,PROD0113,7,150000,0,1050000,0,1050000
OD005224,ORD003354,PROD0076,3,135000,2,405000,8100,396900
OD005225,ORD003355,PROD0114,5,155500,2,777500,15550,761950
OD005226,ORD003356,PROD0086,2,148000,0,296000,0,296000
OD005227,ORD003357,PROD0171,8,255000,5,2040000,102000,1938000
OD005228,ORD003358,PROD0141,9,235000,0,2115000,0,2115000
OD005229,ORD003358,PROD0035,6,98000,15,588000,88200,499800
OD005230,ORD003358,PROD0006,4,65000,5,260000,13000,247000
OD005231,ORD003359,PROD0193,10,348268,0,3482680,0,3482680
OD005232,ORD003359,PROD0071,10,128000,5,1280000,64000,1216000
OD005233,ORD003360,PROD0031,10,100000,2,1000000,20000,980000
OD005234,ORD003361,PROD0149,8,225000,0,1800000,0,1800000
OD005235,ORD003362,PROD0095,3,162000,0,486000,0,486000
OD005236,ORD003363,PROD0111,2,16000,0,32000,0,32000
OD005237,ORD003364,PROD0128,5,250000,5,1250000,62500,1187500
OD005238,ORD003364,PROD0062,6,170000,0,1020000,0,1020000
OD005239,ORD003365,PROD0114,2,155500,0,311000,0,311000
OD005240,ORD003366,PROD0132,2,285000,7,570000,39900,530100
OD005241,ORD003366,PROD0123,4,170000,0,680000,0,680000
OD005242,ORD003366,PROD0181,4,90661,2,362644,7252.88,355391.12
OD005243,ORD003367,PROD0079,3,142000,2,426000,8520,417480
OD005244,ORD003368,PROD0102,5,143000,7,715000,50050,664950
OD005245,ORD003369,PROD0151,6,265000,5,1590000,79500,1510500
OD005246,ORD003370,PROD0148,1,210000,0,210000,0,210000
OD005247,ORD003371,PROD0200,1,120944,5,120944,6047.2,114896.8
OD005248,ORD003371,PROD0040,1,115000,7,115000,8050,106950
OD005249,ORD003372,PROD0185,8,232339,0,1858712,0,1858712
OD005250,ORD003373,PROD0095,9,162000,0,1458000,0,1458000
OD005251,ORD003373,PROD0044,2,105000,7,210000,14700,195300
OD005252,ORD003374,PROD0059,10,135000,5,1350000,67500,1282500
OD005253,ORD003375,PROD0071,3,128000,0,384000,0,384000
OD005254,ORD003376,PROD0199,9,63002,5,567018,28350.9,538667.1
OD005255,ORD003377,PROD0022,2,95000,0,190000,0,190000
OD005256,ORD003378,PROD0044,9,105000,2,945000,18900,926100
OD005257,ORD003379,PROD0143,4,285000,7,1140000,79800,1060200
OD005258,ORD003380,PROD0190,8,309979,0,2479832,0,2479832
OD005259,ORD003380,PROD0016,1,80000,5,80000,4000,76000
OD005260,ORD003380,PROD0082,6,138000,2,828000,16560,811440
OD005261,ORD003381,PROD0082,9,138000,10,1242000,124200,1117800
OD005262,ORD003381,PROD0100,2,135000,5,270000,13500,256500
OD005263,ORD003382,PROD0153,5,195000,2,975000,19500,955500
OD005264,ORD003383,PROD0105,9,135000,5,1215000,60750,1154250
OD005265,ORD003383,PROD0028,10,95000,5,950000,47500,902500
OD005266,ORD003384,PROD0049,6,95000,15,570000,85500,484500
OD005267,ORD003385,PROD0148,1,210000,7,210000,14700,195300
OD005268,ORD003385,PROD0048,10,122200,7,1222000,85540,1136460
OD005269,ORD003386,PROD0100,2,135000,15,270000,40500,229500
OD005270,ORD003386,PROD0076,5,135000,0,675000,0,675000
OD005271,ORD003386,PROD0088,9,155500,5,1399500,69975,1329525
OD005272,ORD003387,PROD0150,2,255000,15,510000,76500,433500
OD005273,ORD003388,PROD0049,5,95000,10,475000,47500,427500
OD005274,ORD003388,PROD0141,7,235000,0,1645000,0,1645000
OD005275,ORD003388,PROD0153,1,195000,2,195000,3900,191100
OD005276,ORD003389,PROD0200,5,120944,0,604720,0,604720
OD005277,ORD003390,PROD0091,1,148000,7,148000,10360,137640
OD005278,ORD003391,PROD0018,7,94000,5,658000,32900,625100
OD005279,ORD003391,PROD0134,9,310000,5,2790000,139500,2650500
OD005280,ORD003392,PROD0152,3,285000,10,855000,85500,769500
OD005281,ORD003392,PROD0007,3,70000,0,210000,0,210000
OD005282,ORD003393,PROD0039,2,115000,15,230000,34500,195500
OD005283,ORD003394,PROD0069,5,125000,5,625000,31250,593750
OD005284,ORD003395,PROD0103,1,148000,0,148000,0,148000
OD005285,ORD003396,PROD0103,9,148000,10,1332000,133200,1198800
OD005286,ORD003397,PROD0040,1,115000,10,115000,11500,103500
OD005287,ORD003398,PROD0040,7,115000,15,805000,120750,684250
OD005288,ORD003399,PROD0188,4,254957,10,1019828,101982.8,917845.2
OD005289,ORD003399,PROD0144,8,295000,0,2360000,0,2360000
OD005290,ORD003399,PROD0102,1,143000,0,143000,0,143000
OD005291,ORD003400,PROD0067,5,120000,2,600000,12000,588000
OD005292,ORD003400,PROD0094,1,158000,0,158000,0,158000
OD005293,ORD003401,PROD0194,7,285723,10,2000061,200006.1,1800054.9
OD005294,ORD003401,PROD0062,2,170000,5,340000,17000,323000
OD005295,ORD003401,PROD0067,6,120000,0,720000,0,720000
OD005296,ORD003402,PROD0090,5,145000,7,725000,50750,674250
OD005297,ORD003403,PROD0038,2,111000,5,222000,11100,210900
OD005298,ORD003404,PROD0023,2,98000,2,196000,3920,192080
OD005299,ORD003405,PROD0179,6,65000,10,390000,39000,351000
OD005300,ORD003405,PROD0137,3,165000,5,495000,24750,470250
OD005301,ORD003406,PROD0068,10,120000,5,1200000,60000,1140000
OD005302,ORD003406,PROD0115,8,158000,0,1264000,0,1264000
OD005303,ORD003407,PROD0100,4,135000,5,540000,27000,513000
OD005304,ORD003408,PROD0020,4,95000,2,380000,7600,372400
OD005305,ORD003408,PROD0151,5,265000,7,1325000,92750,1232250
OD005306,ORD003409,PROD0021,9,95000,0,855000,0,855000
OD005307,ORD003410,PROD0114,5,155500,2,777500,15550,761950
OD005308,ORD003411,PROD0059,5,135000,0,675000,0,675000
OD005309,ORD003412,PROD0088,7,155500,10,1088500,108850,979650
OD005310,ORD003413,PROD0095,3,162000,2,486000,9720,476280
OD005311,ORD003414,PROD0088,7,155500,0,1088500,0,1088500
OD005312,ORD003414,PROD0045,4,110000,7,440000,30800,409200
OD005313,ORD003414,PROD0017,5,90000,10,450000,45000,405000
OD005314,ORD003415,PROD0027,8,92000,7,736000,51520,684480
OD005315,ORD003415,PROD0146,1,185000,10,185000,18500,166500
OD005316,ORD003416,PROD0020,7,95000,10,665000,66500,598500
OD005317,ORD003417,PROD0102,3,143000,15,429000,64350,364650
OD005318,ORD003418,PROD0062,1,170000,2,170000,3400,166600
OD005319,ORD003419,PROD0140,4,225000,2,900000,18000,882000
OD005320,ORD003419,PROD0126,8,210000,0,1680000,0,1680000
OD005321,ORD003419,PROD0037,8,105000,10,840000,84000,756000
OD005322,ORD003420,PROD0136,3,380000,10,1140000,114000,1026000
OD005323,ORD003420,PROD0132,4,285000,0,1140000,0,1140000
OD005324,ORD003421,PROD0057,9,135000,5,1215000,60750,1154250
OD005325,ORD003422,PROD0169,4,220000,0,880000,0,880000
OD005326,ORD003422,PROD0089,3,140000,10,420000,42000,378000
OD005327,ORD003422,PROD0007,5,70000,0,350000,0,350000
OD005328,ORD003423,PROD0126,8,210000,5,1680000,84000,1596000
OD005329,ORD003424,PROD0091,5,148000,5,740000,37000,703000
OD005330,ORD003424,PROD0073,6,128000,0,768000,0,768000
OD005331,ORD003425,PROD0091,8,148000,10,1184000,118400,1065600
OD005332,ORD003426,PROD0196,9,332371,5,2991339,149566.95,2841772.05
OD005333,ORD003426,PROD0078,7,140000,5,980000,49000,931000
OD005334,ORD003427,PROD0139,5,210000,0,1050000,0,1050000
OD005335,ORD003427,PROD0171,8,255000,2,2040000,40800,1999200
OD005336,ORD003427,PROD0116,8,162000,0,1296000,0,1296000
OD005337,ORD003428,PROD0179,3,65000,5,195000,9750,185250
OD005338,ORD003429,PROD0100,7,135000,5,945000,47250,897750
OD005339,ORD003430,PROD0046,8,115000,0,920000,0,920000
OD005340,ORD003431,PROD0099,4,134000,15,536000,80400,455600
OD005341,ORD003432,PROD0025,3,82000,2,246000,4920,241080
OD005342,ORD003433,PROD0059,7,135000,5,945000,47250,897750
OD005343,ORD003434,PROD0042,1,98000,15,98000,14700,83300
OD005344,ORD003435,PROD0016,3,80000,7,240000,16800,223200
OD005345,ORD003436,PROD0031,7,100000,7,700000,49000,651000
OD005346,ORD003436,PROD0168,5,320000,0,1600000,0,1600000
OD005347,ORD003436,PROD0172,1,277000,5,277000,13850,263150
OD005348,ORD003437,PROD0182,2,295189,7,590378,41326.46,549051.54
OD005349,ORD003438,PROD0005,1,60000,5,60000,3000,57000
OD005350,ORD003439,PROD0195,6,160472,5,962832,48141.6,914690.4
OD005351,ORD003440,PROD0069,1,125000,10,125000,12500,112500
OD005352,ORD003440,PROD0081,8,135000,5,1080000,54000,1026000
OD005353,ORD003440,PROD0037,7,105000,10,735000,73500,661500
OD005354,ORD003441,PROD0190,6,309979,10,1859874,185987.4,1673886.6
OD005355,ORD003442,PROD0200,3,120944,7,362832,25398.24,337433.76
OD005356,ORD003443,PROD0141,2,235000,0,470000,0,470000
OD005357,ORD003444,PROD0016,9,80000,7,720000,50400,669600
OD005358,ORD003445,PROD0085,7,145000,7,1015000,71050,943950
OD005359,ORD003445,PROD0056,4,125000,5,500000,25000,475000
OD005360,ORD003445,PROD0184,3,79485,2,238455,4769.1,233685.9
OD005361,ORD003446,PROD0131,4,280000,0,1120000,0,1120000
OD005362,ORD003447,PROD0194,4,285723,5,1142892,57144.6,1085747.4
OD005363,ORD003448,PROD0167,6,295000,7,1770000,123900,1646100
OD005364,ORD003449,PROD0107,3,142000,10,426000,42600,383400
OD005365,ORD003450,PROD0057,8,135000,2,1080000,21600,1058400
OD005366,ORD003451,PROD0156,1,225000,0,225000,0,225000
OD005367,ORD003452,PROD0140,7,225000,7,1575000,110250,1464750
OD005368,ORD003452,PROD0156,1,225000,15,225000,33750,191250
OD005369,ORD003453,PROD0187,3,225148,0,675444,0,675444
OD005370,ORD003454,PROD0122,10,165000,0,1650000,0,1650000
OD005371,ORD003455,PROD0134,8,310000,10,2480000,248000,2232000
OD005372,ORD003455,PROD0085,10,145000,0,1450000,0,1450000
OD005373,ORD003456,PROD0099,6,134000,2,804000,16080,787920
OD005374,ORD003456,PROD0027,2,92000,15,184000,27600,156400
OD005375,ORD003457,PROD0039,10,115000,7,1150000,80500,1069500
OD005376,ORD003458,PROD0200,8,120944,0,967552,0,967552
OD005377,ORD003458,PROD0036,6,102000,15,612000,91800,520200
OD005378,ORD003459,PROD0015,8,80000,10,640000,64000,576000
OD005379,ORD003459,PROD0160,3,310000,15,930000,139500,790500
OD005380,ORD003460,PROD0027,8,92000,2,736000,14720,721280
OD005381,ORD003460,PROD0093,8,155000,5,1240000,62000,1178000
OD005382,ORD003460,PROD0075,2,135000,2,270000,5400,264600
OD005383,ORD003461,PROD0084,1,140000,2,140000,2800,137200
OD005384,ORD003462,PROD0080,9,145000,5,1305000,65250,1239750
OD005385,ORD003462,PROD0008,8,70000,2,560000,11200,548800
OD005386,ORD003462,PROD0054,3,115000,2,345000,6900,338100
OD005387,ORD003463,PROD0129,6,235000,5,1410000,70500,1339500
OD005388,ORD003463,PROD0016,1,80000,0,80000,0,80000
OD005389,ORD003464,PROD0054,2,115000,15,230000,34500,195500
OD005390,ORD003464,PROD0180,1,142869,10,142869,14286.9,128582.1
OD005391,ORD003465,PROD0131,1,280000,5,280000,14000,266000
OD005392,ORD003465,PROD0103,2,148000,7,296000,20720,275280
OD005393,ORD003466,PROD0110,1,155000,15,155000,23250,131750
OD005394,ORD003467,PROD0194,10,285723,5,2857230,142861.5,2714368.5
OD005395,ORD003467,PROD0010,1,75000,7,75000,5250,69750
OD005396,ORD003468,PROD0176,2,450000,0,900000,0,900000
OD005397,ORD003468,PROD0096,5,165000,15,825000,123750,701250
OD005398,ORD003469,PROD0099,7,134000,0,938000,0,938000
OD005399,ORD003469,PROD0046,8,115000,7,920000,64400,855600
OD005400,ORD003469,PROD0078,1,140000,5,140000,7000,133000
OD005401,ORD003470,PROD0109,2,150000,5,300000,15000,285000
OD005402,ORD003471,PROD0052,1,105000,5,105000,5250,99750
OD005403,ORD003471,PROD0070,2,126000,2,252000,5040,246960
OD005404,ORD003471,PROD0199,2,63002,15,126004,18900.6,107103.4
OD005405,ORD003472,PROD0164,9,235000,2,2115000,42300,2072700
OD005406,ORD003473,PROD0122,6,165000,0,990000,0,990000
OD005407,ORD003473,PROD0059,3,135000,10,405000,40500,364500
OD005408,ORD003473,PROD0169,2,220000,0,440000,0,440000
OD005409,ORD003474,PROD0172,9,277000,0,2493000,0,2493000
OD005410,ORD003474,PROD0197,8,221508,0,1772064,0,1772064
OD005411,ORD003475,PROD0134,1,310000,2,310000,6200,303800
OD005412,ORD003475,PROD0045,6,110000,10,660000,66000,594000
OD005413,ORD003476,PROD0076,9,135000,5,1215000,60750,1154250
OD005414,ORD003476,PROD0185,3,232339,0,697017,0,697017
OD005415,ORD003477,PROD0021,8,95000,5,760000,38000,722000
OD005416,ORD003477,PROD0159,4,285000,5,1140000,57000,1083000
OD005417,ORD003477,PROD0101,2,138000,7,276000,19320,256680
OD005418,ORD003478,PROD0091,3,148000,5,444000,22200,421800
OD005419,ORD003479,PROD0033,4,98000,2,392000,7840,384160
OD005420,ORD003480,PROD0190,1,309979,15,309979,46496.85,263482.15
OD005421,ORD003480,PROD0042,4,98000,0,392000,0,392000
OD005422,ORD003481,PROD0118,10,180000,15,1800000,270000,1530000
OD005423,ORD003482,PROD0111,2,16000,0,32000,0,32000
OD005424,ORD003482,PROD0079,1,142000,5,142000,7100,134900
OD005425,ORD003483,PROD0030,4,100000,0,400000,0,400000
OD005426,ORD003484,PROD0032,10,105000,10,1050000,105000,945000
OD005427,ORD003484,PROD0128,7,250000,5,1750000,87500,1662500
OD005428,ORD003485,PROD0146,6,185000,10,1110000,111000,999000
OD005429,ORD003485,PROD0049,8,95000,10,760000,76000,684000
OD005430,ORD003485,PROD0155,1,220000,0,220000,0,220000
OD005431,ORD003486,PROD0137,3,165000,0,495000,0,495000
OD005432,ORD003487,PROD0042,9,98000,10,882000,88200,793800
OD005433,ORD003487,PROD0077,8,138000,5,1104000,55200,1048800
OD005434,ORD003488,PROD0075,5,135000,10,675000,67500,607500
OD005435,ORD003489,PROD0111,3,16000,5,48000,2400,45600
OD005436,ORD003489,PROD0012,3,75000,7,225000,15750,209250
OD005437,ORD003490,PROD0191,1,100130,5,100130,5006.5,95123.5
OD005438,ORD003491,PROD0112,9,170000,7,1530000,107100,1422900
OD005439,ORD003492,PROD0138,2,190000,10,380000,38000,342000
OD005440,ORD003493,PROD0121,9,160000,7,1440000,100800,1339200
OD005441,ORD003494,PROD0080,4,145000,10,580000,58000,522000
OD005442,ORD003494,PROD0170,10,245000,0,2450000,0,2450000
OD005443,ORD003495,PROD0065,1,110000,7,110000,7700,102300
OD005444,ORD003496,PROD0006,6,65000,5,390000,19500,370500
OD005445,ORD003496,PROD0113,1,150000,0,150000,0,150000
OD005446,ORD003496,PROD0024,1,98000,5,98000,4900,93100
OD005447,ORD003497,PROD0165,4,255000,5,1020000,51000,969000
OD005448,ORD003497,PROD0007,7,70000,15,490000,73500,416500
OD005449,ORD003498,PROD0042,10,98000,5,980000,49000,931000
OD005450,ORD003498,PROD0189,2,235752,0,471504,0,471504
OD005451,ORD003499,PROD0053,7,108000,15,756000,113400,642600
OD005452,ORD003499,PROD0103,9,148000,2,1332000,26640,1305360
OD005453,ORD003500,PROD0175,10,435000,5,4350000,217500,4132500
OD005454,ORD003500,PROD0050,3,98000,5,294000,14700,279300
OD005455,ORD003500,PROD0061,1,155000,2,155000,3100,151900
OD005456,ORD003501,PROD0004,10,60000,2,600000,12000,588000
OD005457,ORD003501,PROD0161,9,195000,5,1755000,87750,1667250
OD005458,ORD003502,PROD0020,3,95000,10,285000,28500,256500
OD005459,ORD003502,PROD0196,2,332371,15,664742,99711.3,565030.7
OD005460,ORD003503,PROD0145,6,170000,15,1020000,153000,867000
OD005461,ORD003504,PROD0063,3,140000,0,420000,0,420000
OD005462,ORD003504,PROD0097,6,130000,0,780000,0,780000
OD005463,ORD003505,PROD0104,2,155000,0,310000,0,310000
OD005464,ORD003505,PROD0147,10,195000,15,1950000,292500,1657500
OD005465,ORD003506,PROD0075,5,135000,0,675000,0,675000
OD005466,ORD003507,PROD0054,2,115000,5,230000,11500,218500
OD005467,ORD003508,PROD0027,3,92000,15,276000,41400,234600
OD005468,ORD003509,PROD0088,7,155500,5,1088500,54425,1034075
OD005469,ORD003509,PROD0097,8,130000,0,1040000,0,1040000
OD005470,ORD003510,PROD0125,2,195000,0,390000,0,390000
OD005471,ORD003510,PROD0167,8,295000,7,2360000,165200,2194800
OD005472,ORD003511,PROD0043,10,98000,2,980000,19600,960400
OD005473,ORD003512,PROD0045,3,110000,5,330000,16500,313500
OD005474,ORD003513,PROD0058,7,145000,0,1015000,0,1015000
OD005475,ORD003513,PROD0033,8,98000,10,784000,78400,705600
OD005476,ORD003513,PROD0029,10,100000,10,1000000,100000,900000
OD005477,ORD003514,PROD0160,2,310000,5,620000,31000,589000
OD005478,ORD003515,PROD0143,9,285000,5,2565000,128250,2436750
OD005479,ORD003515,PROD0166,1,267000,2,267000,5340,261660
OD005480,ORD003516,PROD0117,6,175000,0,1050000,0,1050000
OD005481,ORD003517,PROD0164,2,235000,10,470000,47000,423000
OD005482,ORD003518,PROD0089,2,140000,5,280000,14000,266000
OD005483,ORD003519,PROD0177,3,120000,0,360000,0,360000
OD005484,ORD003520,PROD0114,2,155500,7,311000,21770,289230
OD005485,ORD003520,PROD0007,1,70000,15,70000,10500,59500
OD005486,ORD003521,PROD0034,4,98000,0,392000,0,392000
OD005487,ORD003522,PROD0104,2,155000,5,310000,15500,294500
OD005488,ORD003522,PROD0163,4,225000,15,900000,135000,765000
OD005489,ORD003523,PROD0030,4,100000,0,400000,0,400000
OD005490,ORD003523,PROD0152,6,285000,7,1710000,119700,1590300
OD005491,ORD003523,PROD0178,9,115000,5,1035000,51750,983250
OD005492,ORD003524,PROD0037,2,105000,5,210000,10500,199500
OD005493,ORD003524,PROD0111,9,16000,0,144000,0,144000
OD005494,ORD003525,PROD0178,6,115000,0,690000,0,690000
OD005495,ORD003526,PROD0062,10,170000,5,1700000,85000,1615000
OD005496,ORD003527,PROD0079,5,142000,0,710000,0,710000
OD005497,ORD003528,PROD0090,1,145000,5,145000,7250,137750
OD005498,ORD003528,PROD0093,3,155000,0,465000,0,465000
OD005499,ORD003529,PROD0067,1,120000,7,120000,8400,111600
OD005500,ORD003530,PROD0107,9,142000,0,1278000,0,1278000
OD005501,ORD003530,PROD0055,6,120000,7,720000,50400,669600
OD005502,ORD003531,PROD0159,9,285000,0,2565000,0,2565000
OD005503,ORD003531,PROD0137,7,165000,7,1155000,80850,1074150
OD005504,ORD003532,PROD0033,10,98000,0,980000,0,980000
OD005505,ORD003533,PROD0171,3,255000,0,765000,0,765000
OD005506,ORD003534,PROD0054,4,115000,2,460000,9200,450800
OD005507,ORD003534,PROD0106,8,140000,7,1120000,78400,1041600
OD005508,ORD003535,PROD0188,9,254957,0,2294613,0,2294613
OD005509,ORD003535,PROD0137,10,165000,7,1650000,115500,1534500
OD005510,ORD003536,PROD0188,9,254957,0,2294613,0,2294613
OD005511,ORD003537,PROD0121,4,160000,15,640000,96000,544000
OD005512,ORD003537,PROD0162,7,210000,0,1470000,0,1470000
OD005513,ORD003538,PROD0093,10,155000,0,1550000,0,1550000
OD005514,ORD003539,PROD0034,3,98000,5,294000,14700,279300
OD005515,ORD003539,PROD0036,2,102000,0,204000,0,204000
OD005516,ORD003539,PROD0119,6,185000,5,1110000,55500,1054500
OD005517,ORD003540,PROD0029,5,100000,7,500000,35000,465000
OD005518,ORD003540,PROD0090,7,145000,7,1015000,71050,943950
OD005519,ORD003541,PROD0093,2,155000,0,310000,0,310000
OD005520,ORD003541,PROD0017,5,90000,0,450000,0,450000
OD005521,ORD003542,PROD0170,6,245000,0,1470000,0,1470000
OD005522,ORD003543,PROD0016,6,80000,2,480000,9600,470400
OD005523,ORD003543,PROD0063,1,140000,7,140000,9800,130200
OD005524,ORD003543,PROD0172,2,277000,5,554000,27700,526300
OD005525,ORD003544,PROD0008,6,70000,10,420000,42000,378000
OD005526,ORD003544,PROD0019,4,95000,5,380000,19000,361000
OD005527,ORD003545,PROD0169,2,220000,5,440000,22000,418000
OD005528,ORD003546,PROD0055,9,120000,5,1080000,54000,1026000
OD005529,ORD003546,PROD0183,5,324367,2,1621835,32436.7,1589398.3
OD005530,ORD003547,PROD0031,6,100000,2,600000,12000,588000
OD005531,ORD003548,PROD0033,7,98000,0,686000,0,686000
OD005532,ORD003548,PROD0116,8,162000,0,1296000,0,1296000
OD005533,ORD003549,PROD0191,4,100130,10,400520,40052,360468
OD005534,ORD003549,PROD0153,1,195000,10,195000,19500,175500
OD005535,ORD003550,PROD0122,6,165000,0,990000,0,990000
OD005536,ORD003551,PROD0054,3,115000,0,345000,0,345000
OD005537,ORD003552,PROD0014,10,80000,7,800000,56000,744000
OD005538,ORD003552,PROD0157,9,250000,5,2250000,112500,2137500
OD005539,ORD003553,PROD0024,9,98000,0,882000,0,882000
OD005540,ORD003553,PROD0035,8,98000,7,784000,54880,729120
OD005541,ORD003554,PROD0089,10,140000,7,1400000,98000,1302000
OD005542,ORD003555,PROD0072,10,125000,0,1250000,0,1250000
OD005543,ORD003555,PROD0174,2,325000,7,650000,45500,604500
OD005544,ORD003556,PROD0049,7,95000,10,665000,66500,598500
OD005545,ORD003557,PROD0131,5,280000,5,1400000,70000,1330000
OD005546,ORD003558,PROD0091,1,148000,7,148000,10360,137640
OD005547,ORD003558,PROD0048,8,122200,0,977600,0,977600
OD005548,ORD003558,PROD0197,2,221508,5,443016,22150.8,420865.2
OD005549,ORD003559,PROD0159,10,285000,7,2850000,199500,2650500
OD005550,ORD003559,PROD0148,7,210000,5,1470000,73500,1396500
OD005551,ORD003560,PROD0092,3,150000,2,450000,9000,441000
OD005552,ORD003561,PROD0042,1,98000,5,98000,4900,93100
OD005553,ORD003562,PROD0130,10,250000,5,2500000,125000,2375000
OD005554,ORD003563,PROD0194,9,285723,7,2571507,180005.49,2391501.51
OD005555,ORD003564,PROD0054,5,115000,7,575000,40250,534750
OD005556,ORD003564,PROD0137,9,165000,7,1485000,103950,1381050
OD005557,ORD003564,PROD0172,8,277000,15,2216000,332400,1883600
OD005558,ORD003565,PROD0091,7,148000,5,1036000,51800,984200
OD005559,ORD003566,PROD0016,6,80000,2,480000,9600,470400
OD005560,ORD003567,PROD0184,1,79485,2,79485,1589.7,77895.3
OD005561,ORD003567,PROD0022,3,95000,0,285000,0,285000
OD005562,ORD003568,PROD0153,4,195000,0,780000,0,780000
OD005563,ORD003569,PROD0096,2,165000,2,330000,6600,323400
OD005564,ORD003570,PROD0146,8,185000,5,1480000,74000,1406000
OD005565,ORD003570,PROD0142,2,265000,15,530000,79500,450500
OD005566,ORD003571,PROD0041,3,95000,7,285000,19950,265050
OD005567,ORD003572,PROD0020,7,95000,10,665000,66500,598500
OD005568,ORD003573,PROD0026,6,85000,0,510000,0,510000
OD005569,ORD003573,PROD0041,6,95000,0,570000,0,570000
OD005570,ORD003574,PROD0174,9,325000,0,2925000,0,2925000
OD005571,ORD003574,PROD0018,5,94000,5,470000,23500,446500
OD005572,ORD003574,PROD0137,7,165000,0,1155000,0,1155000
OD005573,ORD003575,PROD0077,7,138000,0,966000,0,966000
OD005574,ORD003575,PROD0164,2,235000,0,470000,0,470000
OD005575,ORD003576,PROD0120,6,190000,7,1140000,79800,1060200
OD005576,ORD003577,PROD0154,6,200000,15,1200000,180000,1020000
OD005577,ORD003577,PROD0166,2,267000,0,534000,0,534000
OD005578,ORD003578,PROD0181,2,90661,0,181322,0,181322
OD005579,ORD003578,PROD0161,3,195000,2,585000,11700,573300
OD005580,ORD003579,PROD0076,5,135000,5,675000,33750,641250
OD005581,ORD003580,PROD0184,5,79485,2,397425,7948.5,389476.5
OD005582,ORD003581,PROD0071,3,128000,0,384000,0,384000
OD005583,ORD003581,PROD0118,4,180000,0,720000,0,720000
OD005584,ORD003582,PROD0048,3,122200,5,366600,18330,348270
OD005585,ORD003583,PROD0163,10,225000,0,2250000,0,2250000
OD005586,ORD003583,PROD0022,7,95000,5,665000,33250,631750
OD005587,ORD003583,PROD0193,10,348268,10,3482680,348268,3134412
OD005588,ORD003584,PROD0097,7,130000,15,910000,136500,773500
OD005589,ORD003585,PROD0170,6,245000,2,1470000,29400,1440600
OD005590,ORD003586,PROD0100,5,135000,10,675000,67500,607500
OD005591,ORD003586,PROD0029,3,100000,5,300000,15000,285000
OD005592,ORD003587,PROD0023,2,98000,0,196000,0,196000
OD005593,ORD003587,PROD0177,8,120000,0,960000,0,960000
OD005594,ORD003588,PROD0121,4,160000,2,640000,12800,627200
OD005595,ORD003589,PROD0029,2,100000,10,200000,20000,180000
OD005596,ORD003589,PROD0073,5,128000,15,640000,96000,544000
OD005597,ORD003590,PROD0115,5,158000,5,790000,39500,750500
OD005598,ORD003590,PROD0092,7,150000,7,1050000,73500,976500
OD005599,ORD003591,PROD0015,10,80000,0,800000,0,800000
OD005600,ORD003592,PROD0103,10,148000,7,1480000,103600,1376400
OD005601,ORD003592,PROD0035,9,98000,0,882000,0,882000
OD005602,ORD003593,PROD0063,9,140000,2,1260000,25200,1234800
OD005603,ORD003593,PROD0134,10,310000,7,3100000,217000,2883000
OD005604,ORD003594,PROD0138,8,190000,2,1520000,30400,1489600
OD005605,ORD003595,PROD0016,1,80000,0,80000,0,80000
OD005606,ORD003595,PROD0102,3,143000,15,429000,64350,364650
OD005607,ORD003595,PROD0052,5,105000,0,525000,0,525000
OD005608,ORD003596,PROD0089,8,140000,0,1120000,0,1120000
OD005609,ORD003596,PROD0161,8,195000,2,1560000,31200,1528800
OD005610,ORD003596,PROD0082,9,138000,5,1242000,62100,1179900
OD005611,ORD003597,PROD0118,2,180000,2,360000,7200,352800
OD005612,ORD003598,PROD0005,6,60000,10,360000,36000,324000
OD005613,ORD003599,PROD0099,8,134000,0,1072000,0,1072000
OD005614,ORD003599,PROD0155,4,220000,5,880000,44000,836000
OD005615,ORD003599,PROD0130,4,250000,0,1000000,0,1000000
OD005616,ORD003600,PROD0194,7,285723,0,2000061,0,2000061
OD005617,ORD003601,PROD0158,9,265000,0,2385000,0,2385000
OD005618,ORD003602,PROD0027,5,92000,0,460000,0,460000
OD005619,ORD003602,PROD0013,5,80000,5,400000,20000,380000
OD005620,ORD003603,PROD0058,1,145000,10,145000,14500,130500
OD005621,ORD003603,PROD0163,3,225000,10,675000,67500,607500
OD005622,ORD003604,PROD0170,1,245000,5,245000,12250,232750
OD005623,ORD003605,PROD0146,10,185000,2,1850000,37000,1813000
OD005624,ORD003606,PROD0142,9,265000,0,2385000,0,2385000
OD005625,ORD003606,PROD0134,8,310000,0,2480000,0,2480000
OD005626,ORD003607,PROD0063,3,140000,5,420000,21000,399000
OD005627,ORD003607,PROD0137,5,165000,5,825000,41250,783750
OD005628,ORD003607,PROD0130,1,250000,5,250000,12500,237500
OD005629,ORD003608,PROD0017,10,90000,7,900000,63000,837000
OD005630,ORD003609,PROD0184,1,79485,0,79485,0,79485
OD005631,ORD003610,PROD0152,7,285000,0,1995000,0,1995000
OD005632,ORD003611,PROD0044,5,105000,15,525000,78750,446250
OD005633,ORD003612,PROD0058,6,145000,2,870000,17400,852600
OD005634,ORD003613,PROD0136,1,380000,15,380000,57000,323000
OD005635,ORD003613,PROD0049,4,95000,0,380000,0,380000
OD005636,ORD003614,PROD0163,9,225000,0,2025000,0,2025000
OD005637,ORD003615,PROD0095,9,162000,5,1458000,72900,1385100
OD005638,ORD003615,PROD0020,5,95000,0,475000,0,475000
OD005639,ORD003616,PROD0139,6,210000,10,1260000,126000,1134000
OD005640,ORD003616,PROD0187,9,225148,2,2026332,40526.64,1985805.36
OD005641,ORD003617,PROD0067,7,120000,2,840000,16800,823200
OD005642,ORD003617,PROD0192,5,135661,2,678305,13566.1,664738.9
OD005643,ORD003618,PROD0145,10,170000,0,1700000,0,1700000
OD005644,ORD003619,PROD0147,10,195000,5,1950000,97500,1852500
OD005645,ORD003619,PROD0073,3,128000,0,384000,0,384000
OD005646,ORD003620,PROD0104,1,155000,5,155000,7750,147250
OD005647,ORD003621,PROD0045,8,110000,2,880000,17600,862400
OD005648,ORD003622,PROD0121,2,160000,10,320000,32000,288000
OD005649,ORD003622,PROD0172,9,277000,5,2493000,124650,2368350
OD005650,ORD003623,PROD0130,8,250000,10,2000000,200000,1800000
OD005651,ORD003623,PROD0175,1,435000,0,435000,0,435000
OD005652,ORD003624,PROD0031,6,100000,7,600000,42000,558000
OD005653,ORD003624,PROD0122,8,165000,5,1320000,66000,1254000
OD005654,ORD003625,PROD0059,1,135000,0,135000,0,135000
OD005655,ORD003626,PROD0113,9,150000,0,1350000,0,1350000
OD005656,ORD003626,PROD0021,2,95000,7,190000,13300,176700
OD005657,ORD003627,PROD0077,6,138000,2,828000,16560,811440
OD005658,ORD003628,PROD0075,1,135000,0,135000,0,135000
OD005659,ORD003628,PROD0106,2,140000,5,280000,14000,266000
OD005660,ORD003629,PROD0150,8,255000,0,2040000,0,2040000
OD005661,ORD003630,PROD0115,1,158000,2,158000,3160,154840
OD005662,ORD003630,PROD0178,9,115000,0,1035000,0,1035000
OD005663,ORD003631,PROD0057,1,135000,2,135000,2700,132300
OD005664,ORD003631,PROD0075,7,135000,10,945000,94500,850500
OD005665,ORD003631,PROD0095,4,162000,10,648000,64800,583200
OD005666,ORD003632,PROD0124,7,178000,2,1246000,24920,1221080
OD005667,ORD003633,PROD0170,7,245000,2,1715000,34300,1680700
OD005668,ORD003633,PROD0119,7,185000,10,1295000,129500,1165500
OD005669,ORD003634,PROD0192,6,135661,7,813966,56977.62,756988.38
OD005670,ORD003634,PROD0095,10,162000,0,1620000,0,1620000
OD005671,ORD003635,PROD0106,6,140000,10,840000,84000,756000
OD005672,ORD003635,PROD0139,9,210000,10,1890000,189000,1701000
OD005673,ORD003636,PROD0030,5,100000,2,500000,10000,490000
OD005674,ORD003637,PROD0031,7,100000,10,700000,70000,630000
OD005675,ORD003638,PROD0067,7,120000,5,840000,42000,798000
OD005676,ORD003639,PROD0015,4,80000,10,320000,32000,288000
OD005677,ORD003640,PROD0083,9,138000,2,1242000,24840,1217160
OD005678,ORD003640,PROD0070,3,126000,2,378000,7560,370440
OD005679,ORD003641,PROD0124,9,178000,5,1602000,80100,1521900
OD005680,ORD003642,PROD0194,2,285723,0,571446,0,571446
OD005681,ORD003643,PROD0114,8,155500,5,1244000,62200,1181800
OD005682,ORD003643,PROD0191,9,100130,5,901170,45058.5,856111.5
OD005683,ORD003644,PROD0121,3,160000,0,480000,0,480000
OD005684,ORD003644,PROD0127,3,225000,10,675000,67500,607500
OD005685,ORD003645,PROD0168,10,320000,0,3200000,0,3200000
OD005686,ORD003646,PROD0116,7,162000,10,1134000,113400,1020600
OD005687,ORD003646,PROD0194,9,285723,5,2571507,128575.35,2442931.65
OD005688,ORD003647,PROD0127,10,225000,5,2250000,112500,2137500
OD005689,ORD003648,PROD0068,10,120000,10,1200000,120000,1080000
OD005690,ORD003648,PROD0086,9,148000,5,1332000,66600,1265400
OD005691,ORD003649,PROD0130,7,250000,2,1750000,35000,1715000
OD005692,ORD003650,PROD0058,10,145000,0,1450000,0,1450000
OD005693,ORD003651,PROD0147,4,195000,5,780000,39000,741000
OD005694,ORD003651,PROD0002,6,50000,10,300000,30000,270000
OD005695,ORD003651,PROD0146,5,185000,5,925000,46250,878750
OD005696,ORD003652,PROD0004,4,60000,0,240000,0,240000
OD005697,ORD003653,PROD0033,4,98000,15,392000,58800,333200
OD005698,ORD003654,PROD0195,10,160472,5,1604720,80236,1524484
OD005699,ORD003655,PROD0166,4,267000,5,1068000,53400,1014600
OD005700,ORD003656,PROD0149,2,225000,7,450000,31500,418500
OD005701,ORD003656,PROD0186,5,265147,2,1325735,26514.7,1299220.3
OD005702,ORD003657,PROD0139,4,210000,7,840000,58800,781200
OD005703,ORD003658,PROD0022,10,95000,2,950000,19000,931000
OD005704,ORD003659,PROD0169,8,220000,0,1760000,0,1760000
OD005705,ORD003659,PROD0048,5,122200,0,611000,0,611000
OD005706,ORD003660,PROD0122,9,165000,10,1485000,148500,1336500
OD005707,ORD003661,PROD0179,5,65000,7,325000,22750,302250
OD005708,ORD003662,PROD0134,3,310000,0,930000,0,930000
OD005709,ORD003663,PROD0008,7,70000,0,490000,0,490000
OD005710,ORD003663,PROD0159,7,285000,0,1995000,0,1995000
OD005711,ORD003664,PROD0161,3,195000,2,585000,11700,573300
OD005712,ORD003665,PROD0026,2,85000,5,170000,8500,161500
OD005713,ORD003665,PROD0189,1,235752,5,235752,11787.6,223964.4
OD005714,ORD003666,PROD0038,4,111000,0,444000,0,444000
OD005715,ORD003666,PROD0011,8,75000,5,600000,30000,570000
OD005716,ORD003667,PROD0112,9,170000,5,1530000,76500,1453500
OD005717,ORD003668,PROD0136,4,380000,0,1520000,0,1520000
OD005718,ORD003668,PROD0020,7,95000,7,665000,46550,618450
OD005719,ORD003669,PROD0032,3,105000,5,315000,15750,299250
OD005720,ORD003669,PROD0132,2,285000,7,570000,39900,530100
OD005721,ORD003669,PROD0017,6,90000,5,540000,27000,513000
OD005722,ORD003670,PROD0167,4,295000,10,1180000,118000,1062000
OD005723,ORD003670,PROD0055,2,120000,5,240000,12000,228000
OD005724,ORD003671,PROD0168,3,320000,7,960000,67200,892800
OD005725,ORD003671,PROD0149,3,225000,5,675000,33750,641250
OD005726,ORD003672,PROD0065,4,110000,0,440000,0,440000
OD005727,ORD003673,PROD0160,6,310000,0,1860000,0,1860000
OD005728,ORD003674,PROD0041,9,95000,5,855000,42750,812250
OD005729,ORD003674,PROD0097,10,130000,7,1300000,91000,1209000
OD005730,ORD003675,PROD0192,6,135661,5,813966,40698.3,773267.7
OD005731,ORD003676,PROD0178,3,115000,0,345000,0,345000
OD005732,ORD003677,PROD0183,2,324367,0,648734,0,648734
OD005733,ORD003678,PROD0030,5,100000,2,500000,10000,490000
OD005734,ORD003679,PROD0063,7,140000,2,980000,19600,960400
OD005735,ORD003679,PROD0016,6,80000,5,480000,24000,456000
OD005736,ORD003680,PROD0179,2,65000,0,130000,0,130000
OD005737,ORD003681,PROD0158,8,265000,2,2120000,42400,2077600
OD005738,ORD003681,PROD0177,4,120000,5,480000,24000,456000
OD005739,ORD003682,PROD0023,6,98000,15,588000,88200,499800
OD005740,ORD003683,PROD0068,9,120000,10,1080000,108000,972000
OD005741,ORD003683,PROD0144,8,295000,2,2360000,47200,2312800
OD005742,ORD003684,PROD0073,6,128000,2,768000,15360,752640
OD005743,ORD003685,PROD0059,9,135000,15,1215000,182250,1032750
OD005744,ORD003686,PROD0187,3,225148,10,675444,67544.4,607899.6
OD005745,ORD003687,PROD0107,3,142000,7,426000,29820,396180
OD005746,ORD003688,PROD0149,3,225000,5,675000,33750,641250
OD005747,ORD003689,PROD0155,9,220000,7,1980000,138600,1841400
OD005748,ORD003689,PROD0124,9,178000,7,1602000,112140,1489860
OD005749,ORD003690,PROD0148,3,210000,10,630000,63000,567000
OD005750,ORD003690,PROD0191,2,100130,7,200260,14018.2,186241.8
OD005751,ORD003690,PROD0100,9,135000,5,1215000,60750,1154250
OD005752,ORD003691,PROD0173,5,299000,10,1495000,149500,1345500
OD005753,ORD003691,PROD0014,7,80000,15,560000,84000,476000
OD005754,ORD003692,PROD0015,2,80000,2,160000,3200,156800
OD005755,ORD003693,PROD0079,6,142000,15,852000,127800,724200
OD005756,ORD003693,PROD0100,7,135000,2,945000,18900,926100
OD005757,ORD003694,PROD0066,5,114500,0,572500,0,572500
OD005758,ORD003695,PROD0180,9,142869,0,1285821,0,1285821
OD005759,ORD003695,PROD0005,6,60000,0,360000,0,360000
OD005760,ORD003696,PROD0023,6,98000,2,588000,11760,576240
OD005761,ORD003696,PROD0126,3,210000,15,630000,94500,535500
OD005762,ORD003697,PROD0015,7,80000,2,560000,11200,548800
OD005763,ORD003698,PROD0040,5,115000,10,575000,57500,517500
OD005764,ORD003698,PROD0172,7,277000,0,1939000,0,1939000
OD005765,ORD003699,PROD0164,7,235000,0,1645000,0,1645000
OD005766,ORD003700,PROD0156,4,225000,0,900000,0,900000
OD005767,ORD003701,PROD0069,4,125000,5,500000,25000,475000
OD005768,ORD003701,PROD0034,4,98000,15,392000,58800,333200
OD005769,ORD003702,PROD0064,4,150000,0,600000,0,600000
OD005770,ORD003702,PROD0037,9,105000,2,945000,18900,926100
OD005771,ORD003703,PROD0048,4,122200,10,488800,48880,439920
OD005772,ORD003703,PROD0167,2,295000,5,590000,29500,560500
OD005773,ORD003704,PROD0049,9,95000,2,855000,17100,837900
OD005774,ORD003705,PROD0042,3,98000,2,294000,5880,288120
OD005775,ORD003705,PROD0052,4,105000,7,420000,29400,390600
OD005776,ORD003706,PROD0029,3,100000,2,300000,6000,294000
OD005777,ORD003706,PROD0173,6,299000,5,1794000,89700,1704300
OD005778,ORD003706,PROD0182,3,295189,7,885567,61989.69,823577.31
OD005779,ORD003707,PROD0041,10,95000,0,950000,0,950000
OD005780,ORD003708,PROD0162,5,210000,7,1050000,73500,976500
OD005781,ORD003709,PROD0055,1,120000,15,120000,18000,102000
OD005782,ORD003710,PROD0081,6,135000,0,810000,0,810000
OD005783,ORD003710,PROD0200,3,120944,0,362832,0,362832
OD005784,ORD003711,PROD0126,4,210000,5,840000,42000,798000
OD005785,ORD003712,PROD0162,10,210000,5,2100000,105000,1995000
OD005786,ORD003712,PROD0087,2,150000,5,300000,15000,285000
OD005787,ORD003713,PROD0125,8,195000,10,1560000,156000,1404000
OD005788,ORD003714,PROD0055,7,120000,0,840000,0,840000
OD005789,ORD003715,PROD0147,4,195000,0,780000,0,780000
OD005790,ORD003716,PROD0198,5,26819,0,134095,0,134095
OD005791,ORD003717,PROD0032,1,105000,10,105000,10500,94500
OD005792,ORD003717,PROD0110,5,155000,0,775000,0,775000
OD005793,ORD003718,PROD0054,6,115000,5,690000,34500,655500
OD005794,ORD003719,PROD0128,6,250000,10,1500000,150000,1350000
OD005795,ORD003720,PROD0092,8,150000,0,1200000,0,1200000
OD005796,ORD003720,PROD0082,10,138000,0,1380000,0,1380000
OD005797,ORD003721,PROD0078,5,140000,10,700000,70000,630000
OD005798,ORD003722,PROD0101,9,138000,0,1242000,0,1242000
OD005799,ORD003722,PROD0042,9,98000,2,882000,17640,864360
OD005800,ORD003723,PROD0058,4,145000,5,580000,29000,551000
OD005801,ORD003724,PROD0015,3,80000,7,240000,16800,223200
OD005802,ORD003724,PROD0086,6,148000,0,888000,0,888000
OD005803,ORD003724,PROD0123,5,170000,10,850000,85000,765000
OD005804,ORD003725,PROD0126,4,210000,7,840000,58800,781200
OD005805,ORD003726,PROD0043,1,98000,0,98000,0,98000
OD005806,ORD003727,PROD0163,8,225000,0,1800000,0,1800000
OD005807,ORD003727,PROD0084,6,140000,7,840000,58800,781200
OD005808,ORD003728,PROD0161,2,195000,5,390000,19500,370500
OD005809,ORD003729,PROD0165,9,255000,5,2295000,114750,2180250
OD005810,ORD003730,PROD0003,10,60000,0,600000,0,600000
OD005811,ORD003731,PROD0010,2,75000,7,150000,10500,139500
OD005812,ORD003732,PROD0107,6,142000,0,852000,0,852000
OD005813,ORD003732,PROD0168,7,320000,2,2240000,44800,2195200
OD005814,ORD003733,PROD0075,3,135000,7,405000,28350,376650
OD005815,ORD003734,PROD0123,4,170000,15,680000,102000,578000
OD005816,ORD003734,PROD0122,4,165000,0,660000,0,660000
OD005817,ORD003735,PROD0153,4,195000,5,780000,39000,741000
OD005818,ORD003736,PROD0177,7,120000,0,840000,0,840000
OD005819,ORD003736,PROD0114,1,155500,0,155500,0,155500
OD005820,ORD003737,PROD0156,7,225000,0,1575000,0,1575000
OD005821,ORD003738,PROD0121,6,160000,10,960000,96000,864000
OD005822,ORD003739,PROD0067,8,120000,2,960000,19200,940800
OD005823,ORD003739,PROD0115,10,158000,10,1580000,158000,1422000
OD005824,ORD003740,PROD0148,5,210000,0,1050000,0,1050000
OD005825,ORD003740,PROD0180,2,142869,5,285738,14286.9,271451.1
OD005826,ORD003741,PROD0021,5,95000,5,475000,23750,451250
OD005827,ORD003741,PROD0068,3,120000,5,360000,18000,342000
OD005828,ORD003742,PROD0026,6,85000,15,510000,76500,433500
OD005829,ORD003743,PROD0035,3,98000,15,294000,44100,249900
OD005830,ORD003743,PROD0046,1,115000,10,115000,11500,103500
OD005831,ORD003744,PROD0181,6,90661,0,543966,0,543966
OD005832,ORD003744,PROD0080,4,145000,7,580000,40600,539400
OD005833,ORD003744,PROD0184,2,79485,15,158970,23845.5,135124.5
OD005834,ORD003745,PROD0103,1,148000,2,148000,2960,145040
OD005835,ORD003745,PROD0004,10,60000,2,600000,12000,588000
OD005836,ORD003745,PROD0080,9,145000,5,1305000,65250,1239750
OD005837,ORD003746,PROD0146,7,185000,5,1295000,64750,1230250
OD005838,ORD003747,PROD0126,4,210000,0,840000,0,840000
OD005839,ORD003748,PROD0074,7,132000,0,924000,0,924000
OD005840,ORD003748,PROD0025,6,82000,0,492000,0,492000
OD005841,ORD003749,PROD0152,1,285000,5,285000,14250,270750
OD005842,ORD003750,PROD0105,10,135000,0,1350000,0,1350000
OD005843,ORD003750,PROD0159,5,285000,10,1425000,142500,1282500
OD005844,ORD003751,PROD0055,5,120000,5,600000,30000,570000
OD005845,ORD003752,PROD0032,9,105000,0,945000,0,945000
OD005846,ORD003752,PROD0073,8,128000,7,1024000,71680,952320
OD005847,ORD003753,PROD0048,6,122200,0,733200,0,733200
OD005848,ORD003754,PROD0102,9,143000,7,1287000,90090,1196910
OD005849,ORD003754,PROD0101,8,138000,10,1104000,110400,993600
OD005850,ORD003755,PROD0027,6,92000,5,552000,27600,524400
OD005851,ORD003755,PROD0094,7,158000,0,1106000,0,1106000
OD005852,ORD003756,PROD0078,2,140000,5,280000,14000,266000
OD005853,ORD003757,PROD0104,10,155000,5,1550000,77500,1472500
OD005854,ORD003758,PROD0153,9,195000,2,1755000,35100,1719900
OD005855,ORD003759,PROD0092,4,150000,7,600000,42000,558000
OD005856,ORD003759,PROD0056,1,125000,0,125000,0,125000
OD005857,ORD003760,PROD0181,9,90661,10,815949,81594.9,734354.1
OD005858,ORD003761,PROD0153,6,195000,2,1170000,23400,1146600
OD005859,ORD003761,PROD0193,3,348268,5,1044804,52240.2,992563.8
OD005860,ORD003762,PROD0047,10,120000,0,1200000,0,1200000
OD005861,ORD003763,PROD0123,6,170000,0,1020000,0,1020000
OD005862,ORD003763,PROD0151,3,265000,2,795000,15900,779100
OD005863,ORD003764,PROD0179,7,65000,7,455000,31850,423150
OD005864,ORD003765,PROD0039,8,115000,15,920000,138000,782000
OD005865,ORD003765,PROD0051,5,102500,0,512500,0,512500
OD005866,ORD003765,PROD0191,7,100130,10,700910,70091,630819
OD005867,ORD003766,PROD0114,2,155500,2,311000,6220,304780
OD005868,ORD003766,PROD0031,3,100000,15,300000,45000,255000
OD005869,ORD003767,PROD0039,5,115000,0,575000,0,575000
OD005870,ORD003767,PROD0200,2,120944,5,241888,12094.4,229793.6
OD005871,ORD003768,PROD0180,2,142869,7,285738,20001.66,265736.34
OD005872,ORD003768,PROD0046,6,115000,2,690000,13800,676200
OD005873,ORD003769,PROD0111,5,16000,15,80000,12000,68000
OD005874,ORD003770,PROD0143,4,285000,10,1140000,114000,1026000
OD005875,ORD003771,PROD0090,1,145000,2,145000,2900,142100
OD005876,ORD003772,PROD0062,4,170000,0,680000,0,680000
OD005877,ORD003773,PROD0141,5,235000,0,1175000,0,1175000
OD005878,ORD003774,PROD0017,10,90000,0,900000,0,900000
OD005879,ORD003774,PROD0042,4,98000,5,392000,19600,372400
OD005880,ORD003775,PROD0005,6,60000,0,360000,0,360000
OD005881,ORD003776,PROD0179,1,65000,5,65000,3250,61750
OD005882,ORD003776,PROD0030,2,100000,0,200000,0,200000
OD005883,ORD003777,PROD0174,7,325000,10,2275000,227500,2047500
OD005884,ORD003778,PROD0082,5,138000,0,690000,0,690000
OD005885,ORD003779,PROD0021,4,95000,5,380000,19000,361000
OD005886,ORD003780,PROD0117,4,175000,5,700000,35000,665000
OD005887,ORD003781,PROD0064,6,150000,2,900000,18000,882000
OD005888,ORD003781,PROD0096,5,165000,7,825000,57750,767250
OD005889,ORD003782,PROD0196,9,332371,0,2991339,0,2991339
OD005890,ORD003782,PROD0127,3,225000,7,675000,47250,627750
OD005891,ORD003783,PROD0004,9,60000,0,540000,0,540000
OD005892,ORD003784,PROD0020,10,95000,0,950000,0,950000
OD005893,ORD003784,PROD0155,6,220000,15,1320000,198000,1122000
OD005894,ORD003785,PROD0136,2,380000,0,760000,0,760000
OD005895,ORD003786,PROD0098,5,132000,0,660000,0,660000
OD005896,ORD003787,PROD0158,10,265000,0,2650000,0,2650000
OD005897,ORD003788,PROD0045,6,110000,5,660000,33000,627000
OD005898,ORD003789,PROD0047,7,120000,7,840000,58800,781200
OD005899,ORD003789,PROD0082,4,138000,0,552000,0,552000
OD005900,ORD003790,PROD0159,6,285000,5,1710000,85500,1624500
OD005901,ORD003790,PROD0197,3,221508,10,664524,66452.4,598071.6
OD005902,ORD003791,PROD0051,3,102500,7,307500,21525,285975
OD005903,ORD003791,PROD0124,2,178000,7,356000,24920,331080
OD005904,ORD003792,PROD0089,7,140000,0,980000,0,980000
OD005905,ORD003793,PROD0177,10,120000,0,1200000,0,1200000
OD005906,ORD003794,PROD0162,4,210000,5,840000,42000,798000
OD005907,ORD003795,PROD0035,1,98000,5,98000,4900,93100
OD005908,ORD003796,PROD0138,5,190000,7,950000,66500,883500
OD005909,ORD003796,PROD0004,4,60000,10,240000,24000,216000
OD005910,ORD003797,PROD0101,7,138000,7,966000,67620,898380
OD005911,ORD003798,PROD0054,2,115000,5,230000,11500,218500
OD005912,ORD003799,PROD0074,8,132000,5,1056000,52800,1003200
OD005913,ORD003799,PROD0067,1,120000,0,120000,0,120000
OD005914,ORD003800,PROD0113,4,150000,5,600000,30000,570000
OD005915,ORD003801,PROD0170,2,245000,0,490000,0,490000
OD005916,ORD003801,PROD0104,9,155000,7,1395000,97650,1297350
OD005917,ORD003802,PROD0174,5,325000,7,1625000,113750,1511250
OD005918,ORD003802,PROD0195,10,160472,15,1604720,240708,1364012
OD005919,ORD003803,PROD0045,6,110000,5,660000,33000,627000
OD005920,ORD003803,PROD0166,8,267000,0,2136000,0,2136000
OD005921,ORD003804,PROD0044,9,105000,0,945000,0,945000
OD005922,ORD003804,PROD0024,9,98000,10,882000,88200,793800
OD005923,ORD003804,PROD0042,7,98000,0,686000,0,686000
OD005924,ORD003805,PROD0083,8,138000,2,1104000,22080,1081920
OD005925,ORD003805,PROD0035,9,98000,0,882000,0,882000
OD005926,ORD003806,PROD0118,7,180000,7,1260000,88200,1171800
OD005927,ORD003806,PROD0120,6,190000,2,1140000,22800,1117200
OD005928,ORD003807,PROD0142,6,265000,2,1590000,31800,1558200
OD005929,ORD003807,PROD0183,3,324367,7,973101,68117.07,904983.93
OD005930,ORD003808,PROD0036,6,102000,5,612000,30600,581400
OD005931,ORD003808,PROD0197,9,221508,5,1993572,99678.6,1893893.4
OD005932,ORD003809,PROD0167,9,295000,0,2655000,0,2655000
OD005933,ORD003810,PROD0011,5,75000,0,375000,0,375000
OD005934,ORD003811,PROD0126,5,210000,0,1050000,0,1050000
OD005935,ORD003812,PROD0052,8,105000,15,840000,126000,714000
OD005936,ORD003812,PROD0014,10,80000,0,800000,0,800000
OD005937,ORD003813,PROD0137,1,165000,2,165000,3300,161700
OD005938,ORD003814,PROD0012,8,75000,0,600000,0,600000
OD005939,ORD003814,PROD0036,5,102000,5,510000,25500,484500
OD005940,ORD003814,PROD0138,3,190000,0,570000,0,570000
OD005941,ORD003815,PROD0017,4,90000,7,360000,25200,334800
OD005942,ORD003815,PROD0152,10,285000,10,2850000,285000,2565000
OD005943,ORD003816,PROD0006,3,65000,5,195000,9750,185250
OD005944,ORD003817,PROD0063,6,140000,10,840000,84000,756000
OD005945,ORD003818,PROD0052,7,105000,0,735000,0,735000
OD005946,ORD003818,PROD0033,3,98000,2,294000,5880,288120
OD005947,ORD003819,PROD0107,9,142000,0,1278000,0,1278000
OD005948,ORD003819,PROD0044,1,105000,2,105000,2100,102900
OD005949,ORD003820,PROD0031,9,100000,2,900000,18000,882000
OD005950,ORD003820,PROD0079,7,142000,5,994000,49700,944300
OD005951,ORD003821,PROD0100,9,135000,7,1215000,85050,1129950
OD005952,ORD003822,PROD0127,1,225000,15,225000,33750,191250
OD005953,ORD003822,PROD0018,9,94000,0,846000,0,846000
OD005954,ORD003823,PROD0038,3,111000,5,333000,16650,316350
OD005955,ORD003823,PROD0011,9,75000,10,675000,67500,607500
OD005956,ORD003823,PROD0159,4,285000,2,1140000,22800,1117200
OD005957,ORD003824,PROD0112,7,170000,5,1190000,59500,1130500
OD005958,ORD003824,PROD0050,10,98000,5,980000,49000,931000
OD005959,ORD003825,PROD0107,8,142000,0,1136000,0,1136000
OD005960,ORD003825,PROD0162,1,210000,5,210000,10500,199500
OD005961,ORD003826,PROD0153,3,195000,5,585000,29250,555750
OD005962,ORD003827,PROD0185,2,232339,2,464678,9293.56,455384.44
OD005963,ORD003827,PROD0047,10,120000,15,1200000,180000,1020000
OD005964,ORD003827,PROD0033,4,98000,0,392000,0,392000
OD005965,ORD003828,PROD0153,6,195000,15,1170000,175500,994500
OD005966,ORD003829,PROD0184,6,79485,5,476910,23845.5,453064.5
OD005967,ORD003830,PROD0036,3,102000,0,306000,0,306000
OD005968,ORD003830,PROD0142,4,265000,0,1060000,0,1060000
OD005969,ORD003831,PROD0115,5,158000,7,790000,55300,734700
OD005970,ORD003832,PROD0178,1,115000,0,115000,0,115000
OD005971,ORD003832,PROD0039,9,115000,0,1035000,0,1035000
OD005972,ORD003833,PROD0070,10,126000,5,1260000,63000,1197000
OD005973,ORD003833,PROD0125,7,195000,15,1365000,204750,1160250
OD005974,ORD003834,PROD0173,5,299000,2,1495000,29900,1465100
OD005975,ORD003835,PROD0166,2,267000,2,534000,10680,523320
OD005976,ORD003835,PROD0096,4,165000,7,660000,46200,613800
OD005977,ORD003836,PROD0075,5,135000,5,675000,33750,641250
OD005978,ORD003836,PROD0038,2,111000,0,222000,0,222000
OD005979,ORD003837,PROD0081,8,135000,5,1080000,54000,1026000
OD005980,ORD003837,PROD0200,5,120944,5,604720,30236,574484
OD005981,ORD003838,PROD0046,7,115000,0,805000,0,805000
OD005982,ORD003839,PROD0190,6,309979,0,1859874,0,1859874
OD005983,ORD003840,PROD0056,2,125000,5,250000,12500,237500
OD005984,ORD003841,PROD0025,7,82000,0,574000,0,574000
OD005985,ORD003841,PROD0144,8,295000,7,2360000,165200,2194800
OD005986,ORD003842,PROD0092,5,150000,5,750000,37500,712500
OD005987,ORD003842,PROD0147,7,195000,0,1365000,0,1365000
OD005988,ORD003843,PROD0198,10,26819,15,268190,40228.5,227961.5
OD005989,ORD003844,PROD0030,3,100000,10,300000,30000,270000
OD005990,ORD003845,PROD0110,9,155000,5,1395000,69750,1325250
OD005991,ORD003845,PROD0054,4,115000,7,460000,32200,427800
OD005992,ORD003846,PROD0100,1,135000,5,135000,6750,128250
OD005993,ORD003846,PROD0052,5,105000,0,525000,0,525000
OD005994,ORD003847,PROD0040,9,115000,5,1035000,51750,983250
OD005995,ORD003848,PROD0104,7,155000,0,1085000,0,1085000
OD005996,ORD003849,PROD0084,4,140000,15,560000,84000,476000
OD005997,ORD003850,PROD0154,10,200000,2,2000000,40000,1960000
OD005998,ORD003850,PROD0100,10,135000,7,1350000,94500,1255500
OD005999,ORD003851,PROD0121,10,160000,0,1600000,0,1600000
OD006000,ORD003851,PROD0143,6,285000,5,1710000,85500,1624500
OD006001,ORD003852,PROD0011,7,75000,0,525000,0,525000
OD006002,ORD003852,PROD0091,6,148000,2,888000,17760,870240
OD006003,ORD003853,PROD0105,5,135000,5,675000,33750,641250
OD006004,ORD003854,PROD0127,6,225000,5,1350000,67500,1282500
OD006005,ORD003855,PROD0008,1,70000,2,70000,1400,68600
OD006006,ORD003856,PROD0021,2,95000,0,190000,0,190000
OD006007,ORD003857,PROD0170,6,245000,5,1470000,73500,1396500
OD006008,ORD003858,PROD0153,5,195000,0,975000,0,975000
OD006009,ORD003859,PROD0085,5,145000,7,725000,50750,674250
OD006010,ORD003860,PROD0001,10,50000,5,500000,25000,475000
OD006011,ORD003860,PROD0052,7,105000,7,735000,51450,683550
OD006012,ORD003861,PROD0129,1,235000,15,235000,35250,199750
OD006013,ORD003862,PROD0137,10,165000,2,1650000,33000,1617000
OD006014,ORD003863,PROD0166,9,267000,5,2403000,120150,2282850
OD006015,ORD003864,PROD0111,2,16000,5,32000,1600,30400
OD006016,ORD003865,PROD0154,9,200000,5,1800000,90000,1710000
OD006017,ORD003865,PROD0048,4,122200,5,488800,24440,464360
OD006018,ORD003866,PROD0030,4,100000,15,400000,60000,340000
OD006019,ORD003866,PROD0068,6,120000,5,720000,36000,684000
OD006020,ORD003867,PROD0169,10,220000,10,2200000,220000,1980000
OD006021,ORD003867,PROD0178,4,115000,5,460000,23000,437000
OD006022,ORD003868,PROD0016,6,80000,7,480000,33600,446400
OD006023,ORD003868,PROD0040,2,115000,2,230000,4600,225400
OD006024,ORD003869,PROD0014,1,80000,2,80000,1600,78400
OD006025,ORD003870,PROD0153,6,195000,10,1170000,117000,1053000
OD006026,ORD003871,PROD0165,3,255000,10,765000,76500,688500
OD006027,ORD003872,PROD0186,1,265147,5,265147,13257.35,251889.65
OD006028,ORD003873,PROD0037,1,105000,5,105000,5250,99750
OD006029,ORD003874,PROD0104,4,155000,0,620000,0,620000
OD006030,ORD003874,PROD0090,3,145000,0,435000,0,435000
OD006031,ORD003875,PROD0196,10,332371,0,3323710,0,3323710
OD006032,ORD003875,PROD0188,5,254957,15,1274785,191217.75,1083567.25
OD006033,ORD003876,PROD0168,5,320000,0,1600000,0,1600000
OD006034,ORD003877,PROD0042,2,98000,2,196000,3920,192080
OD006035,ORD003878,PROD0067,2,120000,5,240000,12000,228000
OD006036,ORD003878,PROD0157,3,250000,5,750000,37500,712500
OD006037,ORD003879,PROD0122,9,165000,7,1485000,103950,1381050
OD006038,ORD003879,PROD0117,7,175000,2,1225000,24500,1200500
OD006039,ORD003880,PROD0016,2,80000,2,160000,3200,156800
OD006040,ORD003880,PROD0082,1,138000,5,138000,6900,131100
OD006041,ORD003881,PROD0196,3,332371,5,997113,49855.65,947257.35
OD006042,ORD003882,PROD0092,3,150000,15,450000,67500,382500
OD006043,ORD003883,PROD0177,10,120000,5,1200000,60000,1140000
OD006044,ORD003883,PROD0083,2,138000,7,276000,19320,256680
OD006045,ORD003884,PROD0170,8,245000,10,1960000,196000,1764000
OD006046,ORD003885,PROD0166,4,267000,0,1068000,0,1068000
OD006047,ORD003886,PROD0125,4,195000,0,780000,0,780000
OD006048,ORD003887,PROD0163,3,225000,0,675000,0,675000
OD006049,ORD003887,PROD0010,7,75000,10,525000,52500,472500
OD006050,ORD003888,PROD0075,7,135000,2,945000,18900,926100
OD006051,ORD003888,PROD0018,5,94000,5,470000,23500,446500
OD006052,ORD003889,PROD0140,10,225000,5,2250000,112500,2137500
OD006053,ORD003890,PROD0059,9,135000,7,1215000,85050,1129950
OD006054,ORD003891,PROD0107,8,142000,2,1136000,22720,1113280
OD006055,ORD003892,PROD0169,6,220000,0,1320000,0,1320000
OD006056,ORD003892,PROD0150,6,255000,2,1530000,30600,1499400
OD006057,ORD003893,PROD0134,7,310000,5,2170000,108500,2061500
OD006058,ORD003893,PROD0011,6,75000,2,450000,9000,441000
OD006059,ORD003893,PROD0124,2,178000,0,356000,0,356000
OD006060,ORD003894,PROD0068,7,120000,0,840000,0,840000
OD006061,ORD003895,PROD0198,3,26819,0,80457,0,80457
OD006062,ORD003896,PROD0068,8,120000,10,960000,96000,864000
OD006063,ORD003896,PROD0150,1,255000,0,255000,0,255000
OD006064,ORD003897,PROD0120,1,190000,2,190000,3800,186200
OD006065,ORD003897,PROD0068,6,120000,0,720000,0,720000
OD006066,ORD003898,PROD0042,8,98000,0,784000,0,784000
OD006067,ORD003898,PROD0052,6,105000,5,630000,31500,598500
OD006068,ORD003899,PROD0107,2,142000,10,284000,28400,255600
OD006069,ORD003900,PROD0178,4,115000,2,460000,9200,450800
OD006070,ORD003901,PROD0196,5,332371,7,1661855,116329.85,1545525.15
OD006071,ORD003901,PROD0063,3,140000,7,420000,29400,390600
OD006072,ORD003901,PROD0009,10,75000,5,750000,37500,712500
OD006073,ORD003902,PROD0045,5,110000,10,550000,55000,495000
OD006074,ORD003903,PROD0101,9,138000,0,1242000,0,1242000
OD006075,ORD003904,PROD0081,2,135000,0,270000,0,270000
OD006076,ORD003904,PROD0028,5,95000,5,475000,23750,451250
OD006077,ORD003905,PROD0035,9,98000,5,882000,44100,837900
OD006078,ORD003905,PROD0117,3,175000,2,525000,10500,514500
OD006079,ORD003906,PROD0054,9,115000,10,1035000,103500,931500
OD006080,ORD003907,PROD0049,8,95000,0,760000,0,760000
OD006081,ORD003907,PROD0076,6,135000,10,810000,81000,729000
OD006082,ORD003907,PROD0181,1,90661,2,90661,1813.22,88847.78
OD006083,ORD003908,PROD0169,10,220000,10,2200000,220000,1980000
OD006084,ORD003908,PROD0064,5,150000,2,750000,15000,735000
OD006085,ORD003909,PROD0154,7,200000,5,1400000,70000,1330000
OD006086,ORD003910,PROD0192,7,135661,5,949627,47481.35,902145.65
OD006087,ORD003911,PROD0057,5,135000,5,675000,33750,641250
OD006088,ORD003911,PROD0001,2,50000,10,100000,10000,90000
OD006089,ORD003912,PROD0047,6,120000,5,720000,36000,684000
OD006090,ORD003912,PROD0167,6,295000,0,1770000,0,1770000
OD006091,ORD003913,PROD0022,1,95000,7,95000,6650,88350
OD006092,ORD003914,PROD0053,2,108000,5,216000,10800,205200
OD006093,ORD003915,PROD0191,3,100130,5,300390,15019.5,285370.5
OD006094,ORD003916,PROD0041,4,95000,2,380000,7600,372400
OD006095,ORD003917,PROD0096,6,165000,5,990000,49500,940500
OD006096,ORD003917,PROD0177,7,120000,7,840000,58800,781200
OD006097,ORD003917,PROD0170,2,245000,15,490000,73500,416500
OD006098,ORD003918,PROD0061,9,155000,2,1395000,27900,1367100
OD006099,ORD003919,PROD0050,9,98000,0,882000,0,882000
OD006100,ORD003919,PROD0117,1,175000,5,175000,8750,166250
OD006101,ORD003920,PROD0065,2,110000,5,220000,11000,209000
OD006102,ORD003921,PROD0148,9,210000,5,1890000,94500,1795500
OD006103,ORD003922,PROD0136,5,380000,10,1900000,190000,1710000
OD006104,ORD003923,PROD0084,5,140000,15,700000,105000,595000
OD006105,ORD003923,PROD0082,5,138000,15,690000,103500,586500
OD006106,ORD003923,PROD0021,10,95000,0,950000,0,950000
OD006107,ORD003924,PROD0139,2,210000,0,420000,0,420000
OD006108,ORD003925,PROD0185,10,232339,0,2323390,0,2323390
OD006109,ORD003926,PROD0176,3,450000,10,1350000,135000,1215000
OD006110,ORD003927,PROD0130,9,250000,7,2250000,157500,2092500
OD006111,ORD003927,PROD0146,5,185000,0,925000,0,925000
OD006112,ORD003928,PROD0179,8,65000,2,520000,10400,509600
OD006113,ORD003929,PROD0044,2,105000,10,210000,21000,189000
OD006114,ORD003930,PROD0154,4,200000,0,800000,0,800000
OD006115,ORD003931,PROD0021,2,95000,5,190000,9500,180500
OD006116,ORD003931,PROD0155,6,220000,5,1320000,66000,1254000
OD006117,ORD003932,PROD0044,1,105000,0,105000,0,105000
OD006118,ORD003932,PROD0118,4,180000,2,720000,14400,705600
OD006119,ORD003933,PROD0001,6,50000,10,300000,30000,270000
OD006120,ORD003933,PROD0002,5,50000,0,250000,0,250000
OD006121,ORD003933,PROD0130,9,250000,5,2250000,112500,2137500
OD006122,ORD003934,PROD0177,7,120000,10,840000,84000,756000
OD006123,ORD003935,PROD0023,9,98000,2,882000,17640,864360
OD006124,ORD003936,PROD0167,6,295000,0,1770000,0,1770000
OD006125,ORD003937,PROD0152,4,285000,7,1140000,79800,1060200
OD006126,ORD003937,PROD0146,3,185000,2,555000,11100,543900
OD006127,ORD003938,PROD0055,7,120000,2,840000,16800,823200
OD006128,ORD003938,PROD0176,10,450000,0,4500000,0,4500000
OD006129,ORD003939,PROD0122,10,165000,15,1650000,247500,1402500
OD006130,ORD003939,PROD0037,3,105000,7,315000,22050,292950
OD006131,ORD003940,PROD0177,5,120000,0,600000,0,600000
OD006132,ORD003941,PROD0057,7,135000,0,945000,0,945000
OD006133,ORD003942,PROD0100,10,135000,10,1350000,135000,1215000
OD006134,ORD003943,PROD0032,4,105000,10,420000,42000,378000
OD006135,ORD003944,PROD0078,8,140000,2,1120000,22400,1097600
OD006136,ORD003945,PROD0130,9,250000,7,2250000,157500,2092500
OD006137,ORD003946,PROD0180,2,142869,0,285738,0,285738
OD006138,ORD003947,PROD0088,4,155500,0,622000,0,622000
OD006139,ORD003948,PROD0124,5,178000,10,890000,89000,801000
OD006140,ORD003948,PROD0021,9,95000,5,855000,42750,812250
OD006141,ORD003948,PROD0048,10,122200,0,1222000,0,1222000
OD006142,ORD003949,PROD0116,2,162000,5,324000,16200,307800
OD006143,ORD003949,PROD0009,2,75000,5,150000,7500,142500
OD006144,ORD003949,PROD0068,4,120000,15,480000,72000,408000
OD006145,ORD003950,PROD0012,1,75000,0,75000,0,75000
OD006146,ORD003950,PROD0099,6,134000,7,804000,56280,747720
OD006147,ORD003951,PROD0053,3,108000,7,324000,22680,301320
OD006148,ORD003951,PROD0053,4,108000,7,432000,30240,401760
OD006149,ORD003952,PROD0093,1,155000,7,155000,10850,144150
OD006150,ORD003953,PROD0033,3,98000,7,294000,20580,273420
OD006151,ORD003954,PROD0152,2,285000,2,570000,11400,558600
OD006152,ORD003955,PROD0091,3,148000,0,444000,0,444000
OD006153,ORD003956,PROD0181,5,90661,15,453305,67995.75,385309.25
OD006154,ORD003956,PROD0046,3,115000,0,345000,0,345000
OD006155,ORD003957,PROD0013,8,80000,2,640000,12800,627200
OD006156,ORD003958,PROD0082,5,138000,0,690000,0,690000
OD006157,ORD003958,PROD0022,3,95000,2,285000,5700,279300
OD006158,ORD003958,PROD0077,7,138000,2,966000,19320,946680
OD006159,ORD003959,PROD0155,9,220000,2,1980000,39600,1940400
OD006160,ORD003959,PROD0189,5,235752,2,1178760,23575.2,1155184.8
OD006161,ORD003960,PROD0092,10,150000,5,1500000,75000,1425000
OD006162,ORD003961,PROD0038,4,111000,15,444000,66600,377400
OD006163,ORD003961,PROD0078,5,140000,5,700000,35000,665000
OD006164,ORD003962,PROD0058,5,145000,15,725000,108750,616250
OD006165,ORD003962,PROD0025,10,82000,0,820000,0,820000
OD006166,ORD003963,PROD0159,8,285000,2,2280000,45600,2234400
OD006167,ORD003963,PROD0147,6,195000,0,1170000,0,1170000
OD006168,ORD003964,PROD0060,4,150000,5,600000,30000,570000
OD006169,ORD003965,PROD0098,1,132000,15,132000,19800,112200
OD006170,ORD003966,PROD0097,10,130000,0,1300000,0,1300000
OD006171,ORD003967,PROD0087,2,150000,7,300000,21000,279000
OD006172,ORD003967,PROD0153,8,195000,7,1560000,109200,1450800
OD006173,ORD003968,PROD0140,6,225000,0,1350000,0,1350000
OD006174,ORD003969,PROD0001,7,50000,2,350000,7000,343000
OD006175,ORD003969,PROD0045,10,110000,0,1100000,0,1100000
OD006176,ORD003970,PROD0192,2,135661,2,271322,5426.44,265895.56
OD006177,ORD003971,PROD0083,1,138000,7,138000,9660,128340
OD006178,ORD003971,PROD0093,4,155000,0,620000,0,620000
OD006179,ORD003971,PROD0153,6,195000,10,1170000,117000,1053000
OD006180,ORD003972,PROD0152,1,285000,7,285000,19950,265050
OD006181,ORD003973,PROD0114,9,155500,0,1399500,0,1399500
OD006182,ORD003973,PROD0185,7,232339,2,1626373,32527.46,1593845.54
OD006183,ORD003974,PROD0118,10,180000,5,1800000,90000,1710000
OD006184,ORD003975,PROD0176,3,450000,5,1350000,67500,1282500
OD006185,ORD003975,PROD0091,10,148000,5,1480000,74000,1406000
OD006186,ORD003976,PROD0045,4,110000,2,440000,8800,431200
OD006187,ORD003976,PROD0023,2,98000,15,196000,29400,166600
OD006188,ORD003977,PROD0112,9,170000,0,1530000,0,1530000
OD006189,ORD003978,PROD0179,1,65000,5,65000,3250,61750
OD006190,ORD003979,PROD0083,8,138000,0,1104000,0,1104000
OD006191,ORD003979,PROD0146,3,185000,5,555000,27750,527250
OD006192,ORD003979,PROD0107,7,142000,0,994000,0,994000
OD006193,ORD003980,PROD0162,3,210000,0,630000,0,630000
OD006194,ORD003980,PROD0156,1,225000,0,225000,0,225000
OD006195,ORD003980,PROD0140,9,225000,15,2025000,303750,1721250
OD006196,ORD003981,PROD0071,4,128000,0,512000,0,512000
OD006197,ORD003981,PROD0083,7,138000,2,966000,19320,946680
OD006198,ORD003982,PROD0096,1,165000,5,165000,8250,156750
OD006199,ORD003983,PROD0165,10,255000,0,2550000,0,2550000
OD006200,ORD003984,PROD0122,7,165000,10,1155000,115500,1039500
OD006201,ORD003985,PROD0035,5,98000,0,490000,0,490000
OD006202,ORD003985,PROD0055,10,120000,10,1200000,120000,1080000
OD006203,ORD003986,PROD0063,5,140000,0,700000,0,700000
OD006204,ORD003987,PROD0122,4,165000,2,660000,13200,646800
OD006205,ORD003988,PROD0154,3,200000,7,600000,42000,558000
OD006206,ORD003988,PROD0030,7,100000,0,700000,0,700000
OD006207,ORD003988,PROD0145,5,170000,7,850000,59500,790500
OD006208,ORD003989,PROD0125,6,195000,5,1170000,58500,1111500
OD006209,ORD003989,PROD0042,8,98000,5,784000,39200,744800
OD006210,ORD003990,PROD0029,7,100000,0,700000,0,700000
OD006211,ORD003990,PROD0030,7,100000,0,700000,0,700000
OD006212,ORD003991,PROD0156,7,225000,7,1575000,110250,1464750
OD006213,ORD003991,PROD0048,8,122200,0,977600,0,977600
OD006214,ORD003991,PROD0039,8,115000,2,920000,18400,901600
OD006215,ORD003992,PROD0084,9,140000,2,1260000,25200,1234800
OD006216,ORD003993,PROD0130,7,250000,0,1750000,0,1750000
OD006217,ORD003994,PROD0089,1,140000,2,140000,2800,137200
OD006218,ORD003994,PROD0117,10,175000,0,1750000,0,1750000
OD006219,ORD003994,PROD0074,3,132000,0,396000,0,396000
OD006220,ORD003995,PROD0086,8,148000,5,1184000,59200,1124800
OD006221,ORD003995,PROD0117,7,175000,5,1225000,61250,1163750
OD006222,ORD003995,PROD0130,7,250000,10,1750000,175000,1575000
OD006223,ORD003996,PROD0148,5,210000,5,1050000,52500,997500
OD006224,ORD003997,PROD0170,5,245000,2,1225000,24500,1200500
OD006225,ORD003998,PROD0066,2,114500,0,229000,0,229000
OD006226,ORD003999,PROD0025,3,82000,7,246000,17220,228780
OD006227,ORD004000,PROD0019,1,95000,2,95000,1900,93100
OD006228,ORD004001,PROD0136,10,380000,7,3800000,266000,3534000
OD006229,ORD004002,PROD0087,10,150000,0,1500000,0,1500000
OD006230,ORD004002,PROD0083,2,138000,5,276000,13800,262200
OD006231,ORD004003,PROD0147,9,195000,7,1755000,122850,1632150
OD006232,ORD004004,PROD0135,7,350000,2,2450000,49000,2401000
OD006233,ORD004004,PROD0183,4,324367,5,1297468,64873.4,1232594.6
OD006234,ORD004005,PROD0176,2,450000,0,900000,0,900000
OD006235,ORD004005,PROD0150,7,255000,0,1785000,0,1785000
OD006236,ORD004006,PROD0131,1,280000,0,280000,0,280000
OD006237,ORD004007,PROD0180,2,142869,2,285738,5714.76,280023.24
OD006238,ORD004007,PROD0032,2,105000,0,210000,0,210000
OD006239,ORD004008,PROD0192,2,135661,10,271322,27132.2,244189.8
OD006240,ORD004008,PROD0084,1,140000,7,140000,9800,130200
OD006241,ORD004009,PROD0050,4,98000,10,392000,39200,352800
OD006242,ORD004009,PROD0110,9,155000,15,1395000,209250,1185750
OD006243,ORD004010,PROD0179,3,65000,5,195000,9750,185250
OD006244,ORD004010,PROD0026,3,85000,7,255000,17850,237150
OD006245,ORD004011,PROD0035,10,98000,5,980000,49000,931000
OD006246,ORD004011,PROD0129,5,235000,7,1175000,82250,1092750
OD006247,ORD004012,PROD0134,1,310000,5,310000,15500,294500
OD006248,ORD004012,PROD0143,6,285000,7,1710000,119700,1590300
OD006249,ORD004013,PROD0180,6,142869,0,857214,0,857214
OD006250,ORD004013,PROD0153,5,195000,5,975000,48750,926250
OD006251,ORD004014,PROD0163,9,225000,5,2025000,101250,1923750
OD006252,ORD004015,PROD0024,7,98000,0,686000,0,686000
OD006253,ORD004015,PROD0072,1,125000,5,125000,6250,118750
OD006254,ORD004016,PROD0142,4,265000,2,1060000,21200,1038800
OD006255,ORD004016,PROD0164,6,235000,5,1410000,70500,1339500
OD006256,ORD004017,PROD0074,7,132000,5,924000,46200,877800
OD006257,ORD004017,PROD0117,4,175000,5,700000,35000,665000
OD006258,ORD004017,PROD0043,5,98000,5,490000,24500,465500
OD006259,ORD004018,PROD0174,3,325000,2,975000,19500,955500
OD006260,ORD004019,PROD0105,7,135000,5,945000,47250,897750
OD006261,ORD004020,PROD0020,3,95000,10,285000,28500,256500
OD006262,ORD004021,PROD0115,5,158000,0,790000,0,790000
OD006263,ORD004022,PROD0053,9,108000,7,972000,68040,903960
OD006264,ORD004023,PROD0092,10,150000,0,1500000,0,1500000
OD006265,ORD004023,PROD0070,5,126000,5,630000,31500,598500
OD006266,ORD004024,PROD0169,3,220000,0,660000,0,660000
OD006267,ORD004024,PROD0170,1,245000,7,245000,17150,227850
OD006268,ORD004024,PROD0032,9,105000,0,945000,0,945000
OD006269,ORD004025,PROD0065,5,110000,7,550000,38500,511500
OD006270,ORD004026,PROD0082,2,138000,2,276000,5520,270480
OD006271,ORD004026,PROD0171,9,255000,0,2295000,0,2295000
OD006272,ORD004026,PROD0054,5,115000,15,575000,86250,488750
OD006273,ORD004027,PROD0141,7,235000,0,1645000,0,1645000
OD006274,ORD004027,PROD0010,1,75000,0,75000,0,75000
OD006275,ORD004028,PROD0192,10,135661,2,1356610,27132.2,1329477.8
OD006276,ORD004029,PROD0068,4,120000,2,480000,9600,470400
OD006277,ORD004030,PROD0054,8,115000,7,920000,64400,855600
OD006278,ORD004030,PROD0144,3,295000,0,885000,0,885000
OD006279,ORD004030,PROD0123,2,170000,5,340000,17000,323000
OD006280,ORD004031,PROD0105,5,135000,2,675000,13500,661500
OD006281,ORD004031,PROD0187,1,225148,7,225148,15760.36,209387.64
OD006282,ORD004032,PROD0084,6,140000,2,840000,16800,823200
OD006283,ORD004033,PROD0108,5,145000,0,725000,0,725000
OD006284,ORD004033,PROD0095,1,162000,7,162000,11340,150660
OD006285,ORD004034,PROD0035,5,98000,0,490000,0,490000
OD006286,ORD004035,PROD0063,6,140000,5,840000,42000,798000
OD006287,ORD004035,PROD0121,6,160000,10,960000,96000,864000
OD006288,ORD004036,PROD0025,1,82000,10,82000,8200,73800
OD006289,ORD004037,PROD0147,7,195000,0,1365000,0,1365000
OD006290,ORD004038,PROD0119,4,185000,10,740000,74000,666000
OD006291,ORD004039,PROD0130,3,250000,7,750000,52500,697500
OD006292,ORD004040,PROD0164,9,235000,10,2115000,211500,1903500
OD006293,ORD004041,PROD0097,10,130000,7,1300000,91000,1209000
OD006294,ORD004041,PROD0158,2,265000,0,530000,0,530000
OD006295,ORD004042,PROD0150,5,255000,15,1275000,191250,1083750
OD006296,ORD004042,PROD0047,3,120000,0,360000,0,360000
OD006297,ORD004043,PROD0055,8,120000,2,960000,19200,940800
OD006298,ORD004043,PROD0087,7,150000,2,1050000,21000,1029000
OD006299,ORD004044,PROD0020,5,95000,5,475000,23750,451250
OD006300,ORD004044,PROD0111,8,16000,0,128000,0,128000
OD006301,ORD004044,PROD0183,7,324367,0,2270569,0,2270569
OD006302,ORD004045,PROD0161,10,195000,10,1950000,195000,1755000
OD006303,ORD004045,PROD0146,10,185000,5,1850000,92500,1757500
OD006304,ORD004046,PROD0040,5,115000,5,575000,28750,546250
OD006305,ORD004047,PROD0161,2,195000,7,390000,27300,362700
OD006306,ORD004048,PROD0027,10,92000,10,920000,92000,828000
OD006307,ORD004048,PROD0083,5,138000,0,690000,0,690000
OD006308,ORD004049,PROD0187,9,225148,2,2026332,40526.64,1985805.36
OD006309,ORD004049,PROD0153,7,195000,10,1365000,136500,1228500
OD006310,ORD004050,PROD0030,6,100000,5,600000,30000,570000
OD006311,ORD004050,PROD0105,9,135000,0,1215000,0,1215000
OD006312,ORD004050,PROD0198,8,26819,0,214552,0,214552
OD006313,ORD004051,PROD0090,7,145000,15,1015000,152250,862750
OD006314,ORD004052,PROD0120,6,190000,5,1140000,57000,1083000
OD006315,ORD004053,PROD0077,3,138000,10,414000,41400,372600
OD006316,ORD004053,PROD0100,3,135000,5,405000,20250,384750
OD006317,ORD004054,PROD0104,7,155000,2,1085000,21700,1063300
OD006318,ORD004054,PROD0038,4,111000,10,444000,44400,399600
OD006319,ORD004055,PROD0189,7,235752,2,1650264,33005.28,1617258.72
OD006320,ORD004056,PROD0173,8,299000,7,2392000,167440,2224560
OD006321,ORD004057,PROD0021,1,95000,5,95000,4750,90250
OD006322,ORD004057,PROD0035,1,98000,10,98000,9800,88200
OD006323,ORD004058,PROD0129,7,235000,5,1645000,82250,1562750
OD006324,ORD004059,PROD0081,10,135000,2,1350000,27000,1323000
OD006325,ORD004059,PROD0136,6,380000,7,2280000,159600,2120400
OD006326,ORD004060,PROD0010,7,75000,10,525000,52500,472500
OD006327,ORD004060,PROD0151,3,265000,10,795000,79500,715500
OD006328,ORD004060,PROD0005,3,60000,5,180000,9000,171000
OD006329,ORD004061,PROD0040,3,115000,2,345000,6900,338100
OD006330,ORD004062,PROD0146,10,185000,0,1850000,0,1850000
OD006331,ORD004063,PROD0070,8,126000,0,1008000,0,1008000
OD006332,ORD004063,PROD0042,4,98000,10,392000,39200,352800
OD006333,ORD004063,PROD0177,1,120000,7,120000,8400,111600
OD006334,ORD004064,PROD0121,9,160000,5,1440000,72000,1368000
OD006335,ORD004065,PROD0058,3,145000,5,435000,21750,413250
OD006336,ORD004066,PROD0145,3,170000,0,510000,0,510000
OD006337,ORD004067,PROD0027,8,92000,5,736000,36800,699200
OD006338,ORD004067,PROD0099,2,134000,10,268000,26800,241200
OD006339,ORD004068,PROD0038,3,111000,5,333000,16650,316350
OD006340,ORD004069,PROD0132,6,285000,5,1710000,85500,1624500
OD006341,ORD004069,PROD0055,2,120000,2,240000,4800,235200
OD006342,ORD004070,PROD0049,10,95000,0,950000,0,950000
OD006343,ORD004071,PROD0052,10,105000,2,1050000,21000,1029000
OD006344,ORD004072,PROD0164,9,235000,0,2115000,0,2115000
OD006345,ORD004073,PROD0174,6,325000,5,1950000,97500,1852500
OD006346,ORD004074,PROD0042,6,98000,15,588000,88200,499800
OD006347,ORD004074,PROD0032,3,105000,2,315000,6300,308700
OD006348,ORD004075,PROD0119,2,185000,10,370000,37000,333000
OD006349,ORD004076,PROD0129,2,235000,0,470000,0,470000
OD006350,ORD004076,PROD0168,2,320000,5,640000,32000,608000
OD006351,ORD004077,PROD0165,1,255000,5,255000,12750,242250
OD006352,ORD004078,PROD0159,8,285000,2,2280000,45600,2234400
OD006353,ORD004079,PROD0009,8,75000,0,600000,0,600000
OD006354,ORD004080,PROD0011,8,75000,0,600000,0,600000
OD006355,ORD004080,PROD0038,4,111000,0,444000,0,444000
OD006356,ORD004081,PROD0074,2,132000,10,264000,26400,237600
OD006357,ORD004081,PROD0148,2,210000,0,420000,0,420000
OD006358,ORD004082,PROD0171,9,255000,0,2295000,0,2295000
OD006359,ORD004082,PROD0144,10,295000,7,2950000,206500,2743500
OD006360,ORD004083,PROD0171,1,255000,0,255000,0,255000
OD006361,ORD004084,PROD0075,7,135000,2,945000,18900,926100
OD006362,ORD004084,PROD0128,9,250000,2,2250000,45000,2205000
OD006363,ORD004084,PROD0028,9,95000,10,855000,85500,769500
OD006364,ORD004085,PROD0022,3,95000,10,285000,28500,256500
OD006365,ORD004085,PROD0166,7,267000,10,1869000,186900,1682100
OD006366,ORD004086,PROD0081,9,135000,2,1215000,24300,1190700
OD006367,ORD004086,PROD0146,10,185000,0,1850000,0,1850000
OD006368,ORD004086,PROD0193,7,348268,10,2437876,243787.6,2194088.4
OD006369,ORD004087,PROD0115,4,158000,10,632000,63200,568800
OD006370,ORD004088,PROD0022,7,95000,2,665000,13300,651700
OD006371,ORD004089,PROD0132,2,285000,5,570000,28500,541500
OD006372,ORD004089,PROD0161,1,195000,2,195000,3900,191100
OD006373,ORD004090,PROD0056,1,125000,0,125000,0,125000
OD006374,ORD004091,PROD0084,6,140000,2,840000,16800,823200
OD006375,ORD004091,PROD0126,1,210000,10,210000,21000,189000
OD006376,ORD004092,PROD0149,2,225000,10,450000,45000,405000
OD006377,ORD004093,PROD0037,9,105000,0,945000,0,945000
OD006378,ORD004093,PROD0011,5,75000,2,375000,7500,367500
OD006379,ORD004094,PROD0128,7,250000,0,1750000,0,1750000
OD006380,ORD004095,PROD0003,5,60000,0,300000,0,300000
OD006381,ORD004096,PROD0091,1,148000,0,148000,0,148000
OD006382,ORD004097,PROD0061,6,155000,0,930000,0,930000
OD006383,ORD004097,PROD0088,2,155500,10,311000,31100,279900
OD006384,ORD004097,PROD0175,7,435000,10,3045000,304500,2740500
OD006385,ORD004098,PROD0188,7,254957,10,1784699,178469.9,1606229.1
OD006386,ORD004099,PROD0136,8,380000,7,3040000,212800,2827200
OD006387,ORD004099,PROD0075,4,135000,7,540000,37800,502200
OD006388,ORD004100,PROD0123,5,170000,7,850000,59500,790500
OD006389,ORD004101,PROD0028,8,95000,5,760000,38000,722000
OD006390,ORD004102,PROD0200,5,120944,0,604720,0,604720
OD006391,ORD004103,PROD0175,10,435000,0,4350000,0,4350000
OD006392,ORD004104,PROD0070,7,126000,5,882000,44100,837900
OD006393,ORD004105,PROD0005,8,60000,5,480000,24000,456000
OD006394,ORD004106,PROD0171,7,255000,0,1785000,0,1785000
OD006395,ORD004106,PROD0007,2,70000,5,140000,7000,133000
OD006396,ORD004107,PROD0022,5,95000,10,475000,47500,427500
OD006397,ORD004107,PROD0002,7,50000,0,350000,0,350000
OD006398,ORD004108,PROD0035,6,98000,2,588000,11760,576240
OD006399,ORD004108,PROD0184,6,79485,15,476910,71536.5,405373.5
OD006400,ORD004109,PROD0096,10,165000,2,1650000,33000,1617000
OD006401,ORD004110,PROD0034,9,98000,0,882000,0,882000
OD006402,ORD004111,PROD0192,3,135661,5,406983,20349.15,386633.85
OD006403,ORD004112,PROD0084,3,140000,15,420000,63000,357000
OD006404,ORD004113,PROD0141,2,235000,0,470000,0,470000
OD006405,ORD004113,PROD0109,8,150000,0,1200000,0,1200000
OD006406,ORD004114,PROD0023,5,98000,2,490000,9800,480200
OD006407,ORD004115,PROD0143,6,285000,5,1710000,85500,1624500
OD006408,ORD004116,PROD0191,9,100130,7,901170,63081.9,838088.1
OD006409,ORD004116,PROD0196,5,332371,15,1661855,249278.25,1412576.75
OD006410,ORD004117,PROD0154,7,200000,7,1400000,98000,1302000
OD006411,ORD004118,PROD0135,3,350000,0,1050000,0,1050000
OD006412,ORD004119,PROD0148,9,210000,7,1890000,132300,1757700
OD006413,ORD004119,PROD0194,1,285723,5,285723,14286.15,271436.85
OD006414,ORD004119,PROD0111,6,16000,5,96000,4800,91200
OD006415,ORD004120,PROD0182,9,295189,5,2656701,132835.05,2523865.95
OD006416,ORD004121,PROD0079,8,142000,2,1136000,22720,1113280
OD006417,ORD004121,PROD0064,2,150000,5,300000,15000,285000
OD006418,ORD004122,PROD0022,9,95000,7,855000,59850,795150
OD006419,ORD004123,PROD0093,4,155000,0,620000,0,620000
OD006420,ORD004123,PROD0124,6,178000,5,1068000,53400,1014600
OD006421,ORD004123,PROD0082,5,138000,0,690000,0,690000
OD006422,ORD004124,PROD0026,4,85000,2,340000,6800,333200
OD006423,ORD004124,PROD0089,4,140000,2,560000,11200,548800
OD006424,ORD004125,PROD0118,10,180000,15,1800000,270000,1530000
OD006425,ORD004126,PROD0024,7,98000,2,686000,13720,672280
OD006426,ORD004126,PROD0108,10,145000,7,1450000,101500,1348500
OD006427,ORD004126,PROD0077,4,138000,2,552000,11040,540960
OD006428,ORD004127,PROD0120,3,190000,0,570000,0,570000
OD006429,ORD004128,PROD0002,6,50000,2,300000,6000,294000
OD006430,ORD004128,PROD0166,7,267000,0,1869000,0,1869000
OD006431,ORD004129,PROD0080,1,145000,7,145000,10150,134850
OD006432,ORD004129,PROD0083,4,138000,5,552000,27600,524400
OD006433,ORD004130,PROD0023,5,98000,5,490000,24500,465500
OD006434,ORD004131,PROD0088,1,155500,7,155500,10885,144615
OD006435,ORD004132,PROD0080,6,145000,2,870000,17400,852600
OD006436,ORD004133,PROD0012,2,75000,5,150000,7500,142500
OD006437,ORD004133,PROD0116,9,162000,0,1458000,0,1458000
OD006438,ORD004134,PROD0058,6,145000,7,870000,60900,809100
OD006439,ORD004134,PROD0072,2,125000,10,250000,25000,225000
OD006440,ORD004135,PROD0017,6,90000,5,540000,27000,513000
OD006441,ORD004136,PROD0129,4,235000,0,940000,0,940000
OD006442,ORD004136,PROD0029,5,100000,7,500000,35000,465000
OD006443,ORD004137,PROD0119,3,185000,5,555000,27750,527250
OD006444,ORD004137,PROD0086,5,148000,2,740000,14800,725200
OD006445,ORD004137,PROD0149,2,225000,2,450000,9000,441000
OD006446,ORD004138,PROD0082,3,138000,5,414000,20700,393300
OD006447,ORD004139,PROD0132,4,285000,7,1140000,79800,1060200
OD006448,ORD004139,PROD0188,8,254957,5,2039656,101982.8,1937673.2
OD006449,ORD004140,PROD0052,10,105000,5,1050000,52500,997500
OD006450,ORD004141,PROD0024,9,98000,7,882000,61740,820260
OD006451,ORD004141,PROD0122,4,165000,10,660000,66000,594000
OD006452,ORD004141,PROD0030,4,100000,0,400000,0,400000
OD006453,ORD004142,PROD0044,3,105000,0,315000,0,315000
OD006454,ORD004142,PROD0151,6,265000,5,1590000,79500,1510500
OD006455,ORD004143,PROD0137,10,165000,7,1650000,115500,1534500
OD006456,ORD004143,PROD0005,3,60000,0,180000,0,180000
OD006457,ORD004143,PROD0118,8,180000,10,1440000,144000,1296000
OD006458,ORD004144,PROD0131,3,280000,0,840000,0,840000
OD006459,ORD004144,PROD0065,4,110000,5,440000,22000,418000
OD006460,ORD004145,PROD0150,6,255000,7,1530000,107100,1422900
OD006461,ORD004146,PROD0145,8,170000,0,1360000,0,1360000
OD006462,ORD004147,PROD0126,9,210000,10,1890000,189000,1701000
OD006463,ORD004148,PROD0051,7,102500,10,717500,71750,645750
OD006464,ORD004149,PROD0058,7,145000,0,1015000,0,1015000
OD006465,ORD004149,PROD0110,9,155000,0,1395000,0,1395000
OD006466,ORD004150,PROD0021,7,95000,10,665000,66500,598500
OD006467,ORD004151,PROD0083,2,138000,15,276000,41400,234600
OD006468,ORD004151,PROD0199,1,63002,5,63002,3150.1,59851.9
OD006469,ORD004152,PROD0129,6,235000,0,1410000,0,1410000
OD006470,ORD004152,PROD0172,1,277000,0,277000,0,277000
OD006471,ORD004153,PROD0065,8,110000,2,880000,17600,862400
OD006472,ORD004154,PROD0147,8,195000,5,1560000,78000,1482000
OD006473,ORD004154,PROD0148,10,210000,7,2100000,147000,1953000
OD006474,ORD004155,PROD0038,1,111000,5,111000,5550,105450
OD006475,ORD004156,PROD0045,7,110000,10,770000,77000,693000
OD006476,ORD004157,PROD0087,10,150000,0,1500000,0,1500000
OD006477,ORD004158,PROD0128,2,250000,2,500000,10000,490000
OD006478,ORD004159,PROD0142,8,265000,0,2120000,0,2120000
OD006479,ORD004160,PROD0196,10,332371,7,3323710,232659.7,3091050.3
OD006480,ORD004161,PROD0021,1,95000,5,95000,4750,90250
OD006481,ORD004162,PROD0129,5,235000,10,1175000,117500,1057500
OD006482,ORD004163,PROD0192,1,135661,2,135661,2713.22,132947.78
OD006483,ORD004164,PROD0034,5,98000,10,490000,49000,441000
OD006484,ORD004164,PROD0192,9,135661,5,1220949,61047.45,1159901.55
OD006485,ORD004165,PROD0169,3,220000,0,660000,0,660000
OD006486,ORD004166,PROD0031,8,100000,10,800000,80000,720000
OD006487,ORD004167,PROD0043,9,98000,0,882000,0,882000
OD006488,ORD004168,PROD0040,1,115000,7,115000,8050,106950
OD006489,ORD004169,PROD0019,6,95000,5,570000,28500,541500
OD006490,ORD004170,PROD0073,3,128000,5,384000,19200,364800
OD006491,ORD004171,PROD0089,10,140000,5,1400000,70000,1330000
OD006492,ORD004171,PROD0091,7,148000,15,1036000,155400,880600
OD006493,ORD004172,PROD0167,6,295000,5,1770000,88500,1681500
OD006494,ORD004172,PROD0089,7,140000,0,980000,0,980000
OD006495,ORD004173,PROD0039,2,115000,15,230000,34500,195500
OD006496,ORD004173,PROD0138,6,190000,0,1140000,0,1140000
OD006497,ORD004173,PROD0129,8,235000,5,1880000,94000,1786000
OD006498,ORD004174,PROD0095,10,162000,10,1620000,162000,1458000
OD006499,ORD004174,PROD0129,2,235000,0,470000,0,470000
OD006500,ORD004174,PROD0037,10,105000,0,1050000,0,1050000
OD006501,ORD004175,PROD0156,3,225000,10,675000,67500,607500
OD006502,ORD004176,PROD0053,9,108000,0,972000,0,972000
OD006503,ORD004177,PROD0010,10,75000,5,750000,37500,712500
OD006504,ORD004178,PROD0083,8,138000,0,1104000,0,1104000
OD006505,ORD004178,PROD0049,10,95000,2,950000,19000,931000
OD006506,ORD004179,PROD0104,6,155000,7,930000,65100,864900
OD006507,ORD004179,PROD0093,8,155000,15,1240000,186000,1054000
OD006508,ORD004180,PROD0185,10,232339,5,2323390,116169.5,2207220.5
OD006509,ORD004181,PROD0084,3,140000,2,420000,8400,411600
OD006510,ORD004181,PROD0020,8,95000,0,760000,0,760000
OD006511,ORD004181,PROD0103,8,148000,2,1184000,23680,1160320
OD006512,ORD004182,PROD0161,5,195000,7,975000,68250,906750
OD006513,ORD004183,PROD0054,6,115000,7,690000,48300,641700
OD006514,ORD004183,PROD0063,7,140000,2,980000,19600,960400
OD006515,ORD004183,PROD0037,5,105000,0,525000,0,525000
OD006516,ORD004184,PROD0146,6,185000,5,1110000,55500,1054500
OD006517,ORD004184,PROD0034,5,98000,10,490000,49000,441000
OD006518,ORD004184,PROD0052,5,105000,5,525000,26250,498750
OD006519,ORD004185,PROD0018,5,94000,5,470000,23500,446500
OD006520,ORD004186,PROD0078,5,140000,7,700000,49000,651000
OD006521,ORD004187,PROD0174,4,325000,0,1300000,0,1300000
OD006522,ORD004188,PROD0089,2,140000,5,280000,14000,266000
OD006523,ORD004189,PROD0024,6,98000,0,588000,0,588000
OD006524,ORD004189,PROD0151,5,265000,0,1325000,0,1325000
OD006525,ORD004190,PROD0072,1,125000,0,125000,0,125000
OD006526,ORD004190,PROD0034,6,98000,5,588000,29400,558600
OD006527,ORD004190,PROD0004,9,60000,15,540000,81000,459000
OD006528,ORD004191,PROD0070,3,126000,0,378000,0,378000
OD006529,ORD004192,PROD0032,9,105000,5,945000,47250,897750
OD006530,ORD004193,PROD0106,6,140000,10,840000,84000,756000
OD006531,ORD004193,PROD0087,4,150000,10,600000,60000,540000
OD006532,ORD004194,PROD0132,9,285000,2,2565000,51300,2513700
OD006533,ORD004194,PROD0055,10,120000,7,1200000,84000,1116000
OD006534,ORD004195,PROD0016,10,80000,0,800000,0,800000
OD006535,ORD004195,PROD0023,8,98000,7,784000,54880,729120
OD006536,ORD004196,PROD0019,7,95000,7,665000,46550,618450
OD006537,ORD004197,PROD0054,9,115000,5,1035000,51750,983250
OD006538,ORD004198,PROD0144,9,295000,0,2655000,0,2655000
OD006539,ORD004199,PROD0110,9,155000,0,1395000,0,1395000
OD006540,ORD004200,PROD0074,9,132000,0,1188000,0,1188000
OD006541,ORD004201,PROD0048,4,122200,0,488800,0,488800
OD006542,ORD004202,PROD0034,10,98000,10,980000,98000,882000
OD006543,ORD004203,PROD0030,9,100000,0,900000,0,900000
OD006544,ORD004203,PROD0053,9,108000,0,972000,0,972000
OD006545,ORD004204,PROD0100,2,135000,7,270000,18900,251100
OD006546,ORD004205,PROD0120,1,190000,2,190000,3800,186200
OD006547,ORD004205,PROD0190,10,309979,2,3099790,61995.8,3037794.2
OD006548,ORD004206,PROD0191,7,100130,0,700910,0,700910
OD006549,ORD004207,PROD0053,6,108000,10,648000,64800,583200
OD006550,ORD004207,PROD0147,8,195000,15,1560000,234000,1326000
OD006551,ORD004208,PROD0027,7,92000,2,644000,12880,631120
OD006552,ORD004209,PROD0160,1,310000,0,310000,0,310000
OD006553,ORD004209,PROD0186,4,265147,7,1060588,74241.16,986346.84
OD006554,ORD004210,PROD0122,6,165000,7,990000,69300,920700
OD006555,ORD004211,PROD0108,1,145000,0,145000,0,145000
OD006556,ORD004212,PROD0075,9,135000,5,1215000,60750,1154250
OD006557,ORD004212,PROD0177,2,120000,0,240000,0,240000
OD006558,ORD004212,PROD0193,5,348268,0,1741340,0,1741340
OD006559,ORD004213,PROD0142,2,265000,5,530000,26500,503500
OD006560,ORD004214,PROD0017,1,90000,2,90000,1800,88200
OD006561,ORD004214,PROD0176,5,450000,5,2250000,112500,2137500
OD006562,ORD004215,PROD0162,8,210000,2,1680000,33600,1646400
OD006563,ORD004215,PROD0072,3,125000,0,375000,0,375000
OD006564,ORD004216,PROD0052,5,105000,0,525000,0,525000
OD006565,ORD004217,PROD0154,10,200000,0,2000000,0,2000000
OD006566,ORD004218,PROD0122,4,165000,5,660000,33000,627000
OD006567,ORD004218,PROD0151,9,265000,0,2385000,0,2385000
OD006568,ORD004219,PROD0197,10,221508,5,2215080,110754,2104326
OD006569,ORD004219,PROD0074,6,132000,7,792000,55440,736560
OD006570,ORD004219,PROD0169,7,220000,10,1540000,154000,1386000
OD006571,ORD004220,PROD0094,9,158000,15,1422000,213300,1208700
OD006572,ORD004221,PROD0171,7,255000,2,1785000,35700,1749300
OD006573,ORD004221,PROD0049,6,95000,15,570000,85500,484500
OD006574,ORD004222,PROD0165,9,255000,10,2295000,229500,2065500
OD006575,ORD004222,PROD0142,10,265000,2,2650000,53000,2597000
OD006576,ORD004223,PROD0091,4,148000,2,592000,11840,580160
OD006577,ORD004223,PROD0184,8,79485,0,635880,0,635880
OD006578,ORD004224,PROD0079,3,142000,10,426000,42600,383400
OD006579,ORD004224,PROD0149,8,225000,5,1800000,90000,1710000
OD006580,ORD004225,PROD0104,1,155000,0,155000,0,155000
OD006581,ORD004226,PROD0029,3,100000,7,300000,21000,279000
OD006582,ORD004227,PROD0058,8,145000,10,1160000,116000,1044000
OD006583,ORD004227,PROD0161,8,195000,5,1560000,78000,1482000
OD006584,ORD004227,PROD0096,5,165000,2,825000,16500,808500
OD006585,ORD004228,PROD0171,8,255000,0,2040000,0,2040000
OD006586,ORD004228,PROD0026,5,85000,7,425000,29750,395250
OD006587,ORD004229,PROD0154,1,200000,7,200000,14000,186000
OD006588,ORD004230,PROD0179,9,65000,5,585000,29250,555750
OD006589,ORD004230,PROD0199,1,63002,7,63002,4410.14,58591.86
OD006590,ORD004231,PROD0148,9,210000,0,1890000,0,1890000
OD006591,ORD004232,PROD0095,9,162000,5,1458000,72900,1385100
OD006592,ORD004233,PROD0013,1,80000,2,80000,1600,78400
OD006593,ORD004234,PROD0042,10,98000,15,980000,147000,833000
OD006594,ORD004235,PROD0132,7,285000,2,1995000,39900,1955100
OD006595,ORD004236,PROD0177,7,120000,0,840000,0,840000
OD006596,ORD004237,PROD0152,4,285000,0,1140000,0,1140000
OD006597,ORD004237,PROD0122,2,165000,15,330000,49500,280500
OD006598,ORD004238,PROD0173,1,299000,15,299000,44850,254150
OD006599,ORD004238,PROD0062,5,170000,7,850000,59500,790500
OD006600,ORD004239,PROD0066,8,114500,5,916000,45800,870200
OD006601,ORD004240,PROD0018,1,94000,5,94000,4700,89300
OD006602,ORD004241,PROD0127,3,225000,7,675000,47250,627750
OD006603,ORD004241,PROD0037,9,105000,0,945000,0,945000
OD006604,ORD004241,PROD0056,5,125000,0,625000,0,625000
OD006605,ORD004242,PROD0019,2,95000,2,190000,3800,186200
OD006606,ORD004243,PROD0170,10,245000,2,2450000,49000,2401000
OD006607,ORD004244,PROD0042,4,98000,5,392000,19600,372400
OD006608,ORD004245,PROD0176,2,450000,2,900000,18000,882000
OD006609,ORD004245,PROD0047,6,120000,5,720000,36000,684000
OD006610,ORD004245,PROD0016,1,80000,7,80000,5600,74400
OD006611,ORD004246,PROD0196,7,332371,10,2326597,232659.7,2093937.3
OD006612,ORD004247,PROD0058,7,145000,2,1015000,20300,994700
OD006613,ORD004247,PROD0145,10,170000,0,1700000,0,1700000
OD006614,ORD004247,PROD0021,3,95000,0,285000,0,285000
OD006615,ORD004248,PROD0038,5,111000,5,555000,27750,527250
OD006616,ORD004248,PROD0080,7,145000,0,1015000,0,1015000
OD006617,ORD004248,PROD0151,2,265000,10,530000,53000,477000
OD006618,ORD004249,PROD0002,4,50000,5,200000,10000,190000
OD006619,ORD004249,PROD0127,2,225000,5,450000,22500,427500
OD006620,ORD004249,PROD0157,8,250000,2,2000000,40000,1960000
OD006621,ORD004250,PROD0021,7,95000,0,665000,0,665000
OD006622,ORD004250,PROD0087,1,150000,7,150000,10500,139500
OD006623,ORD004251,PROD0190,2,309979,5,619958,30997.9,588960.1
OD006624,ORD004251,PROD0107,5,142000,2,710000,14200,695800
OD006625,ORD004252,PROD0151,7,265000,7,1855000,129850,1725150
OD006626,ORD004252,PROD0149,8,225000,2,1800000,36000,1764000
OD006627,ORD004252,PROD0083,5,138000,5,690000,34500,655500
OD006628,ORD004253,PROD0143,9,285000,7,2565000,179550,2385450
OD006629,ORD004254,PROD0190,5,309979,15,1549895,232484.25,1317410.75
OD006630,ORD004254,PROD0063,6,140000,7,840000,58800,781200
OD006631,ORD004255,PROD0010,3,75000,0,225000,0,225000
OD006632,ORD004256,PROD0157,7,250000,5,1750000,87500,1662500
OD006633,ORD004257,PROD0063,10,140000,5,1400000,70000,1330000
OD006634,ORD004258,PROD0129,3,235000,0,705000,0,705000
OD006635,ORD004258,PROD0032,8,105000,7,840000,58800,781200
OD006636,ORD004258,PROD0044,5,105000,2,525000,10500,514500
OD006637,ORD004259,PROD0152,6,285000,5,1710000,85500,1624500
OD006638,ORD004260,PROD0006,6,65000,0,390000,0,390000
OD006639,ORD004260,PROD0100,5,135000,0,675000,0,675000
OD006640,ORD004261,PROD0152,7,285000,2,1995000,39900,1955100
OD006641,ORD004261,PROD0094,4,158000,0,632000,0,632000
OD006642,ORD004262,PROD0034,2,98000,15,196000,29400,166600
OD006643,ORD004262,PROD0127,4,225000,7,900000,63000,837000
OD006644,ORD004263,PROD0023,5,98000,0,490000,0,490000
OD006645,ORD004264,PROD0117,9,175000,2,1575000,31500,1543500
OD006646,ORD004264,PROD0085,7,145000,10,1015000,101500,913500
OD006647,ORD004265,PROD0109,5,150000,5,750000,37500,712500
OD006648,ORD004265,PROD0185,9,232339,5,2091051,104552.55,1986498.45
OD006649,ORD004266,PROD0178,1,115000,5,115000,5750,109250
OD006650,ORD004266,PROD0144,7,295000,2,2065000,41300,2023700
OD006651,ORD004266,PROD0099,10,134000,2,1340000,26800,1313200
OD006652,ORD004267,PROD0160,7,310000,0,2170000,0,2170000
OD006653,ORD004267,PROD0021,6,95000,7,570000,39900,530100
OD006654,ORD004267,PROD0054,6,115000,0,690000,0,690000
OD006655,ORD004268,PROD0093,2,155000,2,310000,6200,303800
OD006656,ORD004269,PROD0168,2,320000,10,640000,64000,576000
OD006657,ORD004270,PROD0078,2,140000,2,280000,5600,274400
OD006658,ORD004270,PROD0084,10,140000,2,1400000,28000,1372000
OD006659,ORD004271,PROD0191,4,100130,2,400520,8010.4,392509.6
OD006660,ORD004272,PROD0196,10,332371,0,3323710,0,3323710
OD006661,ORD004272,PROD0008,7,70000,7,490000,34300,455700
OD006662,ORD004273,PROD0114,8,155500,5,1244000,62200,1181800
OD006663,ORD004273,PROD0139,10,210000,0,2100000,0,2100000
OD006664,ORD004274,PROD0122,6,165000,2,990000,19800,970200
OD006665,ORD004275,PROD0194,1,285723,5,285723,14286.15,271436.85
OD006666,ORD004275,PROD0184,9,79485,10,715365,71536.5,643828.5
OD006667,ORD004276,PROD0051,4,102500,2,410000,8200,401800
OD006668,ORD004277,PROD0190,2,309979,5,619958,30997.9,588960.1
OD006669,ORD004277,PROD0085,3,145000,10,435000,43500,391500
OD006670,ORD004277,PROD0004,10,60000,0,600000,0,600000
OD006671,ORD004278,PROD0073,5,128000,7,640000,44800,595200
OD006672,ORD004279,PROD0047,6,120000,5,720000,36000,684000
OD006673,ORD004279,PROD0186,8,265147,0,2121176,0,2121176
OD006674,ORD004280,PROD0123,6,170000,15,1020000,153000,867000
OD006675,ORD004281,PROD0062,2,170000,7,340000,23800,316200
OD006676,ORD004282,PROD0001,1,50000,2,50000,1000,49000
OD006677,ORD004283,PROD0074,10,132000,5,1320000,66000,1254000
OD006678,ORD004283,PROD0064,3,150000,2,450000,9000,441000
OD006679,ORD004284,PROD0090,3,145000,0,435000,0,435000
OD006680,ORD004284,PROD0040,1,115000,10,115000,11500,103500
OD006681,ORD004284,PROD0108,8,145000,5,1160000,58000,1102000
OD006682,ORD004285,PROD0105,6,135000,2,810000,16200,793800
OD006683,ORD004285,PROD0145,7,170000,10,1190000,119000,1071000
OD006684,ORD004286,PROD0120,2,190000,2,380000,7600,372400
OD006685,ORD004286,PROD0146,6,185000,0,1110000,0,1110000
OD006686,ORD004287,PROD0038,6,111000,0,666000,0,666000
OD006687,ORD004288,PROD0028,9,95000,15,855000,128250,726750
OD006688,ORD004288,PROD0108,8,145000,2,1160000,23200,1136800
OD006689,ORD004288,PROD0199,7,63002,2,441014,8820.28,432193.72
OD006690,ORD004289,PROD0080,7,145000,5,1015000,50750,964250
OD006691,ORD004290,PROD0146,8,185000,5,1480000,74000,1406000
OD006692,ORD004290,PROD0199,3,63002,2,189006,3780.12,185225.88
OD006693,ORD004291,PROD0019,6,95000,10,570000,57000,513000
OD006694,ORD004292,PROD0014,10,80000,2,800000,16000,784000
OD006695,ORD004292,PROD0133,8,295000,0,2360000,0,2360000
OD006696,ORD004293,PROD0169,9,220000,15,1980000,297000,1683000
OD006697,ORD004294,PROD0134,1,310000,0,310000,0,310000
OD006698,ORD004295,PROD0200,9,120944,15,1088496,163274.4,925221.6
OD006699,ORD004296,PROD0008,7,70000,10,490000,49000,441000
OD006700,ORD004296,PROD0109,2,150000,7,300000,21000,279000
OD006701,ORD004297,PROD0142,9,265000,0,2385000,0,2385000
OD006702,ORD004298,PROD0137,9,165000,0,1485000,0,1485000
OD006703,ORD004298,PROD0007,7,70000,0,490000,0,490000
OD006704,ORD004298,PROD0026,10,85000,2,850000,17000,833000
OD006705,ORD004299,PROD0200,9,120944,7,1088496,76194.72,1012301.28
OD006706,ORD004299,PROD0071,5,128000,2,640000,12800,627200
OD006707,ORD004300,PROD0037,10,105000,0,1050000,0,1050000
OD006708,ORD004300,PROD0037,5,105000,0,525000,0,525000
OD006709,ORD004300,PROD0035,2,98000,5,196000,9800,186200
OD006710,ORD004301,PROD0117,2,175000,0,350000,0,350000
OD006711,ORD004302,PROD0101,7,138000,7,966000,67620,898380
OD006712,ORD004302,PROD0189,2,235752,0,471504,0,471504
OD006713,ORD004303,PROD0096,9,165000,5,1485000,74250,1410750
OD006714,ORD004304,PROD0006,10,65000,7,650000,45500,604500
OD006715,ORD004304,PROD0106,1,140000,5,140000,7000,133000
OD006716,ORD004304,PROD0099,2,134000,10,268000,26800,241200
OD006717,ORD004305,PROD0066,2,114500,10,229000,22900,206100
OD006718,ORD004306,PROD0145,8,170000,0,1360000,0,1360000
OD006719,ORD004307,PROD0189,3,235752,0,707256,0,707256
OD006720,ORD004308,PROD0087,7,150000,10,1050000,105000,945000
OD006721,ORD004309,PROD0146,9,185000,5,1665000,83250,1581750
OD006722,ORD004309,PROD0108,7,145000,10,1015000,101500,913500
OD006723,ORD004310,PROD0146,10,185000,0,1850000,0,1850000
OD006724,ORD004311,PROD0091,5,148000,15,740000,111000,629000
OD006725,ORD004311,PROD0052,10,105000,15,1050000,157500,892500
OD006726,ORD004312,PROD0120,8,190000,0,1520000,0,1520000
OD006727,ORD004313,PROD0079,5,142000,0,710000,0,710000
OD006728,ORD004314,PROD0014,3,80000,2,240000,4800,235200
OD006729,ORD004314,PROD0149,7,225000,2,1575000,31500,1543500
OD006730,ORD004314,PROD0110,8,155000,0,1240000,0,1240000
OD006731,ORD004315,PROD0122,2,165000,0,330000,0,330000
OD006732,ORD004315,PROD0103,4,148000,10,592000,59200,532800
OD006733,ORD004316,PROD0178,10,115000,0,1150000,0,1150000
OD006734,ORD004316,PROD0037,2,105000,10,210000,21000,189000
OD006735,ORD004316,PROD0017,10,90000,0,900000,0,900000
OD006736,ORD004317,PROD0107,2,142000,10,284000,28400,255600
OD006737,ORD004318,PROD0175,6,435000,0,2610000,0,2610000
OD006738,ORD004318,PROD0093,4,155000,0,620000,0,620000
OD006739,ORD004319,PROD0084,2,140000,10,280000,28000,252000
OD006740,ORD004319,PROD0119,3,185000,0,555000,0,555000
OD006741,ORD004320,PROD0069,10,125000,2,1250000,25000,1225000
OD006742,ORD004320,PROD0113,3,150000,2,450000,9000,441000
OD006743,ORD004321,PROD0194,9,285723,5,2571507,128575.35,2442931.65
OD006744,ORD004322,PROD0081,7,135000,5,945000,47250,897750
OD006745,ORD004323,PROD0097,10,130000,0,1300000,0,1300000
OD006746,ORD004324,PROD0157,5,250000,15,1250000,187500,1062500
OD006747,ORD004324,PROD0135,6,350000,0,2100000,0,2100000
OD006748,ORD004325,PROD0072,1,125000,10,125000,12500,112500
OD006749,ORD004325,PROD0105,4,135000,7,540000,37800,502200
OD006750,ORD004326,PROD0095,6,162000,0,972000,0,972000
OD006751,ORD004326,PROD0080,4,145000,5,580000,29000,551000
OD006752,ORD004327,PROD0086,2,148000,5,296000,14800,281200
OD006753,ORD004328,PROD0004,5,60000,5,300000,15000,285000
OD006754,ORD004328,PROD0098,10,132000,7,1320000,92400,1227600
OD006755,ORD004329,PROD0063,10,140000,5,1400000,70000,1330000
OD006756,ORD004330,PROD0161,4,195000,7,780000,54600,725400
OD006757,ORD004330,PROD0127,2,225000,0,450000,0,450000
OD006758,ORD004331,PROD0142,1,265000,5,265000,13250,251750
OD006759,ORD004332,PROD0054,7,115000,2,805000,16100,788900
OD006760,ORD004332,PROD0009,7,75000,15,525000,78750,446250
OD006761,ORD004333,PROD0077,10,138000,10,1380000,138000,1242000
OD006762,ORD004334,PROD0099,6,134000,0,804000,0,804000
OD006763,ORD004335,PROD0087,3,150000,7,450000,31500,418500
OD006764,ORD004336,PROD0025,1,82000,5,82000,4100,77900
OD006765,ORD004337,PROD0041,6,95000,7,570000,39900,530100
OD006766,ORD004338,PROD0146,3,185000,0,555000,0,555000
OD006767,ORD004339,PROD0181,8,90661,7,725288,50770.16,674517.84
OD006768,ORD004340,PROD0198,7,26819,0,187733,0,187733
OD006769,ORD004340,PROD0102,6,143000,10,858000,85800,772200
OD006770,ORD004340,PROD0124,8,178000,2,1424000,28480,1395520
OD006771,ORD004341,PROD0122,6,165000,0,990000,0,990000
OD006772,ORD004342,PROD0076,7,135000,7,945000,66150,878850
OD006773,ORD004343,PROD0066,8,114500,2,916000,18320,897680
OD006774,ORD004343,PROD0015,1,80000,0,80000,0,80000
OD006775,ORD004344,PROD0008,2,70000,5,140000,7000,133000
OD006776,ORD004344,PROD0067,5,120000,2,600000,12000,588000
OD006777,ORD004345,PROD0074,8,132000,0,1056000,0,1056000
OD006778,ORD004346,PROD0106,5,140000,5,700000,35000,665000
OD006779,ORD004346,PROD0195,10,160472,2,1604720,32094.4,1572625.6
OD006780,ORD004347,PROD0177,10,120000,0,1200000,0,1200000
OD006781,ORD004347,PROD0039,2,115000,0,230000,0,230000
OD006782,ORD004347,PROD0103,7,148000,5,1036000,51800,984200
OD006783,ORD004348,PROD0112,1,170000,5,170000,8500,161500
OD006784,ORD004349,PROD0197,8,221508,5,1772064,88603.2,1683460.8
OD006785,ORD004350,PROD0081,1,135000,10,135000,13500,121500
OD006786,ORD004351,PROD0074,2,132000,2,264000,5280,258720
OD006787,ORD004351,PROD0153,8,195000,10,1560000,156000,1404000
OD006788,ORD004351,PROD0001,4,50000,5,200000,10000,190000
OD006789,ORD004352,PROD0020,4,95000,5,380000,19000,361000
OD006790,ORD004353,PROD0126,5,210000,5,1050000,52500,997500
OD006791,ORD004354,PROD0067,5,120000,0,600000,0,600000
OD006792,ORD004354,PROD0044,7,105000,2,735000,14700,720300
OD006793,ORD004354,PROD0166,8,267000,5,2136000,106800,2029200
OD006794,ORD004355,PROD0049,10,95000,0,950000,0,950000
OD006795,ORD004355,PROD0006,6,65000,2,390000,7800,382200
OD006796,ORD004356,PROD0004,9,60000,7,540000,37800,502200
OD006797,ORD004357,PROD0182,7,295189,7,2066323,144642.61,1921680.39
OD006798,ORD004358,PROD0107,1,142000,5,142000,7100,134900
OD006799,ORD004358,PROD0003,9,60000,7,540000,37800,502200
OD006800,ORD004359,PROD0050,5,98000,10,490000,49000,441000
OD006801,ORD004359,PROD0066,5,114500,5,572500,28625,543875
OD006802,ORD004360,PROD0199,9,63002,5,567018,28350.9,538667.1
OD006803,ORD004361,PROD0108,9,145000,0,1305000,0,1305000
OD006804,ORD004362,PROD0168,10,320000,0,3200000,0,3200000
OD006805,ORD004362,PROD0090,6,145000,5,870000,43500,826500
OD006806,ORD004362,PROD0145,5,170000,5,850000,42500,807500
OD006807,ORD004363,PROD0008,5,70000,0,350000,0,350000
OD006808,ORD004363,PROD0071,4,128000,5,512000,25600,486400
OD006809,ORD004364,PROD0093,3,155000,0,465000,0,465000
OD006810,ORD004365,PROD0015,4,80000,7,320000,22400,297600
OD006811,ORD004365,PROD0054,8,115000,2,920000,18400,901600
OD006812,ORD004365,PROD0134,3,310000,5,930000,46500,883500
OD006813,ORD004366,PROD0137,7,165000,15,1155000,173250,981750
OD006814,ORD004366,PROD0005,3,60000,5,180000,9000,171000
OD006815,ORD004367,PROD0053,9,108000,5,972000,48600,923400
OD006816,ORD004367,PROD0089,5,140000,0,700000,0,700000
OD006817,ORD004367,PROD0055,6,120000,0,720000,0,720000
OD006818,ORD004368,PROD0011,10,75000,10,750000,75000,675000
OD006819,ORD004369,PROD0008,9,70000,10,630000,63000,567000
OD006820,ORD004370,PROD0112,4,170000,7,680000,47600,632400
OD006821,ORD004370,PROD0074,3,132000,15,396000,59400,336600
OD006822,ORD004371,PROD0112,6,170000,0,1020000,0,1020000
OD006823,ORD004372,PROD0142,8,265000,7,2120000,148400,1971600
OD006824,ORD004373,PROD0107,10,142000,0,1420000,0,1420000
OD006825,ORD004373,PROD0112,4,170000,5,680000,34000,646000
OD006826,ORD004374,PROD0143,6,285000,7,1710000,119700,1590300
OD006827,ORD004374,PROD0037,2,105000,5,210000,10500,199500
OD006828,ORD004375,PROD0046,8,115000,0,920000,0,920000
OD006829,ORD004376,PROD0146,6,185000,10,1110000,111000,999000
OD006830,ORD004377,PROD0049,7,95000,5,665000,33250,631750
OD006831,ORD004377,PROD0175,3,435000,10,1305000,130500,1174500
OD006832,ORD004378,PROD0084,5,140000,2,700000,14000,686000
OD006833,ORD004378,PROD0017,1,90000,2,90000,1800,88200
OD006834,ORD004379,PROD0141,4,235000,10,940000,94000,846000
OD006835,ORD004380,PROD0086,4,148000,7,592000,41440,550560
OD006836,ORD004381,PROD0024,5,98000,0,490000,0,490000
OD006837,ORD004382,PROD0043,10,98000,2,980000,19600,960400
OD006838,ORD004382,PROD0178,7,115000,0,805000,0,805000
OD006839,ORD004383,PROD0092,9,150000,10,1350000,135000,1215000
OD006840,ORD004383,PROD0051,3,102500,5,307500,15375,292125
OD006841,ORD004384,PROD0109,10,150000,0,1500000,0,1500000
OD006842,ORD004384,PROD0026,7,85000,0,595000,0,595000
OD006843,ORD004385,PROD0079,1,142000,0,142000,0,142000
OD006844,ORD004385,PROD0120,9,190000,2,1710000,34200,1675800
OD006845,ORD004386,PROD0192,2,135661,15,271322,40698.3,230623.7
OD006846,ORD004387,PROD0056,9,125000,15,1125000,168750,956250
OD006847,ORD004388,PROD0166,3,267000,5,801000,40050,760950
OD006848,ORD004389,PROD0082,7,138000,10,966000,96600,869400
OD006849,ORD004390,PROD0179,8,65000,7,520000,36400,483600
OD006850,ORD004391,PROD0013,2,80000,7,160000,11200,148800
OD006851,ORD004392,PROD0028,10,95000,0,950000,0,950000
OD006852,ORD004392,PROD0093,9,155000,7,1395000,97650,1297350
OD006853,ORD004392,PROD0158,5,265000,15,1325000,198750,1126250
OD006854,ORD004393,PROD0061,3,155000,10,465000,46500,418500
OD006855,ORD004393,PROD0024,6,98000,5,588000,29400,558600
OD006856,ORD004394,PROD0034,8,98000,0,784000,0,784000
OD006857,ORD004394,PROD0058,1,145000,2,145000,2900,142100
OD006858,ORD004395,PROD0078,2,140000,5,280000,14000,266000
OD006859,ORD004395,PROD0115,7,158000,0,1106000,0,1106000
OD006860,ORD004396,PROD0155,3,220000,2,660000,13200,646800
OD006861,ORD004396,PROD0026,10,85000,7,850000,59500,790500
OD006862,ORD004397,PROD0153,6,195000,10,1170000,117000,1053000
OD006863,ORD004398,PROD0198,7,26819,7,187733,13141.31,174591.69
OD006864,ORD004399,PROD0073,4,128000,5,512000,25600,486400
OD006865,ORD004399,PROD0042,7,98000,0,686000,0,686000
OD006866,ORD004400,PROD0195,3,160472,5,481416,24070.8,457345.2
OD006867,ORD004401,PROD0183,5,324367,10,1621835,162183.5,1459651.5
OD006868,ORD004402,PROD0026,1,85000,2,85000,1700,83300
OD006869,ORD004402,PROD0169,5,220000,10,1100000,110000,990000
OD006870,ORD004403,PROD0171,8,255000,2,2040000,40800,1999200
OD006871,ORD004404,PROD0061,4,155000,5,620000,31000,589000
OD006872,ORD004405,PROD0196,1,332371,10,332371,33237.1,299133.9
OD006873,ORD004405,PROD0039,9,115000,10,1035000,103500,931500
OD006874,ORD004405,PROD0115,3,158000,5,474000,23700,450300
OD006875,ORD004406,PROD0141,7,235000,5,1645000,82250,1562750
OD006876,ORD004406,PROD0013,8,80000,15,640000,96000,544000
OD006877,ORD004407,PROD0184,3,79485,5,238455,11922.75,226532.25
OD006878,ORD004408,PROD0185,3,232339,0,697017,0,697017
OD006879,ORD004409,PROD0076,6,135000,5,810000,40500,769500
OD006880,ORD004409,PROD0088,5,155500,5,777500,38875,738625
OD006881,ORD004409,PROD0074,2,132000,7,264000,18480,245520
OD006882,ORD004410,PROD0035,1,98000,0,98000,0,98000
OD006883,ORD004410,PROD0177,1,120000,5,120000,6000,114000
OD006884,ORD004410,PROD0179,4,65000,5,260000,13000,247000
OD006885,ORD004411,PROD0115,2,158000,5,316000,15800,300200
OD006886,ORD004412,PROD0086,8,148000,0,1184000,0,1184000
OD006887,ORD004413,PROD0136,9,380000,7,3420000,239400,3180600
OD006888,ORD004413,PROD0100,8,135000,7,1080000,75600,1004400
OD006889,ORD004414,PROD0151,3,265000,0,795000,0,795000
OD006890,ORD004415,PROD0115,4,158000,7,632000,44240,587760
OD006891,ORD004416,PROD0035,10,98000,5,980000,49000,931000
OD006892,ORD004417,PROD0182,2,295189,2,590378,11807.56,578570.44
OD006893,ORD004418,PROD0086,4,148000,7,592000,41440,550560
OD006894,ORD004418,PROD0101,5,138000,0,690000,0,690000
OD006895,ORD004419,PROD0133,5,295000,2,1475000,29500,1445500
OD006896,ORD004420,PROD0178,10,115000,10,1150000,115000,1035000
OD006897,ORD004420,PROD0084,9,140000,0,1260000,0,1260000
OD006898,ORD004421,PROD0035,10,98000,10,980000,98000,882000
OD006899,ORD004422,PROD0022,3,95000,5,285000,14250,270750
OD006900,ORD004423,PROD0124,1,178000,0,178000,0,178000
OD006901,ORD004423,PROD0084,10,140000,0,1400000,0,1400000
OD006902,ORD004423,PROD0106,2,140000,0,280000,0,280000
OD006903,ORD004424,PROD0170,7,245000,7,1715000,120050,1594950
OD006904,ORD004425,PROD0066,9,114500,0,1030500,0,1030500
OD006905,ORD004426,PROD0130,1,250000,5,250000,12500,237500
OD006906,ORD004427,PROD0043,7,98000,10,686000,68600,617400
OD006907,ORD004427,PROD0140,10,225000,10,2250000,225000,2025000
OD006908,ORD004428,PROD0014,10,80000,10,800000,80000,720000
OD006909,ORD004428,PROD0042,3,98000,5,294000,14700,279300
OD006910,ORD004429,PROD0053,3,108000,0,324000,0,324000
OD006911,ORD004430,PROD0038,3,111000,2,333000,6660,326340
OD006912,ORD004431,PROD0137,6,165000,2,990000,19800,970200
OD006913,ORD004431,PROD0080,9,145000,15,1305000,195750,1109250
OD006914,ORD004432,PROD0056,10,125000,7,1250000,87500,1162500
OD006915,ORD004432,PROD0054,4,115000,2,460000,9200,450800
OD006916,ORD004433,PROD0146,6,185000,2,1110000,22200,1087800
OD006917,ORD004434,PROD0110,8,155000,0,1240000,0,1240000
OD006918,ORD004435,PROD0176,7,450000,2,3150000,63000,3087000
OD006919,ORD004435,PROD0101,1,138000,0,138000,0,138000
OD006920,ORD004436,PROD0139,9,210000,10,1890000,189000,1701000
OD006921,ORD004437,PROD0184,10,79485,5,794850,39742.5,755107.5
OD006922,ORD004437,PROD0162,7,210000,5,1470000,73500,1396500
OD006923,ORD004438,PROD0152,5,285000,0,1425000,0,1425000
OD006924,ORD004439,PROD0115,8,158000,5,1264000,63200,1200800
OD006925,ORD004439,PROD0175,2,435000,5,870000,43500,826500
OD006926,ORD004440,PROD0190,3,309979,0,929937,0,929937
OD006927,ORD004440,PROD0024,10,98000,0,980000,0,980000
OD006928,ORD004441,PROD0153,4,195000,5,780000,39000,741000
OD006929,ORD004441,PROD0003,8,60000,5,480000,24000,456000
OD006930,ORD004441,PROD0065,5,110000,5,550000,27500,522500
OD006931,ORD004442,PROD0163,8,225000,10,1800000,180000,1620000
OD006932,ORD004442,PROD0145,9,170000,15,1530000,229500,1300500
OD006933,ORD004443,PROD0123,6,170000,10,1020000,102000,918000
OD006934,ORD004444,PROD0135,4,350000,0,1400000,0,1400000
OD006935,ORD004444,PROD0032,7,105000,2,735000,14700,720300
OD006936,ORD004445,PROD0151,3,265000,7,795000,55650,739350
OD006937,ORD004445,PROD0021,3,95000,10,285000,28500,256500
OD006938,ORD004446,PROD0064,1,150000,10,150000,15000,135000
OD006939,ORD004447,PROD0017,6,90000,5,540000,27000,513000
OD006940,ORD004448,PROD0102,7,143000,10,1001000,100100,900900
OD006941,ORD004449,PROD0173,4,299000,0,1196000,0,1196000
OD006942,ORD004449,PROD0177,8,120000,2,960000,19200,940800
OD006943,ORD004450,PROD0003,5,60000,0,300000,0,300000
OD006944,ORD004451,PROD0196,3,332371,0,997113,0,997113
OD006945,ORD004452,PROD0042,1,98000,7,98000,6860,91140
OD006946,ORD004452,PROD0072,9,125000,0,1125000,0,1125000
OD006947,ORD004453,PROD0057,9,135000,7,1215000,85050,1129950
OD006948,ORD004453,PROD0098,5,132000,7,660000,46200,613800
OD006949,ORD004453,PROD0002,3,50000,10,150000,15000,135000
OD006950,ORD004454,PROD0067,6,120000,15,720000,108000,612000
OD006951,ORD004455,PROD0061,5,155000,7,775000,54250,720750
OD006952,ORD004456,PROD0144,4,295000,5,1180000,59000,1121000
OD006953,ORD004456,PROD0172,7,277000,7,1939000,135730,1803270
OD006954,ORD004456,PROD0008,3,70000,0,210000,0,210000
OD006955,ORD004457,PROD0083,1,138000,7,138000,9660,128340
OD006956,ORD004457,PROD0191,2,100130,10,200260,20026,180234
OD006957,ORD004457,PROD0186,4,265147,5,1060588,53029.4,1007558.6
OD006958,ORD004458,PROD0110,9,155000,0,1395000,0,1395000
OD006959,ORD004459,PROD0151,3,265000,2,795000,15900,779100
OD006960,ORD004460,PROD0055,10,120000,0,1200000,0,1200000
OD006961,ORD004461,PROD0161,2,195000,5,390000,19500,370500
OD006962,ORD004462,PROD0008,10,70000,10,700000,70000,630000
OD006963,ORD004463,PROD0103,9,148000,0,1332000,0,1332000
OD006964,ORD004463,PROD0113,1,150000,2,150000,3000,147000
OD006965,ORD004464,PROD0035,6,98000,5,588000,29400,558600
OD006966,ORD004464,PROD0118,7,180000,10,1260000,126000,1134000
OD006967,ORD004465,PROD0188,5,254957,0,1274785,0,1274785
OD006968,ORD004465,PROD0140,10,225000,5,2250000,112500,2137500
OD006969,ORD004466,PROD0029,2,100000,0,200000,0,200000
OD006970,ORD004466,PROD0106,6,140000,2,840000,16800,823200
OD006971,ORD004467,PROD0142,6,265000,2,1590000,31800,1558200
OD006972,ORD004467,PROD0104,7,155000,0,1085000,0,1085000
OD006973,ORD004468,PROD0031,3,100000,0,300000,0,300000
OD006974,ORD004469,PROD0061,5,155000,2,775000,15500,759500
OD006975,ORD004470,PROD0092,2,150000,0,300000,0,300000
OD006976,ORD004470,PROD0039,2,115000,10,230000,23000,207000
OD006977,ORD004471,PROD0085,6,145000,15,870000,130500,739500
OD006978,ORD004471,PROD0051,8,102500,10,820000,82000,738000
OD006979,ORD004472,PROD0028,7,95000,0,665000,0,665000
OD006980,ORD004473,PROD0075,10,135000,2,1350000,27000,1323000
OD006981,ORD004474,PROD0004,1,60000,2,60000,1200,58800
OD006982,ORD004474,PROD0155,5,220000,2,1100000,22000,1078000
OD006983,ORD004475,PROD0009,1,75000,7,75000,5250,69750
OD006984,ORD004476,PROD0024,4,98000,5,392000,19600,372400
OD006985,ORD004476,PROD0061,8,155000,0,1240000,0,1240000
OD006986,ORD004477,PROD0129,6,235000,0,1410000,0,1410000
OD006987,ORD004478,PROD0089,3,140000,5,420000,21000,399000
OD006988,ORD004478,PROD0008,1,70000,10,70000,7000,63000
OD006989,ORD004479,PROD0068,2,120000,5,240000,12000,228000
OD006990,ORD004480,PROD0009,5,75000,0,375000,0,375000
OD006991,ORD004481,PROD0086,10,148000,5,1480000,74000,1406000
OD006992,ORD004481,PROD0055,4,120000,5,480000,24000,456000
OD006993,ORD004482,PROD0180,2,142869,7,285738,20001.66,265736.34
OD006994,ORD004483,PROD0072,3,125000,2,375000,7500,367500
OD006995,ORD004484,PROD0118,7,180000,7,1260000,88200,1171800
OD006996,ORD004485,PROD0038,3,111000,0,333000,0,333000
OD006997,ORD004486,PROD0097,9,130000,0,1170000,0,1170000
OD006998,ORD004487,PROD0178,1,115000,7,115000,8050,106950
OD006999,ORD004488,PROD0006,4,65000,15,260000,39000,221000
OD007000,ORD004489,PROD0061,3,155000,15,465000,69750,395250
OD007001,ORD004489,PROD0072,5,125000,7,625000,43750,581250
OD007002,ORD004490,PROD0094,4,158000,5,632000,31600,600400
OD007003,ORD004490,PROD0083,6,138000,2,828000,16560,811440
OD007004,ORD004491,PROD0199,4,63002,10,252008,25200.8,226807.2
OD007005,ORD004492,PROD0029,3,100000,5,300000,15000,285000
OD007006,ORD004492,PROD0051,7,102500,7,717500,50225,667275
OD007007,ORD004493,PROD0095,3,162000,5,486000,24300,461700
OD007008,ORD004493,PROD0124,9,178000,10,1602000,160200,1441800
OD007009,ORD004493,PROD0017,10,90000,5,900000,45000,855000
OD007010,ORD004494,PROD0150,3,255000,2,765000,15300,749700
OD007011,ORD004494,PROD0106,3,140000,10,420000,42000,378000
OD007012,ORD004495,PROD0055,10,120000,0,1200000,0,1200000
OD007013,ORD004495,PROD0077,9,138000,0,1242000,0,1242000
OD007014,ORD004496,PROD0012,5,75000,2,375000,7500,367500
OD007015,ORD004497,PROD0133,6,295000,2,1770000,35400,1734600
OD007016,ORD004498,PROD0159,3,285000,10,855000,85500,769500
OD007017,ORD004498,PROD0200,7,120944,2,846608,16932.16,829675.84
OD007018,ORD004498,PROD0058,10,145000,10,1450000,145000,1305000
OD007019,ORD004499,PROD0055,5,120000,2,600000,12000,588000
OD007020,ORD004499,PROD0065,5,110000,2,550000,11000,539000
OD007021,ORD004499,PROD0027,6,92000,7,552000,38640,513360
OD007022,ORD004500,PROD0083,9,138000,0,1242000,0,1242000
OD007023,ORD004501,PROD0025,6,82000,0,492000,0,492000
OD007024,ORD004502,PROD0008,5,70000,0,350000,0,350000
OD007025,ORD004503,PROD0068,5,120000,0,600000,0,600000
OD007026,ORD004504,PROD0171,1,255000,5,255000,12750,242250
OD007027,ORD004504,PROD0195,9,160472,0,1444248,0,1444248
OD007028,ORD004504,PROD0173,4,299000,5,1196000,59800,1136200
OD007029,ORD004505,PROD0192,9,135661,7,1220949,85466.43,1135482.57
OD007030,ORD004506,PROD0175,4,435000,7,1740000,121800,1618200
OD007031,ORD004506,PROD0131,3,280000,5,840000,42000,798000
OD007032,ORD004507,PROD0037,9,105000,2,945000,18900,926100
OD007033,ORD004507,PROD0163,2,225000,15,450000,67500,382500
OD007034,ORD004508,PROD0196,8,332371,0,2658968,0,2658968
OD007035,ORD004509,PROD0100,9,135000,7,1215000,85050,1129950
OD007036,ORD004509,PROD0133,3,295000,2,885000,17700,867300
OD007037,ORD004510,PROD0077,3,138000,10,414000,41400,372600
OD007038,ORD004511,PROD0119,4,185000,5,740000,37000,703000
OD007039,ORD004512,PROD0005,9,60000,0,540000,0,540000
OD007040,ORD004513,PROD0145,4,170000,10,680000,68000,612000
OD007041,ORD004514,PROD0105,2,135000,0,270000,0,270000
OD007042,ORD004514,PROD0152,5,285000,7,1425000,99750,1325250
OD007043,ORD004515,PROD0075,1,135000,5,135000,6750,128250
OD007044,ORD004516,PROD0084,6,140000,0,840000,0,840000
OD007045,ORD004516,PROD0030,2,100000,5,200000,10000,190000
OD007046,ORD004517,PROD0117,3,175000,5,525000,26250,498750
OD007047,ORD004517,PROD0185,1,232339,2,232339,4646.78,227692.22
OD007048,ORD004518,PROD0118,1,180000,7,180000,12600,167400
OD007049,ORD004518,PROD0180,8,142869,0,1142952,0,1142952
OD007050,ORD004518,PROD0002,10,50000,0,500000,0,500000
OD007051,ORD004519,PROD0148,4,210000,0,840000,0,840000
OD007052,ORD004519,PROD0002,1,50000,10,50000,5000,45000
OD007053,ORD004520,PROD0087,10,150000,0,1500000,0,1500000
OD007054,ORD004520,PROD0095,5,162000,7,810000,56700,753300
OD007055,ORD004521,PROD0094,4,158000,7,632000,44240,587760
OD007056,ORD004522,PROD0112,8,170000,5,1360000,68000,1292000
OD007057,ORD004523,PROD0154,8,200000,5,1600000,80000,1520000
OD007058,ORD004523,PROD0142,8,265000,2,2120000,42400,2077600
OD007059,ORD004524,PROD0011,7,75000,0,525000,0,525000
OD007060,ORD004524,PROD0151,1,265000,5,265000,13250,251750
OD007061,ORD004525,PROD0080,4,145000,5,580000,29000,551000
OD007062,ORD004525,PROD0118,7,180000,0,1260000,0,1260000
OD007063,ORD004526,PROD0184,9,79485,2,715365,14307.3,701057.7
OD007064,ORD004527,PROD0057,7,135000,0,945000,0,945000
OD007065,ORD004528,PROD0122,4,165000,0,660000,0,660000
OD007066,ORD004529,PROD0124,9,178000,2,1602000,32040,1569960
OD007067,ORD004530,PROD0101,6,138000,15,828000,124200,703800
OD007068,ORD004530,PROD0052,2,105000,15,210000,31500,178500
OD007069,ORD004531,PROD0150,4,255000,0,1020000,0,1020000
OD007070,ORD004532,PROD0164,9,235000,5,2115000,105750,2009250
OD007071,ORD004533,PROD0189,5,235752,2,1178760,23575.2,1155184.8
OD007072,ORD004534,PROD0085,6,145000,5,870000,43500,826500
OD007073,ORD004534,PROD0027,1,92000,0,92000,0,92000
OD007074,ORD004535,PROD0179,7,65000,5,455000,22750,432250
OD007075,ORD004536,PROD0122,4,165000,5,660000,33000,627000
OD007076,ORD004537,PROD0026,1,85000,5,85000,4250,80750
OD007077,ORD004537,PROD0156,10,225000,0,2250000,0,2250000
OD007078,ORD004538,PROD0142,5,265000,5,1325000,66250,1258750
OD007079,ORD004538,PROD0167,9,295000,0,2655000,0,2655000
OD007080,ORD004539,PROD0086,8,148000,5,1184000,59200,1124800
OD007081,ORD004540,PROD0095,9,162000,10,1458000,145800,1312200
OD007082,ORD004541,PROD0026,5,85000,0,425000,0,425000
OD007083,ORD004542,PROD0086,8,148000,2,1184000,23680,1160320
OD007084,ORD004542,PROD0112,10,170000,5,1700000,85000,1615000
OD007085,ORD004543,PROD0174,7,325000,2,2275000,45500,2229500
OD007086,ORD004544,PROD0043,7,98000,5,686000,34300,651700
OD007087,ORD004544,PROD0009,9,75000,7,675000,47250,627750
OD007088,ORD004545,PROD0059,4,135000,5,540000,27000,513000
OD007089,ORD004546,PROD0041,6,95000,5,570000,28500,541500
OD007090,ORD004546,PROD0092,8,150000,0,1200000,0,1200000
OD007091,ORD004547,PROD0142,10,265000,0,2650000,0,2650000
OD007092,ORD004547,PROD0073,8,128000,7,1024000,71680,952320
OD007093,ORD004548,PROD0069,5,125000,5,625000,31250,593750
OD007094,ORD004548,PROD0078,8,140000,2,1120000,22400,1097600
OD007095,ORD004549,PROD0196,6,332371,5,1994226,99711.3,1894514.7
OD007096,ORD004550,PROD0080,5,145000,5,725000,36250,688750
OD007097,ORD004551,PROD0144,5,295000,2,1475000,29500,1445500
OD007098,ORD004552,PROD0004,8,60000,0,480000,0,480000
OD007099,ORD004553,PROD0023,1,98000,10,98000,9800,88200
OD007100,ORD004554,PROD0074,10,132000,10,1320000,132000,1188000
OD007101,ORD004555,PROD0107,2,142000,10,284000,28400,255600
OD007102,ORD004555,PROD0079,7,142000,0,994000,0,994000
OD007103,ORD004556,PROD0054,10,115000,5,1150000,57500,1092500
OD007104,ORD004556,PROD0119,3,185000,15,555000,83250,471750
OD007105,ORD004557,PROD0053,6,108000,10,648000,64800,583200
OD007106,ORD004557,PROD0097,6,130000,0,780000,0,780000
OD007107,ORD004558,PROD0023,1,98000,0,98000,0,98000
OD007108,ORD004559,PROD0035,7,98000,5,686000,34300,651700
OD007109,ORD004559,PROD0182,10,295189,0,2951890,0,2951890
OD007110,ORD004560,PROD0118,9,180000,0,1620000,0,1620000
OD007111,ORD004560,PROD0062,10,170000,5,1700000,85000,1615000
OD007112,ORD004561,PROD0008,5,70000,0,350000,0,350000
OD007113,ORD004561,PROD0157,8,250000,5,2000000,100000,1900000
OD007114,ORD004562,PROD0067,3,120000,2,360000,7200,352800
OD007115,ORD004563,PROD0092,3,150000,0,450000,0,450000
OD007116,ORD004563,PROD0125,10,195000,10,1950000,195000,1755000
OD007117,ORD004564,PROD0015,3,80000,5,240000,12000,228000
OD007118,ORD004565,PROD0125,8,195000,10,1560000,156000,1404000
OD007119,ORD004566,PROD0200,9,120944,0,1088496,0,1088496
OD007120,ORD004567,PROD0037,7,105000,5,735000,36750,698250
OD007121,ORD004568,PROD0188,1,254957,5,254957,12747.85,242209.15
OD007122,ORD004568,PROD0068,10,120000,10,1200000,120000,1080000
OD007123,ORD004568,PROD0002,3,50000,0,150000,0,150000
OD007124,ORD004569,PROD0092,10,150000,5,1500000,75000,1425000
OD007125,ORD004569,PROD0041,2,95000,0,190000,0,190000
OD007126,ORD004570,PROD0083,4,138000,10,552000,55200,496800
OD007127,ORD004570,PROD0035,8,98000,2,784000,15680,768320
OD007128,ORD004571,PROD0138,1,190000,5,190000,9500,180500
OD007129,ORD004571,PROD0073,4,128000,5,512000,25600,486400
OD007130,ORD004571,PROD0149,10,225000,0,2250000,0,2250000
OD007131,ORD004572,PROD0043,10,98000,0,980000,0,980000
OD007132,ORD004572,PROD0009,6,75000,2,450000,9000,441000
OD007133,ORD004573,PROD0066,9,114500,2,1030500,20610,1009890
OD007134,ORD004573,PROD0150,8,255000,2,2040000,40800,1999200
OD007135,ORD004574,PROD0197,10,221508,0,2215080,0,2215080
OD007136,ORD004574,PROD0176,5,450000,7,2250000,157500,2092500
OD007137,ORD004574,PROD0002,3,50000,7,150000,10500,139500
OD007138,ORD004575,PROD0183,9,324367,7,2919303,204351.21,2714951.79
OD007139,ORD004576,PROD0080,5,145000,2,725000,14500,710500
OD007140,ORD004577,PROD0012,6,75000,5,450000,22500,427500
OD007141,ORD004578,PROD0048,7,122200,5,855400,42770,812630
OD007142,ORD004578,PROD0177,9,120000,15,1080000,162000,918000
OD007143,ORD004579,PROD0120,10,190000,0,1900000,0,1900000
OD007144,ORD004579,PROD0033,4,98000,7,392000,27440,364560
OD007145,ORD004580,PROD0160,4,310000,5,1240000,62000,1178000
OD007146,ORD004581,PROD0068,9,120000,5,1080000,54000,1026000
OD007147,ORD004581,PROD0024,4,98000,0,392000,0,392000
OD007148,ORD004582,PROD0077,7,138000,7,966000,67620,898380
OD007149,ORD004582,PROD0154,7,200000,2,1400000,28000,1372000
OD007150,ORD004583,PROD0060,5,150000,2,750000,15000,735000
OD007151,ORD004584,PROD0033,7,98000,2,686000,13720,672280
OD007152,ORD004584,PROD0059,8,135000,10,1080000,108000,972000
OD007153,ORD004585,PROD0160,2,310000,5,620000,31000,589000
OD007154,ORD004585,PROD0034,2,98000,0,196000,0,196000
OD007155,ORD004586,PROD0093,5,155000,0,775000,0,775000
OD007156,ORD004587,PROD0132,9,285000,5,2565000,128250,2436750
OD007157,ORD004588,PROD0013,4,80000,10,320000,32000,288000
OD007158,ORD004588,PROD0117,5,175000,5,875000,43750,831250
OD007159,ORD004589,PROD0157,5,250000,5,1250000,62500,1187500
OD007160,ORD004590,PROD0123,8,170000,0,1360000,0,1360000
OD007161,ORD004591,PROD0038,2,111000,0,222000,0,222000
OD007162,ORD004591,PROD0105,7,135000,2,945000,18900,926100
OD007163,ORD004592,PROD0181,7,90661,5,634627,31731.35,602895.65
OD007164,ORD004593,PROD0045,3,110000,5,330000,16500,313500
OD007165,ORD004594,PROD0033,2,98000,0,196000,0,196000
OD007166,ORD004594,PROD0118,8,180000,0,1440000,0,1440000
OD007167,ORD004595,PROD0084,1,140000,2,140000,2800,137200
OD007168,ORD004595,PROD0131,3,280000,7,840000,58800,781200
OD007169,ORD004596,PROD0121,5,160000,0,800000,0,800000
OD007170,ORD004597,PROD0011,1,75000,5,75000,3750,71250
OD007171,ORD004598,PROD0146,1,185000,0,185000,0,185000
OD007172,ORD004599,PROD0198,7,26819,0,187733,0,187733
OD007173,ORD004600,PROD0028,7,95000,0,665000,0,665000
OD007174,ORD004600,PROD0116,10,162000,2,1620000,32400,1587600
OD007175,ORD004600,PROD0075,6,135000,0,810000,0,810000
OD007176,ORD004601,PROD0128,2,250000,2,500000,10000,490000
OD007177,ORD004602,PROD0118,6,180000,5,1080000,54000,1026000
OD007178,ORD004603,PROD0114,1,155500,10,155500,15550,139950
OD007179,ORD004603,PROD0028,1,95000,7,95000,6650,88350
OD007180,ORD004604,PROD0139,3,210000,2,630000,12600,617400
OD007181,ORD004604,PROD0135,2,350000,2,700000,14000,686000
OD007182,ORD004605,PROD0132,10,285000,5,2850000,142500,2707500
OD007183,ORD004605,PROD0039,7,115000,2,805000,16100,788900
OD007184,ORD004606,PROD0160,6,310000,7,1860000,130200,1729800
OD007185,ORD004607,PROD0043,1,98000,10,98000,9800,88200
OD007186,ORD004608,PROD0033,2,98000,0,196000,0,196000
OD007187,ORD004608,PROD0066,2,114500,2,229000,4580,224420
OD007188,ORD004608,PROD0033,7,98000,0,686000,0,686000
OD007189,ORD004609,PROD0067,8,120000,2,960000,19200,940800
OD007190,ORD004609,PROD0044,7,105000,2,735000,14700,720300
OD007191,ORD004610,PROD0016,2,80000,10,160000,16000,144000
OD007192,ORD004610,PROD0193,3,348268,2,1044804,20896.08,1023907.92
OD007193,ORD004611,PROD0136,5,380000,2,1900000,38000,1862000
OD007194,ORD004612,PROD0072,5,125000,2,625000,12500,612500
OD007195,ORD004612,PROD0077,1,138000,0,138000,0,138000
OD007196,ORD004613,PROD0064,5,150000,5,750000,37500,712500
OD007197,ORD004613,PROD0150,3,255000,0,765000,0,765000
OD007198,ORD004613,PROD0046,2,115000,5,230000,11500,218500
OD007199,ORD004614,PROD0019,9,95000,7,855000,59850,795150
OD007200,ORD004615,PROD0097,2,130000,7,260000,18200,241800
OD007201,ORD004616,PROD0045,8,110000,0,880000,0,880000
OD007202,ORD004617,PROD0182,1,295189,2,295189,5903.78,289285.22
OD007203,ORD004617,PROD0072,2,125000,7,250000,17500,232500
OD007204,ORD004618,PROD0135,9,350000,0,3150000,0,3150000
OD007205,ORD004619,PROD0080,3,145000,0,435000,0,435000
OD007206,ORD004620,PROD0038,1,111000,2,111000,2220,108780
OD007207,ORD004620,PROD0064,5,150000,5,750000,37500,712500
OD007208,ORD004621,PROD0168,3,320000,5,960000,48000,912000
OD007209,ORD004621,PROD0016,7,80000,10,560000,56000,504000
OD007210,ORD004622,PROD0190,6,309979,7,1859874,130191.18,1729682.82
OD007211,ORD004623,PROD0005,6,60000,15,360000,54000,306000
OD007212,ORD004623,PROD0143,1,285000,15,285000,42750,242250
OD007213,ORD004623,PROD0139,3,210000,0,630000,0,630000
OD007214,ORD004624,PROD0119,1,185000,0,185000,0,185000
OD007215,ORD004625,PROD0014,10,80000,7,800000,56000,744000
OD007216,ORD004626,PROD0135,1,350000,10,350000,35000,315000
OD007217,ORD004626,PROD0014,9,80000,5,720000,36000,684000
OD007218,ORD004627,PROD0148,9,210000,0,1890000,0,1890000
OD007219,ORD004627,PROD0156,7,225000,0,1575000,0,1575000
OD007220,ORD004628,PROD0172,9,277000,15,2493000,373950,2119050
OD007221,ORD004628,PROD0078,10,140000,0,1400000,0,1400000
OD007222,ORD004629,PROD0132,9,285000,10,2565000,256500,2308500
OD007223,ORD004629,PROD0037,3,105000,2,315000,6300,308700
OD007224,ORD004630,PROD0107,8,142000,10,1136000,113600,1022400
OD007225,ORD004630,PROD0145,3,170000,0,510000,0,510000
OD007226,ORD004631,PROD0037,2,105000,15,210000,31500,178500
OD007227,ORD004631,PROD0167,4,295000,5,1180000,59000,1121000
OD007228,ORD004632,PROD0075,10,135000,7,1350000,94500,1255500
OD007229,ORD004632,PROD0186,2,265147,0,530294,0,530294
OD007230,ORD004632,PROD0017,6,90000,0,540000,0,540000
OD007231,ORD004633,PROD0045,2,110000,0,220000,0,220000
OD007232,ORD004633,PROD0146,5,185000,7,925000,64750,860250
OD007233,ORD004633,PROD0039,10,115000,0,1150000,0,1150000
OD007234,ORD004634,PROD0199,10,63002,5,630020,31501,598519
OD007235,ORD004635,PROD0189,9,235752,0,2121768,0,2121768
OD007236,ORD004635,PROD0020,9,95000,5,855000,42750,812250
OD007237,ORD004636,PROD0170,6,245000,2,1470000,29400,1440600
OD007238,ORD004637,PROD0089,1,140000,10,140000,14000,126000
OD007239,ORD004637,PROD0169,7,220000,2,1540000,30800,1509200
OD007240,ORD004638,PROD0141,5,235000,10,1175000,117500,1057500
OD007241,ORD004639,PROD0063,3,140000,5,420000,21000,399000
OD007242,ORD004640,PROD0006,8,65000,0,520000,0,520000
OD007243,ORD004640,PROD0064,1,150000,10,150000,15000,135000
OD007244,ORD004640,PROD0088,2,155500,2,311000,6220,304780
OD007245,ORD004641,PROD0107,5,142000,5,710000,35500,674500
OD007246,ORD004641,PROD0159,2,285000,5,570000,28500,541500
OD007247,ORD004642,PROD0164,7,235000,7,1645000,115150,1529850
OD007248,ORD004643,PROD0059,8,135000,0,1080000,0,1080000
OD007249,ORD004644,PROD0039,7,115000,0,805000,0,805000
OD007250,ORD004645,PROD0132,2,285000,10,570000,57000,513000
OD007251,ORD004645,PROD0149,7,225000,2,1575000,31500,1543500
OD007252,ORD004646,PROD0122,10,165000,5,1650000,82500,1567500
OD007253,ORD004647,PROD0124,10,178000,10,1780000,178000,1602000
OD007254,ORD004647,PROD0141,2,235000,0,470000,0,470000
OD007255,ORD004648,PROD0082,3,138000,0,414000,0,414000
OD007256,ORD004648,PROD0049,2,95000,0,190000,0,190000
OD007257,ORD004649,PROD0158,3,265000,10,795000,79500,715500
OD007258,ORD004649,PROD0034,10,98000,15,980000,147000,833000
OD007259,ORD004650,PROD0012,1,75000,10,75000,7500,67500
OD007260,ORD004651,PROD0004,6,60000,2,360000,7200,352800
OD007261,ORD004651,PROD0080,10,145000,5,1450000,72500,1377500
OD007262,ORD004652,PROD0097,9,130000,10,1170000,117000,1053000
OD007263,ORD004652,PROD0109,5,150000,10,750000,75000,675000
OD007264,ORD004653,PROD0038,6,111000,0,666000,0,666000
OD007265,ORD004654,PROD0086,5,148000,0,740000,0,740000
OD007266,ORD004655,PROD0131,7,280000,2,1960000,39200,1920800
OD007267,ORD004655,PROD0059,10,135000,7,1350000,94500,1255500
OD007268,ORD004656,PROD0110,6,155000,2,930000,18600,911400
OD007269,ORD004657,PROD0055,5,120000,0,600000,0,600000
OD007270,ORD004658,PROD0167,10,295000,10,2950000,295000,2655000
OD007271,ORD004659,PROD0089,4,140000,2,560000,11200,548800
OD007272,ORD004660,PROD0161,1,195000,0,195000,0,195000
OD007273,ORD004660,PROD0068,3,120000,5,360000,18000,342000
OD007274,ORD004661,PROD0073,7,128000,10,896000,89600,806400
OD007275,ORD004661,PROD0152,5,285000,5,1425000,71250,1353750
OD007276,ORD004661,PROD0060,9,150000,15,1350000,202500,1147500
OD007277,ORD004662,PROD0144,7,295000,10,2065000,206500,1858500
OD007278,ORD004662,PROD0017,6,90000,0,540000,0,540000
OD007279,ORD004663,PROD0169,10,220000,2,2200000,44000,2156000
OD007280,ORD004664,PROD0152,8,285000,0,2280000,0,2280000
OD007281,ORD004665,PROD0113,2,150000,5,300000,15000,285000
OD007282,ORD004666,PROD0100,8,135000,5,1080000,54000,1026000
OD007283,ORD004666,PROD0075,7,135000,7,945000,66150,878850
OD007284,ORD004667,PROD0068,10,120000,5,1200000,60000,1140000
OD007285,ORD004667,PROD0063,1,140000,0,140000,0,140000
OD007286,ORD004668,PROD0141,2,235000,0,470000,0,470000
OD007287,ORD004668,PROD0041,9,95000,5,855000,42750,812250
OD007288,ORD004668,PROD0055,10,120000,0,1200000,0,1200000
OD007289,ORD004669,PROD0079,3,142000,0,426000,0,426000
OD007290,ORD004670,PROD0096,10,165000,10,1650000,165000,1485000
OD007291,ORD004671,PROD0054,1,115000,5,115000,5750,109250
OD007292,ORD004671,PROD0088,8,155500,5,1244000,62200,1181800
OD007293,ORD004672,PROD0162,4,210000,0,840000,0,840000
OD007294,ORD004673,PROD0055,7,120000,10,840000,84000,756000
OD007295,ORD004674,PROD0035,9,98000,10,882000,88200,793800
OD007296,ORD004675,PROD0159,6,285000,2,1710000,34200,1675800
OD007297,ORD004676,PROD0055,3,120000,0,360000,0,360000
OD007298,ORD004677,PROD0142,10,265000,7,2650000,185500,2464500
OD007299,ORD004678,PROD0191,3,100130,5,300390,15019.5,285370.5
OD007300,ORD004678,PROD0104,6,155000,10,930000,93000,837000
OD007301,ORD004679,PROD0110,2,155000,5,310000,15500,294500
OD007302,ORD004679,PROD0139,9,210000,10,1890000,189000,1701000
OD007303,ORD004680,PROD0026,10,85000,7,850000,59500,790500
OD007304,ORD004681,PROD0018,4,94000,2,376000,7520,368480
OD007305,ORD004682,PROD0037,5,105000,7,525000,36750,488250
OD007306,ORD004682,PROD0086,5,148000,2,740000,14800,725200
OD007307,ORD004683,PROD0168,10,320000,2,3200000,64000,3136000
OD007308,ORD004683,PROD0121,7,160000,2,1120000,22400,1097600
OD007309,ORD004683,PROD0172,1,277000,2,277000,5540,271460
OD007310,ORD004684,PROD0079,8,142000,7,1136000,79520,1056480
OD007311,ORD004684,PROD0162,5,210000,0,1050000,0,1050000
OD007312,ORD004685,PROD0143,1,285000,2,285000,5700,279300
OD007313,ORD004686,PROD0021,5,95000,5,475000,23750,451250
OD007314,ORD004686,PROD0105,1,135000,0,135000,0,135000
OD007315,ORD004687,PROD0127,3,225000,0,675000,0,675000
OD007316,ORD004687,PROD0077,8,138000,7,1104000,77280,1026720
OD007317,ORD004688,PROD0155,5,220000,5,1100000,55000,1045000
OD007318,ORD004689,PROD0084,5,140000,15,700000,105000,595000
OD007319,ORD004690,PROD0142,4,265000,7,1060000,74200,985800
OD007320,ORD004690,PROD0144,9,295000,5,2655000,132750,2522250
OD007321,ORD004690,PROD0045,3,110000,0,330000,0,330000
OD007322,ORD004691,PROD0014,10,80000,0,800000,0,800000
OD007323,ORD004691,PROD0176,4,450000,5,1800000,90000,1710000
OD007324,ORD004691,PROD0168,4,320000,5,1280000,64000,1216000
OD007325,ORD004692,PROD0191,7,100130,2,700910,14018.2,686891.8
OD007326,ORD004693,PROD0012,8,75000,2,600000,12000,588000
OD007327,ORD004693,PROD0140,5,225000,0,1125000,0,1125000
OD007328,ORD004694,PROD0027,7,92000,2,644000,12880,631120
OD007329,ORD004695,PROD0097,5,130000,0,650000,0,650000
OD007330,ORD004695,PROD0163,8,225000,5,1800000,90000,1710000
OD007331,ORD004696,PROD0051,9,102500,5,922500,46125,876375
OD007332,ORD004697,PROD0075,9,135000,5,1215000,60750,1154250
OD007333,ORD004698,PROD0099,7,134000,7,938000,65660,872340
OD007334,ORD004699,PROD0092,3,150000,5,450000,22500,427500
OD007335,ORD004700,PROD0005,7,60000,7,420000,29400,390600
OD007336,ORD004700,PROD0075,7,135000,0,945000,0,945000
OD007337,ORD004700,PROD0170,3,245000,10,735000,73500,661500
OD007338,ORD004701,PROD0019,9,95000,2,855000,17100,837900
OD007339,ORD004701,PROD0070,8,126000,5,1008000,50400,957600
OD007340,ORD004702,PROD0122,5,165000,0,825000,0,825000
OD007341,ORD004703,PROD0077,1,138000,0,138000,0,138000
OD007342,ORD004704,PROD0138,8,190000,10,1520000,152000,1368000
OD007343,ORD004705,PROD0054,3,115000,0,345000,0,345000
OD007344,ORD004706,PROD0038,8,111000,5,888000,44400,843600
OD007345,ORD004707,PROD0185,5,232339,0,1161695,0,1161695
OD007346,ORD004708,PROD0151,8,265000,0,2120000,0,2120000
OD007347,ORD004709,PROD0060,9,150000,15,1350000,202500,1147500
OD007348,ORD004709,PROD0020,1,95000,5,95000,4750,90250
OD007349,ORD004709,PROD0088,1,155500,5,155500,7775,147725
OD007350,ORD004710,PROD0155,7,220000,0,1540000,0,1540000
OD007351,ORD004710,PROD0123,5,170000,0,850000,0,850000
OD007352,ORD004711,PROD0141,7,235000,5,1645000,82250,1562750
OD007353,ORD004712,PROD0106,2,140000,0,280000,0,280000
OD007354,ORD004712,PROD0183,9,324367,0,2919303,0,2919303
OD007355,ORD004713,PROD0024,3,98000,2,294000,5880,288120
OD007356,ORD004714,PROD0163,2,225000,0,450000,0,450000
OD007357,ORD004714,PROD0194,5,285723,10,1428615,142861.5,1285753.5
OD007358,ORD004715,PROD0169,9,220000,5,1980000,99000,1881000
OD007359,ORD004716,PROD0057,1,135000,0,135000,0,135000
OD007360,ORD004717,PROD0192,6,135661,5,813966,40698.3,773267.7
OD007361,ORD004718,PROD0193,9,348268,5,3134412,156720.6,2977691.4
OD007362,ORD004718,PROD0169,6,220000,2,1320000,26400,1293600
OD007363,ORD004718,PROD0064,1,150000,10,150000,15000,135000
OD007364,ORD004719,PROD0160,3,310000,5,930000,46500,883500
OD007365,ORD004719,PROD0172,6,277000,0,1662000,0,1662000
OD007366,ORD004720,PROD0040,7,115000,5,805000,40250,764750
OD007367,ORD004720,PROD0052,2,105000,7,210000,14700,195300
OD007368,ORD004721,PROD0152,4,285000,2,1140000,22800,1117200
OD007369,ORD004721,PROD0162,2,210000,10,420000,42000,378000
OD007370,ORD004722,PROD0127,6,225000,0,1350000,0,1350000
OD007371,ORD004722,PROD0109,5,150000,0,750000,0,750000
OD007372,ORD004723,PROD0193,7,348268,10,2437876,243787.6,2194088.4
OD007373,ORD004723,PROD0069,4,125000,0,500000,0,500000
OD007374,ORD004724,PROD0145,10,170000,0,1700000,0,1700000
OD007375,ORD004725,PROD0191,1,100130,0,100130,0,100130
OD007376,ORD004726,PROD0052,3,105000,7,315000,22050,292950
OD007377,ORD004726,PROD0015,1,80000,2,80000,1600,78400
OD007378,ORD004727,PROD0033,9,98000,7,882000,61740,820260
OD007379,ORD004727,PROD0134,3,310000,5,930000,46500,883500
OD007380,ORD004727,PROD0057,1,135000,7,135000,9450,125550
OD007381,ORD004728,PROD0143,8,285000,10,2280000,228000,2052000
OD007382,ORD004728,PROD0097,9,130000,7,1170000,81900,1088100
OD007383,ORD004729,PROD0173,9,299000,0,2691000,0,2691000
OD007384,ORD004729,PROD0131,3,280000,10,840000,84000,756000
OD007385,ORD004729,PROD0119,1,185000,2,185000,3700,181300
OD007386,ORD004730,PROD0044,3,105000,7,315000,22050,292950
OD007387,ORD004730,PROD0066,2,114500,5,229000,11450,217550
OD007388,ORD004731,PROD0047,8,120000,0,960000,0,960000
OD007389,ORD004732,PROD0013,4,80000,5,320000,16000,304000
OD007390,ORD004732,PROD0061,5,155000,5,775000,38750,736250
OD007391,ORD004732,PROD0190,7,309979,10,2169853,216985.3,1952867.7
OD007392,ORD004733,PROD0162,5,210000,2,1050000,21000,1029000
OD007393,ORD004733,PROD0048,3,122200,7,366600,25662,340938
OD007394,ORD004734,PROD0074,3,132000,5,396000,19800,376200
OD007395,ORD004735,PROD0145,3,170000,5,510000,25500,484500
OD007396,ORD004735,PROD0016,2,80000,2,160000,3200,156800
OD007397,ORD004736,PROD0145,6,170000,2,1020000,20400,999600
OD007398,ORD004737,PROD0110,3,155000,7,465000,32550,432450
OD007399,ORD004737,PROD0143,7,285000,5,1995000,99750,1895250
OD007400,ORD004738,PROD0002,4,50000,5,200000,10000,190000
OD007401,ORD004739,PROD0187,5,225148,10,1125740,112574,1013166
OD007402,ORD004740,PROD0135,9,350000,5,3150000,157500,2992500
OD007403,ORD004740,PROD0035,7,98000,7,686000,48020,637980
OD007404,ORD004741,PROD0169,3,220000,7,660000,46200,613800
OD007405,ORD004742,PROD0006,1,65000,2,65000,1300,63700
OD007406,ORD004743,PROD0034,8,98000,5,784000,39200,744800
OD007407,ORD004744,PROD0159,4,285000,15,1140000,171000,969000
OD007408,ORD004744,PROD0169,1,220000,5,220000,11000,209000
OD007409,ORD004745,PROD0020,7,95000,2,665000,13300,651700
OD007410,ORD004746,PROD0136,9,380000,0,3420000,0,3420000
OD007411,ORD004747,PROD0162,7,210000,0,1470000,0,1470000
OD007412,ORD004748,PROD0020,9,95000,7,855000,59850,795150
OD007413,ORD004749,PROD0015,2,80000,10,160000,16000,144000
OD007414,ORD004749,PROD0046,9,115000,7,1035000,72450,962550
OD007415,ORD004750,PROD0045,4,110000,7,440000,30800,409200
OD007416,ORD004750,PROD0046,6,115000,10,690000,69000,621000
OD007417,ORD004751,PROD0159,3,285000,2,855000,17100,837900
OD007418,ORD004751,PROD0042,7,98000,0,686000,0,686000
OD007419,ORD004752,PROD0107,9,142000,5,1278000,63900,1214100
OD007420,ORD004753,PROD0067,10,120000,10,1200000,120000,1080000
OD007421,ORD004753,PROD0064,3,150000,2,450000,9000,441000
OD007422,ORD004754,PROD0182,5,295189,7,1475945,103316.15,1372628.85
OD007423,ORD004755,PROD0064,9,150000,10,1350000,135000,1215000
OD007424,ORD004755,PROD0045,4,110000,0,440000,0,440000
OD007425,ORD004756,PROD0046,9,115000,2,1035000,20700,1014300
OD007426,ORD004757,PROD0186,6,265147,5,1590882,79544.1,1511337.9
OD007427,ORD004757,PROD0168,6,320000,2,1920000,38400,1881600
OD007428,ORD004758,PROD0110,10,155000,0,1550000,0,1550000
OD007429,ORD004758,PROD0111,9,16000,5,144000,7200,136800
OD007430,ORD004758,PROD0104,10,155000,7,1550000,108500,1441500
OD007431,ORD004759,PROD0118,1,180000,5,180000,9000,171000
OD007432,ORD004759,PROD0135,2,350000,10,700000,70000,630000
OD007433,ORD004760,PROD0012,2,75000,7,150000,10500,139500
OD007434,ORD004760,PROD0162,6,210000,7,1260000,88200,1171800
OD007435,ORD004761,PROD0152,5,285000,0,1425000,0,1425000
OD007436,ORD004762,PROD0192,3,135661,0,406983,0,406983
OD007437,ORD004763,PROD0086,7,148000,5,1036000,51800,984200
OD007438,ORD004764,PROD0001,3,50000,7,150000,10500,139500
OD007439,ORD004765,PROD0075,10,135000,2,1350000,27000,1323000
OD007440,ORD004765,PROD0080,4,145000,7,580000,40600,539400
OD007441,ORD004766,PROD0123,5,170000,5,850000,42500,807500
OD007442,ORD004766,PROD0036,1,102000,2,102000,2040,99960
OD007443,ORD004767,PROD0016,1,80000,2,80000,1600,78400
OD007444,ORD004767,PROD0031,2,100000,5,200000,10000,190000
OD007445,ORD004767,PROD0137,2,165000,5,330000,16500,313500
OD007446,ORD004768,PROD0030,1,100000,0,100000,0,100000
OD007447,ORD004768,PROD0127,5,225000,5,1125000,56250,1068750
OD007448,ORD004768,PROD0142,8,265000,0,2120000,0,2120000
OD007449,ORD004769,PROD0114,7,155500,5,1088500,54425,1034075
OD007450,ORD004770,PROD0011,9,75000,10,675000,67500,607500
OD007451,ORD004770,PROD0023,6,98000,0,588000,0,588000
OD007452,ORD004770,PROD0168,2,320000,5,640000,32000,608000
OD007453,ORD004771,PROD0125,9,195000,7,1755000,122850,1632150
OD007454,ORD004771,PROD0151,9,265000,2,2385000,47700,2337300
OD007455,ORD004772,PROD0189,3,235752,2,707256,14145.12,693110.88
OD007456,ORD004772,PROD0082,9,138000,5,1242000,62100,1179900
OD007457,ORD004773,PROD0180,6,142869,10,857214,85721.4,771492.6
OD007458,ORD004774,PROD0086,4,148000,10,592000,59200,532800
OD007459,ORD004775,PROD0181,2,90661,0,181322,0,181322
OD007460,ORD004776,PROD0136,10,380000,15,3800000,570000,3230000
OD007461,ORD004777,PROD0045,7,110000,0,770000,0,770000
OD007462,ORD004778,PROD0003,5,60000,0,300000,0,300000
OD007463,ORD004779,PROD0184,8,79485,7,635880,44511.6,591368.4
OD007464,ORD004780,PROD0078,8,140000,10,1120000,112000,1008000
OD007465,ORD004780,PROD0173,6,299000,0,1794000,0,1794000
OD007466,ORD004781,PROD0037,3,105000,2,315000,6300,308700
OD007467,ORD004782,PROD0092,5,150000,0,750000,0,750000
OD007468,ORD004782,PROD0037,7,105000,5,735000,36750,698250
OD007469,ORD004783,PROD0024,2,98000,5,196000,9800,186200
OD007470,ORD004784,PROD0111,2,16000,5,32000,1600,30400
OD007471,ORD004785,PROD0089,10,140000,0,1400000,0,1400000
OD007472,ORD004786,PROD0050,6,98000,0,588000,0,588000
OD007473,ORD004786,PROD0068,7,120000,7,840000,58800,781200
OD007474,ORD004787,PROD0076,5,135000,0,675000,0,675000
OD007475,ORD004788,PROD0045,9,110000,0,990000,0,990000
OD007476,ORD004788,PROD0144,4,295000,2,1180000,23600,1156400
OD007477,ORD004789,PROD0060,1,150000,5,150000,7500,142500
OD007478,ORD004790,PROD0125,8,195000,10,1560000,156000,1404000
OD007479,ORD004791,PROD0148,3,210000,0,630000,0,630000
OD007480,ORD004792,PROD0067,8,120000,2,960000,19200,940800
OD007481,ORD004793,PROD0013,5,80000,10,400000,40000,360000
OD007482,ORD004793,PROD0010,4,75000,7,300000,21000,279000
OD007483,ORD004793,PROD0118,6,180000,5,1080000,54000,1026000
OD007484,ORD004794,PROD0006,5,65000,0,325000,0,325000
OD007485,ORD004794,PROD0025,5,82000,5,410000,20500,389500
OD007486,ORD004795,PROD0098,3,132000,15,396000,59400,336600
OD007487,ORD004796,PROD0058,4,145000,5,580000,29000,551000
OD007488,ORD004796,PROD0085,4,145000,7,580000,40600,539400
OD007489,ORD004797,PROD0141,5,235000,5,1175000,58750,1116250
OD007490,ORD004797,PROD0160,10,310000,2,3100000,62000,3038000
OD007491,ORD004798,PROD0078,4,140000,2,560000,11200,548800
OD007492,ORD004799,PROD0017,7,90000,7,630000,44100,585900
OD007493,ORD004799,PROD0040,1,115000,5,115000,5750,109250
OD007494,ORD004799,PROD0170,1,245000,2,245000,4900,240100
OD007495,ORD004800,PROD0003,7,60000,5,420000,21000,399000
OD007496,ORD004801,PROD0043,7,98000,15,686000,102900,583100
OD007497,ORD004802,PROD0194,8,285723,2,2285784,45715.68,2240068.32
OD007498,ORD004802,PROD0071,6,128000,0,768000,0,768000
OD007499,ORD004803,PROD0007,4,70000,5,280000,14000,266000
OD007500,ORD004803,PROD0172,1,277000,2,277000,5540,271460
OD007501,ORD004803,PROD0148,10,210000,5,2100000,105000,1995000
OD007502,ORD004804,PROD0168,2,320000,15,640000,96000,544000
OD007503,ORD004805,PROD0136,10,380000,5,3800000,190000,3610000
OD007504,ORD004806,PROD0103,3,148000,2,444000,8880,435120
OD007505,ORD004806,PROD0142,6,265000,15,1590000,238500,1351500
OD007506,ORD004807,PROD0017,1,90000,5,90000,4500,85500
OD007507,ORD004807,PROD0021,8,95000,2,760000,15200,744800
OD007508,ORD004808,PROD0119,5,185000,2,925000,18500,906500
OD007509,ORD004809,PROD0094,6,158000,5,948000,47400,900600
OD007510,ORD004809,PROD0153,2,195000,2,390000,7800,382200
OD007511,ORD004809,PROD0187,3,225148,7,675444,47281.08,628162.92
OD007512,ORD004810,PROD0053,5,108000,0,540000,0,540000
OD007513,ORD004811,PROD0067,1,120000,0,120000,0,120000
OD007514,ORD004811,PROD0037,8,105000,0,840000,0,840000
OD007515,ORD004812,PROD0161,4,195000,10,780000,78000,702000
OD007516,ORD004812,PROD0100,8,135000,0,1080000,0,1080000
OD007517,ORD004813,PROD0069,2,125000,5,250000,12500,237500
OD007518,ORD004814,PROD0150,1,255000,10,255000,25500,229500
OD007519,ORD004815,PROD0094,10,158000,0,1580000,0,1580000
OD007520,ORD004816,PROD0101,3,138000,10,414000,41400,372600
OD007521,ORD004816,PROD0167,10,295000,7,2950000,206500,2743500
OD007522,ORD004817,PROD0048,7,122200,0,855400,0,855400
OD007523,ORD004818,PROD0132,6,285000,15,1710000,256500,1453500
OD007524,ORD004818,PROD0174,7,325000,10,2275000,227500,2047500
OD007525,ORD004819,PROD0176,6,450000,0,2700000,0,2700000
OD007526,ORD004820,PROD0175,4,435000,10,1740000,174000,1566000
OD007527,ORD004821,PROD0043,10,98000,5,980000,49000,931000
OD007528,ORD004822,PROD0132,1,285000,10,285000,28500,256500
OD007529,ORD004823,PROD0115,8,158000,5,1264000,63200,1200800
OD007530,ORD004824,PROD0015,7,80000,7,560000,39200,520800
OD007531,ORD004824,PROD0108,2,145000,10,290000,29000,261000
OD007532,ORD004824,PROD0047,7,120000,7,840000,58800,781200
OD007533,ORD004825,PROD0104,10,155000,0,1550000,0,1550000
OD007534,ORD004825,PROD0124,3,178000,5,534000,26700,507300
OD007535,ORD004826,PROD0140,6,225000,10,1350000,135000,1215000
OD007536,ORD004827,PROD0157,4,250000,10,1000000,100000,900000
OD007537,ORD004827,PROD0117,1,175000,7,175000,12250,162750
OD007538,ORD004827,PROD0095,1,162000,2,162000,3240,158760
OD007539,ORD004828,PROD0195,2,160472,10,320944,32094.4,288849.6
OD007540,ORD004829,PROD0061,7,155000,0,1085000,0,1085000
OD007541,ORD004829,PROD0060,8,150000,7,1200000,84000,1116000
OD007542,ORD004829,PROD0177,1,120000,5,120000,6000,114000
OD007543,ORD004830,PROD0194,2,285723,10,571446,57144.6,514301.4
OD007544,ORD004831,PROD0077,9,138000,5,1242000,62100,1179900
OD007545,ORD004832,PROD0173,9,299000,2,2691000,53820,2637180
OD007546,ORD004832,PROD0184,6,79485,10,476910,47691,429219
OD007547,ORD004833,PROD0171,8,255000,2,2040000,40800,1999200
OD007548,ORD004834,PROD0107,3,142000,5,426000,21300,404700
OD007549,ORD004834,PROD0152,1,285000,10,285000,28500,256500
OD007550,ORD004835,PROD0123,10,170000,0,1700000,0,1700000
OD007551,ORD004835,PROD0007,4,70000,2,280000,5600,274400
OD007552,ORD004836,PROD0025,4,82000,10,328000,32800,295200
OD007553,ORD004837,PROD0189,6,235752,10,1414512,141451.2,1273060.8
OD007554,ORD004838,PROD0054,7,115000,0,805000,0,805000
OD007555,ORD004839,PROD0035,1,98000,2,98000,1960,96040
OD007556,ORD004839,PROD0195,6,160472,2,962832,19256.64,943575.36
OD007557,ORD004840,PROD0068,6,120000,15,720000,108000,612000
OD007558,ORD004841,PROD0144,8,295000,5,2360000,118000,2242000
OD007559,ORD004842,PROD0158,10,265000,2,2650000,53000,2597000
OD007560,ORD004843,PROD0096,8,165000,10,1320000,132000,1188000
OD007561,ORD004844,PROD0127,7,225000,7,1575000,110250,1464750
OD007562,ORD004845,PROD0105,9,135000,7,1215000,85050,1129950
OD007563,ORD004846,PROD0091,5,148000,5,740000,37000,703000
OD007564,ORD004847,PROD0018,1,94000,2,94000,1880,92120
OD007565,ORD004847,PROD0021,9,95000,0,855000,0,855000
OD007566,ORD004848,PROD0157,10,250000,5,2500000,125000,2375000
OD007567,ORD004848,PROD0171,10,255000,2,2550000,51000,2499000
OD007568,ORD004849,PROD0015,10,80000,5,800000,40000,760000
OD007569,ORD004850,PROD0062,10,170000,10,1700000,170000,1530000
OD007570,ORD004850,PROD0078,7,140000,7,980000,68600,911400
OD007571,ORD004851,PROD0009,1,75000,7,75000,5250,69750
OD007572,ORD004852,PROD0083,8,138000,7,1104000,77280,1026720
OD007573,ORD004853,PROD0191,1,100130,2,100130,2002.6,98127.4
OD007574,ORD004854,PROD0121,2,160000,5,320000,16000,304000
OD007575,ORD004855,PROD0183,7,324367,5,2270569,113528.45,2157040.55
OD007576,ORD004855,PROD0084,10,140000,0,1400000,0,1400000
OD007577,ORD004856,PROD0152,3,285000,5,855000,42750,812250
OD007578,ORD004857,PROD0193,2,348268,2,696536,13930.72,682605.28
OD007579,ORD004857,PROD0108,6,145000,0,870000,0,870000
OD007580,ORD004858,PROD0160,4,310000,15,1240000,186000,1054000
OD007581,ORD004859,PROD0040,9,115000,2,1035000,20700,1014300
OD007582,ORD004860,PROD0192,2,135661,2,271322,5426.44,265895.56
OD007583,ORD004861,PROD0198,10,26819,5,268190,13409.5,254780.5
OD007584,ORD004862,PROD0104,3,155000,5,465000,23250,441750
OD007585,ORD004863,PROD0021,4,95000,15,380000,57000,323000
OD007586,ORD004864,PROD0061,7,155000,0,1085000,0,1085000
OD007587,ORD004865,PROD0061,9,155000,7,1395000,97650,1297350
OD007588,ORD004865,PROD0197,5,221508,0,1107540,0,1107540
OD007589,ORD004865,PROD0012,6,75000,0,450000,0,450000
OD007590,ORD004866,PROD0017,7,90000,0,630000,0,630000
OD007591,ORD004866,PROD0167,7,295000,2,2065000,41300,2023700
OD007592,ORD004867,PROD0186,8,265147,10,2121176,212117.6,1909058.4
OD007593,ORD004867,PROD0052,2,105000,0,210000,0,210000
OD007594,ORD004868,PROD0020,10,95000,5,950000,47500,902500
OD007595,ORD004868,PROD0190,1,309979,5,309979,15498.95,294480.05
OD007596,ORD004868,PROD0162,3,210000,0,630000,0,630000
OD007597,ORD004869,PROD0146,8,185000,5,1480000,74000,1406000
OD007598,ORD004870,PROD0156,3,225000,10,675000,67500,607500
OD007599,ORD004870,PROD0190,6,309979,5,1859874,92993.7,1766880.3
OD007600,ORD004871,PROD0132,2,285000,2,570000,11400,558600
OD007601,ORD004871,PROD0021,9,95000,0,855000,0,855000
OD007602,ORD004871,PROD0157,4,250000,5,1000000,50000,950000
OD007603,ORD004872,PROD0018,2,94000,0,188000,0,188000
OD007604,ORD004873,PROD0018,2,94000,0,188000,0,188000
OD007605,ORD004873,PROD0097,2,130000,0,260000,0,260000
OD007606,ORD004874,PROD0075,8,135000,0,1080000,0,1080000
OD007607,ORD004875,PROD0114,1,155500,15,155500,23325,132175
OD007608,ORD004876,PROD0068,6,120000,2,720000,14400,705600
OD007609,ORD004877,PROD0169,7,220000,0,1540000,0,1540000
OD007610,ORD004878,PROD0197,4,221508,5,886032,44301.6,841730.4
OD007611,ORD004879,PROD0194,7,285723,5,2000061,100003.05,1900057.95
OD007612,ORD004879,PROD0095,3,162000,5,486000,24300,461700
OD007613,ORD004880,PROD0106,5,140000,5,700000,35000,665000
OD007614,ORD004881,PROD0010,1,75000,0,75000,0,75000
OD007615,ORD004882,PROD0176,2,450000,7,900000,63000,837000
OD007616,ORD004883,PROD0052,2,105000,2,210000,4200,205800
OD007617,ORD004883,PROD0050,1,98000,15,98000,14700,83300
OD007618,ORD004883,PROD0169,4,220000,5,880000,44000,836000
OD007619,ORD004884,PROD0197,3,221508,5,664524,33226.2,631297.8
OD007620,ORD004884,PROD0179,3,65000,2,195000,3900,191100
OD007621,ORD004885,PROD0005,1,60000,5,60000,3000,57000
OD007622,ORD004886,PROD0186,8,265147,5,2121176,106058.8,2015117.2
OD007623,ORD004886,PROD0085,10,145000,5,1450000,72500,1377500
OD007624,ORD004887,PROD0029,8,100000,15,800000,120000,680000
OD007625,ORD004887,PROD0031,2,100000,2,200000,4000,196000
OD007626,ORD004888,PROD0138,8,190000,0,1520000,0,1520000
OD007627,ORD004888,PROD0162,3,210000,2,630000,12600,617400
OD007628,ORD004889,PROD0081,4,135000,0,540000,0,540000
OD007629,ORD004889,PROD0121,8,160000,5,1280000,64000,1216000
OD007630,ORD004890,PROD0148,3,210000,10,630000,63000,567000
OD007631,ORD004891,PROD0085,10,145000,0,1450000,0,1450000
OD007632,ORD004892,PROD0165,9,255000,0,2295000,0,2295000
OD007633,ORD004892,PROD0059,7,135000,0,945000,0,945000
OD007634,ORD004893,PROD0053,6,108000,5,648000,32400,615600
OD007635,ORD004893,PROD0096,3,165000,7,495000,34650,460350
OD007636,ORD004894,PROD0101,7,138000,5,966000,48300,917700
OD007637,ORD004895,PROD0063,5,140000,5,700000,35000,665000
OD007638,ORD004895,PROD0066,7,114500,7,801500,56105,745395
OD007639,ORD004896,PROD0061,1,155000,10,155000,15500,139500
OD007640,ORD004896,PROD0092,4,150000,2,600000,12000,588000
OD007641,ORD004897,PROD0139,2,210000,5,420000,21000,399000
OD007642,ORD004898,PROD0059,5,135000,5,675000,33750,641250
OD007643,ORD004898,PROD0137,8,165000,2,1320000,26400,1293600
OD007644,ORD004899,PROD0068,2,120000,5,240000,12000,228000
OD007645,ORD004900,PROD0039,9,115000,5,1035000,51750,983250
OD007646,ORD004901,PROD0055,9,120000,0,1080000,0,1080000
OD007647,ORD004902,PROD0164,3,235000,0,705000,0,705000
OD007648,ORD004903,PROD0060,2,150000,7,300000,21000,279000
OD007649,ORD004904,PROD0130,8,250000,0,2000000,0,2000000
OD007650,ORD004905,PROD0116,8,162000,5,1296000,64800,1231200
OD007651,ORD004906,PROD0139,7,210000,0,1470000,0,1470000
OD007652,ORD004907,PROD0121,2,160000,10,320000,32000,288000
OD007653,ORD004908,PROD0200,6,120944,5,725664,36283.2,689380.8
OD007654,ORD004909,PROD0185,3,232339,0,697017,0,697017
OD007655,ORD004910,PROD0065,3,110000,10,330000,33000,297000
OD007656,ORD004910,PROD0079,6,142000,0,852000,0,852000
OD007657,ORD004911,PROD0074,10,132000,10,1320000,132000,1188000
OD007658,ORD004911,PROD0132,2,285000,15,570000,85500,484500
OD007659,ORD004912,PROD0098,3,132000,5,396000,19800,376200
OD007660,ORD004913,PROD0194,3,285723,10,857169,85716.9,771452.1
OD007661,ORD004913,PROD0144,3,295000,10,885000,88500,796500
OD007662,ORD004914,PROD0094,10,158000,5,1580000,79000,1501000
OD007663,ORD004915,PROD0064,2,150000,0,300000,0,300000
OD007664,ORD004916,PROD0156,2,225000,0,450000,0,450000
OD007665,ORD004917,PROD0166,7,267000,0,1869000,0,1869000
OD007666,ORD004917,PROD0194,4,285723,5,1142892,57144.6,1085747.4
OD007667,ORD004918,PROD0110,10,155000,0,1550000,0,1550000
OD007668,ORD004918,PROD0158,6,265000,5,1590000,79500,1510500
OD007669,ORD004919,PROD0177,2,120000,0,240000,0,240000
OD007670,ORD004919,PROD0017,5,90000,10,450000,45000,405000
OD007671,ORD004920,PROD0030,2,100000,0,200000,0,200000
OD007672,ORD004920,PROD0039,5,115000,5,575000,28750,546250
OD007673,ORD004920,PROD0046,10,115000,0,1150000,0,1150000
OD007674,ORD004921,PROD0059,5,135000,5,675000,33750,641250
OD007675,ORD004922,PROD0001,7,50000,2,350000,7000,343000
OD007676,ORD004922,PROD0138,4,190000,5,760000,38000,722000
OD007677,ORD004922,PROD0122,10,165000,0,1650000,0,1650000
OD007678,ORD004923,PROD0135,6,350000,5,2100000,105000,1995000
OD007679,ORD004923,PROD0157,8,250000,5,2000000,100000,1900000
OD007680,ORD004924,PROD0028,8,95000,10,760000,76000,684000
OD007681,ORD004924,PROD0066,8,114500,0,916000,0,916000
OD007682,ORD004925,PROD0090,10,145000,0,1450000,0,1450000
OD007683,ORD004926,PROD0054,5,115000,15,575000,86250,488750
OD007684,ORD004927,PROD0085,2,145000,5,290000,14500,275500
OD007685,ORD004928,PROD0093,3,155000,7,465000,32550,432450
OD007686,ORD004929,PROD0138,3,190000,0,570000,0,570000
OD007687,ORD004930,PROD0045,6,110000,5,660000,33000,627000
OD007688,ORD004931,PROD0053,1,108000,2,108000,2160,105840
OD007689,ORD004932,PROD0057,4,135000,10,540000,54000,486000
OD007690,ORD004933,PROD0048,8,122200,2,977600,19552,958048
OD007691,ORD004933,PROD0166,5,267000,5,1335000,66750,1268250
OD007692,ORD004933,PROD0120,4,190000,2,760000,15200,744800
OD007693,ORD004934,PROD0161,6,195000,0,1170000,0,1170000
OD007694,ORD004935,PROD0017,2,90000,0,180000,0,180000
OD007695,ORD004935,PROD0142,1,265000,5,265000,13250,251750
OD007696,ORD004935,PROD0134,8,310000,5,2480000,124000,2356000
OD007697,ORD004936,PROD0158,7,265000,7,1855000,129850,1725150
OD007698,ORD004937,PROD0088,7,155500,10,1088500,108850,979650
OD007699,ORD004938,PROD0149,4,225000,0,900000,0,900000
OD007700,ORD004939,PROD0108,3,145000,7,435000,30450,404550
OD007701,ORD004940,PROD0162,9,210000,10,1890000,189000,1701000
OD007702,ORD004941,PROD0161,8,195000,7,1560000,109200,1450800
OD007703,ORD004942,PROD0169,1,220000,5,220000,11000,209000
OD007704,ORD004942,PROD0037,10,105000,10,1050000,105000,945000
OD007705,ORD004943,PROD0144,6,295000,10,1770000,177000,1593000
OD007706,ORD004944,PROD0042,3,98000,2,294000,5880,288120
OD007707,ORD004945,PROD0096,4,165000,5,660000,33000,627000
OD007708,ORD004946,PROD0181,6,90661,5,543966,27198.3,516767.7
OD007709,ORD004946,PROD0026,1,85000,0,85000,0,85000
OD007710,ORD004947,PROD0149,1,225000,0,225000,0,225000
OD007711,ORD004947,PROD0062,5,170000,5,850000,42500,807500
OD007712,ORD004947,PROD0053,10,108000,5,1080000,54000,1026000
OD007713,ORD004948,PROD0011,5,75000,5,375000,18750,356250
OD007714,ORD004949,PROD0145,9,170000,7,1530000,107100,1422900
OD007715,ORD004950,PROD0166,8,267000,7,2136000,149520,1986480
OD007716,ORD004950,PROD0092,9,150000,0,1350000,0,1350000
OD007717,ORD004950,PROD0040,2,115000,0,230000,0,230000
OD007718,ORD004951,PROD0124,10,178000,5,1780000,89000,1691000
OD007719,ORD004951,PROD0196,9,332371,2,2991339,59826.78,2931512.22
OD007720,ORD004951,PROD0158,9,265000,15,2385000,357750,2027250
OD007721,ORD004952,PROD0152,1,285000,5,285000,14250,270750
OD007722,ORD004952,PROD0009,3,75000,0,225000,0,225000
OD007723,ORD004953,PROD0180,6,142869,0,857214,0,857214
OD007724,ORD004953,PROD0123,7,170000,7,1190000,83300,1106700
OD007725,ORD004954,PROD0130,7,250000,2,1750000,35000,1715000
OD007726,ORD004955,PROD0068,10,120000,0,1200000,0,1200000
OD007727,ORD004956,PROD0177,1,120000,0,120000,0,120000
OD007728,ORD004957,PROD0104,3,155000,5,465000,23250,441750
OD007729,ORD004957,PROD0050,1,98000,5,98000,4900,93100
OD007730,ORD004958,PROD0073,6,128000,0,768000,0,768000
OD007731,ORD004958,PROD0045,3,110000,5,330000,16500,313500
OD007732,ORD004959,PROD0189,7,235752,5,1650264,82513.2,1567750.8
OD007733,ORD004960,PROD0161,4,195000,7,780000,54600,725400
OD007734,ORD004961,PROD0120,3,190000,0,570000,0,570000
OD007735,ORD004961,PROD0154,4,200000,0,800000,0,800000
OD007736,ORD004962,PROD0170,7,245000,7,1715000,120050,1594950
OD007737,ORD004963,PROD0070,10,126000,2,1260000,25200,1234800
OD007738,ORD004963,PROD0052,2,105000,10,210000,21000,189000
OD007739,ORD004964,PROD0183,2,324367,5,648734,32436.7,616297.3
OD007740,ORD004964,PROD0073,10,128000,0,1280000,0,1280000
OD007741,ORD004965,PROD0009,9,75000,5,675000,33750,641250
OD007742,ORD004966,PROD0158,9,265000,0,2385000,0,2385000
OD007743,ORD004967,PROD0045,10,110000,7,1100000,77000,1023000
OD007744,ORD004968,PROD0047,3,120000,0,360000,0,360000
OD007745,ORD004969,PROD0141,2,235000,10,470000,47000,423000
OD007746,ORD004970,PROD0200,7,120944,7,846608,59262.56,787345.44
OD007747,ORD004970,PROD0018,8,94000,5,752000,37600,714400
OD007748,ORD004971,PROD0133,9,295000,5,2655000,132750,2522250
OD007749,ORD004972,PROD0067,10,120000,15,1200000,180000,1020000
OD007750,ORD004972,PROD0180,9,142869,10,1285821,128582.1,1157238.9
OD007751,ORD004973,PROD0180,3,142869,10,428607,42860.7,385746.3
OD007752,ORD004974,PROD0021,3,95000,10,285000,28500,256500
OD007753,ORD004974,PROD0010,6,75000,2,450000,9000,441000
OD007754,ORD004975,PROD0083,3,138000,0,414000,0,414000
OD007755,ORD004976,PROD0013,8,80000,0,640000,0,640000
OD007756,ORD004976,PROD0068,9,120000,15,1080000,162000,918000
OD007757,ORD004977,PROD0035,8,98000,15,784000,117600,666400
OD007758,ORD004978,PROD0195,1,160472,0,160472,0,160472
OD007759,ORD004978,PROD0142,9,265000,0,2385000,0,2385000
OD007760,ORD004979,PROD0029,3,100000,5,300000,15000,285000
OD007761,ORD004980,PROD0125,4,195000,5,780000,39000,741000
OD007762,ORD004980,PROD0150,6,255000,5,1530000,76500,1453500
OD007763,ORD004980,PROD0162,2,210000,10,420000,42000,378000
OD007764,ORD004981,PROD0127,8,225000,5,1800000,90000,1710000
OD007765,ORD004982,PROD0118,7,180000,5,1260000,63000,1197000
OD007766,ORD004982,PROD0171,5,255000,5,1275000,63750,1211250
OD007767,ORD004983,PROD0051,4,102500,5,410000,20500,389500
OD007768,ORD004984,PROD0196,3,332371,5,997113,49855.65,947257.35
OD007769,ORD004985,PROD0043,7,98000,7,686000,48020,637980
OD007770,ORD004985,PROD0162,10,210000,10,2100000,210000,1890000
OD007771,ORD004986,PROD0194,5,285723,10,1428615,142861.5,1285753.5
OD007772,ORD004987,PROD0051,10,102500,5,1025000,51250,973750
OD007773,ORD004987,PROD0131,5,280000,0,1400000,0,1400000
OD007774,ORD004988,PROD0167,1,295000,10,295000,29500,265500
OD007775,ORD004989,PROD0060,9,150000,5,1350000,67500,1282500
OD007776,ORD004989,PROD0106,4,140000,2,560000,11200,548800
OD007777,ORD004990,PROD0161,7,195000,5,1365000,68250,1296750
OD007778,ORD004991,PROD0131,5,280000,2,1400000,28000,1372000
OD007779,ORD004992,PROD0162,7,210000,10,1470000,147000,1323000
OD007780,ORD004992,PROD0057,8,135000,2,1080000,21600,1058400
OD007781,ORD004993,PROD0102,10,143000,2,1430000,28600,1401400
OD007782,ORD004993,PROD0164,10,235000,7,2350000,164500,2185500
OD007783,ORD004994,PROD0046,3,115000,0,345000,0,345000
OD007784,ORD004994,PROD0089,1,140000,5,140000,7000,133000
OD007785,ORD004995,PROD0106,7,140000,2,980000,19600,960400
OD007786,ORD004995,PROD0162,3,210000,2,630000,12600,617400
OD007787,ORD004996,PROD0151,4,265000,0,1060000,0,1060000
OD007788,ORD004996,PROD0086,8,148000,0,1184000,0,1184000
OD007789,ORD004997,PROD0191,6,100130,5,600780,30039,570741
OD007790,ORD004997,PROD0124,6,178000,5,1068000,53400,1014600
OD007791,ORD004998,PROD0124,9,178000,10,1602000,160200,1441800
OD007792,ORD004999,PROD0021,7,95000,2,665000,13300,651700
OD007793,ORD005000,PROD0046,10,115000,0,1150000,0,1150000
OD007794,ORD005000,PROD0019,2,95000,5,190000,9500,180500
OD007795,ORD005001,PROD0004,5,60000,0,300000,0,300000
OD007796,ORD005002,PROD0191,5,100130,0,500650,0,500650
OD007797,ORD005002,PROD0057,9,135000,5,1215000,60750,1154250
OD007798,ORD005002,PROD0146,9,185000,5,1665000,83250,1581750
OD007799,ORD005003,PROD0105,4,135000,2,540000,10800,529200
OD007800,ORD005003,PROD0035,10,98000,7,980000,68600,911400
OD007801,ORD005003,PROD0163,7,225000,2,1575000,31500,1543500
OD007802,ORD005004,PROD0120,3,190000,0,570000,0,570000
OD007803,ORD005004,PROD0151,9,265000,0,2385000,0,2385000
OD007804,ORD005005,PROD0157,2,250000,15,500000,75000,425000
OD007805,ORD005006,PROD0164,7,235000,0,1645000,0,1645000
OD007806,ORD005006,PROD0120,10,190000,2,1900000,38000,1862000
OD007807,ORD005007,PROD0033,8,98000,0,784000,0,784000
OD007808,ORD005008,PROD0090,6,145000,5,870000,43500,826500
OD007809,ORD005009,PROD0147,9,195000,0,1755000,0,1755000
OD007810,ORD005009,PROD0168,2,320000,0,640000,0,640000
OD007811,ORD005010,PROD0105,3,135000,5,405000,20250,384750
OD007812,ORD005010,PROD0011,7,75000,7,525000,36750,488250
OD007813,ORD005011,PROD0199,8,63002,5,504016,25200.8,478815.2
OD007814,ORD005012,PROD0127,3,225000,5,675000,33750,641250
OD007815,ORD005012,PROD0112,7,170000,15,1190000,178500,1011500
OD007816,ORD005013,PROD0095,8,162000,0,1296000,0,1296000
OD007817,ORD005013,PROD0087,6,150000,5,900000,45000,855000
OD007818,ORD005014,PROD0130,2,250000,0,500000,0,500000
OD007819,ORD005015,PROD0126,10,210000,5,2100000,105000,1995000
OD007820,ORD005016,PROD0059,4,135000,5,540000,27000,513000
OD007821,ORD005016,PROD0079,5,142000,7,710000,49700,660300
OD007822,ORD005017,PROD0033,6,98000,5,588000,29400,558600
OD007823,ORD005018,PROD0064,3,150000,0,450000,0,450000
OD007824,ORD005019,PROD0195,1,160472,15,160472,24070.8,136401.2
OD007825,ORD005020,PROD0051,9,102500,0,922500,0,922500
OD007826,ORD005020,PROD0173,8,299000,0,2392000,0,2392000
OD007827,ORD005021,PROD0089,2,140000,10,280000,28000,252000
OD007828,ORD005021,PROD0182,6,295189,5,1771134,88556.7,1682577.3
OD007829,ORD005022,PROD0115,8,158000,10,1264000,126400,1137600
OD007830,ORD005022,PROD0154,10,200000,0,2000000,0,2000000
OD007831,ORD005023,PROD0078,10,140000,0,1400000,0,1400000
OD007832,ORD005023,PROD0013,1,80000,2,80000,1600,78400
OD007833,ORD005024,PROD0072,9,125000,0,1125000,0,1125000
OD007834,ORD005024,PROD0126,2,210000,7,420000,29400,390600
OD007835,ORD005025,PROD0047,7,120000,0,840000,0,840000
OD007836,ORD005025,PROD0077,6,138000,0,828000,0,828000
OD007837,ORD005026,PROD0009,10,75000,5,750000,37500,712500
OD007838,ORD005027,PROD0067,6,120000,0,720000,0,720000
OD007839,ORD005028,PROD0020,5,95000,0,475000,0,475000
OD007840,ORD005029,PROD0050,7,98000,2,686000,13720,672280
OD007841,ORD005030,PROD0077,1,138000,2,138000,2760,135240
OD007842,ORD005031,PROD0037,1,105000,2,105000,2100,102900
OD007843,ORD005032,PROD0017,8,90000,5,720000,36000,684000
OD007844,ORD005033,PROD0028,5,95000,5,475000,23750,451250
OD007845,ORD005034,PROD0131,8,280000,5,2240000,112000,2128000
OD007846,ORD005035,PROD0025,5,82000,0,410000,0,410000
OD007847,ORD005036,PROD0007,9,70000,0,630000,0,630000
OD007848,ORD005036,PROD0143,4,285000,10,1140000,114000,1026000
OD007849,ORD005037,PROD0093,5,155000,0,775000,0,775000
OD007850,ORD005037,PROD0187,3,225148,10,675444,67544.4,607899.6
OD007851,ORD005038,PROD0077,2,138000,0,276000,0,276000
OD007852,ORD005038,PROD0077,2,138000,5,276000,13800,262200
OD007853,ORD005039,PROD0010,2,75000,5,150000,7500,142500
OD007854,ORD005040,PROD0022,1,95000,5,95000,4750,90250
OD007855,ORD005040,PROD0168,4,320000,2,1280000,25600,1254400
OD007856,ORD005041,PROD0045,5,110000,10,550000,55000,495000
OD007857,ORD005041,PROD0015,8,80000,7,640000,44800,595200
OD007858,ORD005042,PROD0150,9,255000,5,2295000,114750,2180250
OD007859,ORD005043,PROD0200,6,120944,10,725664,72566.4,653097.6
OD007860,ORD005044,PROD0070,6,126000,0,756000,0,756000
OD007861,ORD005045,PROD0077,2,138000,7,276000,19320,256680
OD007862,ORD005046,PROD0133,3,295000,15,885000,132750,752250
OD007863,ORD005047,PROD0022,3,95000,15,285000,42750,242250
OD007864,ORD005048,PROD0042,5,98000,0,490000,0,490000
OD007865,ORD005049,PROD0175,4,435000,7,1740000,121800,1618200
OD007866,ORD005050,PROD0152,3,285000,0,855000,0,855000
OD007867,ORD005051,PROD0030,5,100000,5,500000,25000,475000
OD007868,ORD005051,PROD0132,2,285000,5,570000,28500,541500
OD007869,ORD005051,PROD0192,9,135661,5,1220949,61047.45,1159901.55
OD007870,ORD005052,PROD0045,8,110000,2,880000,17600,862400
OD007871,ORD005053,PROD0044,10,105000,0,1050000,0,1050000
OD007872,ORD005053,PROD0187,3,225148,2,675444,13508.88,661935.12
OD007873,ORD005054,PROD0193,6,348268,0,2089608,0,2089608
OD007874,ORD005055,PROD0105,9,135000,2,1215000,24300,1190700
OD007875,ORD005055,PROD0096,4,165000,5,660000,33000,627000
OD007876,ORD005056,PROD0044,10,105000,5,1050000,52500,997500
OD007877,ORD005056,PROD0012,2,75000,5,150000,7500,142500
OD007878,ORD005057,PROD0114,2,155500,7,311000,21770,289230
OD007879,ORD005057,PROD0031,6,100000,0,600000,0,600000
OD007880,ORD005058,PROD0084,4,140000,10,560000,56000,504000
OD007881,ORD005058,PROD0188,7,254957,2,1784699,35693.98,1749005.02
OD007882,ORD005059,PROD0184,9,79485,0,715365,0,715365
OD007883,ORD005059,PROD0093,4,155000,0,620000,0,620000
OD007884,ORD005060,PROD0062,8,170000,7,1360000,95200,1264800
OD007885,ORD005060,PROD0196,4,332371,5,1329484,66474.2,1263009.8
OD007886,ORD005061,PROD0178,1,115000,0,115000,0,115000
OD007887,ORD005062,PROD0121,9,160000,10,1440000,144000,1296000
OD007888,ORD005063,PROD0149,6,225000,5,1350000,67500,1282500
OD007889,ORD005063,PROD0088,7,155500,5,1088500,54425,1034075
OD007890,ORD005064,PROD0136,4,380000,0,1520000,0,1520000
OD007891,ORD005065,PROD0111,5,16000,2,80000,1600,78400
OD007892,ORD005066,PROD0037,9,105000,2,945000,18900,926100
OD007893,ORD005066,PROD0014,6,80000,0,480000,0,480000
OD007894,ORD005066,PROD0018,2,94000,10,188000,18800,169200
OD007895,ORD005067,PROD0160,6,310000,0,1860000,0,1860000
OD007896,ORD005067,PROD0173,2,299000,0,598000,0,598000
OD007897,ORD005067,PROD0103,2,148000,2,296000,5920,290080
OD007898,ORD005068,PROD0115,10,158000,5,1580000,79000,1501000
OD007899,ORD005069,PROD0184,9,79485,2,715365,14307.3,701057.7
OD007900,ORD005070,PROD0194,9,285723,0,2571507,0,2571507
OD007901,ORD005071,PROD0144,1,295000,0,295000,0,295000
OD007902,ORD005072,PROD0104,10,155000,10,1550000,155000,1395000
OD007903,ORD005072,PROD0090,3,145000,7,435000,30450,404550
OD007904,ORD005072,PROD0119,2,185000,5,370000,18500,351500
OD007905,ORD005073,PROD0150,6,255000,7,1530000,107100,1422900
OD007906,ORD005074,PROD0200,4,120944,10,483776,48377.6,435398.4
OD007907,ORD005075,PROD0133,5,295000,0,1475000,0,1475000
OD007908,ORD005075,PROD0144,9,295000,7,2655000,185850,2469150
OD007909,ORD005076,PROD0006,6,65000,0,390000,0,390000
OD007910,ORD005077,PROD0073,3,128000,10,384000,38400,345600
OD007911,ORD005077,PROD0056,10,125000,5,1250000,62500,1187500
OD007912,ORD005077,PROD0166,8,267000,7,2136000,149520,1986480
OD007913,ORD005078,PROD0052,3,105000,5,315000,15750,299250
OD007914,ORD005079,PROD0060,1,150000,2,150000,3000,147000
OD007915,ORD005080,PROD0131,2,280000,7,560000,39200,520800
OD007916,ORD005080,PROD0106,3,140000,2,420000,8400,411600
OD007917,ORD005080,PROD0082,2,138000,5,276000,13800,262200
OD007918,ORD005081,PROD0048,10,122200,0,1222000,0,1222000
OD007919,ORD005082,PROD0180,1,142869,10,142869,14286.9,128582.1
OD007920,ORD005082,PROD0199,10,63002,0,630020,0,630020
OD007921,ORD005083,PROD0013,8,80000,5,640000,32000,608000
OD007922,ORD005084,PROD0187,1,225148,10,225148,22514.8,202633.2
OD007923,ORD005084,PROD0165,5,255000,5,1275000,63750,1211250
OD007924,ORD005085,PROD0175,1,435000,5,435000,21750,413250
OD007925,ORD005086,PROD0089,3,140000,5,420000,21000,399000
OD007926,ORD005086,PROD0081,3,135000,2,405000,8100,396900
OD007927,ORD005087,PROD0123,7,170000,0,1190000,0,1190000
OD007928,ORD005087,PROD0146,2,185000,7,370000,25900,344100
OD007929,ORD005087,PROD0187,8,225148,15,1801184,270177.6,1531006.4
OD007930,ORD005088,PROD0053,8,108000,7,864000,60480,803520
OD007931,ORD005089,PROD0194,10,285723,10,2857230,285723,2571507
OD007932,ORD005090,PROD0078,6,140000,10,840000,84000,756000
OD007933,ORD005090,PROD0133,4,295000,2,1180000,23600,1156400
OD007934,ORD005091,PROD0161,8,195000,2,1560000,31200,1528800
OD007935,ORD005091,PROD0131,7,280000,5,1960000,98000,1862000
OD007936,ORD005091,PROD0012,3,75000,0,225000,0,225000
OD007937,ORD005092,PROD0176,3,450000,0,1350000,0,1350000
OD007938,ORD005093,PROD0010,7,75000,0,525000,0,525000
OD007939,ORD005093,PROD0108,9,145000,5,1305000,65250,1239750
OD007940,ORD005093,PROD0133,6,295000,5,1770000,88500,1681500
OD007941,ORD005094,PROD0051,10,102500,0,1025000,0,1025000
OD007942,ORD005094,PROD0155,6,220000,0,1320000,0,1320000
OD007943,ORD005095,PROD0120,7,190000,7,1330000,93100,1236900
OD007944,ORD005095,PROD0077,4,138000,5,552000,27600,524400
OD007945,ORD005096,PROD0031,7,100000,7,700000,49000,651000
OD007946,ORD005097,PROD0135,1,350000,0,350000,0,350000
OD007947,ORD005098,PROD0021,7,95000,5,665000,33250,631750
OD007948,ORD005098,PROD0181,5,90661,0,453305,0,453305
OD007949,ORD005099,PROD0023,6,98000,15,588000,88200,499800
OD007950,ORD005099,PROD0020,10,95000,10,950000,95000,855000
OD007951,ORD005100,PROD0042,5,98000,2,490000,9800,480200
OD007952,ORD005101,PROD0167,7,295000,0,2065000,0,2065000
OD007953,ORD005101,PROD0170,8,245000,0,1960000,0,1960000
OD007954,ORD005102,PROD0117,2,175000,0,350000,0,350000
OD007955,ORD005102,PROD0160,10,310000,5,3100000,155000,2945000
OD007956,ORD005103,PROD0085,6,145000,0,870000,0,870000
OD007957,ORD005104,PROD0200,8,120944,0,967552,0,967552
OD007958,ORD005104,PROD0011,2,75000,2,150000,3000,147000
OD007959,ORD005105,PROD0123,4,170000,7,680000,47600,632400
OD007960,ORD005106,PROD0077,10,138000,0,1380000,0,1380000
OD007961,ORD005107,PROD0071,6,128000,0,768000,0,768000
OD007962,ORD005108,PROD0159,1,285000,0,285000,0,285000
OD007963,ORD005109,PROD0154,6,200000,0,1200000,0,1200000
OD007964,ORD005109,PROD0109,9,150000,0,1350000,0,1350000
OD007965,ORD005110,PROD0175,1,435000,7,435000,30450,404550
OD007966,ORD005110,PROD0036,2,102000,15,204000,30600,173400
OD007967,ORD005111,PROD0016,5,80000,0,400000,0,400000
OD007968,ORD005112,PROD0047,5,120000,0,600000,0,600000
OD007969,ORD005113,PROD0020,2,95000,0,190000,0,190000
OD007970,ORD005113,PROD0170,2,245000,0,490000,0,490000
OD007971,ORD005114,PROD0103,6,148000,10,888000,88800,799200
OD007972,ORD005115,PROD0087,6,150000,5,900000,45000,855000
OD007973,ORD005115,PROD0100,1,135000,2,135000,2700,132300
OD007974,ORD005115,PROD0020,8,95000,0,760000,0,760000
OD007975,ORD005116,PROD0130,4,250000,0,1000000,0,1000000
OD007976,ORD005116,PROD0195,10,160472,0,1604720,0,1604720
OD007977,ORD005117,PROD0029,10,100000,5,1000000,50000,950000
OD007978,ORD005117,PROD0051,7,102500,5,717500,35875,681625
OD007979,ORD005117,PROD0156,1,225000,0,225000,0,225000
OD007980,ORD005118,PROD0160,2,310000,0,620000,0,620000
OD007981,ORD005118,PROD0057,3,135000,7,405000,28350,376650
OD007982,ORD005119,PROD0003,5,60000,5,300000,15000,285000
OD007983,ORD005119,PROD0144,4,295000,0,1180000,0,1180000
OD007984,ORD005119,PROD0052,8,105000,5,840000,42000,798000
OD007985,ORD005120,PROD0162,6,210000,10,1260000,126000,1134000
OD007986,ORD005120,PROD0068,3,120000,2,360000,7200,352800
OD007987,ORD005121,PROD0196,10,332371,7,3323710,232659.7,3091050.3
OD007988,ORD005122,PROD0172,9,277000,10,2493000,249300,2243700
OD007989,ORD005122,PROD0014,7,80000,2,560000,11200,548800
OD007990,ORD005123,PROD0150,3,255000,10,765000,76500,688500
OD007991,ORD005124,PROD0144,9,295000,2,2655000,53100,2601900
OD007992,ORD005124,PROD0062,8,170000,0,1360000,0,1360000
OD007993,ORD005125,PROD0184,2,79485,7,158970,11127.9,147842.1
OD007994,ORD005126,PROD0158,2,265000,0,530000,0,530000
OD007995,ORD005126,PROD0054,3,115000,0,345000,0,345000
OD007996,ORD005127,PROD0163,7,225000,5,1575000,78750,1496250
OD007997,ORD005127,PROD0143,9,285000,5,2565000,128250,2436750
OD007998,ORD005128,PROD0103,2,148000,0,296000,0,296000
OD007999,ORD005128,PROD0179,1,65000,7,65000,4550,60450
OD008000,ORD005129,PROD0102,7,143000,0,1001000,0,1001000
OD008001,ORD005130,PROD0055,5,120000,0,600000,0,600000
OD008002,ORD005130,PROD0102,1,143000,5,143000,7150,135850
OD008003,ORD005130,PROD0097,5,130000,7,650000,45500,604500
OD008004,ORD005131,PROD0034,1,98000,5,98000,4900,93100
OD008005,ORD005131,PROD0115,10,158000,5,1580000,79000,1501000
OD008006,ORD005132,PROD0163,9,225000,10,2025000,202500,1822500
OD008007,ORD005133,PROD0176,5,450000,2,2250000,45000,2205000
OD008008,ORD005134,PROD0143,9,285000,5,2565000,128250,2436750
OD008009,ORD005135,PROD0098,10,132000,5,1320000,66000,1254000
OD008010,ORD005136,PROD0170,1,245000,10,245000,24500,220500
OD008011,ORD005136,PROD0187,6,225148,7,1350888,94562.16,1256325.84
OD008012,ORD005137,PROD0164,3,235000,0,705000,0,705000
OD008013,ORD005138,PROD0159,3,285000,7,855000,59850,795150
OD008014,ORD005139,PROD0158,7,265000,5,1855000,92750,1762250
OD008015,ORD005139,PROD0098,2,132000,7,264000,18480,245520
OD008016,ORD005140,PROD0157,10,250000,0,2500000,0,2500000
OD008017,ORD005141,PROD0077,5,138000,10,690000,69000,621000
OD008018,ORD005141,PROD0189,9,235752,7,2121768,148523.76,1973244.24
OD008019,ORD005142,PROD0177,1,120000,10,120000,12000,108000
OD008020,ORD005143,PROD0122,8,165000,10,1320000,132000,1188000
OD008021,ORD005144,PROD0144,4,295000,0,1180000,0,1180000
OD008022,ORD005144,PROD0166,8,267000,7,2136000,149520,1986480
OD008023,ORD005144,PROD0116,6,162000,7,972000,68040,903960
OD008024,ORD005145,PROD0161,6,195000,5,1170000,58500,1111500
OD008025,ORD005146,PROD0148,6,210000,2,1260000,25200,1234800
OD008026,ORD005147,PROD0055,5,120000,0,600000,0,600000
OD008027,ORD005147,PROD0031,5,100000,5,500000,25000,475000
OD008028,ORD005147,PROD0114,10,155500,0,1555000,0,1555000
OD008029,ORD005148,PROD0001,10,50000,10,500000,50000,450000
OD008030,ORD005149,PROD0146,6,185000,5,1110000,55500,1054500
OD008031,ORD005149,PROD0137,2,165000,2,330000,6600,323400
OD008032,ORD005150,PROD0021,1,95000,0,95000,0,95000
OD008033,ORD005150,PROD0062,10,170000,0,1700000,0,1700000
OD008034,ORD005150,PROD0107,2,142000,0,284000,0,284000
OD008035,ORD005151,PROD0146,7,185000,0,1295000,0,1295000
OD008036,ORD005152,PROD0001,8,50000,5,400000,20000,380000
OD008037,ORD005152,PROD0112,9,170000,7,1530000,107100,1422900
OD008038,ORD005153,PROD0049,4,95000,10,380000,38000,342000
OD008039,ORD005153,PROD0080,7,145000,5,1015000,50750,964250
OD008040,ORD005154,PROD0098,5,132000,5,660000,33000,627000
OD008041,ORD005154,PROD0040,3,115000,0,345000,0,345000
OD008042,ORD005154,PROD0062,8,170000,10,1360000,136000,1224000
OD008043,ORD005155,PROD0083,8,138000,2,1104000,22080,1081920
OD008044,ORD005155,PROD0155,6,220000,7,1320000,92400,1227600
OD008045,ORD005156,PROD0058,9,145000,7,1305000,91350,1213650
OD008046,ORD005156,PROD0128,7,250000,0,1750000,0,1750000
OD008047,ORD005157,PROD0073,8,128000,5,1024000,51200,972800
OD008048,ORD005158,PROD0054,8,115000,10,920000,92000,828000
OD008049,ORD005158,PROD0023,9,98000,5,882000,44100,837900
OD008050,ORD005159,PROD0004,7,60000,5,420000,21000,399000
OD008051,ORD005159,PROD0069,1,125000,2,125000,2500,122500
OD008052,ORD005160,PROD0051,10,102500,0,1025000,0,1025000
OD008053,ORD005160,PROD0151,10,265000,0,2650000,0,2650000
OD008054,ORD005160,PROD0104,8,155000,10,1240000,124000,1116000
OD008055,ORD005161,PROD0012,10,75000,2,750000,15000,735000
OD008056,ORD005162,PROD0153,3,195000,0,585000,0,585000
OD008057,ORD005163,PROD0080,9,145000,2,1305000,26100,1278900
OD008058,ORD005163,PROD0121,2,160000,2,320000,6400,313600
OD008059,ORD005163,PROD0026,7,85000,2,595000,11900,583100
OD008060,ORD005164,PROD0012,6,75000,0,450000,0,450000
OD008061,ORD005164,PROD0021,9,95000,2,855000,17100,837900
OD008062,ORD005165,PROD0094,6,158000,10,948000,94800,853200
OD008063,ORD005166,PROD0177,7,120000,0,840000,0,840000
OD008064,ORD005167,PROD0192,4,135661,2,542644,10852.88,531791.12
OD008065,ORD005167,PROD0161,5,195000,7,975000,68250,906750
OD008066,ORD005167,PROD0181,4,90661,0,362644,0,362644
OD008067,ORD005168,PROD0154,10,200000,10,2000000,200000,1800000
OD008068,ORD005168,PROD0149,6,225000,5,1350000,67500,1282500
OD008069,ORD005168,PROD0085,3,145000,5,435000,21750,413250
OD008070,ORD005169,PROD0057,1,135000,0,135000,0,135000
OD008071,ORD005170,PROD0126,9,210000,0,1890000,0,1890000
OD008072,ORD005170,PROD0005,7,60000,10,420000,42000,378000
OD008073,ORD005171,PROD0036,5,102000,0,510000,0,510000
OD008074,ORD005172,PROD0092,3,150000,2,450000,9000,441000
OD008075,ORD005173,PROD0127,3,225000,5,675000,33750,641250
OD008076,ORD005173,PROD0075,7,135000,0,945000,0,945000
OD008077,ORD005174,PROD0155,6,220000,7,1320000,92400,1227600
OD008078,ORD005175,PROD0136,6,380000,5,2280000,114000,2166000
OD008079,ORD005176,PROD0053,7,108000,10,756000,75600,680400
OD008080,ORD005177,PROD0015,10,80000,0,800000,0,800000
OD008081,ORD005178,PROD0055,2,120000,0,240000,0,240000
OD008082,ORD005179,PROD0185,7,232339,0,1626373,0,1626373
OD008083,ORD005179,PROD0046,8,115000,2,920000,18400,901600
OD008084,ORD005179,PROD0148,5,210000,15,1050000,157500,892500
OD008085,ORD005180,PROD0138,4,190000,5,760000,38000,722000
OD008086,ORD005181,PROD0195,6,160472,0,962832,0,962832
OD008087,ORD005181,PROD0185,8,232339,0,1858712,0,1858712
OD008088,ORD005182,PROD0174,4,325000,5,1300000,65000,1235000
OD008089,ORD005183,PROD0062,2,170000,0,340000,0,340000
OD008090,ORD005183,PROD0087,1,150000,0,150000,0,150000
OD008091,ORD005184,PROD0098,1,132000,5,132000,6600,125400
OD008092,ORD005184,PROD0133,10,295000,5,2950000,147500,2802500
OD008093,ORD005185,PROD0029,2,100000,0,200000,0,200000
OD008094,ORD005185,PROD0170,7,245000,5,1715000,85750,1629250
OD008095,ORD005185,PROD0129,2,235000,5,470000,23500,446500
OD008096,ORD005186,PROD0041,6,95000,5,570000,28500,541500
OD008097,ORD005187,PROD0010,8,75000,0,600000,0,600000
OD008098,ORD005188,PROD0002,2,50000,7,100000,7000,93000
OD008099,ORD005189,PROD0073,5,128000,5,640000,32000,608000
OD008100,ORD005190,PROD0062,5,170000,2,850000,17000,833000
OD008101,ORD005190,PROD0031,8,100000,2,800000,16000,784000
OD008102,ORD005191,PROD0088,6,155500,5,933000,46650,886350
OD008103,ORD005191,PROD0005,8,60000,10,480000,48000,432000
OD008104,ORD005192,PROD0125,6,195000,5,1170000,58500,1111500
OD008105,ORD005193,PROD0089,3,140000,0,420000,0,420000
OD008106,ORD005193,PROD0053,6,108000,0,648000,0,648000
OD008107,ORD005194,PROD0092,10,150000,2,1500000,30000,1470000
OD008108,ORD005194,PROD0089,5,140000,0,700000,0,700000
OD008109,ORD005195,PROD0169,8,220000,5,1760000,88000,1672000
OD008110,ORD005196,PROD0130,7,250000,5,1750000,87500,1662500
OD008111,ORD005196,PROD0047,1,120000,2,120000,2400,117600
OD008112,ORD005197,PROD0165,1,255000,10,255000,25500,229500
OD008113,ORD005197,PROD0067,6,120000,15,720000,108000,612000
OD008114,ORD005198,PROD0046,2,115000,5,230000,11500,218500
OD008115,ORD005198,PROD0146,5,185000,5,925000,46250,878750
OD008116,ORD005198,PROD0160,5,310000,0,1550000,0,1550000
OD008117,ORD005199,PROD0002,5,50000,10,250000,25000,225000
OD008118,ORD005199,PROD0188,8,254957,0,2039656,0,2039656
OD008119,ORD005200,PROD0127,4,225000,5,900000,45000,855000
OD008120,ORD005200,PROD0082,2,138000,5,276000,13800,262200
OD008121,ORD005201,PROD0151,5,265000,2,1325000,26500,1298500
OD008122,ORD005202,PROD0111,9,16000,0,144000,0,144000
OD008123,ORD005202,PROD0191,4,100130,5,400520,20026,380494
OD008124,ORD005203,PROD0002,8,50000,2,400000,8000,392000
OD008125,ORD005203,PROD0107,5,142000,0,710000,0,710000
OD008126,ORD005203,PROD0143,2,285000,10,570000,57000,513000
OD008127,ORD005204,PROD0007,6,70000,5,420000,21000,399000
OD008128,ORD005205,PROD0175,5,435000,7,2175000,152250,2022750
OD008129,ORD005206,PROD0070,8,126000,2,1008000,20160,987840
OD008130,ORD005206,PROD0004,7,60000,0,420000,0,420000
OD008131,ORD005207,PROD0078,2,140000,0,280000,0,280000
OD008132,ORD005208,PROD0169,1,220000,2,220000,4400,215600
OD008133,ORD005209,PROD0192,2,135661,0,271322,0,271322
OD008134,ORD005209,PROD0030,7,100000,15,700000,105000,595000
OD008135,ORD005210,PROD0079,5,142000,0,710000,0,710000
OD008136,ORD005210,PROD0169,4,220000,0,880000,0,880000
OD008137,ORD005211,PROD0005,5,60000,10,300000,30000,270000
OD008138,ORD005212,PROD0109,1,150000,7,150000,10500,139500
OD008139,ORD005213,PROD0109,6,150000,15,900000,135000,765000
OD008140,ORD005214,PROD0075,2,135000,0,270000,0,270000
OD008141,ORD005215,PROD0064,7,150000,0,1050000,0,1050000
OD008142,ORD005216,PROD0189,2,235752,7,471504,33005.28,438498.72
OD008143,ORD005216,PROD0072,3,125000,7,375000,26250,348750
OD008144,ORD005217,PROD0123,10,170000,2,1700000,34000,1666000
OD008145,ORD005217,PROD0152,7,285000,10,1995000,199500,1795500
OD008146,ORD005218,PROD0008,9,70000,7,630000,44100,585900
OD008147,ORD005218,PROD0166,5,267000,2,1335000,26700,1308300
OD008148,ORD005218,PROD0154,8,200000,7,1600000,112000,1488000
OD008149,ORD005219,PROD0039,5,115000,0,575000,0,575000
OD008150,ORD005219,PROD0037,7,105000,2,735000,14700,720300
OD008151,ORD005219,PROD0114,6,155500,0,933000,0,933000
OD008152,ORD005220,PROD0185,1,232339,2,232339,4646.78,227692.22
OD008153,ORD005220,PROD0179,7,65000,0,455000,0,455000
OD008154,ORD005220,PROD0034,2,98000,7,196000,13720,182280
OD008155,ORD005221,PROD0121,7,160000,10,1120000,112000,1008000
OD008156,ORD005222,PROD0098,2,132000,0,264000,0,264000
OD008157,ORD005223,PROD0138,9,190000,2,1710000,34200,1675800
OD008158,ORD005224,PROD0105,6,135000,5,810000,40500,769500
OD008159,ORD005224,PROD0115,5,158000,0,790000,0,790000
OD008160,ORD005225,PROD0113,10,150000,2,1500000,30000,1470000
OD008161,ORD005225,PROD0004,10,60000,0,600000,0,600000
OD008162,ORD005225,PROD0107,3,142000,5,426000,21300,404700
OD008163,ORD005226,PROD0030,10,100000,10,1000000,100000,900000
OD008164,ORD005227,PROD0088,5,155500,5,777500,38875,738625
OD008165,ORD005228,PROD0109,4,150000,5,600000,30000,570000
OD008166,ORD005229,PROD0143,10,285000,7,2850000,199500,2650500
OD008167,ORD005230,PROD0170,9,245000,15,2205000,330750,1874250
OD008168,ORD005230,PROD0032,9,105000,5,945000,47250,897750
OD008169,ORD005231,PROD0118,5,180000,0,900000,0,900000
OD008170,ORD005232,PROD0158,6,265000,0,1590000,0,1590000
OD008171,ORD005233,PROD0066,10,114500,0,1145000,0,1145000
OD008172,ORD005233,PROD0008,1,70000,0,70000,0,70000
OD008173,ORD005233,PROD0186,10,265147,5,2651470,132573.5,2518896.5
OD008174,ORD005234,PROD0169,10,220000,2,2200000,44000,2156000
OD008175,ORD005235,PROD0142,5,265000,5,1325000,66250,1258750
OD008176,ORD005236,PROD0150,1,255000,0,255000,0,255000
OD008177,ORD005236,PROD0061,4,155000,10,620000,62000,558000
OD008178,ORD005237,PROD0160,2,310000,0,620000,0,620000
OD008179,ORD005238,PROD0199,7,63002,5,441014,22050.7,418963.3
OD008180,ORD005238,PROD0060,4,150000,5,600000,30000,570000
OD008181,ORD005239,PROD0095,4,162000,5,648000,32400,615600
OD008182,ORD005240,PROD0170,6,245000,0,1470000,0,1470000
OD008183,ORD005241,PROD0045,7,110000,5,770000,38500,731500
OD008184,ORD005242,PROD0139,2,210000,10,420000,42000,378000
OD008185,ORD005242,PROD0006,5,65000,7,325000,22750,302250
OD008186,ORD005243,PROD0194,1,285723,0,285723,0,285723
OD008187,ORD005244,PROD0015,6,80000,2,480000,9600,470400
OD008188,ORD005244,PROD0005,4,60000,7,240000,16800,223200
OD008189,ORD005244,PROD0084,4,140000,0,560000,0,560000
OD008190,ORD005245,PROD0159,2,285000,7,570000,39900,530100
OD008191,ORD005246,PROD0042,8,98000,10,784000,78400,705600
OD008192,ORD005246,PROD0125,3,195000,0,585000,0,585000
OD008193,ORD005247,PROD0068,7,120000,0,840000,0,840000
OD008194,ORD005247,PROD0198,7,26819,5,187733,9386.65,178346.35
OD008195,ORD005247,PROD0095,7,162000,2,1134000,22680,1111320
OD008196,ORD005248,PROD0089,1,140000,5,140000,7000,133000
OD008197,ORD005249,PROD0004,9,60000,2,540000,10800,529200
OD008198,ORD005249,PROD0056,7,125000,5,875000,43750,831250
OD008199,ORD005250,PROD0004,8,60000,0,480000,0,480000
OD008200,ORD005250,PROD0176,8,450000,0,3600000,0,3600000
OD008201,ORD005251,PROD0096,6,165000,2,990000,19800,970200
OD008202,ORD005251,PROD0066,8,114500,0,916000,0,916000
OD008203,ORD005252,PROD0050,3,98000,15,294000,44100,249900
OD008204,ORD005252,PROD0141,4,235000,2,940000,18800,921200
OD008205,ORD005253,PROD0129,4,235000,0,940000,0,940000
OD008206,ORD005254,PROD0067,4,120000,7,480000,33600,446400
OD008207,ORD005254,PROD0057,6,135000,2,810000,16200,793800
OD008208,ORD005254,PROD0190,8,309979,15,2479832,371974.8,2107857.2
OD008209,ORD005255,PROD0012,3,75000,0,225000,0,225000
OD008210,ORD005255,PROD0106,4,140000,5,560000,28000,532000
OD008211,ORD005256,PROD0194,8,285723,0,2285784,0,2285784
OD008212,ORD005257,PROD0064,8,150000,7,1200000,84000,1116000
OD008213,ORD005258,PROD0012,3,75000,5,225000,11250,213750
OD008214,ORD005259,PROD0165,2,255000,0,510000,0,510000
OD008215,ORD005260,PROD0181,4,90661,5,362644,18132.2,344511.8
OD008216,ORD005261,PROD0013,2,80000,7,160000,11200,148800
OD008217,ORD005261,PROD0076,7,135000,15,945000,141750,803250
OD008218,ORD005262,PROD0019,8,95000,0,760000,0,760000
OD008219,ORD005263,PROD0180,7,142869,0,1000083,0,1000083
OD008220,ORD005264,PROD0168,4,320000,5,1280000,64000,1216000
OD008221,ORD005264,PROD0163,4,225000,2,900000,18000,882000
OD008222,ORD005264,PROD0065,5,110000,7,550000,38500,511500
OD008223,ORD005265,PROD0143,8,285000,7,2280000,159600,2120400
OD008224,ORD005265,PROD0036,10,102000,0,1020000,0,1020000
OD008225,ORD005265,PROD0030,10,100000,2,1000000,20000,980000
OD008226,ORD005266,PROD0118,4,180000,0,720000,0,720000
OD008227,ORD005266,PROD0194,2,285723,7,571446,40001.22,531444.78
OD008228,ORD005267,PROD0051,1,102500,5,102500,5125,97375
OD008229,ORD005268,PROD0094,10,158000,15,1580000,237000,1343000
OD008230,ORD005268,PROD0198,10,26819,2,268190,5363.8,262826.2
OD008231,ORD005268,PROD0086,6,148000,5,888000,44400,843600
OD008232,ORD005269,PROD0165,1,255000,5,255000,12750,242250
OD008233,ORD005270,PROD0137,5,165000,5,825000,41250,783750
OD008234,ORD005271,PROD0178,8,115000,2,920000,18400,901600
OD008235,ORD005271,PROD0067,8,120000,2,960000,19200,940800
OD008236,ORD005271,PROD0167,8,295000,0,2360000,0,2360000
OD008237,ORD005272,PROD0165,8,255000,5,2040000,102000,1938000
OD008238,ORD005273,PROD0178,1,115000,7,115000,8050,106950
OD008239,ORD005274,PROD0182,7,295189,5,2066323,103316.15,1963006.85
OD008240,ORD005274,PROD0068,10,120000,15,1200000,180000,1020000
OD008241,ORD005275,PROD0166,5,267000,2,1335000,26700,1308300
OD008242,ORD005276,PROD0135,6,350000,0,2100000,0,2100000
OD008243,ORD005277,PROD0019,3,95000,0,285000,0,285000
OD008244,ORD005277,PROD0182,9,295189,0,2656701,0,2656701
OD008245,ORD005278,PROD0145,4,170000,0,680000,0,680000
OD008246,ORD005278,PROD0138,10,190000,0,1900000,0,1900000
OD008247,ORD005279,PROD0014,6,80000,15,480000,72000,408000
OD008248,ORD005279,PROD0200,4,120944,2,483776,9675.52,474100.48
OD008249,ORD005279,PROD0194,6,285723,10,1714338,171433.8,1542904.2
OD008250,ORD005280,PROD0174,1,325000,2,325000,6500,318500
OD008251,ORD005281,PROD0068,10,120000,5,1200000,60000,1140000
OD008252,ORD005281,PROD0015,5,80000,5,400000,20000,380000
OD008253,ORD005282,PROD0149,5,225000,2,1125000,22500,1102500
OD008254,ORD005282,PROD0101,5,138000,2,690000,13800,676200
OD008255,ORD005283,PROD0051,7,102500,5,717500,35875,681625
OD008256,ORD005284,PROD0056,8,125000,10,1000000,100000,900000
OD008257,ORD005285,PROD0135,7,350000,7,2450000,171500,2278500
OD008258,ORD005286,PROD0176,2,450000,2,900000,18000,882000
OD008259,ORD005287,PROD0116,8,162000,7,1296000,90720,1205280
OD008260,ORD005288,PROD0188,7,254957,5,1784699,89234.95,1695464.05
OD008261,ORD005288,PROD0113,10,150000,5,1500000,75000,1425000
OD008262,ORD005289,PROD0114,3,155500,10,466500,46650,419850
OD008263,ORD005289,PROD0073,9,128000,5,1152000,57600,1094400
OD008264,ORD005290,PROD0012,9,75000,2,675000,13500,661500
OD008265,ORD005291,PROD0052,1,105000,5,105000,5250,99750
OD008266,ORD005291,PROD0070,10,126000,2,1260000,25200,1234800
OD008267,ORD005292,PROD0125,9,195000,0,1755000,0,1755000
OD008268,ORD005293,PROD0038,9,111000,5,999000,49950,949050
OD008269,ORD005294,PROD0102,10,143000,10,1430000,143000,1287000
OD008270,ORD005294,PROD0106,3,140000,5,420000,21000,399000
OD008271,ORD005294,PROD0103,1,148000,15,148000,22200,125800
OD008272,ORD005295,PROD0197,7,221508,10,1550556,155055.6,1395500.4
OD008273,ORD005296,PROD0038,6,111000,5,666000,33300,632700
OD008274,ORD005296,PROD0069,9,125000,2,1125000,22500,1102500
OD008275,ORD005297,PROD0074,6,132000,5,792000,39600,752400
OD008276,ORD005298,PROD0147,2,195000,15,390000,58500,331500
OD008277,ORD005299,PROD0133,6,295000,2,1770000,35400,1734600
OD008278,ORD005299,PROD0167,4,295000,0,1180000,0,1180000
OD008279,ORD005300,PROD0107,9,142000,0,1278000,0,1278000
OD008280,ORD005301,PROD0167,8,295000,5,2360000,118000,2242000
OD008281,ORD005302,PROD0006,9,65000,2,585000,11700,573300
OD008282,ORD005302,PROD0030,8,100000,5,800000,40000,760000
OD008283,ORD005303,PROD0122,2,165000,5,330000,16500,313500
OD008284,ORD005303,PROD0048,9,122200,5,1099800,54990,1044810
OD008285,ORD005304,PROD0059,2,135000,2,270000,5400,264600
OD008286,ORD005304,PROD0045,3,110000,5,330000,16500,313500
OD008287,ORD005304,PROD0028,2,95000,2,190000,3800,186200
OD008288,ORD005305,PROD0060,1,150000,5,150000,7500,142500
OD008289,ORD005305,PROD0184,9,79485,2,715365,14307.3,701057.7
OD008290,ORD005305,PROD0010,2,75000,5,150000,7500,142500
OD008291,ORD005306,PROD0199,1,63002,7,63002,4410.14,58591.86
OD008292,ORD005307,PROD0108,1,145000,2,145000,2900,142100
OD008293,ORD005308,PROD0155,7,220000,7,1540000,107800,1432200
OD008294,ORD005308,PROD0149,3,225000,10,675000,67500,607500
OD008295,ORD005309,PROD0013,7,80000,7,560000,39200,520800
OD008296,ORD005310,PROD0053,3,108000,7,324000,22680,301320
OD008297,ORD005311,PROD0175,3,435000,7,1305000,91350,1213650
OD008298,ORD005312,PROD0128,2,250000,2,500000,10000,490000
OD008299,ORD005312,PROD0075,3,135000,15,405000,60750,344250
OD008300,ORD005313,PROD0110,3,155000,0,465000,0,465000
OD008301,ORD005313,PROD0087,9,150000,0,1350000,0,1350000
OD008302,ORD005313,PROD0020,6,95000,0,570000,0,570000
OD008303,ORD005314,PROD0188,5,254957,5,1274785,63739.25,1211045.75
OD008304,ORD005315,PROD0048,10,122200,7,1222000,85540,1136460
OD008305,ORD005316,PROD0173,5,299000,0,1495000,0,1495000
OD008306,ORD005316,PROD0049,9,95000,15,855000,128250,726750
OD008307,ORD005316,PROD0121,4,160000,5,640000,32000,608000
OD008308,ORD005317,PROD0098,10,132000,10,1320000,132000,1188000
OD008309,ORD005318,PROD0177,2,120000,5,240000,12000,228000
OD008310,ORD005319,PROD0126,6,210000,5,1260000,63000,1197000
OD008311,ORD005320,PROD0119,5,185000,15,925000,138750,786250
OD008312,ORD005321,PROD0061,9,155000,15,1395000,209250,1185750
OD008313,ORD005322,PROD0174,3,325000,5,975000,48750,926250
OD008314,ORD005323,PROD0026,4,85000,0,340000,0,340000
OD008315,ORD005324,PROD0102,4,143000,0,572000,0,572000
OD008316,ORD005324,PROD0054,7,115000,0,805000,0,805000
OD008317,ORD005325,PROD0092,3,150000,0,450000,0,450000
OD008318,ORD005326,PROD0009,5,75000,5,375000,18750,356250
OD008319,ORD005326,PROD0139,7,210000,2,1470000,29400,1440600
OD008320,ORD005327,PROD0150,3,255000,5,765000,38250,726750
OD008321,ORD005327,PROD0140,3,225000,10,675000,67500,607500
OD008322,ORD005328,PROD0140,2,225000,2,450000,9000,441000
OD008323,ORD005329,PROD0008,2,70000,10,140000,14000,126000
OD008324,ORD005329,PROD0135,10,350000,10,3500000,350000,3150000
OD008325,ORD005329,PROD0066,9,114500,5,1030500,51525,978975
OD008326,ORD005330,PROD0124,2,178000,10,356000,35600,320400
OD008327,ORD005331,PROD0129,6,235000,10,1410000,141000,1269000
OD008328,ORD005332,PROD0060,2,150000,5,300000,15000,285000
OD008329,ORD005332,PROD0027,9,92000,5,828000,41400,786600
OD008330,ORD005333,PROD0024,8,98000,5,784000,39200,744800
OD008331,ORD005334,PROD0090,8,145000,5,1160000,58000,1102000
OD008332,ORD005335,PROD0120,4,190000,15,760000,114000,646000
OD008333,ORD005335,PROD0002,4,50000,0,200000,0,200000
OD008334,ORD005335,PROD0147,9,195000,2,1755000,35100,1719900
OD008335,ORD005336,PROD0050,6,98000,10,588000,58800,529200
OD008336,ORD005336,PROD0163,6,225000,7,1350000,94500,1255500
OD008337,ORD005337,PROD0140,10,225000,0,2250000,0,2250000
OD008338,ORD005338,PROD0146,9,185000,5,1665000,83250,1581750
OD008339,ORD005339,PROD0042,4,98000,0,392000,0,392000
OD008340,ORD005339,PROD0132,1,285000,5,285000,14250,270750
OD008341,ORD005340,PROD0136,3,380000,10,1140000,114000,1026000
OD008342,ORD005341,PROD0165,8,255000,5,2040000,102000,1938000
OD008343,ORD005342,PROD0114,2,155500,10,311000,31100,279900
OD008344,ORD005342,PROD0153,4,195000,0,780000,0,780000
OD008345,ORD005343,PROD0093,10,155000,5,1550000,77500,1472500
OD008346,ORD005344,PROD0189,5,235752,5,1178760,58938,1119822
OD008347,ORD005345,PROD0142,3,265000,0,795000,0,795000
OD008348,ORD005345,PROD0002,6,50000,10,300000,30000,270000
OD008349,ORD005346,PROD0158,10,265000,0,2650000,0,2650000
OD008350,ORD005346,PROD0030,3,100000,10,300000,30000,270000
OD008351,ORD005347,PROD0014,6,80000,0,480000,0,480000
OD008352,ORD005348,PROD0116,8,162000,15,1296000,194400,1101600
OD008353,ORD005348,PROD0099,6,134000,10,804000,80400,723600
OD008354,ORD005348,PROD0081,9,135000,10,1215000,121500,1093500
OD008355,ORD005349,PROD0084,5,140000,5,700000,35000,665000
OD008356,ORD005349,PROD0069,8,125000,2,1000000,20000,980000
OD008357,ORD005350,PROD0184,4,79485,5,317940,15897,302043
OD008358,ORD005350,PROD0150,1,255000,5,255000,12750,242250
OD008359,ORD005351,PROD0159,4,285000,0,1140000,0,1140000
OD008360,ORD005352,PROD0108,2,145000,0,290000,0,290000
OD008361,ORD005352,PROD0150,8,255000,5,2040000,102000,1938000
OD008362,ORD005353,PROD0106,5,140000,5,700000,35000,665000
OD008363,ORD005353,PROD0182,8,295189,7,2361512,165305.84,2196206.16
OD008364,ORD005354,PROD0010,8,75000,7,600000,42000,558000
OD008365,ORD005354,PROD0159,6,285000,5,1710000,85500,1624500
OD008366,ORD005355,PROD0093,10,155000,5,1550000,77500,1472500
OD008367,ORD005355,PROD0065,5,110000,10,550000,55000,495000
OD008368,ORD005356,PROD0122,7,165000,0,1155000,0,1155000
OD008369,ORD005357,PROD0184,7,79485,5,556395,27819.75,528575.25
OD008370,ORD005358,PROD0057,8,135000,0,1080000,0,1080000
OD008371,ORD005358,PROD0096,5,165000,0,825000,0,825000
OD008372,ORD005359,PROD0048,5,122200,5,611000,30550,580450
OD008373,ORD005360,PROD0164,9,235000,2,2115000,42300,2072700
OD008374,ORD005360,PROD0111,10,16000,7,160000,11200,148800
OD008375,ORD005361,PROD0059,1,135000,7,135000,9450,125550
OD008376,ORD005361,PROD0183,10,324367,7,3243670,227056.9,3016613.1
OD008377,ORD005362,PROD0046,10,115000,5,1150000,57500,1092500
OD008378,ORD005363,PROD0024,6,98000,0,588000,0,588000
OD008379,ORD005363,PROD0052,6,105000,0,630000,0,630000
OD008380,ORD005363,PROD0062,5,170000,0,850000,0,850000
OD008381,ORD005364,PROD0052,6,105000,0,630000,0,630000
OD008382,ORD005364,PROD0012,2,75000,5,150000,7500,142500
OD008383,ORD005365,PROD0198,4,26819,2,107276,2145.52,105130.48
OD008384,ORD005365,PROD0066,10,114500,0,1145000,0,1145000
OD008385,ORD005366,PROD0192,6,135661,0,813966,0,813966
OD008386,ORD005366,PROD0139,4,210000,0,840000,0,840000
OD008387,ORD005367,PROD0161,3,195000,0,585000,0,585000
OD008388,ORD005367,PROD0064,8,150000,0,1200000,0,1200000
OD008389,ORD005368,PROD0132,5,285000,0,1425000,0,1425000
OD008390,ORD005369,PROD0080,6,145000,2,870000,17400,852600
OD008391,ORD005369,PROD0073,4,128000,5,512000,25600,486400
OD008392,ORD005370,PROD0188,1,254957,2,254957,5099.14,249857.86
OD008393,ORD005371,PROD0172,3,277000,0,831000,0,831000
OD008394,ORD005371,PROD0070,6,126000,5,756000,37800,718200
OD008395,ORD005372,PROD0001,3,50000,5,150000,7500,142500
OD008396,ORD005373,PROD0108,6,145000,7,870000,60900,809100
OD008397,ORD005373,PROD0192,9,135661,0,1220949,0,1220949
OD008398,ORD005374,PROD0187,2,225148,15,450296,67544.4,382751.6
OD008399,ORD005375,PROD0095,9,162000,0,1458000,0,1458000
OD008400,ORD005376,PROD0102,2,143000,15,286000,42900,243100
OD008401,ORD005376,PROD0173,5,299000,5,1495000,74750,1420250
OD008402,ORD005377,PROD0035,7,98000,0,686000,0,686000
OD008403,ORD005378,PROD0055,3,120000,0,360000,0,360000
OD008404,ORD005379,PROD0029,3,100000,0,300000,0,300000
OD008405,ORD005379,PROD0118,5,180000,5,900000,45000,855000
OD008406,ORD005380,PROD0180,1,142869,15,142869,21430.35,121438.65
OD008407,ORD005381,PROD0063,10,140000,10,1400000,140000,1260000
OD008408,ORD005382,PROD0178,3,115000,15,345000,51750,293250
OD008409,ORD005383,PROD0103,8,148000,2,1184000,23680,1160320
OD008410,ORD005383,PROD0051,3,102500,2,307500,6150,301350
OD008411,ORD005383,PROD0192,9,135661,7,1220949,85466.43,1135482.57
OD008412,ORD005384,PROD0125,2,195000,0,390000,0,390000
OD008413,ORD005385,PROD0110,8,155000,2,1240000,24800,1215200
OD008414,ORD005386,PROD0034,8,98000,0,784000,0,784000
OD008415,ORD005386,PROD0111,8,16000,2,128000,2560,125440
OD008416,ORD005386,PROD0047,1,120000,7,120000,8400,111600
OD008417,ORD005387,PROD0085,2,145000,0,290000,0,290000
OD008418,ORD005387,PROD0185,9,232339,0,2091051,0,2091051
OD008419,ORD005388,PROD0200,4,120944,0,483776,0,483776
OD008420,ORD005388,PROD0081,9,135000,5,1215000,60750,1154250
OD008421,ORD005389,PROD0065,9,110000,2,990000,19800,970200
OD008422,ORD005390,PROD0042,7,98000,5,686000,34300,651700
OD008423,ORD005390,PROD0042,2,98000,5,196000,9800,186200
OD008424,ORD005391,PROD0105,4,135000,0,540000,0,540000
OD008425,ORD005391,PROD0194,1,285723,7,285723,20000.61,265722.39
OD008426,ORD005391,PROD0171,1,255000,0,255000,0,255000
OD008427,ORD005392,PROD0058,9,145000,5,1305000,65250,1239750
OD008428,ORD005392,PROD0167,5,295000,7,1475000,103250,1371750
OD008429,ORD005392,PROD0095,8,162000,0,1296000,0,1296000
OD008430,ORD005393,PROD0133,2,295000,7,590000,41300,548700
OD008431,ORD005393,PROD0051,2,102500,0,205000,0,205000
OD008432,ORD005394,PROD0163,6,225000,5,1350000,67500,1282500
OD008433,ORD005394,PROD0094,6,158000,7,948000,66360,881640
OD008434,ORD005395,PROD0156,5,225000,0,1125000,0,1125000
OD008435,ORD005395,PROD0050,1,98000,5,98000,4900,93100
OD008436,ORD005396,PROD0193,3,348268,0,1044804,0,1044804
OD008437,ORD005396,PROD0085,2,145000,0,290000,0,290000
OD008438,ORD005397,PROD0132,2,285000,2,570000,11400,558600
OD008439,ORD005397,PROD0108,3,145000,0,435000,0,435000
OD008440,ORD005398,PROD0120,7,190000,0,1330000,0,1330000
OD008441,ORD005399,PROD0052,8,105000,0,840000,0,840000
OD008442,ORD005399,PROD0182,9,295189,7,2656701,185969.07,2470731.93
OD008443,ORD005400,PROD0042,4,98000,10,392000,39200,352800
OD008444,ORD005401,PROD0073,6,128000,10,768000,76800,691200
OD008445,ORD005402,PROD0087,9,150000,15,1350000,202500,1147500
OD008446,ORD005403,PROD0099,5,134000,5,670000,33500,636500
OD008447,ORD005404,PROD0046,1,115000,5,115000,5750,109250
OD008448,ORD005405,PROD0172,5,277000,2,1385000,27700,1357300
OD008449,ORD005406,PROD0124,1,178000,10,178000,17800,160200
OD008450,ORD005406,PROD0196,4,332371,2,1329484,26589.68,1302894.32
OD008451,ORD005407,PROD0071,3,128000,7,384000,26880,357120
OD008452,ORD005407,PROD0085,10,145000,7,1450000,101500,1348500
OD008453,ORD005407,PROD0115,8,158000,15,1264000,189600,1074400
OD008454,ORD005408,PROD0118,7,180000,0,1260000,0,1260000
OD008455,ORD005409,PROD0035,10,98000,0,980000,0,980000
OD008456,ORD005410,PROD0168,10,320000,5,3200000,160000,3040000
OD008457,ORD005411,PROD0199,4,63002,7,252008,17640.56,234367.44
OD008458,ORD005411,PROD0104,6,155000,7,930000,65100,864900
OD008459,ORD005412,PROD0076,6,135000,0,810000,0,810000
OD008460,ORD005413,PROD0081,1,135000,10,135000,13500,121500
OD008461,ORD005414,PROD0013,1,80000,2,80000,1600,78400
OD008462,ORD005415,PROD0013,4,80000,10,320000,32000,288000
OD008463,ORD005416,PROD0075,1,135000,10,135000,13500,121500
OD008464,ORD005416,PROD0043,7,98000,10,686000,68600,617400
OD008465,ORD005417,PROD0060,1,150000,7,150000,10500,139500
OD008466,ORD005417,PROD0067,3,120000,7,360000,25200,334800
OD008467,ORD005418,PROD0036,1,102000,5,102000,5100,96900
OD008468,ORD005419,PROD0081,5,135000,5,675000,33750,641250
OD008469,ORD005420,PROD0008,9,70000,5,630000,31500,598500
OD008470,ORD005420,PROD0156,1,225000,5,225000,11250,213750
OD008471,ORD005421,PROD0139,7,210000,0,1470000,0,1470000
OD008472,ORD005421,PROD0034,6,98000,2,588000,11760,576240
OD008473,ORD005421,PROD0033,9,98000,0,882000,0,882000
OD008474,ORD005422,PROD0015,6,80000,7,480000,33600,446400
OD008475,ORD005422,PROD0037,9,105000,2,945000,18900,926100
OD008476,ORD005423,PROD0118,7,180000,0,1260000,0,1260000
OD008477,ORD005423,PROD0016,8,80000,7,640000,44800,595200
OD008478,ORD005424,PROD0002,5,50000,10,250000,25000,225000
OD008479,ORD005424,PROD0115,4,158000,0,632000,0,632000
OD008480,ORD005424,PROD0187,6,225148,10,1350888,135088.8,1215799.2
OD008481,ORD005425,PROD0094,2,158000,0,316000,0,316000
OD008482,ORD005426,PROD0052,8,105000,7,840000,58800,781200
OD008483,ORD005427,PROD0167,2,295000,10,590000,59000,531000
OD008484,ORD005427,PROD0167,10,295000,0,2950000,0,2950000
OD008485,ORD005428,PROD0168,1,320000,15,320000,48000,272000
OD008486,ORD005429,PROD0076,2,135000,7,270000,18900,251100
OD008487,ORD005430,PROD0009,2,75000,15,150000,22500,127500
OD008488,ORD005430,PROD0200,2,120944,0,241888,0,241888
OD008489,ORD005431,PROD0180,1,142869,0,142869,0,142869
OD008490,ORD005431,PROD0101,10,138000,5,1380000,69000,1311000
OD008491,ORD005432,PROD0157,7,250000,5,1750000,87500,1662500
OD008492,ORD005433,PROD0193,4,348268,7,1393072,97515.04,1295556.96
OD008493,ORD005434,PROD0012,4,75000,2,300000,6000,294000
OD008494,ORD005435,PROD0094,3,158000,0,474000,0,474000
OD008495,ORD005436,PROD0173,6,299000,5,1794000,89700,1704300
OD008496,ORD005437,PROD0143,4,285000,5,1140000,57000,1083000
OD008497,ORD005438,PROD0023,5,98000,2,490000,9800,480200
OD008498,ORD005438,PROD0013,4,80000,5,320000,16000,304000
OD008499,ORD005438,PROD0066,3,114500,5,343500,17175,326325
OD008500,ORD005439,PROD0089,6,140000,7,840000,58800,781200
OD008501,ORD005440,PROD0025,2,82000,0,164000,0,164000
OD008502,ORD005440,PROD0055,6,120000,0,720000,0,720000
OD008503,ORD005441,PROD0103,6,148000,5,888000,44400,843600
OD008504,ORD005441,PROD0159,2,285000,2,570000,11400,558600
OD008505,ORD005441,PROD0114,9,155500,7,1399500,97965,1301535
OD008506,ORD005442,PROD0107,10,142000,0,1420000,0,1420000
OD008507,ORD005443,PROD0149,8,225000,7,1800000,126000,1674000
OD008508,ORD005444,PROD0129,10,235000,0,2350000,0,2350000
OD008509,ORD005444,PROD0046,10,115000,5,1150000,57500,1092500
OD008510,ORD005445,PROD0051,8,102500,0,820000,0,820000
OD008511,ORD005446,PROD0024,4,98000,5,392000,19600,372400
OD008512,ORD005447,PROD0024,3,98000,7,294000,20580,273420
OD008513,ORD005448,PROD0166,9,267000,5,2403000,120150,2282850
OD008514,ORD005448,PROD0137,5,165000,0,825000,0,825000
OD008515,ORD005449,PROD0129,8,235000,10,1880000,188000,1692000
OD008516,ORD005449,PROD0089,9,140000,0,1260000,0,1260000
OD008517,ORD005450,PROD0019,10,95000,7,950000,66500,883500
OD008518,ORD005450,PROD0084,7,140000,7,980000,68600,911400
OD008519,ORD005451,PROD0031,3,100000,10,300000,30000,270000
OD008520,ORD005452,PROD0193,1,348268,10,348268,34826.8,313441.2
OD008521,ORD005452,PROD0081,9,135000,0,1215000,0,1215000
OD008522,ORD005453,PROD0024,1,98000,15,98000,14700,83300
OD008523,ORD005453,PROD0057,6,135000,0,810000,0,810000
OD008524,ORD005454,PROD0129,3,235000,5,705000,35250,669750
OD008525,ORD005454,PROD0091,5,148000,0,740000,0,740000
OD008526,ORD005455,PROD0013,9,80000,2,720000,14400,705600
OD008527,ORD005455,PROD0073,5,128000,7,640000,44800,595200
OD008528,ORD005455,PROD0137,2,165000,10,330000,33000,297000
OD008529,ORD005456,PROD0107,5,142000,2,710000,14200,695800
OD008530,ORD005457,PROD0112,2,170000,2,340000,6800,333200
OD008531,ORD005458,PROD0133,9,295000,7,2655000,185850,2469150
OD008532,ORD005459,PROD0146,1,185000,5,185000,9250,175750
OD008533,ORD005459,PROD0086,10,148000,10,1480000,148000,1332000
OD008534,ORD005460,PROD0151,3,265000,2,795000,15900,779100
OD008535,ORD005460,PROD0182,7,295189,0,2066323,0,2066323
OD008536,ORD005460,PROD0027,9,92000,5,828000,41400,786600
OD008537,ORD005461,PROD0146,2,185000,5,370000,18500,351500
OD008538,ORD005462,PROD0055,10,120000,10,1200000,120000,1080000
OD008539,ORD005463,PROD0022,5,95000,0,475000,0,475000
OD008540,ORD005463,PROD0051,6,102500,0,615000,0,615000
OD008541,ORD005463,PROD0186,4,265147,0,1060588,0,1060588
OD008542,ORD005464,PROD0122,10,165000,5,1650000,82500,1567500
OD008543,ORD005465,PROD0092,7,150000,2,1050000,21000,1029000
OD008544,ORD005465,PROD0052,4,105000,0,420000,0,420000
OD008545,ORD005466,PROD0107,1,142000,10,142000,14200,127800
OD008546,ORD005466,PROD0104,9,155000,7,1395000,97650,1297350
OD008547,ORD005466,PROD0082,7,138000,10,966000,96600,869400
OD008548,ORD005467,PROD0089,2,140000,0,280000,0,280000
OD008549,ORD005467,PROD0145,5,170000,2,850000,17000,833000
OD008550,ORD005468,PROD0118,3,180000,5,540000,27000,513000
OD008551,ORD005469,PROD0006,3,65000,0,195000,0,195000
OD008552,ORD005469,PROD0071,5,128000,15,640000,96000,544000
OD008553,ORD005470,PROD0013,1,80000,15,80000,12000,68000
OD008554,ORD005471,PROD0185,3,232339,5,697017,34850.85,662166.15
OD008555,ORD005472,PROD0065,1,110000,15,110000,16500,93500
OD008556,ORD005473,PROD0194,10,285723,10,2857230,285723,2571507
OD008557,ORD005474,PROD0050,9,98000,5,882000,44100,837900
OD008558,ORD005474,PROD0071,2,128000,0,256000,0,256000
OD008559,ORD005474,PROD0083,6,138000,0,828000,0,828000
OD008560,ORD005475,PROD0183,3,324367,0,973101,0,973101
OD008561,ORD005475,PROD0019,6,95000,10,570000,57000,513000
OD008562,ORD005476,PROD0159,5,285000,5,1425000,71250,1353750
OD008563,ORD005477,PROD0132,1,285000,10,285000,28500,256500
OD008564,ORD005477,PROD0046,8,115000,7,920000,64400,855600
OD008565,ORD005478,PROD0169,8,220000,7,1760000,123200,1636800
OD008566,ORD005478,PROD0113,1,150000,0,150000,0,150000
OD008567,ORD005479,PROD0101,3,138000,7,414000,28980,385020
OD008568,ORD005480,PROD0076,2,135000,0,270000,0,270000
OD008569,ORD005481,PROD0084,4,140000,5,560000,28000,532000
OD008570,ORD005482,PROD0161,5,195000,5,975000,48750,926250
OD008571,ORD005482,PROD0194,7,285723,2,2000061,40001.22,1960059.78
OD008572,ORD005483,PROD0179,7,65000,5,455000,22750,432250
OD008573,ORD005484,PROD0067,2,120000,0,240000,0,240000
OD008574,ORD005484,PROD0125,5,195000,7,975000,68250,906750
OD008575,ORD005485,PROD0200,8,120944,5,967552,48377.6,919174.4
OD008576,ORD005485,PROD0127,9,225000,2,2025000,40500,1984500
OD008577,ORD005486,PROD0001,9,50000,5,450000,22500,427500
OD008578,ORD005487,PROD0145,3,170000,0,510000,0,510000
OD008579,ORD005488,PROD0115,6,158000,5,948000,47400,900600
OD008580,ORD005489,PROD0100,2,135000,0,270000,0,270000
OD008581,ORD005490,PROD0008,4,70000,10,280000,28000,252000
OD008582,ORD005491,PROD0095,3,162000,7,486000,34020,451980
OD008583,ORD005491,PROD0159,3,285000,10,855000,85500,769500
OD008584,ORD005492,PROD0113,9,150000,7,1350000,94500,1255500
OD008585,ORD005493,PROD0054,8,115000,0,920000,0,920000
OD008586,ORD005494,PROD0164,9,235000,5,2115000,105750,2009250
OD008587,ORD005495,PROD0090,4,145000,7,580000,40600,539400
OD008588,ORD005496,PROD0130,4,250000,5,1000000,50000,950000
OD008589,ORD005496,PROD0003,9,60000,5,540000,27000,513000
OD008590,ORD005496,PROD0029,1,100000,5,100000,5000,95000
OD008591,ORD005497,PROD0041,8,95000,5,760000,38000,722000
OD008592,ORD005498,PROD0029,7,100000,5,700000,35000,665000
OD008593,ORD005499,PROD0086,4,148000,0,592000,0,592000
OD008594,ORD005499,PROD0084,10,140000,5,1400000,70000,1330000
OD008595,ORD005500,PROD0017,3,90000,5,270000,13500,256500
OD008596,ORD005501,PROD0132,4,285000,5,1140000,57000,1083000
OD008597,ORD005502,PROD0097,4,130000,0,520000,0,520000
OD008598,ORD005502,PROD0079,4,142000,10,568000,56800,511200
OD008599,ORD005503,PROD0049,4,95000,10,380000,38000,342000
OD008600,ORD005503,PROD0077,5,138000,0,690000,0,690000
OD008601,ORD005504,PROD0033,10,98000,10,980000,98000,882000
OD008602,ORD005504,PROD0180,5,142869,10,714345,71434.5,642910.5
OD008603,ORD005505,PROD0103,7,148000,7,1036000,72520,963480
OD008604,ORD005506,PROD0174,7,325000,10,2275000,227500,2047500
OD008605,ORD005507,PROD0172,7,277000,5,1939000,96950,1842050
OD008606,ORD005508,PROD0096,4,165000,0,660000,0,660000
OD008607,ORD005509,PROD0080,3,145000,0,435000,0,435000
OD008608,ORD005509,PROD0144,4,295000,0,1180000,0,1180000
OD008609,ORD005509,PROD0077,4,138000,2,552000,11040,540960
OD008610,ORD005510,PROD0091,9,148000,0,1332000,0,1332000
OD008611,ORD005511,PROD0082,5,138000,0,690000,0,690000
OD008612,ORD005512,PROD0121,10,160000,5,1600000,80000,1520000
OD008613,ORD005513,PROD0011,10,75000,2,750000,15000,735000
OD008614,ORD005514,PROD0055,7,120000,0,840000,0,840000
OD008615,ORD005515,PROD0137,7,165000,7,1155000,80850,1074150
OD008616,ORD005516,PROD0100,2,135000,5,270000,13500,256500
OD008617,ORD005516,PROD0139,2,210000,5,420000,21000,399000
OD008618,ORD005517,PROD0129,8,235000,2,1880000,37600,1842400
OD008619,ORD005518,PROD0067,10,120000,7,1200000,84000,1116000
OD008620,ORD005519,PROD0089,9,140000,0,1260000,0,1260000
OD008621,ORD005519,PROD0014,3,80000,2,240000,4800,235200
OD008622,ORD005520,PROD0152,7,285000,2,1995000,39900,1955100
OD008623,ORD005521,PROD0089,7,140000,7,980000,68600,911400
OD008624,ORD005522,PROD0054,1,115000,0,115000,0,115000
OD008625,ORD005523,PROD0107,9,142000,15,1278000,191700,1086300
OD008626,ORD005523,PROD0003,4,60000,0,240000,0,240000
OD008627,ORD005524,PROD0084,7,140000,2,980000,19600,960400
OD008628,ORD005525,PROD0183,4,324367,5,1297468,64873.4,1232594.6
OD008629,ORD005526,PROD0077,10,138000,2,1380000,27600,1352400
OD008630,ORD005526,PROD0073,5,128000,10,640000,64000,576000
OD008631,ORD005527,PROD0090,9,145000,5,1305000,65250,1239750
OD008632,ORD005528,PROD0051,10,102500,5,1025000,51250,973750
OD008633,ORD005528,PROD0045,1,110000,10,110000,11000,99000
OD008634,ORD005529,PROD0096,5,165000,0,825000,0,825000
OD008635,ORD005530,PROD0133,7,295000,2,2065000,41300,2023700
OD008636,ORD005531,PROD0050,9,98000,2,882000,17640,864360
OD008637,ORD005531,PROD0043,8,98000,7,784000,54880,729120
OD008638,ORD005531,PROD0147,7,195000,10,1365000,136500,1228500
OD008639,ORD005532,PROD0101,4,138000,2,552000,11040,540960
OD008640,ORD005532,PROD0062,2,170000,0,340000,0,340000
OD008641,ORD005533,PROD0170,10,245000,7,2450000,171500,2278500
OD008642,ORD005534,PROD0199,1,63002,7,63002,4410.14,58591.86
OD008643,ORD005534,PROD0170,9,245000,0,2205000,0,2205000
OD008644,ORD005535,PROD0056,1,125000,0,125000,0,125000
OD008645,ORD005536,PROD0196,4,332371,0,1329484,0,1329484
OD008646,ORD005537,PROD0073,9,128000,0,1152000,0,1152000
OD008647,ORD005538,PROD0016,3,80000,0,240000,0,240000
OD008648,ORD005539,PROD0108,3,145000,7,435000,30450,404550
OD008649,ORD005540,PROD0192,3,135661,0,406983,0,406983
OD008650,ORD005540,PROD0001,7,50000,10,350000,35000,315000
OD008651,ORD005541,PROD0002,3,50000,2,150000,3000,147000
OD008652,ORD005542,PROD0001,7,50000,7,350000,24500,325500
OD008653,ORD005542,PROD0169,6,220000,0,1320000,0,1320000
OD008654,ORD005542,PROD0047,9,120000,0,1080000,0,1080000
OD008655,ORD005543,PROD0100,7,135000,0,945000,0,945000
OD008656,ORD005544,PROD0017,5,90000,5,450000,22500,427500
OD008657,ORD005545,PROD0189,2,235752,5,471504,23575.2,447928.8
OD008658,ORD005545,PROD0153,5,195000,5,975000,48750,926250
OD008659,ORD005546,PROD0114,6,155500,2,933000,18660,914340
OD008660,ORD005547,PROD0175,10,435000,5,4350000,217500,4132500
OD008661,ORD005548,PROD0041,3,95000,15,285000,42750,242250
OD008662,ORD005549,PROD0083,4,138000,0,552000,0,552000
OD008663,ORD005550,PROD0195,10,160472,0,1604720,0,1604720
OD008664,ORD005551,PROD0104,10,155000,5,1550000,77500,1472500
OD008665,ORD005551,PROD0061,9,155000,7,1395000,97650,1297350
OD008666,ORD005552,PROD0123,2,170000,10,340000,34000,306000
OD008667,ORD005553,PROD0188,2,254957,7,509914,35693.98,474220.02
OD008668,ORD005554,PROD0019,4,95000,0,380000,0,380000
OD008669,ORD005555,PROD0199,3,63002,7,189006,13230.42,175775.58
OD008670,ORD005556,PROD0094,4,158000,0,632000,0,632000
OD008671,ORD005556,PROD0018,10,94000,0,940000,0,940000
OD008672,ORD005556,PROD0192,6,135661,0,813966,0,813966
OD008673,ORD005557,PROD0115,3,158000,15,474000,71100,402900
OD008674,ORD005557,PROD0042,8,98000,7,784000,54880,729120
OD008675,ORD005558,PROD0037,9,105000,0,945000,0,945000
OD008676,ORD005559,PROD0017,5,90000,2,450000,9000,441000
OD008677,ORD005560,PROD0106,1,140000,10,140000,14000,126000
OD008678,ORD005561,PROD0057,5,135000,7,675000,47250,627750
OD008679,ORD005562,PROD0064,4,150000,0,600000,0,600000
OD008680,ORD005562,PROD0110,2,155000,15,310000,46500,263500
OD008681,ORD005562,PROD0192,7,135661,5,949627,47481.35,902145.65
OD008682,ORD005563,PROD0174,8,325000,5,2600000,130000,2470000
OD008683,ORD005564,PROD0022,4,95000,5,380000,19000,361000
OD008684,ORD005564,PROD0071,4,128000,7,512000,35840,476160
OD008685,ORD005565,PROD0045,8,110000,0,880000,0,880000
OD008686,ORD005565,PROD0069,2,125000,0,250000,0,250000
OD008687,ORD005566,PROD0181,10,90661,5,906610,45330.5,861279.5
OD008688,ORD005566,PROD0069,5,125000,5,625000,31250,593750
OD008689,ORD005567,PROD0130,6,250000,7,1500000,105000,1395000
OD008690,ORD005568,PROD0169,6,220000,10,1320000,132000,1188000
OD008691,ORD005569,PROD0055,5,120000,5,600000,30000,570000
OD008692,ORD005569,PROD0094,1,158000,5,158000,7900,150100
OD008693,ORD005570,PROD0163,8,225000,5,1800000,90000,1710000
OD008694,ORD005570,PROD0067,9,120000,0,1080000,0,1080000
OD008695,ORD005571,PROD0134,8,310000,2,2480000,49600,2430400
OD008696,ORD005572,PROD0036,7,102000,5,714000,35700,678300
OD008697,ORD005573,PROD0184,1,79485,5,79485,3974.25,75510.75
OD008698,ORD005574,PROD0026,8,85000,7,680000,47600,632400
OD008699,ORD005575,PROD0138,5,190000,0,950000,0,950000
OD008700,ORD005576,PROD0195,4,160472,5,641888,32094.4,609793.6
OD008701,ORD005577,PROD0029,5,100000,10,500000,50000,450000
OD008702,ORD005577,PROD0098,3,132000,5,396000,19800,376200
OD008703,ORD005578,PROD0190,4,309979,0,1239916,0,1239916
OD008704,ORD005578,PROD0015,9,80000,5,720000,36000,684000
OD008705,ORD005579,PROD0062,8,170000,10,1360000,136000,1224000
OD008706,ORD005579,PROD0182,6,295189,0,1771134,0,1771134
OD008707,ORD005580,PROD0027,9,92000,5,828000,41400,786600
OD008708,ORD005580,PROD0191,2,100130,5,200260,10013,190247
OD008709,ORD005581,PROD0150,9,255000,0,2295000,0,2295000
OD008710,ORD005581,PROD0048,5,122200,2,611000,12220,598780
OD008711,ORD005582,PROD0042,7,98000,2,686000,13720,672280
OD008712,ORD005583,PROD0064,9,150000,5,1350000,67500,1282500
OD008713,ORD005583,PROD0106,8,140000,7,1120000,78400,1041600
OD008714,ORD005584,PROD0193,10,348268,0,3482680,0,3482680
OD008715,ORD005585,PROD0159,3,285000,0,855000,0,855000
OD008716,ORD005585,PROD0004,2,60000,5,120000,6000,114000
OD008717,ORD005585,PROD0118,1,180000,0,180000,0,180000
OD008718,ORD005586,PROD0065,7,110000,5,770000,38500,731500
OD008719,ORD005587,PROD0107,6,142000,5,852000,42600,809400
OD008720,ORD005587,PROD0087,7,150000,2,1050000,21000,1029000
OD008721,ORD005588,PROD0118,5,180000,15,900000,135000,765000
OD008722,ORD005589,PROD0155,4,220000,5,880000,44000,836000
OD008723,ORD005590,PROD0048,9,122200,15,1099800,164970,934830
OD008724,ORD005591,PROD0074,2,132000,0,264000,0,264000
OD008725,ORD005592,PROD0010,8,75000,10,600000,60000,540000
OD008726,ORD005592,PROD0068,2,120000,5,240000,12000,228000
OD008727,ORD005593,PROD0198,4,26819,15,107276,16091.4,91184.6
OD008728,ORD005594,PROD0146,1,185000,5,185000,9250,175750
OD008729,ORD005595,PROD0136,1,380000,10,380000,38000,342000
OD008730,ORD005595,PROD0170,1,245000,2,245000,4900,240100
OD008731,ORD005596,PROD0114,3,155500,5,466500,23325,443175
OD008732,ORD005596,PROD0019,10,95000,0,950000,0,950000
OD008733,ORD005597,PROD0132,4,285000,5,1140000,57000,1083000
OD008734,ORD005597,PROD0029,7,100000,2,700000,14000,686000
OD008735,ORD005598,PROD0040,7,115000,10,805000,80500,724500
OD008736,ORD005599,PROD0132,9,285000,5,2565000,128250,2436750
OD008737,ORD005600,PROD0185,10,232339,5,2323390,116169.5,2207220.5
OD008738,ORD005601,PROD0063,1,140000,15,140000,21000,119000
OD008739,ORD005601,PROD0061,3,155000,10,465000,46500,418500
OD008740,ORD005602,PROD0134,8,310000,10,2480000,248000,2232000
OD008741,ORD005602,PROD0063,8,140000,0,1120000,0,1120000
OD008742,ORD005603,PROD0035,10,98000,10,980000,98000,882000
OD008743,ORD005603,PROD0047,8,120000,2,960000,19200,940800
OD008744,ORD005604,PROD0161,6,195000,10,1170000,117000,1053000
OD008745,ORD005604,PROD0123,4,170000,5,680000,34000,646000
OD008746,ORD005605,PROD0065,5,110000,5,550000,27500,522500
OD008747,ORD005606,PROD0200,1,120944,0,120944,0,120944
OD008748,ORD005607,PROD0068,7,120000,0,840000,0,840000
OD008749,ORD005607,PROD0138,1,190000,5,190000,9500,180500
OD008750,ORD005608,PROD0036,7,102000,0,714000,0,714000
OD008751,ORD005609,PROD0188,7,254957,5,1784699,89234.95,1695464.05
OD008752,ORD005609,PROD0043,10,98000,0,980000,0,980000
OD008753,ORD005610,PROD0087,9,150000,0,1350000,0,1350000
OD008754,ORD005610,PROD0120,8,190000,0,1520000,0,1520000
OD008755,ORD005611,PROD0105,7,135000,0,945000,0,945000
OD008756,ORD005612,PROD0117,3,175000,0,525000,0,525000
OD008757,ORD005612,PROD0155,8,220000,7,1760000,123200,1636800
OD008758,ORD005613,PROD0165,6,255000,2,1530000,30600,1499400
OD008759,ORD005614,PROD0068,6,120000,0,720000,0,720000
OD008760,ORD005615,PROD0127,7,225000,2,1575000,31500,1543500
OD008761,ORD005616,PROD0114,3,155500,7,466500,32655,433845
OD008762,ORD005617,PROD0086,3,148000,0,444000,0,444000
OD008763,ORD005617,PROD0102,1,143000,7,143000,10010,132990
OD008764,ORD005618,PROD0161,4,195000,7,780000,54600,725400
OD008765,ORD005619,PROD0136,9,380000,0,3420000,0,3420000
OD008766,ORD005620,PROD0004,1,60000,10,60000,6000,54000
OD008767,ORD005621,PROD0013,5,80000,5,400000,20000,380000
OD008768,ORD005621,PROD0141,9,235000,10,2115000,211500,1903500
OD008769,ORD005622,PROD0107,9,142000,2,1278000,25560,1252440
OD008770,ORD005623,PROD0109,10,150000,5,1500000,75000,1425000
OD008771,ORD005623,PROD0170,4,245000,5,980000,49000,931000
OD008772,ORD005624,PROD0045,4,110000,0,440000,0,440000
OD008773,ORD005625,PROD0051,3,102500,10,307500,30750,276750
OD008774,ORD005625,PROD0128,5,250000,7,1250000,87500,1162500
OD008775,ORD005626,PROD0157,7,250000,5,1750000,87500,1662500
OD008776,ORD005627,PROD0198,7,26819,10,187733,18773.3,168959.7
OD008777,ORD005628,PROD0186,7,265147,0,1856029,0,1856029
OD008778,ORD005629,PROD0070,5,126000,7,630000,44100,585900
OD008779,ORD005629,PROD0036,8,102000,0,816000,0,816000
OD008780,ORD005630,PROD0128,4,250000,10,1000000,100000,900000
OD008781,ORD005630,PROD0038,1,111000,5,111000,5550,105450
OD008782,ORD005630,PROD0088,10,155500,10,1555000,155500,1399500
OD008783,ORD005631,PROD0061,1,155000,0,155000,0,155000
OD008784,ORD005631,PROD0079,9,142000,2,1278000,25560,1252440
OD008785,ORD005631,PROD0178,6,115000,7,690000,48300,641700
OD008786,ORD005632,PROD0062,10,170000,2,1700000,34000,1666000
OD008787,ORD005633,PROD0171,6,255000,0,1530000,0,1530000
OD008788,ORD005633,PROD0046,1,115000,5,115000,5750,109250
OD008789,ORD005634,PROD0060,1,150000,0,150000,0,150000
OD008790,ORD005634,PROD0048,1,122200,5,122200,6110,116090
OD008791,ORD005635,PROD0150,5,255000,10,1275000,127500,1147500
OD008792,ORD005636,PROD0155,8,220000,5,1760000,88000,1672000
OD008793,ORD005637,PROD0008,7,70000,5,490000,24500,465500
OD008794,ORD005637,PROD0065,9,110000,0,990000,0,990000
OD008795,ORD005638,PROD0188,6,254957,0,1529742,0,1529742
OD008796,ORD005638,PROD0106,2,140000,0,280000,0,280000
OD008797,ORD005638,PROD0036,2,102000,7,204000,14280,189720
OD008798,ORD005639,PROD0043,2,98000,0,196000,0,196000
OD008799,ORD005640,PROD0094,10,158000,10,1580000,158000,1422000
OD008800,ORD005641,PROD0043,9,98000,2,882000,17640,864360
OD008801,ORD005642,PROD0088,1,155500,10,155500,15550,139950
OD008802,ORD005643,PROD0118,3,180000,0,540000,0,540000
OD008803,ORD005644,PROD0094,3,158000,7,474000,33180,440820
OD008804,ORD005645,PROD0117,8,175000,10,1400000,140000,1260000
OD008805,ORD005646,PROD0012,1,75000,2,75000,1500,73500
OD008806,ORD005646,PROD0102,10,143000,15,1430000,214500,1215500
OD008807,ORD005647,PROD0011,3,75000,0,225000,0,225000
OD008808,ORD005648,PROD0139,9,210000,0,1890000,0,1890000
OD008809,ORD005648,PROD0105,7,135000,15,945000,141750,803250
OD008810,ORD005649,PROD0128,4,250000,0,1000000,0,1000000
OD008811,ORD005649,PROD0068,1,120000,0,120000,0,120000
OD008812,ORD005650,PROD0041,6,95000,2,570000,11400,558600
OD008813,ORD005650,PROD0136,1,380000,15,380000,57000,323000
OD008814,ORD005651,PROD0012,8,75000,10,600000,60000,540000
OD008815,ORD005652,PROD0097,3,130000,0,390000,0,390000
OD008816,ORD005652,PROD0054,10,115000,2,1150000,23000,1127000
OD008817,ORD005652,PROD0072,1,125000,5,125000,6250,118750
OD008818,ORD005653,PROD0087,4,150000,7,600000,42000,558000
OD008819,ORD005654,PROD0092,4,150000,0,600000,0,600000
OD008820,ORD005655,PROD0042,8,98000,0,784000,0,784000
OD008821,ORD005656,PROD0026,3,85000,7,255000,17850,237150
OD008822,ORD005656,PROD0097,8,130000,0,1040000,0,1040000
OD008823,ORD005657,PROD0057,4,135000,5,540000,27000,513000
OD008824,ORD005658,PROD0008,1,70000,7,70000,4900,65100
OD008825,ORD005659,PROD0172,9,277000,5,2493000,124650,2368350
OD008826,ORD005659,PROD0096,2,165000,5,330000,16500,313500
OD008827,ORD005660,PROD0018,5,94000,7,470000,32900,437100
OD008828,ORD005660,PROD0071,7,128000,5,896000,44800,851200
OD008829,ORD005661,PROD0024,1,98000,10,98000,9800,88200
OD008830,ORD005661,PROD0192,7,135661,5,949627,47481.35,902145.65
OD008831,ORD005662,PROD0097,6,130000,2,780000,15600,764400
OD008832,ORD005663,PROD0176,8,450000,5,3600000,180000,3420000
OD008833,ORD005663,PROD0069,2,125000,2,250000,5000,245000
OD008834,ORD005664,PROD0191,9,100130,0,901170,0,901170
OD008835,ORD005665,PROD0187,1,225148,5,225148,11257.4,213890.6
OD008836,ORD005666,PROD0132,10,285000,15,2850000,427500,2422500
OD008837,ORD005667,PROD0084,4,140000,5,560000,28000,532000
OD008838,ORD005668,PROD0195,1,160472,7,160472,11233.04,149238.96
OD008839,ORD005669,PROD0115,3,158000,5,474000,23700,450300
OD008840,ORD005670,PROD0038,5,111000,5,555000,27750,527250
OD008841,ORD005671,PROD0015,2,80000,2,160000,3200,156800
OD008842,ORD005672,PROD0107,3,142000,0,426000,0,426000
OD008843,ORD005673,PROD0050,3,98000,0,294000,0,294000
OD008844,ORD005674,PROD0149,2,225000,10,450000,45000,405000
OD008845,ORD005674,PROD0110,5,155000,0,775000,0,775000
OD008846,ORD005675,PROD0097,1,130000,5,130000,6500,123500
OD008847,ORD005676,PROD0057,3,135000,5,405000,20250,384750
OD008848,ORD005676,PROD0043,2,98000,0,196000,0,196000
OD008849,ORD005677,PROD0041,1,95000,0,95000,0,95000
OD008850,ORD005678,PROD0131,5,280000,15,1400000,210000,1190000
OD008851,ORD005679,PROD0157,9,250000,2,2250000,45000,2205000
OD008852,ORD005680,PROD0195,4,160472,2,641888,12837.76,629050.24
OD008853,ORD005681,PROD0136,7,380000,0,2660000,0,2660000
OD008854,ORD005681,PROD0105,2,135000,0,270000,0,270000
OD008855,ORD005682,PROD0138,8,190000,7,1520000,106400,1413600
OD008856,ORD005683,PROD0050,7,98000,10,686000,68600,617400
OD008857,ORD005683,PROD0176,5,450000,0,2250000,0,2250000
OD008858,ORD005683,PROD0009,3,75000,2,225000,4500,220500
OD008859,ORD005684,PROD0182,6,295189,5,1771134,88556.7,1682577.3
OD008860,ORD005684,PROD0021,7,95000,0,665000,0,665000
OD008861,ORD005685,PROD0190,8,309979,2,2479832,49596.64,2430235.36
OD008862,ORD005686,PROD0156,2,225000,5,450000,22500,427500
OD008863,ORD005686,PROD0084,4,140000,5,560000,28000,532000
OD008864,ORD005686,PROD0098,9,132000,15,1188000,178200,1009800
OD008865,ORD005687,PROD0059,9,135000,5,1215000,60750,1154250
OD008866,ORD005688,PROD0042,9,98000,0,882000,0,882000
OD008867,ORD005688,PROD0063,8,140000,5,1120000,56000,1064000
OD008868,ORD005689,PROD0173,1,299000,0,299000,0,299000
OD008869,ORD005690,PROD0051,3,102500,0,307500,0,307500
OD008870,ORD005691,PROD0088,3,155500,2,466500,9330,457170
OD008871,ORD005692,PROD0138,4,190000,0,760000,0,760000
OD008872,ORD005692,PROD0160,5,310000,5,1550000,77500,1472500
OD008873,ORD005693,PROD0061,2,155000,2,310000,6200,303800
OD008874,ORD005694,PROD0163,8,225000,10,1800000,180000,1620000
OD008875,ORD005694,PROD0036,6,102000,0,612000,0,612000
OD008876,ORD005695,PROD0144,1,295000,5,295000,14750,280250
OD008877,ORD005695,PROD0022,9,95000,5,855000,42750,812250
OD008878,ORD005695,PROD0195,4,160472,15,641888,96283.2,545604.8
OD008879,ORD005696,PROD0020,6,95000,5,570000,28500,541500
OD008880,ORD005697,PROD0180,5,142869,7,714345,50004.15,664340.85
OD008881,ORD005697,PROD0153,4,195000,2,780000,15600,764400
OD008882,ORD005697,PROD0026,4,85000,0,340000,0,340000
OD008883,ORD005698,PROD0155,5,220000,2,1100000,22000,1078000
OD008884,ORD005699,PROD0069,1,125000,5,125000,6250,118750
OD008885,ORD005699,PROD0197,7,221508,0,1550556,0,1550556
OD008886,ORD005700,PROD0191,7,100130,0,700910,0,700910
OD008887,ORD005701,PROD0186,6,265147,0,1590882,0,1590882
OD008888,ORD005701,PROD0132,9,285000,5,2565000,128250,2436750
OD008889,ORD005702,PROD0180,6,142869,2,857214,17144.28,840069.72
OD008890,ORD005702,PROD0089,4,140000,7,560000,39200,520800
OD008891,ORD005703,PROD0012,7,75000,5,525000,26250,498750
OD008892,ORD005704,PROD0173,8,299000,10,2392000,239200,2152800
OD008893,ORD005704,PROD0010,8,75000,15,600000,90000,510000
OD008894,ORD005705,PROD0128,6,250000,0,1500000,0,1500000
OD008895,ORD005705,PROD0109,7,150000,0,1050000,0,1050000
OD008896,ORD005705,PROD0075,10,135000,0,1350000,0,1350000
OD008897,ORD005706,PROD0148,7,210000,10,1470000,147000,1323000
OD008898,ORD005706,PROD0055,8,120000,0,960000,0,960000
OD008899,ORD005707,PROD0187,7,225148,2,1576036,31520.72,1544515.28
OD008900,ORD005707,PROD0171,10,255000,0,2550000,0,2550000
OD008901,ORD005707,PROD0184,10,79485,5,794850,39742.5,755107.5
OD008902,ORD005708,PROD0170,4,245000,0,980000,0,980000
OD008903,ORD005708,PROD0166,8,267000,7,2136000,149520,1986480
OD008904,ORD005709,PROD0184,7,79485,5,556395,27819.75,528575.25
OD008905,ORD005710,PROD0184,6,79485,15,476910,71536.5,405373.5
OD008906,ORD005710,PROD0157,6,250000,15,1500000,225000,1275000
OD008907,ORD005711,PROD0160,9,310000,7,2790000,195300,2594700
OD008908,ORD005711,PROD0037,10,105000,0,1050000,0,1050000
OD008909,ORD005712,PROD0035,10,98000,0,980000,0,980000
OD008910,ORD005713,PROD0078,4,140000,0,560000,0,560000
OD008911,ORD005714,PROD0074,4,132000,5,528000,26400,501600
OD008912,ORD005715,PROD0066,1,114500,0,114500,0,114500
OD008913,ORD005715,PROD0060,9,150000,0,1350000,0,1350000
OD008914,ORD005716,PROD0052,7,105000,0,735000,0,735000
OD008915,ORD005716,PROD0114,10,155500,0,1555000,0,1555000
OD008916,ORD005717,PROD0159,8,285000,2,2280000,45600,2234400
OD008917,ORD005717,PROD0163,3,225000,2,675000,13500,661500
OD008918,ORD005718,PROD0025,3,82000,0,246000,0,246000
OD008919,ORD005719,PROD0109,4,150000,10,600000,60000,540000
OD008920,ORD005720,PROD0096,8,165000,5,1320000,66000,1254000
OD008921,ORD005721,PROD0160,5,310000,0,1550000,0,1550000
OD008922,ORD005721,PROD0174,10,325000,10,3250000,325000,2925000
OD008923,ORD005722,PROD0067,7,120000,5,840000,42000,798000
OD008924,ORD005722,PROD0158,4,265000,2,1060000,21200,1038800
OD008925,ORD005723,PROD0120,10,190000,7,1900000,133000,1767000
OD008926,ORD005723,PROD0054,6,115000,2,690000,13800,676200
OD008927,ORD005724,PROD0113,4,150000,7,600000,42000,558000
OD008928,ORD005725,PROD0008,4,70000,0,280000,0,280000
OD008929,ORD005725,PROD0011,8,75000,0,600000,0,600000
OD008930,ORD005726,PROD0083,1,138000,5,138000,6900,131100
OD008931,ORD005726,PROD0192,8,135661,10,1085288,108528.8,976759.2
OD008932,ORD005727,PROD0119,2,185000,7,370000,25900,344100
OD008933,ORD005727,PROD0135,7,350000,10,2450000,245000,2205000
OD008934,ORD005727,PROD0171,8,255000,0,2040000,0,2040000
OD008935,ORD005728,PROD0090,6,145000,10,870000,87000,783000
OD008936,ORD005728,PROD0106,2,140000,0,280000,0,280000
OD008937,ORD005729,PROD0056,6,125000,0,750000,0,750000
OD008938,ORD005730,PROD0054,9,115000,5,1035000,51750,983250
OD008939,ORD005730,PROD0184,3,79485,0,238455,0,238455
OD008940,ORD005731,PROD0139,10,210000,0,2100000,0,2100000
OD008941,ORD005732,PROD0027,2,92000,5,184000,9200,174800
OD008942,ORD005732,PROD0081,9,135000,2,1215000,24300,1190700
OD008943,ORD005733,PROD0155,4,220000,10,880000,88000,792000
OD008944,ORD005733,PROD0166,8,267000,15,2136000,320400,1815600
OD008945,ORD005734,PROD0132,3,285000,10,855000,85500,769500
OD008946,ORD005734,PROD0005,7,60000,5,420000,21000,399000
OD008947,ORD005735,PROD0075,7,135000,2,945000,18900,926100
OD008948,ORD005736,PROD0084,5,140000,15,700000,105000,595000
OD008949,ORD005736,PROD0037,9,105000,2,945000,18900,926100
OD008950,ORD005737,PROD0085,10,145000,2,1450000,29000,1421000
OD008951,ORD005738,PROD0074,2,132000,5,264000,13200,250800
OD008952,ORD005738,PROD0118,9,180000,5,1620000,81000,1539000
OD008953,ORD005739,PROD0063,7,140000,0,980000,0,980000
OD008954,ORD005739,PROD0072,6,125000,0,750000,0,750000
OD008955,ORD005739,PROD0174,2,325000,0,650000,0,650000
OD008956,ORD005740,PROD0081,7,135000,0,945000,0,945000
OD008957,ORD005741,PROD0039,4,115000,2,460000,9200,450800
OD008958,ORD005741,PROD0147,1,195000,15,195000,29250,165750
OD008959,ORD005742,PROD0053,2,108000,7,216000,15120,200880
OD008960,ORD005742,PROD0035,1,98000,0,98000,0,98000
OD008961,ORD005743,PROD0153,3,195000,0,585000,0,585000
OD008962,ORD005743,PROD0048,2,122200,15,244400,36660,207740
OD008963,ORD005744,PROD0002,9,50000,7,450000,31500,418500
OD008964,ORD005745,PROD0021,3,95000,5,285000,14250,270750
OD008965,ORD005745,PROD0149,5,225000,15,1125000,168750,956250
OD008966,ORD005745,PROD0052,8,105000,15,840000,126000,714000
OD008967,ORD005746,PROD0079,2,142000,0,284000,0,284000
OD008968,ORD005746,PROD0102,4,143000,5,572000,28600,543400
OD008969,ORD005746,PROD0056,2,125000,5,250000,12500,237500
OD008970,ORD005747,PROD0038,6,111000,10,666000,66600,599400
OD008971,ORD005747,PROD0015,9,80000,5,720000,36000,684000
OD008972,ORD005748,PROD0015,6,80000,5,480000,24000,456000
OD008973,ORD005749,PROD0183,5,324367,2,1621835,32436.7,1589398.3
OD008974,ORD005749,PROD0200,1,120944,2,120944,2418.88,118525.12
OD008975,ORD005750,PROD0129,10,235000,5,2350000,117500,2232500
OD008976,ORD005751,PROD0092,5,150000,0,750000,0,750000
OD008977,ORD005751,PROD0163,6,225000,7,1350000,94500,1255500
OD008978,ORD005752,PROD0167,6,295000,5,1770000,88500,1681500
OD008979,ORD005753,PROD0089,6,140000,10,840000,84000,756000
OD008980,ORD005754,PROD0148,2,210000,7,420000,29400,390600
OD008981,ORD005755,PROD0020,5,95000,5,475000,23750,451250
OD008982,ORD005755,PROD0034,5,98000,5,490000,24500,465500
OD008983,ORD005756,PROD0170,8,245000,10,1960000,196000,1764000
OD008984,ORD005756,PROD0103,5,148000,2,740000,14800,725200
OD008985,ORD005757,PROD0164,9,235000,7,2115000,148050,1966950
OD008986,ORD005757,PROD0114,7,155500,10,1088500,108850,979650
OD008987,ORD005758,PROD0024,2,98000,0,196000,0,196000
OD008988,ORD005759,PROD0032,9,105000,5,945000,47250,897750
OD008989,ORD005760,PROD0107,5,142000,0,710000,0,710000
OD008990,ORD005761,PROD0023,8,98000,2,784000,15680,768320
OD008991,ORD005761,PROD0170,3,245000,10,735000,73500,661500
OD008992,ORD005762,PROD0053,8,108000,0,864000,0,864000
OD008993,ORD005763,PROD0140,9,225000,0,2025000,0,2025000
OD008994,ORD005763,PROD0053,1,108000,0,108000,0,108000
OD008995,ORD005764,PROD0155,8,220000,7,1760000,123200,1636800
OD008996,ORD005765,PROD0056,8,125000,0,1000000,0,1000000
OD008997,ORD005765,PROD0104,3,155000,5,465000,23250,441750
OD008998,ORD005765,PROD0051,4,102500,7,410000,28700,381300
OD008999,ORD005766,PROD0176,5,450000,5,2250000,112500,2137500
OD009000,ORD005767,PROD0110,5,155000,10,775000,77500,697500
OD009001,ORD005768,PROD0105,5,135000,7,675000,47250,627750
OD009002,ORD005769,PROD0059,10,135000,0,1350000,0,1350000
OD009003,ORD005770,PROD0037,10,105000,10,1050000,105000,945000
OD009004,ORD005771,PROD0155,10,220000,5,2200000,110000,2090000
OD009005,ORD005771,PROD0011,5,75000,15,375000,56250,318750
OD009006,ORD005772,PROD0011,7,75000,15,525000,78750,446250
OD009007,ORD005772,PROD0132,1,285000,0,285000,0,285000
OD009008,ORD005773,PROD0125,1,195000,0,195000,0,195000
OD009009,ORD005774,PROD0066,8,114500,5,916000,45800,870200
OD009010,ORD005774,PROD0155,7,220000,0,1540000,0,1540000
OD009011,ORD005775,PROD0012,1,75000,2,75000,1500,73500
OD009012,ORD005776,PROD0088,7,155500,15,1088500,163275,925225
OD009013,ORD005776,PROD0182,7,295189,5,2066323,103316.15,1963006.85
OD009014,ORD005777,PROD0064,8,150000,2,1200000,24000,1176000
OD009015,ORD005778,PROD0157,6,250000,0,1500000,0,1500000
OD009016,ORD005779,PROD0061,8,155000,7,1240000,86800,1153200
OD009017,ORD005779,PROD0047,8,120000,10,960000,96000,864000
OD009018,ORD005780,PROD0066,6,114500,10,687000,68700,618300
OD009019,ORD005781,PROD0059,6,135000,0,810000,0,810000
OD009020,ORD005782,PROD0024,8,98000,0,784000,0,784000
OD009021,ORD005782,PROD0182,2,295189,15,590378,88556.7,501821.3
OD009022,ORD005783,PROD0117,10,175000,15,1750000,262500,1487500
OD009023,ORD005783,PROD0193,9,348268,0,3134412,0,3134412
OD009024,ORD005784,PROD0125,6,195000,0,1170000,0,1170000
OD009025,ORD005784,PROD0179,10,65000,5,650000,32500,617500
OD009026,ORD005785,PROD0078,8,140000,2,1120000,22400,1097600
OD009027,ORD005785,PROD0038,5,111000,7,555000,38850,516150
OD009028,ORD005786,PROD0192,5,135661,0,678305,0,678305
OD009029,ORD005787,PROD0166,7,267000,7,1869000,130830,1738170
OD009030,ORD005787,PROD0183,3,324367,0,973101,0,973101
OD009031,ORD005788,PROD0185,6,232339,0,1394034,0,1394034
OD009032,ORD005788,PROD0060,5,150000,2,750000,15000,735000
OD009033,ORD005789,PROD0110,6,155000,0,930000,0,930000
OD009034,ORD005790,PROD0147,5,195000,5,975000,48750,926250
OD009035,ORD005791,PROD0176,1,450000,0,450000,0,450000
OD009036,ORD005791,PROD0024,8,98000,0,784000,0,784000
OD009037,ORD005792,PROD0187,5,225148,7,1125740,78801.8,1046938.2
OD009038,ORD005792,PROD0152,2,285000,5,570000,28500,541500
OD009039,ORD005793,PROD0095,3,162000,5,486000,24300,461700
OD009040,ORD005794,PROD0148,6,210000,0,1260000,0,1260000
OD009041,ORD005794,PROD0057,8,135000,15,1080000,162000,918000
OD009042,ORD005795,PROD0072,3,125000,15,375000,56250,318750
OD009043,ORD005796,PROD0040,9,115000,2,1035000,20700,1014300
OD009044,ORD005797,PROD0078,8,140000,7,1120000,78400,1041600
OD009045,ORD005797,PROD0062,1,170000,7,170000,11900,158100
OD009046,ORD005798,PROD0118,2,180000,10,360000,36000,324000
OD009047,ORD005799,PROD0087,8,150000,10,1200000,120000,1080000
OD009048,ORD005800,PROD0057,6,135000,2,810000,16200,793800
OD009049,ORD005800,PROD0078,2,140000,2,280000,5600,274400
OD009050,ORD005801,PROD0115,10,158000,10,1580000,158000,1422000
OD009051,ORD005802,PROD0159,1,285000,2,285000,5700,279300
OD009052,ORD005802,PROD0178,5,115000,5,575000,28750,546250
OD009053,ORD005803,PROD0054,1,115000,0,115000,0,115000
OD009054,ORD005803,PROD0089,10,140000,0,1400000,0,1400000
OD009055,ORD005803,PROD0143,5,285000,0,1425000,0,1425000
OD009056,ORD005804,PROD0041,7,95000,0,665000,0,665000
OD009057,ORD005804,PROD0148,9,210000,2,1890000,37800,1852200
OD009058,ORD005805,PROD0112,3,170000,5,510000,25500,484500
OD009059,ORD005805,PROD0028,4,95000,7,380000,26600,353400
OD009060,ORD005806,PROD0131,7,280000,5,1960000,98000,1862000
OD009061,ORD005806,PROD0033,10,98000,10,980000,98000,882000
OD009062,ORD005806,PROD0106,2,140000,0,280000,0,280000
OD009063,ORD005807,PROD0063,5,140000,7,700000,49000,651000
OD009064,ORD005807,PROD0005,3,60000,0,180000,0,180000
OD009065,ORD005808,PROD0136,2,380000,0,760000,0,760000
OD009066,ORD005808,PROD0134,2,310000,2,620000,12400,607600
OD009067,ORD005809,PROD0055,5,120000,15,600000,90000,510000
OD009068,ORD005810,PROD0008,2,70000,0,140000,0,140000
OD009069,ORD005810,PROD0177,7,120000,0,840000,0,840000
OD009070,ORD005811,PROD0084,2,140000,0,280000,0,280000
OD009071,ORD005812,PROD0171,6,255000,2,1530000,30600,1499400
OD009072,ORD005813,PROD0083,3,138000,2,414000,8280,405720
OD009073,ORD005813,PROD0149,5,225000,0,1125000,0,1125000
OD009074,ORD005814,PROD0170,2,245000,5,490000,24500,465500
OD009075,ORD005815,PROD0137,2,165000,5,330000,16500,313500
OD009076,ORD005816,PROD0173,4,299000,5,1196000,59800,1136200
OD009077,ORD005816,PROD0013,7,80000,10,560000,56000,504000
OD009078,ORD005817,PROD0156,5,225000,15,1125000,168750,956250
OD009079,ORD005818,PROD0144,4,295000,0,1180000,0,1180000
OD009080,ORD005818,PROD0164,6,235000,2,1410000,28200,1381800
OD009081,ORD005819,PROD0127,10,225000,15,2250000,337500,1912500
OD009082,ORD005819,PROD0044,9,105000,5,945000,47250,897750
OD009083,ORD005819,PROD0122,5,165000,2,825000,16500,808500
OD009084,ORD005820,PROD0144,6,295000,2,1770000,35400,1734600
OD009085,ORD005820,PROD0199,3,63002,10,189006,18900.6,170105.4
OD009086,ORD005821,PROD0150,8,255000,10,2040000,204000,1836000
OD009087,ORD005822,PROD0169,9,220000,0,1980000,0,1980000
OD009088,ORD005822,PROD0156,9,225000,2,2025000,40500,1984500
OD009089,ORD005823,PROD0021,3,95000,5,285000,14250,270750
OD009090,ORD005824,PROD0159,8,285000,0,2280000,0,2280000
OD009091,ORD005824,PROD0142,2,265000,10,530000,53000,477000
OD009092,ORD005825,PROD0033,1,98000,0,98000,0,98000
OD009093,ORD005826,PROD0038,8,111000,5,888000,44400,843600
OD009094,ORD005827,PROD0052,5,105000,7,525000,36750,488250
OD009095,ORD005828,PROD0118,3,180000,10,540000,54000,486000
OD009096,ORD005828,PROD0157,6,250000,5,1500000,75000,1425000
OD009097,ORD005828,PROD0177,5,120000,5,600000,30000,570000
OD009098,ORD005829,PROD0030,3,100000,5,300000,15000,285000
OD009099,ORD005830,PROD0197,5,221508,10,1107540,110754,996786
OD009100,ORD005831,PROD0025,1,82000,0,82000,0,82000
OD009101,ORD005832,PROD0118,8,180000,5,1440000,72000,1368000
OD009102,ORD005833,PROD0196,10,332371,7,3323710,232659.7,3091050.3
OD009103,ORD005833,PROD0084,6,140000,10,840000,84000,756000
OD009104,ORD005833,PROD0194,7,285723,2,2000061,40001.22,1960059.78
OD009105,ORD005834,PROD0127,8,225000,10,1800000,180000,1620000
OD009106,ORD005835,PROD0068,5,120000,5,600000,30000,570000
OD009107,ORD005836,PROD0176,10,450000,2,4500000,90000,4410000
OD009108,ORD005837,PROD0002,3,50000,15,150000,22500,127500
OD009109,ORD005837,PROD0153,8,195000,0,1560000,0,1560000
OD009110,ORD005838,PROD0080,3,145000,10,435000,43500,391500
OD009111,ORD005838,PROD0144,3,295000,5,885000,44250,840750
OD009112,ORD005839,PROD0006,5,65000,5,325000,16250,308750
OD009113,ORD005839,PROD0182,8,295189,10,2361512,236151.2,2125360.8
OD009114,ORD005840,PROD0029,5,100000,10,500000,50000,450000
OD009115,ORD005840,PROD0122,9,165000,10,1485000,148500,1336500
OD009116,ORD005841,PROD0045,4,110000,5,440000,22000,418000
OD009117,ORD005842,PROD0185,5,232339,7,1161695,81318.65,1080376.35
OD009118,ORD005842,PROD0168,6,320000,7,1920000,134400,1785600
OD009119,ORD005842,PROD0168,7,320000,2,2240000,44800,2195200
OD009120,ORD005843,PROD0076,5,135000,2,675000,13500,661500
OD009121,ORD005843,PROD0037,5,105000,10,525000,52500,472500
OD009122,ORD005844,PROD0002,1,50000,5,50000,2500,47500
OD009123,ORD005844,PROD0041,2,95000,0,190000,0,190000
OD009124,ORD005845,PROD0128,2,250000,10,500000,50000,450000
OD009125,ORD005846,PROD0069,8,125000,5,1000000,50000,950000
OD009126,ORD005846,PROD0015,4,80000,10,320000,32000,288000
OD009127,ORD005847,PROD0200,5,120944,0,604720,0,604720
OD009128,ORD005847,PROD0179,6,65000,10,390000,39000,351000
OD009129,ORD005848,PROD0088,4,155500,2,622000,12440,609560
OD009130,ORD005849,PROD0050,2,98000,0,196000,0,196000
OD009131,ORD005850,PROD0090,5,145000,2,725000,14500,710500
OD009132,ORD005850,PROD0048,4,122200,5,488800,24440,464360
OD009133,ORD005851,PROD0015,6,80000,2,480000,9600,470400
OD009134,ORD005851,PROD0080,7,145000,5,1015000,50750,964250
OD009135,ORD005852,PROD0033,8,98000,5,784000,39200,744800
OD009136,ORD005853,PROD0022,6,95000,5,570000,28500,541500
OD009137,ORD005853,PROD0197,10,221508,2,2215080,44301.6,2170778.4
OD009138,ORD005853,PROD0005,10,60000,0,600000,0,600000
OD009139,ORD005854,PROD0166,7,267000,5,1869000,93450,1775550
OD009140,ORD005855,PROD0183,10,324367,5,3243670,162183.5,3081486.5
OD009141,ORD005856,PROD0087,10,150000,0,1500000,0,1500000
OD009142,ORD005857,PROD0173,9,299000,5,2691000,134550,2556450
OD009143,ORD005857,PROD0102,2,143000,0,286000,0,286000
OD009144,ORD005858,PROD0184,7,79485,2,556395,11127.9,545267.1
OD009145,ORD005859,PROD0166,2,267000,10,534000,53400,480600
OD009146,ORD005859,PROD0136,3,380000,0,1140000,0,1140000
OD009147,ORD005860,PROD0115,8,158000,2,1264000,25280,1238720
OD009148,ORD005861,PROD0003,6,60000,0,360000,0,360000
OD009149,ORD005862,PROD0057,7,135000,5,945000,47250,897750
OD009150,ORD005863,PROD0195,4,160472,10,641888,64188.8,577699.2
OD009151,ORD005864,PROD0185,9,232339,5,2091051,104552.55,1986498.45
OD009152,ORD005865,PROD0142,4,265000,10,1060000,106000,954000
OD009153,ORD005866,PROD0099,7,134000,5,938000,46900,891100
OD009154,ORD005867,PROD0084,8,140000,0,1120000,0,1120000
OD009155,ORD005868,PROD0084,1,140000,5,140000,7000,133000
OD009156,ORD005868,PROD0147,9,195000,0,1755000,0,1755000
OD009157,ORD005868,PROD0054,7,115000,2,805000,16100,788900
OD009158,ORD005869,PROD0114,2,155500,0,311000,0,311000
OD009159,ORD005869,PROD0126,3,210000,0,630000,0,630000
OD009160,ORD005870,PROD0135,1,350000,0,350000,0,350000
OD009161,ORD005871,PROD0034,5,98000,2,490000,9800,480200
OD009162,ORD005872,PROD0165,1,255000,10,255000,25500,229500
OD009163,ORD005873,PROD0087,7,150000,7,1050000,73500,976500
OD009164,ORD005874,PROD0188,1,254957,0,254957,0,254957
OD009165,ORD005875,PROD0089,7,140000,7,980000,68600,911400
OD009166,ORD005875,PROD0160,8,310000,0,2480000,0,2480000
OD009167,ORD005875,PROD0023,4,98000,0,392000,0,392000
OD009168,ORD005876,PROD0180,4,142869,7,571476,40003.32,531472.68
OD009169,ORD005877,PROD0006,8,65000,2,520000,10400,509600
OD009170,ORD005877,PROD0114,10,155500,2,1555000,31100,1523900
OD009171,ORD005878,PROD0150,10,255000,2,2550000,51000,2499000
OD009172,ORD005878,PROD0068,7,120000,5,840000,42000,798000
OD009173,ORD005879,PROD0192,3,135661,5,406983,20349.15,386633.85
OD009174,ORD005880,PROD0134,4,310000,5,1240000,62000,1178000
OD009175,ORD005881,PROD0181,2,90661,0,181322,0,181322
OD009176,ORD005882,PROD0112,1,170000,0,170000,0,170000
OD009177,ORD005882,PROD0142,2,265000,2,530000,10600,519400
OD009178,ORD005883,PROD0012,8,75000,10,600000,60000,540000
OD009179,ORD005883,PROD0014,5,80000,7,400000,28000,372000
OD009180,ORD005884,PROD0116,6,162000,0,972000,0,972000
OD009181,ORD005885,PROD0075,3,135000,0,405000,0,405000
OD009182,ORD005886,PROD0084,1,140000,2,140000,2800,137200
OD009183,ORD005887,PROD0123,5,170000,10,850000,85000,765000
OD009184,ORD005888,PROD0074,5,132000,15,660000,99000,561000
OD009185,ORD005888,PROD0200,1,120944,0,120944,0,120944
OD009186,ORD005889,PROD0145,7,170000,5,1190000,59500,1130500
OD009187,ORD005890,PROD0121,3,160000,2,480000,9600,470400
OD009188,ORD005891,PROD0178,6,115000,2,690000,13800,676200
OD009189,ORD005891,PROD0005,4,60000,5,240000,12000,228000
OD009190,ORD005892,PROD0040,1,115000,7,115000,8050,106950
OD009191,ORD005893,PROD0166,10,267000,5,2670000,133500,2536500
OD009192,ORD005894,PROD0159,7,285000,2,1995000,39900,1955100
OD009193,ORD005895,PROD0117,3,175000,7,525000,36750,488250
OD009194,ORD005895,PROD0034,3,98000,2,294000,5880,288120
OD009195,ORD005896,PROD0060,1,150000,5,150000,7500,142500
OD009196,ORD005896,PROD0116,8,162000,0,1296000,0,1296000
OD009197,ORD005896,PROD0017,4,90000,2,360000,7200,352800
OD009198,ORD005897,PROD0170,3,245000,5,735000,36750,698250
OD009199,ORD005897,PROD0067,10,120000,10,1200000,120000,1080000
OD009200,ORD005898,PROD0182,10,295189,0,2951890,0,2951890
OD009201,ORD005898,PROD0107,5,142000,7,710000,49700,660300
OD009202,ORD005899,PROD0062,6,170000,5,1020000,51000,969000
OD009203,ORD005899,PROD0009,9,75000,7,675000,47250,627750
OD009204,ORD005900,PROD0164,7,235000,0,1645000,0,1645000
OD009205,ORD005900,PROD0133,3,295000,5,885000,44250,840750
OD009206,ORD005901,PROD0176,8,450000,2,3600000,72000,3528000
OD009207,ORD005902,PROD0044,2,105000,2,210000,4200,205800
OD009208,ORD005903,PROD0035,6,98000,0,588000,0,588000
OD009209,ORD005904,PROD0048,5,122200,5,611000,30550,580450
OD009210,ORD005905,PROD0077,6,138000,2,828000,16560,811440
OD009211,ORD005905,PROD0076,8,135000,10,1080000,108000,972000
OD009212,ORD005905,PROD0156,1,225000,7,225000,15750,209250
OD009213,ORD005906,PROD0191,9,100130,0,901170,0,901170
OD009214,ORD005906,PROD0003,4,60000,2,240000,4800,235200
OD009215,ORD005907,PROD0107,3,142000,0,426000,0,426000
OD009216,ORD005907,PROD0126,6,210000,5,1260000,63000,1197000
OD009217,ORD005907,PROD0048,10,122200,5,1222000,61100,1160900
OD009218,ORD005908,PROD0083,9,138000,2,1242000,24840,1217160
OD009219,ORD005909,PROD0147,5,195000,0,975000,0,975000
OD009220,ORD005910,PROD0104,6,155000,2,930000,18600,911400
OD009221,ORD005910,PROD0013,6,80000,0,480000,0,480000
OD009222,ORD005910,PROD0084,7,140000,0,980000,0,980000
OD009223,ORD005911,PROD0066,9,114500,7,1030500,72135,958365
OD009224,ORD005912,PROD0040,2,115000,15,230000,34500,195500
OD009225,ORD005913,PROD0021,5,95000,7,475000,33250,441750
OD009226,ORD005914,PROD0070,6,126000,0,756000,0,756000
OD009227,ORD005914,PROD0173,8,299000,10,2392000,239200,2152800
OD009228,ORD005915,PROD0173,1,299000,5,299000,14950,284050
OD009229,ORD005916,PROD0032,6,105000,0,630000,0,630000
OD009230,ORD005916,PROD0123,8,170000,7,1360000,95200,1264800
OD009231,ORD005916,PROD0148,2,210000,0,420000,0,420000
OD009232,ORD005917,PROD0096,2,165000,0,330000,0,330000
OD009233,ORD005918,PROD0008,1,70000,7,70000,4900,65100
OD009234,ORD005919,PROD0142,9,265000,0,2385000,0,2385000
OD009235,ORD005919,PROD0034,10,98000,5,980000,49000,931000
OD009236,ORD005920,PROD0037,5,105000,5,525000,26250,498750
OD009237,ORD005921,PROD0057,9,135000,15,1215000,182250,1032750
OD009238,ORD005922,PROD0017,6,90000,2,540000,10800,529200
OD009239,ORD005922,PROD0188,10,254957,2,2549570,50991.4,2498578.6
OD009240,ORD005923,PROD0110,2,155000,5,310000,15500,294500
OD009241,ORD005924,PROD0164,7,235000,5,1645000,82250,1562750
OD009242,ORD005925,PROD0003,8,60000,5,480000,24000,456000
OD009243,ORD005926,PROD0038,7,111000,10,777000,77700,699300
OD009244,ORD005927,PROD0030,5,100000,7,500000,35000,465000
OD009245,ORD005928,PROD0015,3,80000,10,240000,24000,216000
OD009246,ORD005928,PROD0144,2,295000,2,590000,11800,578200
OD009247,ORD005929,PROD0034,7,98000,7,686000,48020,637980
OD009248,ORD005929,PROD0181,6,90661,15,543966,81594.9,462371.1
OD009249,ORD005930,PROD0150,5,255000,0,1275000,0,1275000
OD009250,ORD005931,PROD0058,1,145000,2,145000,2900,142100
OD009251,ORD005932,PROD0054,4,115000,5,460000,23000,437000
OD009252,ORD005932,PROD0077,9,138000,5,1242000,62100,1179900
OD009253,ORD005933,PROD0108,7,145000,5,1015000,50750,964250
OD009254,ORD005933,PROD0137,8,165000,10,1320000,132000,1188000
OD009255,ORD005934,PROD0090,1,145000,0,145000,0,145000
OD009256,ORD005935,PROD0161,5,195000,15,975000,146250,828750
OD009257,ORD005935,PROD0154,6,200000,7,1200000,84000,1116000
OD009258,ORD005936,PROD0053,8,108000,0,864000,0,864000
OD009259,ORD005937,PROD0080,8,145000,0,1160000,0,1160000
OD009260,ORD005938,PROD0166,1,267000,7,267000,18690,248310
OD009261,ORD005939,PROD0146,9,185000,0,1665000,0,1665000
OD009262,ORD005939,PROD0195,1,160472,5,160472,8023.6,152448.4
OD009263,ORD005939,PROD0020,5,95000,5,475000,23750,451250
OD009264,ORD005940,PROD0018,3,94000,15,282000,42300,239700
OD009265,ORD005941,PROD0102,4,143000,2,572000,11440,560560
OD009266,ORD005941,PROD0045,5,110000,7,550000,38500,511500
OD009267,ORD005942,PROD0149,6,225000,15,1350000,202500,1147500
OD009268,ORD005943,PROD0146,1,185000,5,185000,9250,175750
OD009269,ORD005944,PROD0089,2,140000,0,280000,0,280000
OD009270,ORD005945,PROD0008,7,70000,0,490000,0,490000
OD009271,ORD005946,PROD0071,1,128000,2,128000,2560,125440
OD009272,ORD005946,PROD0057,3,135000,2,405000,8100,396900
OD009273,ORD005947,PROD0080,9,145000,2,1305000,26100,1278900
OD009274,ORD005947,PROD0169,3,220000,5,660000,33000,627000
OD009275,ORD005948,PROD0148,2,210000,5,420000,21000,399000
OD009276,ORD005949,PROD0137,5,165000,0,825000,0,825000
OD009277,ORD005950,PROD0003,5,60000,2,300000,6000,294000
OD009278,ORD005951,PROD0129,2,235000,5,470000,23500,446500
OD009279,ORD005951,PROD0105,5,135000,5,675000,33750,641250
OD009280,ORD005952,PROD0123,9,170000,7,1530000,107100,1422900
OD009281,ORD005953,PROD0082,10,138000,0,1380000,0,1380000
OD009282,ORD005953,PROD0101,1,138000,2,138000,2760,135240
OD009283,ORD005954,PROD0068,8,120000,5,960000,48000,912000
OD009284,ORD005955,PROD0154,7,200000,10,1400000,140000,1260000
OD009285,ORD005956,PROD0081,8,135000,5,1080000,54000,1026000
OD009286,ORD005956,PROD0174,8,325000,0,2600000,0,2600000
OD009287,ORD005957,PROD0186,7,265147,0,1856029,0,1856029
OD009288,ORD005957,PROD0160,9,310000,5,2790000,139500,2650500
OD009289,ORD005958,PROD0106,3,140000,15,420000,63000,357000
OD009290,ORD005959,PROD0097,2,130000,5,260000,13000,247000
OD009291,ORD005960,PROD0105,4,135000,2,540000,10800,529200
OD009292,ORD005961,PROD0156,2,225000,0,450000,0,450000
OD009293,ORD005962,PROD0173,2,299000,0,598000,0,598000
OD009294,ORD005962,PROD0152,1,285000,7,285000,19950,265050
OD009295,ORD005963,PROD0144,6,295000,2,1770000,35400,1734600
OD009296,ORD005963,PROD0092,9,150000,0,1350000,0,1350000
OD009297,ORD005964,PROD0052,1,105000,0,105000,0,105000
OD009298,ORD005965,PROD0067,7,120000,10,840000,84000,756000
OD009299,ORD005966,PROD0200,10,120944,2,1209440,24188.8,1185251.2
OD009300,ORD005966,PROD0083,5,138000,0,690000,0,690000
OD009301,ORD005967,PROD0097,2,130000,2,260000,5200,254800
OD009302,ORD005967,PROD0099,7,134000,7,938000,65660,872340
OD009303,ORD005968,PROD0071,3,128000,2,384000,7680,376320
OD009304,ORD005968,PROD0030,2,100000,7,200000,14000,186000
OD009305,ORD005969,PROD0044,5,105000,5,525000,26250,498750
OD009306,ORD005969,PROD0044,1,105000,2,105000,2100,102900
OD009307,ORD005970,PROD0040,4,115000,10,460000,46000,414000
OD009308,ORD005971,PROD0021,8,95000,0,760000,0,760000
OD009309,ORD005971,PROD0187,2,225148,7,450296,31520.72,418775.28
OD009310,ORD005972,PROD0015,6,80000,5,480000,24000,456000
OD009311,ORD005973,PROD0024,10,98000,2,980000,19600,960400
OD009312,ORD005973,PROD0114,3,155500,2,466500,9330,457170
OD009313,ORD005974,PROD0184,3,79485,5,238455,11922.75,226532.25
OD009314,ORD005975,PROD0140,8,225000,0,1800000,0,1800000
OD009315,ORD005975,PROD0027,8,92000,5,736000,36800,699200
OD009316,ORD005976,PROD0123,5,170000,5,850000,42500,807500
OD009317,ORD005977,PROD0119,8,185000,7,1480000,103600,1376400
OD009318,ORD005978,PROD0146,7,185000,0,1295000,0,1295000
OD009319,ORD005979,PROD0059,3,135000,2,405000,8100,396900
OD009320,ORD005979,PROD0082,9,138000,5,1242000,62100,1179900
OD009321,ORD005980,PROD0194,3,285723,7,857169,60001.83,797167.17
OD009322,ORD005980,PROD0160,7,310000,2,2170000,43400,2126600
OD009323,ORD005981,PROD0052,6,105000,2,630000,12600,617400
OD009324,ORD005982,PROD0150,6,255000,10,1530000,153000,1377000
OD009325,ORD005983,PROD0172,9,277000,0,2493000,0,2493000
OD009326,ORD005984,PROD0143,10,285000,7,2850000,199500,2650500
OD009327,ORD005984,PROD0126,8,210000,7,1680000,117600,1562400
OD009328,ORD005985,PROD0154,6,200000,0,1200000,0,1200000
OD009329,ORD005986,PROD0108,4,145000,2,580000,11600,568400
OD009330,ORD005986,PROD0047,8,120000,5,960000,48000,912000
OD009331,ORD005987,PROD0098,1,132000,7,132000,9240,122760
OD009332,ORD005987,PROD0114,2,155500,10,311000,31100,279900
OD009333,ORD005988,PROD0153,7,195000,2,1365000,27300,1337700
OD009334,ORD005988,PROD0155,3,220000,2,660000,13200,646800
OD009335,ORD005989,PROD0027,5,92000,2,460000,9200,450800
OD009336,ORD005990,PROD0020,10,95000,0,950000,0,950000
OD009337,ORD005990,PROD0032,4,105000,0,420000,0,420000
OD009338,ORD005991,PROD0050,5,98000,10,490000,49000,441000
OD009339,ORD005992,PROD0056,7,125000,2,875000,17500,857500
OD009340,ORD005992,PROD0099,8,134000,0,1072000,0,1072000
OD009341,ORD005993,PROD0143,10,285000,0,2850000,0,2850000
OD009342,ORD005993,PROD0083,4,138000,15,552000,82800,469200
OD009343,ORD005994,PROD0091,10,148000,0,1480000,0,1480000
OD009344,ORD005994,PROD0183,3,324367,5,973101,48655.05,924445.95
OD009345,ORD005994,PROD0151,7,265000,7,1855000,129850,1725150
OD009346,ORD005995,PROD0151,1,265000,7,265000,18550,246450
OD009347,ORD005996,PROD0151,10,265000,2,2650000,53000,2597000
OD009348,ORD005996,PROD0009,8,75000,5,600000,30000,570000
OD009349,ORD005997,PROD0147,4,195000,0,780000,0,780000
OD009350,ORD005997,PROD0094,10,158000,2,1580000,31600,1548400
OD009351,ORD005998,PROD0127,2,225000,10,450000,45000,405000
OD009352,ORD005998,PROD0153,4,195000,5,780000,39000,741000
OD009353,ORD005998,PROD0011,5,75000,5,375000,18750,356250
OD009354,ORD005999,PROD0134,7,310000,5,2170000,108500,2061500
OD009355,ORD006000,PROD0177,7,120000,7,840000,58800,781200
OD009356,ORD006000,PROD0108,1,145000,10,145000,14500,130500
OD009357,ORD006001,PROD0132,9,285000,7,2565000,179550,2385450
OD009358,ORD006002,PROD0018,2,94000,5,188000,9400,178600
OD009359,ORD006002,PROD0151,10,265000,0,2650000,0,2650000
OD009360,ORD006003,PROD0184,5,79485,5,397425,19871.25,377553.75
OD009361,ORD006003,PROD0071,6,128000,2,768000,15360,752640
OD009362,ORD006004,PROD0084,4,140000,5,560000,28000,532000
OD009363,ORD006004,PROD0104,4,155000,5,620000,31000,589000
OD009364,ORD006005,PROD0030,5,100000,0,500000,0,500000
OD009365,ORD006006,PROD0019,3,95000,7,285000,19950,265050
OD009366,ORD006006,PROD0017,10,90000,2,900000,18000,882000
OD009367,ORD006007,PROD0032,7,105000,7,735000,51450,683550
OD009368,ORD006007,PROD0157,5,250000,0,1250000,0,1250000
OD009369,ORD006008,PROD0126,7,210000,7,1470000,102900,1367100
OD009370,ORD006009,PROD0123,1,170000,5,170000,8500,161500
OD009371,ORD006009,PROD0016,7,80000,2,560000,11200,548800
OD009372,ORD006010,PROD0051,2,102500,0,205000,0,205000
OD009373,ORD006011,PROD0188,2,254957,10,509914,50991.4,458922.6
OD009374,ORD006012,PROD0107,7,142000,0,994000,0,994000
OD009375,ORD006012,PROD0017,5,90000,0,450000,0,450000
OD009376,ORD006013,PROD0190,2,309979,10,619958,61995.8,557962.2
OD009377,ORD006014,PROD0114,1,155500,5,155500,7775,147725
OD009378,ORD006014,PROD0099,7,134000,10,938000,93800,844200
OD009379,ORD006015,PROD0120,6,190000,15,1140000,171000,969000
OD009380,ORD006016,PROD0079,3,142000,2,426000,8520,417480
OD009381,ORD006016,PROD0137,3,165000,7,495000,34650,460350
OD009382,ORD006017,PROD0062,8,170000,0,1360000,0,1360000
OD009383,ORD006018,PROD0071,9,128000,10,1152000,115200,1036800
OD009384,ORD006018,PROD0037,10,105000,5,1050000,52500,997500
OD009385,ORD006019,PROD0040,9,115000,10,1035000,103500,931500
OD009386,ORD006019,PROD0183,3,324367,5,973101,48655.05,924445.95
OD009387,ORD006020,PROD0041,8,95000,5,760000,38000,722000
OD009388,ORD006020,PROD0035,4,98000,10,392000,39200,352800
OD009389,ORD006021,PROD0096,2,165000,2,330000,6600,323400
OD009390,ORD006022,PROD0011,2,75000,2,150000,3000,147000
OD009391,ORD006022,PROD0083,5,138000,10,690000,69000,621000
OD009392,ORD006023,PROD0029,3,100000,15,300000,45000,255000
OD009393,ORD006024,PROD0052,2,105000,5,210000,10500,199500
OD009394,ORD006025,PROD0037,8,105000,2,840000,16800,823200
OD009395,ORD006026,PROD0174,1,325000,0,325000,0,325000
OD009396,ORD006027,PROD0085,10,145000,5,1450000,72500,1377500
OD009397,ORD006027,PROD0001,5,50000,10,250000,25000,225000
OD009398,ORD006028,PROD0182,4,295189,0,1180756,0,1180756
OD009399,ORD006029,PROD0200,4,120944,0,483776,0,483776
OD009400,ORD006029,PROD0027,7,92000,0,644000,0,644000
OD009401,ORD006030,PROD0020,10,95000,2,950000,19000,931000
OD009402,ORD006030,PROD0030,3,100000,5,300000,15000,285000
OD009403,ORD006031,PROD0055,10,120000,0,1200000,0,1200000
OD009404,ORD006032,PROD0088,10,155500,5,1555000,77750,1477250
OD009405,ORD006033,PROD0159,10,285000,0,2850000,0,2850000
OD009406,ORD006034,PROD0181,7,90661,10,634627,63462.7,571164.3
OD009407,ORD006035,PROD0172,1,277000,5,277000,13850,263150
OD009408,ORD006036,PROD0186,4,265147,5,1060588,53029.4,1007558.6
OD009409,ORD006036,PROD0011,6,75000,10,450000,45000,405000
OD009410,ORD006037,PROD0191,8,100130,0,801040,0,801040
OD009411,ORD006037,PROD0131,1,280000,15,280000,42000,238000
OD009412,ORD006037,PROD0026,6,85000,0,510000,0,510000
OD009413,ORD006038,PROD0199,7,63002,2,441014,8820.28,432193.72
OD009414,ORD006039,PROD0142,1,265000,0,265000,0,265000
OD009415,ORD006040,PROD0151,6,265000,10,1590000,159000,1431000
OD009416,ORD006040,PROD0130,5,250000,5,1250000,62500,1187500
OD009417,ORD006041,PROD0157,5,250000,0,1250000,0,1250000
OD009418,ORD006041,PROD0007,8,70000,2,560000,11200,548800
OD009419,ORD006041,PROD0112,1,170000,15,170000,25500,144500
OD009420,ORD006042,PROD0135,8,350000,0,2800000,0,2800000
OD009421,ORD006042,PROD0173,2,299000,2,598000,11960,586040
OD009422,ORD006042,PROD0140,8,225000,0,1800000,0,1800000
OD009423,ORD006043,PROD0050,4,98000,0,392000,0,392000
OD009424,ORD006043,PROD0132,6,285000,10,1710000,171000,1539000
OD009425,ORD006043,PROD0050,3,98000,5,294000,14700,279300
OD009426,ORD006044,PROD0044,10,105000,0,1050000,0,1050000
OD009427,ORD006045,PROD0124,2,178000,10,356000,35600,320400
OD009428,ORD006045,PROD0067,5,120000,10,600000,60000,540000
OD009429,ORD006045,PROD0067,9,120000,15,1080000,162000,918000
OD009430,ORD006046,PROD0111,4,16000,0,64000,0,64000
OD009431,ORD006047,PROD0039,1,115000,2,115000,2300,112700
OD009432,ORD006048,PROD0028,3,95000,10,285000,28500,256500
OD009433,ORD006048,PROD0088,3,155500,0,466500,0,466500
OD009434,ORD006049,PROD0032,1,105000,2,105000,2100,102900
OD009435,ORD006049,PROD0148,10,210000,10,2100000,210000,1890000
OD009436,ORD006050,PROD0140,9,225000,0,2025000,0,2025000
OD009437,ORD006050,PROD0189,9,235752,7,2121768,148523.76,1973244.24
OD009438,ORD006051,PROD0034,6,98000,15,588000,88200,499800
OD009439,ORD006051,PROD0150,4,255000,5,1020000,51000,969000
OD009440,ORD006052,PROD0004,9,60000,10,540000,54000,486000
OD009441,ORD006052,PROD0124,9,178000,7,1602000,112140,1489860
OD009442,ORD006053,PROD0038,8,111000,7,888000,62160,825840
OD009443,ORD006054,PROD0145,2,170000,5,340000,17000,323000
OD009444,ORD006055,PROD0016,9,80000,0,720000,0,720000
OD009445,ORD006055,PROD0009,7,75000,2,525000,10500,514500
OD009446,ORD006056,PROD0057,7,135000,10,945000,94500,850500
OD009447,ORD006057,PROD0071,9,128000,0,1152000,0,1152000
OD009448,ORD006058,PROD0153,3,195000,2,585000,11700,573300
OD009449,ORD006059,PROD0039,5,115000,5,575000,28750,546250
OD009450,ORD006059,PROD0158,4,265000,2,1060000,21200,1038800
OD009451,ORD006060,PROD0099,2,134000,7,268000,18760,249240
OD009452,ORD006060,PROD0015,6,80000,15,480000,72000,408000
OD009453,ORD006060,PROD0191,6,100130,0,600780,0,600780
OD009454,ORD006061,PROD0115,3,158000,0,474000,0,474000
OD009455,ORD006061,PROD0171,8,255000,7,2040000,142800,1897200
OD009456,ORD006062,PROD0018,4,94000,0,376000,0,376000
OD009457,ORD006062,PROD0091,9,148000,0,1332000,0,1332000
OD009458,ORD006063,PROD0038,8,111000,2,888000,17760,870240
OD009459,ORD006063,PROD0104,4,155000,0,620000,0,620000
OD009460,ORD006064,PROD0157,8,250000,5,2000000,100000,1900000
OD009461,ORD006065,PROD0170,3,245000,0,735000,0,735000
OD009462,ORD006065,PROD0195,6,160472,5,962832,48141.6,914690.4
OD009463,ORD006066,PROD0053,7,108000,5,756000,37800,718200
OD009464,ORD006066,PROD0055,3,120000,0,360000,0,360000
OD009465,ORD006067,PROD0154,3,200000,2,600000,12000,588000
OD009466,ORD006067,PROD0156,2,225000,0,450000,0,450000
OD009467,ORD006067,PROD0066,3,114500,7,343500,24045,319455
OD009468,ORD006068,PROD0069,7,125000,0,875000,0,875000
OD009469,ORD006069,PROD0040,2,115000,10,230000,23000,207000
OD009470,ORD006069,PROD0157,9,250000,10,2250000,225000,2025000
OD009471,ORD006069,PROD0023,4,98000,5,392000,19600,372400
OD009472,ORD006070,PROD0115,4,158000,15,632000,94800,537200
OD009473,ORD006070,PROD0078,5,140000,2,700000,14000,686000
OD009474,ORD006071,PROD0110,7,155000,2,1085000,21700,1063300
OD009475,ORD006072,PROD0185,8,232339,0,1858712,0,1858712
OD009476,ORD006073,PROD0162,7,210000,7,1470000,102900,1367100
OD009477,ORD006074,PROD0181,2,90661,2,181322,3626.44,177695.56
OD009478,ORD006074,PROD0140,9,225000,15,2025000,303750,1721250
OD009479,ORD006075,PROD0086,5,148000,10,740000,74000,666000
OD009480,ORD006076,PROD0195,9,160472,5,1444248,72212.4,1372035.6
OD009481,ORD006076,PROD0113,7,150000,5,1050000,52500,997500
OD009482,ORD006077,PROD0073,1,128000,0,128000,0,128000
OD009483,ORD006077,PROD0172,6,277000,0,1662000,0,1662000
OD009484,ORD006078,PROD0192,9,135661,0,1220949,0,1220949
OD009485,ORD006078,PROD0096,8,165000,5,1320000,66000,1254000
OD009486,ORD006079,PROD0166,8,267000,0,2136000,0,2136000
OD009487,ORD006080,PROD0099,9,134000,10,1206000,120600,1085400
OD009488,ORD006080,PROD0099,6,134000,15,804000,120600,683400
OD009489,ORD006081,PROD0106,3,140000,0,420000,0,420000
OD009490,ORD006081,PROD0101,1,138000,5,138000,6900,131100
OD009491,ORD006082,PROD0179,10,65000,2,650000,13000,637000
OD009492,ORD006082,PROD0181,7,90661,5,634627,31731.35,602895.65
OD009493,ORD006083,PROD0159,9,285000,7,2565000,179550,2385450
OD009494,ORD006084,PROD0118,8,180000,5,1440000,72000,1368000
OD009495,ORD006084,PROD0023,4,98000,5,392000,19600,372400
OD009496,ORD006084,PROD0068,2,120000,0,240000,0,240000
OD009497,ORD006085,PROD0029,9,100000,0,900000,0,900000
OD009498,ORD006085,PROD0009,9,75000,10,675000,67500,607500
OD009499,ORD006086,PROD0127,6,225000,15,1350000,202500,1147500
OD009500,ORD006086,PROD0060,3,150000,5,450000,22500,427500
OD009501,ORD006087,PROD0016,9,80000,0,720000,0,720000
OD009502,ORD006088,PROD0044,9,105000,5,945000,47250,897750
OD009503,ORD006088,PROD0014,8,80000,5,640000,32000,608000
OD009504,ORD006089,PROD0026,6,85000,5,510000,25500,484500
OD009505,ORD006090,PROD0100,10,135000,2,1350000,27000,1323000
OD009506,ORD006091,PROD0135,10,350000,10,3500000,350000,3150000
OD009507,ORD006091,PROD0158,3,265000,15,795000,119250,675750
OD009508,ORD006092,PROD0080,4,145000,10,580000,58000,522000
OD009509,ORD006093,PROD0149,8,225000,15,1800000,270000,1530000
OD009510,ORD006094,PROD0019,2,95000,0,190000,0,190000
OD009511,ORD006095,PROD0026,1,85000,0,85000,0,85000
OD009512,ORD006096,PROD0066,6,114500,7,687000,48090,638910
OD009513,ORD006096,PROD0128,10,250000,5,2500000,125000,2375000
OD009514,ORD006097,PROD0029,9,100000,15,900000,135000,765000
OD009515,ORD006098,PROD0001,2,50000,0,100000,0,100000
OD009516,ORD006099,PROD0120,3,190000,2,570000,11400,558600
OD009517,ORD006099,PROD0082,4,138000,5,552000,27600,524400
OD009518,ORD006100,PROD0086,10,148000,2,1480000,29600,1450400
OD009519,ORD006100,PROD0085,9,145000,2,1305000,26100,1278900
OD009520,ORD006100,PROD0187,10,225148,5,2251480,112574,2138906
OD009521,ORD006101,PROD0024,5,98000,7,490000,34300,455700
OD009522,ORD006102,PROD0122,1,165000,2,165000,3300,161700
OD009523,ORD006103,PROD0154,7,200000,0,1400000,0,1400000
OD009524,ORD006103,PROD0154,10,200000,7,2000000,140000,1860000
OD009525,ORD006103,PROD0018,4,94000,7,376000,26320,349680
OD009526,ORD006104,PROD0068,3,120000,5,360000,18000,342000
OD009527,ORD006104,PROD0193,6,348268,5,2089608,104480.4,1985127.6
OD009528,ORD006104,PROD0151,3,265000,2,795000,15900,779100
OD009529,ORD006105,PROD0185,9,232339,0,2091051,0,2091051
OD009530,ORD006105,PROD0147,5,195000,7,975000,68250,906750
OD009531,ORD006106,PROD0014,9,80000,2,720000,14400,705600
OD009532,ORD006107,PROD0199,7,63002,15,441014,66152.1,374861.9
OD009533,ORD006108,PROD0168,5,320000,15,1600000,240000,1360000
OD009534,ORD006108,PROD0133,5,295000,2,1475000,29500,1445500
OD009535,ORD006109,PROD0001,8,50000,0,400000,0,400000
OD009536,ORD006109,PROD0184,3,79485,7,238455,16691.85,221763.15
OD009537,ORD006110,PROD0179,5,65000,7,325000,22750,302250
OD009538,ORD006110,PROD0174,9,325000,0,2925000,0,2925000
OD009539,ORD006110,PROD0060,10,150000,5,1500000,75000,1425000
OD009540,ORD006111,PROD0184,1,79485,0,79485,0,79485
OD009541,ORD006112,PROD0002,8,50000,0,400000,0,400000
OD009542,ORD006113,PROD0115,9,158000,2,1422000,28440,1393560
OD009543,ORD006113,PROD0154,5,200000,0,1000000,0,1000000
OD009544,ORD006114,PROD0045,3,110000,0,330000,0,330000
OD009545,ORD006114,PROD0194,5,285723,5,1428615,71430.75,1357184.25
OD009546,ORD006115,PROD0118,10,180000,0,1800000,0,1800000
OD009547,ORD006115,PROD0033,2,98000,2,196000,3920,192080
OD009548,ORD006116,PROD0185,4,232339,7,929356,65054.92,864301.08
OD009549,ORD006117,PROD0026,10,85000,7,850000,59500,790500
OD009550,ORD006117,PROD0195,7,160472,5,1123304,56165.2,1067138.8
OD009551,ORD006118,PROD0196,3,332371,5,997113,49855.65,947257.35
OD009552,ORD006119,PROD0190,7,309979,2,2169853,43397.06,2126455.94
OD009553,ORD006120,PROD0065,2,110000,10,220000,22000,198000
OD009554,ORD006121,PROD0089,8,140000,0,1120000,0,1120000
OD009555,ORD006122,PROD0152,5,285000,0,1425000,0,1425000
OD009556,ORD006123,PROD0161,9,195000,0,1755000,0,1755000
OD009557,ORD006124,PROD0042,8,98000,0,784000,0,784000
OD009558,ORD006125,PROD0098,2,132000,5,264000,13200,250800
OD009559,ORD006126,PROD0077,7,138000,15,966000,144900,821100
OD009560,ORD006127,PROD0139,7,210000,5,1470000,73500,1396500
OD009561,ORD006127,PROD0155,3,220000,0,660000,0,660000
OD009562,ORD006127,PROD0087,6,150000,7,900000,63000,837000
OD009563,ORD006128,PROD0179,3,65000,2,195000,3900,191100
OD009564,ORD006128,PROD0061,8,155000,5,1240000,62000,1178000
OD009565,ORD006129,PROD0152,3,285000,2,855000,17100,837900
OD009566,ORD006130,PROD0089,5,140000,5,700000,35000,665000
OD009567,ORD006130,PROD0022,7,95000,0,665000,0,665000
OD009568,ORD006131,PROD0062,1,170000,10,170000,17000,153000
OD009569,ORD006132,PROD0168,10,320000,2,3200000,64000,3136000
OD009570,ORD006133,PROD0085,1,145000,5,145000,7250,137750
OD009571,ORD006134,PROD0158,9,265000,0,2385000,0,2385000
OD009572,ORD006134,PROD0136,7,380000,5,2660000,133000,2527000
OD009573,ORD006134,PROD0083,6,138000,7,828000,57960,770040
OD009574,ORD006135,PROD0041,5,95000,5,475000,23750,451250
OD009575,ORD006136,PROD0145,4,170000,2,680000,13600,666400
OD009576,ORD006136,PROD0136,8,380000,5,3040000,152000,2888000
OD009577,ORD006137,PROD0063,4,140000,7,560000,39200,520800
OD009578,ORD006137,PROD0015,6,80000,0,480000,0,480000
OD009579,ORD006138,PROD0078,9,140000,0,1260000,0,1260000
OD009580,ORD006139,PROD0001,7,50000,5,350000,17500,332500
OD009581,ORD006139,PROD0155,7,220000,2,1540000,30800,1509200
OD009582,ORD006140,PROD0047,6,120000,0,720000,0,720000
OD009583,ORD006141,PROD0079,1,142000,5,142000,7100,134900
OD009584,ORD006141,PROD0041,1,95000,5,95000,4750,90250
OD009585,ORD006142,PROD0183,1,324367,2,324367,6487.34,317879.66
OD009586,ORD006142,PROD0167,3,295000,0,885000,0,885000
OD009587,ORD006143,PROD0187,5,225148,0,1125740,0,1125740
OD009588,ORD006144,PROD0152,3,285000,0,855000,0,855000
OD009589,ORD006145,PROD0025,6,82000,10,492000,49200,442800
OD009590,ORD006145,PROD0134,9,310000,0,2790000,0,2790000
OD009591,ORD006146,PROD0092,10,150000,0,1500000,0,1500000
OD009592,ORD006147,PROD0142,7,265000,7,1855000,129850,1725150
OD009593,ORD006147,PROD0139,2,210000,5,420000,21000,399000
OD009594,ORD006147,PROD0133,8,295000,7,2360000,165200,2194800
OD009595,ORD006148,PROD0126,9,210000,5,1890000,94500,1795500
OD009596,ORD006149,PROD0166,8,267000,10,2136000,213600,1922400
OD009597,ORD006150,PROD0175,9,435000,2,3915000,78300,3836700
OD009598,ORD006151,PROD0107,1,142000,5,142000,7100,134900
OD009599,ORD006152,PROD0001,4,50000,0,200000,0,200000
OD009600,ORD006152,PROD0004,6,60000,2,360000,7200,352800
OD009601,ORD006152,PROD0007,2,70000,0,140000,0,140000
OD009602,ORD006153,PROD0173,4,299000,5,1196000,59800,1136200
OD009603,ORD006154,PROD0092,3,150000,5,450000,22500,427500
OD009604,ORD006154,PROD0095,3,162000,0,486000,0,486000
OD009605,ORD006155,PROD0057,7,135000,0,945000,0,945000
OD009606,ORD006156,PROD0186,7,265147,5,1856029,92801.45,1763227.55
OD009607,ORD006157,PROD0048,1,122200,7,122200,8554,113646
OD009608,ORD006158,PROD0179,7,65000,5,455000,22750,432250
OD009609,ORD006158,PROD0135,9,350000,7,3150000,220500,2929500
OD009610,ORD006159,PROD0080,1,145000,5,145000,7250,137750
OD009611,ORD006159,PROD0133,8,295000,2,2360000,47200,2312800
OD009612,ORD006160,PROD0187,8,225148,5,1801184,90059.2,1711124.8
OD009613,ORD006161,PROD0014,8,80000,0,640000,0,640000
OD009614,ORD006161,PROD0012,10,75000,5,750000,37500,712500
OD009615,ORD006161,PROD0035,8,98000,0,784000,0,784000
OD009616,ORD006162,PROD0133,4,295000,5,1180000,59000,1121000
OD009617,ORD006163,PROD0105,2,135000,7,270000,18900,251100
OD009618,ORD006163,PROD0137,10,165000,2,1650000,33000,1617000
OD009619,ORD006164,PROD0081,8,135000,10,1080000,108000,972000
OD009620,ORD006165,PROD0169,5,220000,0,1100000,0,1100000
OD009621,ORD006165,PROD0094,6,158000,0,948000,0,948000
OD009622,ORD006166,PROD0095,6,162000,5,972000,48600,923400
OD009623,ORD006167,PROD0097,1,130000,10,130000,13000,117000
OD009624,ORD006168,PROD0049,3,95000,0,285000,0,285000
OD009625,ORD006168,PROD0196,3,332371,0,997113,0,997113
OD009626,ORD006169,PROD0009,7,75000,5,525000,26250,498750
OD009627,ORD006169,PROD0006,5,65000,2,325000,6500,318500
OD009628,ORD006170,PROD0094,5,158000,5,790000,39500,750500
OD009629,ORD006171,PROD0138,6,190000,10,1140000,114000,1026000
OD009630,ORD006171,PROD0091,9,148000,0,1332000,0,1332000
OD009631,ORD006172,PROD0159,2,285000,0,570000,0,570000
OD009632,ORD006173,PROD0072,2,125000,5,250000,12500,237500
OD009633,ORD006174,PROD0047,6,120000,5,720000,36000,684000
OD009634,ORD006174,PROD0128,9,250000,5,2250000,112500,2137500
OD009635,ORD006175,PROD0049,10,95000,7,950000,66500,883500
OD009636,ORD006175,PROD0107,4,142000,10,568000,56800,511200
OD009637,ORD006175,PROD0128,4,250000,0,1000000,0,1000000
OD009638,ORD006176,PROD0024,9,98000,10,882000,88200,793800
OD009639,ORD006177,PROD0046,2,115000,5,230000,11500,218500
OD009640,ORD006177,PROD0010,4,75000,10,300000,30000,270000
OD009641,ORD006178,PROD0043,5,98000,5,490000,24500,465500
OD009642,ORD006178,PROD0179,3,65000,10,195000,19500,175500
OD009643,ORD006179,PROD0003,5,60000,10,300000,30000,270000
OD009644,ORD006179,PROD0149,10,225000,2,2250000,45000,2205000
OD009645,ORD006180,PROD0036,10,102000,5,1020000,51000,969000
OD009646,ORD006181,PROD0093,4,155000,5,620000,31000,589000
OD009647,ORD006182,PROD0002,5,50000,5,250000,12500,237500
OD009648,ORD006183,PROD0100,10,135000,0,1350000,0,1350000
OD009649,ORD006184,PROD0187,3,225148,0,675444,0,675444
OD009650,ORD006184,PROD0023,6,98000,2,588000,11760,576240
OD009651,ORD006185,PROD0063,3,140000,5,420000,21000,399000
OD009652,ORD006186,PROD0053,7,108000,5,756000,37800,718200
OD009653,ORD006187,PROD0141,1,235000,5,235000,11750,223250
OD009654,ORD006187,PROD0165,3,255000,0,765000,0,765000
OD009655,ORD006188,PROD0055,8,120000,7,960000,67200,892800
OD009656,ORD006189,PROD0026,7,85000,7,595000,41650,553350
OD009657,ORD006189,PROD0178,3,115000,10,345000,34500,310500
OD009658,ORD006190,PROD0021,3,95000,10,285000,28500,256500
OD009659,ORD006190,PROD0172,8,277000,10,2216000,221600,1994400
OD009660,ORD006191,PROD0112,10,170000,5,1700000,85000,1615000
OD009661,ORD006191,PROD0157,6,250000,2,1500000,30000,1470000
OD009662,ORD006192,PROD0169,8,220000,5,1760000,88000,1672000
OD009663,ORD006193,PROD0139,8,210000,0,1680000,0,1680000
OD009664,ORD006194,PROD0076,10,135000,10,1350000,135000,1215000
OD009665,ORD006195,PROD0065,3,110000,5,330000,16500,313500
OD009666,ORD006195,PROD0130,6,250000,5,1500000,75000,1425000
OD009667,ORD006196,PROD0104,2,155000,5,310000,15500,294500
OD009668,ORD006196,PROD0181,4,90661,5,362644,18132.2,344511.8
OD009669,ORD006197,PROD0153,5,195000,5,975000,48750,926250
OD009670,ORD006197,PROD0179,10,65000,0,650000,0,650000
OD009671,ORD006198,PROD0080,4,145000,2,580000,11600,568400
OD009672,ORD006199,PROD0094,1,158000,15,158000,23700,134300
OD009673,ORD006199,PROD0177,6,120000,7,720000,50400,669600
OD009674,ORD006200,PROD0060,5,150000,0,750000,0,750000
OD009675,ORD006201,PROD0166,8,267000,2,2136000,42720,2093280
OD009676,ORD006202,PROD0115,1,158000,5,158000,7900,150100
OD009677,ORD006203,PROD0084,10,140000,15,1400000,210000,1190000
OD009678,ORD006203,PROD0185,8,232339,15,1858712,278806.8,1579905.2
OD009679,ORD006204,PROD0054,6,115000,0,690000,0,690000
OD009680,ORD006204,PROD0137,9,165000,0,1485000,0,1485000
OD009681,ORD006205,PROD0072,3,125000,0,375000,0,375000
OD009682,ORD006205,PROD0192,5,135661,0,678305,0,678305
OD009683,ORD006206,PROD0110,3,155000,2,465000,9300,455700
OD009684,ORD006206,PROD0116,3,162000,5,486000,24300,461700
OD009685,ORD006207,PROD0064,10,150000,7,1500000,105000,1395000
OD009686,ORD006207,PROD0005,10,60000,0,600000,0,600000
OD009687,ORD006208,PROD0199,3,63002,0,189006,0,189006
OD009688,ORD006208,PROD0090,3,145000,5,435000,21750,413250
OD009689,ORD006209,PROD0133,1,295000,5,295000,14750,280250
OD009690,ORD006209,PROD0181,2,90661,2,181322,3626.44,177695.56
OD009691,ORD006210,PROD0071,10,128000,0,1280000,0,1280000
OD009692,ORD006211,PROD0007,2,70000,7,140000,9800,130200
OD009693,ORD006211,PROD0157,1,250000,0,250000,0,250000
OD009694,ORD006212,PROD0124,9,178000,5,1602000,80100,1521900
OD009695,ORD006212,PROD0129,8,235000,10,1880000,188000,1692000
OD009696,ORD006213,PROD0076,8,135000,0,1080000,0,1080000
OD009697,ORD006214,PROD0182,2,295189,7,590378,41326.46,549051.54
OD009698,ORD006215,PROD0081,1,135000,7,135000,9450,125550
OD009699,ORD006216,PROD0007,7,70000,5,490000,24500,465500
OD009700,ORD006217,PROD0114,6,155500,2,933000,18660,914340
OD009701,ORD006217,PROD0156,2,225000,0,450000,0,450000
OD009702,ORD006218,PROD0083,5,138000,7,690000,48300,641700
OD009703,ORD006219,PROD0092,9,150000,2,1350000,27000,1323000
OD009704,ORD006219,PROD0185,10,232339,7,2323390,162637.3,2160752.7
OD009705,ORD006219,PROD0118,1,180000,10,180000,18000,162000
OD009706,ORD006220,PROD0061,1,155000,10,155000,15500,139500
OD009707,ORD006221,PROD0073,4,128000,7,512000,35840,476160
OD009708,ORD006221,PROD0152,8,285000,10,2280000,228000,2052000
OD009709,ORD006222,PROD0150,8,255000,10,2040000,204000,1836000
OD009710,ORD006222,PROD0019,6,95000,5,570000,28500,541500
OD009711,ORD006223,PROD0155,6,220000,0,1320000,0,1320000
OD009712,ORD006223,PROD0067,5,120000,0,600000,0,600000
OD009713,ORD006224,PROD0027,5,92000,2,460000,9200,450800
OD009714,ORD006225,PROD0032,2,105000,0,210000,0,210000
OD009715,ORD006226,PROD0177,5,120000,10,600000,60000,540000
OD009716,ORD006227,PROD0044,10,105000,10,1050000,105000,945000
OD009717,ORD006227,PROD0103,6,148000,2,888000,17760,870240
OD009718,ORD006228,PROD0113,6,150000,7,900000,63000,837000
OD009719,ORD006229,PROD0100,10,135000,5,1350000,67500,1282500
OD009720,ORD006230,PROD0069,1,125000,5,125000,6250,118750
OD009721,ORD006230,PROD0006,7,65000,7,455000,31850,423150
OD009722,ORD006230,PROD0010,3,75000,7,225000,15750,209250
OD009723,ORD006231,PROD0097,5,130000,7,650000,45500,604500
OD009724,ORD006231,PROD0173,1,299000,5,299000,14950,284050
OD009725,ORD006232,PROD0169,4,220000,2,880000,17600,862400
OD009726,ORD006233,PROD0136,6,380000,2,2280000,45600,2234400
OD009727,ORD006234,PROD0057,6,135000,5,810000,40500,769500
OD009728,ORD006234,PROD0192,4,135661,10,542644,54264.4,488379.6
OD009729,ORD006235,PROD0077,10,138000,7,1380000,96600,1283400
OD009730,ORD006235,PROD0161,3,195000,7,585000,40950,544050
OD009731,ORD006236,PROD0028,3,95000,0,285000,0,285000
OD009732,ORD006236,PROD0112,6,170000,2,1020000,20400,999600
OD009733,ORD006237,PROD0044,4,105000,7,420000,29400,390600
OD009734,ORD006238,PROD0093,3,155000,10,465000,46500,418500
OD009735,ORD006238,PROD0157,1,250000,5,250000,12500,237500
OD009736,ORD006238,PROD0190,6,309979,0,1859874,0,1859874
OD009737,ORD006239,PROD0014,7,80000,10,560000,56000,504000
OD009738,ORD006240,PROD0085,6,145000,0,870000,0,870000
OD009739,ORD006241,PROD0015,8,80000,5,640000,32000,608000
OD009740,ORD006242,PROD0109,7,150000,5,1050000,52500,997500
OD009741,ORD006243,PROD0200,7,120944,15,846608,126991.2,719616.8
OD009742,ORD006244,PROD0067,4,120000,0,480000,0,480000
OD009743,ORD006245,PROD0077,9,138000,5,1242000,62100,1179900
OD009744,ORD006246,PROD0057,9,135000,2,1215000,24300,1190700
OD009745,ORD006247,PROD0170,8,245000,2,1960000,39200,1920800
OD009746,ORD006247,PROD0170,2,245000,2,490000,9800,480200
OD009747,ORD006247,PROD0162,10,210000,2,2100000,42000,2058000
OD009748,ORD006248,PROD0050,6,98000,10,588000,58800,529200
OD009749,ORD006248,PROD0044,5,105000,7,525000,36750,488250
OD009750,ORD006249,PROD0029,3,100000,10,300000,30000,270000
OD009751,ORD006249,PROD0038,1,111000,7,111000,7770,103230
OD009752,ORD006250,PROD0146,9,185000,2,1665000,33300,1631700
OD009753,ORD006250,PROD0110,6,155000,0,930000,0,930000
OD009754,ORD006251,PROD0169,10,220000,0,2200000,0,2200000
OD009755,ORD006251,PROD0132,8,285000,2,2280000,45600,2234400
OD009756,ORD006252,PROD0186,9,265147,0,2386323,0,2386323
OD009757,ORD006253,PROD0011,5,75000,0,375000,0,375000
OD009758,ORD006253,PROD0134,4,310000,0,1240000,0,1240000
OD009759,ORD006253,PROD0024,5,98000,2,490000,9800,480200
OD009760,ORD006254,PROD0070,1,126000,0,126000,0,126000
OD009761,ORD006255,PROD0091,8,148000,0,1184000,0,1184000
OD009762,ORD006256,PROD0103,9,148000,5,1332000,66600,1265400
OD009763,ORD006256,PROD0043,1,98000,0,98000,0,98000
OD009764,ORD006257,PROD0038,9,111000,0,999000,0,999000
OD009765,ORD006258,PROD0030,7,100000,7,700000,49000,651000
OD009766,ORD006259,PROD0043,6,98000,10,588000,58800,529200
OD009767,ORD006259,PROD0139,8,210000,2,1680000,33600,1646400
OD009768,ORD006260,PROD0180,1,142869,5,142869,7143.45,135725.55
OD009769,ORD006261,PROD0069,10,125000,0,1250000,0,1250000
OD009770,ORD006262,PROD0170,9,245000,5,2205000,110250,2094750
OD009771,ORD006262,PROD0164,8,235000,0,1880000,0,1880000
OD009772,ORD006262,PROD0056,4,125000,5,500000,25000,475000
OD009773,ORD006263,PROD0039,2,115000,5,230000,11500,218500
OD009774,ORD006263,PROD0077,4,138000,2,552000,11040,540960
OD009775,ORD006264,PROD0024,5,98000,10,490000,49000,441000
OD009776,ORD006264,PROD0192,10,135661,2,1356610,27132.2,1329477.8
OD009777,ORD006265,PROD0163,5,225000,0,1125000,0,1125000
OD009778,ORD006266,PROD0079,8,142000,7,1136000,79520,1056480
OD009779,ORD006266,PROD0102,5,143000,0,715000,0,715000
OD009780,ORD006267,PROD0066,1,114500,0,114500,0,114500
OD009781,ORD006267,PROD0001,8,50000,2,400000,8000,392000
OD009782,ORD006268,PROD0041,4,95000,7,380000,26600,353400
OD009783,ORD006268,PROD0010,6,75000,15,450000,67500,382500
OD009784,ORD006269,PROD0082,4,138000,5,552000,27600,524400
OD009785,ORD006270,PROD0084,8,140000,10,1120000,112000,1008000
OD009786,ORD006270,PROD0073,9,128000,5,1152000,57600,1094400
OD009787,ORD006271,PROD0138,8,190000,0,1520000,0,1520000
OD009788,ORD006272,PROD0147,9,195000,5,1755000,87750,1667250
OD009789,ORD006272,PROD0111,7,16000,7,112000,7840,104160
OD009790,ORD006272,PROD0070,6,126000,0,756000,0,756000
OD009791,ORD006273,PROD0070,8,126000,2,1008000,20160,987840
OD009792,ORD006273,PROD0092,7,150000,0,1050000,0,1050000
OD009793,ORD006274,PROD0147,3,195000,2,585000,11700,573300
OD009794,ORD006274,PROD0065,3,110000,5,330000,16500,313500
OD009795,ORD006275,PROD0143,1,285000,7,285000,19950,265050
OD009796,ORD006276,PROD0064,8,150000,2,1200000,24000,1176000
OD009797,ORD006277,PROD0109,2,150000,0,300000,0,300000
OD009798,ORD006278,PROD0051,1,102500,5,102500,5125,97375
OD009799,ORD006278,PROD0018,9,94000,0,846000,0,846000
OD009800,ORD006279,PROD0100,1,135000,0,135000,0,135000
OD009801,ORD006279,PROD0142,10,265000,7,2650000,185500,2464500
OD009802,ORD006280,PROD0086,3,148000,5,444000,22200,421800
OD009803,ORD006281,PROD0156,10,225000,5,2250000,112500,2137500
OD009804,ORD006282,PROD0012,7,75000,0,525000,0,525000
OD009805,ORD006283,PROD0010,1,75000,10,75000,7500,67500
OD009806,ORD006284,PROD0187,8,225148,10,1801184,180118.4,1621065.6
OD009807,ORD006285,PROD0114,10,155500,10,1555000,155500,1399500
OD009808,ORD006286,PROD0070,10,126000,0,1260000,0,1260000
OD009809,ORD006287,PROD0130,9,250000,0,2250000,0,2250000
OD009810,ORD006287,PROD0152,3,285000,5,855000,42750,812250
OD009811,ORD006288,PROD0177,2,120000,0,240000,0,240000
OD009812,ORD006289,PROD0182,4,295189,2,1180756,23615.12,1157140.88
OD009813,ORD006290,PROD0071,6,128000,7,768000,53760,714240
OD009814,ORD006290,PROD0003,8,60000,10,480000,48000,432000
OD009815,ORD006291,PROD0082,10,138000,5,1380000,69000,1311000
OD009816,ORD006292,PROD0025,5,82000,0,410000,0,410000
OD009817,ORD006293,PROD0104,5,155000,0,775000,0,775000
OD009818,ORD006294,PROD0039,9,115000,0,1035000,0,1035000
OD009819,ORD006295,PROD0135,10,350000,0,3500000,0,3500000
OD009820,ORD006295,PROD0178,5,115000,0,575000,0,575000
OD009821,ORD006296,PROD0041,6,95000,0,570000,0,570000
OD009822,ORD006297,PROD0110,3,155000,0,465000,0,465000
OD009823,ORD006297,PROD0192,4,135661,0,542644,0,542644
OD009824,ORD006297,PROD0063,8,140000,10,1120000,112000,1008000
OD009825,ORD006298,PROD0159,2,285000,5,570000,28500,541500
OD009826,ORD006299,PROD0009,3,75000,10,225000,22500,202500
OD009827,ORD006299,PROD0128,2,250000,5,500000,25000,475000
OD009828,ORD006300,PROD0008,3,70000,5,210000,10500,199500
OD009829,ORD006300,PROD0015,8,80000,5,640000,32000,608000
OD009830,ORD006300,PROD0116,9,162000,7,1458000,102060,1355940
OD009831,ORD006301,PROD0175,4,435000,2,1740000,34800,1705200
OD009832,ORD006302,PROD0141,9,235000,5,2115000,105750,2009250
OD009833,ORD006302,PROD0083,5,138000,0,690000,0,690000
OD009834,ORD006303,PROD0078,3,140000,7,420000,29400,390600
OD009835,ORD006304,PROD0095,10,162000,2,1620000,32400,1587600
OD009836,ORD006305,PROD0058,6,145000,0,870000,0,870000
OD009837,ORD006305,PROD0004,2,60000,7,120000,8400,111600
OD009838,ORD006306,PROD0162,3,210000,0,630000,0,630000
OD009839,ORD006307,PROD0106,4,140000,15,560000,84000,476000
OD009840,ORD006307,PROD0174,2,325000,5,650000,32500,617500
OD009841,ORD006308,PROD0117,10,175000,7,1750000,122500,1627500
OD009842,ORD006308,PROD0077,7,138000,0,966000,0,966000
OD009843,ORD006309,PROD0013,10,80000,5,800000,40000,760000
OD009844,ORD006309,PROD0150,3,255000,0,765000,0,765000
OD009845,ORD006310,PROD0122,9,165000,2,1485000,29700,1455300
OD009846,ORD006310,PROD0174,7,325000,7,2275000,159250,2115750
OD009847,ORD006311,PROD0049,4,95000,0,380000,0,380000
OD009848,ORD006311,PROD0077,4,138000,5,552000,27600,524400
OD009849,ORD006312,PROD0049,2,95000,5,190000,9500,180500
OD009850,ORD006313,PROD0033,8,98000,10,784000,78400,705600
OD009851,ORD006313,PROD0179,8,65000,5,520000,26000,494000
OD009852,ORD006314,PROD0074,6,132000,2,792000,15840,776160
OD009853,ORD006315,PROD0002,9,50000,10,450000,45000,405000
OD009854,ORD006316,PROD0013,7,80000,5,560000,28000,532000
OD009855,ORD006317,PROD0068,8,120000,0,960000,0,960000
OD009856,ORD006318,PROD0008,10,70000,2,700000,14000,686000
OD009857,ORD006319,PROD0178,4,115000,2,460000,9200,450800
OD009858,ORD006319,PROD0165,7,255000,0,1785000,0,1785000
OD009859,ORD006320,PROD0182,7,295189,7,2066323,144642.61,1921680.39
OD009860,ORD006320,PROD0171,10,255000,10,2550000,255000,2295000
OD009861,ORD006321,PROD0010,8,75000,2,600000,12000,588000
OD009862,ORD006321,PROD0130,3,250000,0,750000,0,750000
OD009863,ORD006321,PROD0171,9,255000,0,2295000,0,2295000
OD009864,ORD006322,PROD0172,9,277000,5,2493000,124650,2368350
OD009865,ORD006322,PROD0092,2,150000,0,300000,0,300000
OD009866,ORD006323,PROD0188,8,254957,2,2039656,40793.12,1998862.88
OD009867,ORD006323,PROD0034,3,98000,5,294000,14700,279300
OD009868,ORD006324,PROD0138,3,190000,5,570000,28500,541500
OD009869,ORD006324,PROD0054,5,115000,0,575000,0,575000
OD009870,ORD006324,PROD0183,4,324367,5,1297468,64873.4,1232594.6
OD009871,ORD006325,PROD0180,9,142869,0,1285821,0,1285821
OD009872,ORD006325,PROD0184,2,79485,5,158970,7948.5,151021.5
OD009873,ORD006326,PROD0013,9,80000,5,720000,36000,684000
OD009874,ORD006327,PROD0055,1,120000,0,120000,0,120000
OD009875,ORD006328,PROD0079,3,142000,10,426000,42600,383400
OD009876,ORD006329,PROD0190,5,309979,7,1549895,108492.65,1441402.35
OD009877,ORD006330,PROD0133,6,295000,10,1770000,177000,1593000
OD009878,ORD006330,PROD0197,9,221508,2,1993572,39871.44,1953700.56
OD009879,ORD006331,PROD0174,7,325000,10,2275000,227500,2047500
OD009880,ORD006332,PROD0056,6,125000,5,750000,37500,712500
OD009881,ORD006332,PROD0038,2,111000,2,222000,4440,217560
OD009882,ORD006333,PROD0126,1,210000,5,210000,10500,199500
OD009883,ORD006334,PROD0157,8,250000,10,2000000,200000,1800000
OD009884,ORD006334,PROD0045,6,110000,10,660000,66000,594000
OD009885,ORD006334,PROD0135,5,350000,0,1750000,0,1750000
OD009886,ORD006335,PROD0079,6,142000,0,852000,0,852000
OD009887,ORD006336,PROD0157,9,250000,2,2250000,45000,2205000
OD009888,ORD006337,PROD0125,5,195000,10,975000,97500,877500
OD009889,ORD006337,PROD0140,6,225000,15,1350000,202500,1147500
OD009890,ORD006337,PROD0008,6,70000,0,420000,0,420000
OD009891,ORD006338,PROD0169,9,220000,0,1980000,0,1980000
OD009892,ORD006339,PROD0130,3,250000,7,750000,52500,697500
OD009893,ORD006339,PROD0041,1,95000,0,95000,0,95000
OD009894,ORD006340,PROD0098,10,132000,0,1320000,0,1320000
OD009895,ORD006341,PROD0056,5,125000,7,625000,43750,581250
OD009896,ORD006341,PROD0025,6,82000,0,492000,0,492000
OD009897,ORD006342,PROD0096,5,165000,7,825000,57750,767250
OD009898,ORD006342,PROD0137,3,165000,10,495000,49500,445500
OD009899,ORD006343,PROD0158,2,265000,0,530000,0,530000
OD009900,ORD006343,PROD0189,7,235752,5,1650264,82513.2,1567750.8
OD009901,ORD006344,PROD0126,6,210000,7,1260000,88200,1171800
OD009902,ORD006345,PROD0001,7,50000,5,350000,17500,332500
OD009903,ORD006345,PROD0080,8,145000,10,1160000,116000,1044000
OD009904,ORD006346,PROD0088,3,155500,0,466500,0,466500
OD009905,ORD006347,PROD0197,5,221508,15,1107540,166131,941409
OD009906,ORD006347,PROD0026,7,85000,5,595000,29750,565250
OD009907,ORD006348,PROD0177,9,120000,0,1080000,0,1080000
OD009908,ORD006348,PROD0042,1,98000,5,98000,4900,93100
OD009909,ORD006349,PROD0134,3,310000,5,930000,46500,883500
OD009910,ORD006350,PROD0099,2,134000,0,268000,0,268000
OD009911,ORD006350,PROD0195,3,160472,10,481416,48141.6,433274.4
OD009912,ORD006351,PROD0059,10,135000,0,1350000,0,1350000
OD009913,ORD006352,PROD0096,2,165000,0,330000,0,330000
OD009914,ORD006353,PROD0130,8,250000,5,2000000,100000,1900000
OD009915,ORD006353,PROD0038,8,111000,7,888000,62160,825840
OD009916,ORD006354,PROD0053,8,108000,5,864000,43200,820800
OD009917,ORD006354,PROD0151,2,265000,5,530000,26500,503500
OD009918,ORD006355,PROD0156,1,225000,5,225000,11250,213750
OD009919,ORD006355,PROD0135,2,350000,5,700000,35000,665000
OD009920,ORD006356,PROD0037,9,105000,2,945000,18900,926100
OD009921,ORD006356,PROD0043,1,98000,0,98000,0,98000
OD009922,ORD006356,PROD0182,8,295189,2,2361512,47230.24,2314281.76
OD009923,ORD006357,PROD0181,4,90661,10,362644,36264.4,326379.6
OD009924,ORD006358,PROD0081,10,135000,2,1350000,27000,1323000
OD009925,ORD006358,PROD0111,5,16000,7,80000,5600,74400
OD009926,ORD006358,PROD0012,5,75000,5,375000,18750,356250
OD009927,ORD006359,PROD0132,5,285000,0,1425000,0,1425000
OD009928,ORD006359,PROD0020,9,95000,0,855000,0,855000
OD009929,ORD006360,PROD0018,8,94000,0,752000,0,752000
OD009930,ORD006361,PROD0107,10,142000,5,1420000,71000,1349000
OD009931,ORD006361,PROD0170,5,245000,0,1225000,0,1225000
OD009932,ORD006362,PROD0183,9,324367,0,2919303,0,2919303
OD009933,ORD006363,PROD0086,1,148000,10,148000,14800,133200
OD009934,ORD006363,PROD0104,7,155000,5,1085000,54250,1030750
OD009935,ORD006363,PROD0109,7,150000,2,1050000,21000,1029000
OD009936,ORD006364,PROD0091,1,148000,0,148000,0,148000
OD009937,ORD006365,PROD0145,2,170000,2,340000,6800,333200
OD009938,ORD006366,PROD0155,10,220000,0,2200000,0,2200000
OD009939,ORD006366,PROD0093,1,155000,0,155000,0,155000
OD009940,ORD006367,PROD0046,6,115000,10,690000,69000,621000
OD009941,ORD006368,PROD0168,8,320000,5,2560000,128000,2432000
OD009942,ORD006369,PROD0136,10,380000,10,3800000,380000,3420000
OD009943,ORD006370,PROD0082,3,138000,7,414000,28980,385020
OD009944,ORD006370,PROD0044,7,105000,0,735000,0,735000
OD009945,ORD006371,PROD0082,8,138000,5,1104000,55200,1048800
OD009946,ORD006372,PROD0170,10,245000,0,2450000,0,2450000
OD009947,ORD006373,PROD0067,7,120000,0,840000,0,840000
OD009948,ORD006374,PROD0177,3,120000,0,360000,0,360000
OD009949,ORD006374,PROD0050,9,98000,10,882000,88200,793800
OD009950,ORD006374,PROD0039,10,115000,5,1150000,57500,1092500
OD009951,ORD006375,PROD0014,4,80000,7,320000,22400,297600
OD009952,ORD006375,PROD0029,5,100000,5,500000,25000,475000
OD009953,ORD006375,PROD0053,7,108000,0,756000,0,756000
OD009954,ORD006376,PROD0145,9,170000,5,1530000,76500,1453500
OD009955,ORD006376,PROD0106,6,140000,0,840000,0,840000
OD009956,ORD006376,PROD0131,8,280000,0,2240000,0,2240000
OD009957,ORD006377,PROD0020,8,95000,2,760000,15200,744800
OD009958,ORD006378,PROD0125,3,195000,0,585000,0,585000
OD009959,ORD006379,PROD0130,4,250000,7,1000000,70000,930000
OD009960,ORD006379,PROD0102,9,143000,5,1287000,64350,1222650
OD009961,ORD006380,PROD0128,6,250000,5,1500000,75000,1425000
OD009962,ORD006381,PROD0026,3,85000,10,255000,25500,229500
OD009963,ORD006382,PROD0100,6,135000,2,810000,16200,793800
OD009964,ORD006382,PROD0144,3,295000,5,885000,44250,840750
OD009965,ORD006382,PROD0028,1,95000,2,95000,1900,93100
OD009966,ORD006383,PROD0033,5,98000,0,490000,0,490000
OD009967,ORD006384,PROD0150,1,255000,10,255000,25500,229500
OD009968,ORD006385,PROD0109,10,150000,5,1500000,75000,1425000
OD009969,ORD006386,PROD0045,10,110000,5,1100000,55000,1045000
OD009970,ORD006387,PROD0070,3,126000,0,378000,0,378000
OD009971,ORD006387,PROD0177,7,120000,10,840000,84000,756000
OD009972,ORD006387,PROD0067,4,120000,5,480000,24000,456000
OD009973,ORD006388,PROD0072,7,125000,0,875000,0,875000
OD009974,ORD006389,PROD0167,6,295000,2,1770000,35400,1734600
OD009975,ORD006390,PROD0041,8,95000,5,760000,38000,722000
OD009976,ORD006391,PROD0092,8,150000,2,1200000,24000,1176000
OD009977,ORD006392,PROD0063,1,140000,0,140000,0,140000
OD009978,ORD006392,PROD0099,9,134000,2,1206000,24120,1181880
OD009979,ORD006393,PROD0053,3,108000,0,324000,0,324000
OD009980,ORD006393,PROD0180,7,142869,0,1000083,0,1000083
OD009981,ORD006394,PROD0028,7,95000,5,665000,33250,631750
OD009982,ORD006394,PROD0112,7,170000,5,1190000,59500,1130500
OD009983,ORD006395,PROD0127,8,225000,2,1800000,36000,1764000
OD009984,ORD006396,PROD0161,2,195000,15,390000,58500,331500
OD009985,ORD006397,PROD0020,7,95000,0,665000,0,665000
OD009986,ORD006398,PROD0173,4,299000,5,1196000,59800,1136200
OD009987,ORD006398,PROD0050,5,98000,5,490000,24500,465500
OD009988,ORD006398,PROD0140,2,225000,5,450000,22500,427500
OD009989,ORD006399,PROD0011,6,75000,0,450000,0,450000
OD009990,ORD006399,PROD0029,4,100000,5,400000,20000,380000
OD009991,ORD006400,PROD0107,7,142000,5,994000,49700,944300
OD009992,ORD006401,PROD0024,5,98000,0,490000,0,490000
OD009993,ORD006401,PROD0090,5,145000,0,725000,0,725000
OD009994,ORD006402,PROD0087,6,150000,2,900000,18000,882000
OD009995,ORD006402,PROD0095,6,162000,2,972000,19440,952560
OD009996,ORD006403,PROD0013,7,80000,0,560000,0,560000
OD009997,ORD006403,PROD0147,1,195000,0,195000,0,195000
OD009998,ORD006404,PROD0061,9,155000,5,1395000,69750,1325250
OD009999,ORD006404,PROD0144,2,295000,7,590000,41300,548700
OD010000,ORD006405,PROD0042,3,98000,7,294000,20580,273420
OD010001,ORD006405,PROD0042,8,98000,5,784000,39200,744800
OD010002,ORD006405,PROD0008,1,70000,0,70000,0,70000
OD010003,ORD006406,PROD0171,4,255000,0,1020000,0,1020000
OD010004,ORD006407,PROD0080,7,145000,7,1015000,71050,943950
OD010005,ORD006408,PROD0027,8,92000,0,736000,0,736000
OD010006,ORD006408,PROD0050,9,98000,5,882000,44100,837900
OD010007,ORD006408,PROD0028,7,95000,5,665000,33250,631750
OD010008,ORD006409,PROD0021,3,95000,5,285000,14250,270750
OD010009,ORD006409,PROD0015,4,80000,2,320000,6400,313600
OD010010,ORD006410,PROD0147,1,195000,0,195000,0,195000
OD010011,ORD006410,PROD0117,8,175000,7,1400000,98000,1302000
OD010012,ORD006411,PROD0183,1,324367,0,324367,0,324367
OD010013,ORD006412,PROD0195,2,160472,0,320944,0,320944
OD010014,ORD006413,PROD0125,10,195000,0,1950000,0,1950000
OD010015,ORD006413,PROD0108,2,145000,7,290000,20300,269700
OD010016,ORD006413,PROD0186,3,265147,15,795441,119316.15,676124.85
OD010017,ORD006414,PROD0189,5,235752,5,1178760,58938,1119822
OD010018,ORD006415,PROD0034,2,98000,2,196000,3920,192080
OD010019,ORD006415,PROD0120,7,190000,5,1330000,66500,1263500
OD010020,ORD006416,PROD0154,4,200000,2,800000,16000,784000
OD010021,ORD006417,PROD0175,3,435000,2,1305000,26100,1278900
OD010022,ORD006417,PROD0082,6,138000,15,828000,124200,703800
OD010023,ORD006417,PROD0128,4,250000,10,1000000,100000,900000
OD010024,ORD006418,PROD0098,3,132000,5,396000,19800,376200
OD010025,ORD006419,PROD0126,9,210000,0,1890000,0,1890000
OD010026,ORD006419,PROD0133,6,295000,2,1770000,35400,1734600
OD010027,ORD006419,PROD0117,9,175000,0,1575000,0,1575000
OD010028,ORD006420,PROD0157,4,250000,5,1000000,50000,950000
OD010029,ORD006421,PROD0015,10,80000,2,800000,16000,784000
OD010030,ORD006421,PROD0012,9,75000,2,675000,13500,661500
OD010031,ORD006421,PROD0167,1,295000,10,295000,29500,265500
OD010032,ORD006422,PROD0078,2,140000,10,280000,28000,252000
OD010033,ORD006423,PROD0078,8,140000,0,1120000,0,1120000
OD010034,ORD006423,PROD0153,3,195000,5,585000,29250,555750
OD010035,ORD006424,PROD0110,8,155000,10,1240000,124000,1116000
OD010036,ORD006424,PROD0107,5,142000,15,710000,106500,603500
OD010037,ORD006425,PROD0187,3,225148,7,675444,47281.08,628162.92
OD010038,ORD006426,PROD0069,3,125000,0,375000,0,375000
OD010039,ORD006427,PROD0053,3,108000,5,324000,16200,307800
OD010040,ORD006427,PROD0009,7,75000,5,525000,26250,498750
OD010041,ORD006428,PROD0189,1,235752,0,235752,0,235752
OD010042,ORD006428,PROD0002,2,50000,10,100000,10000,90000
OD010043,ORD006429,PROD0084,9,140000,5,1260000,63000,1197000
OD010044,ORD006430,PROD0086,4,148000,10,592000,59200,532800
OD010045,ORD006431,PROD0186,7,265147,0,1856029,0,1856029
OD010046,ORD006431,PROD0097,3,130000,7,390000,27300,362700
OD010047,ORD006432,PROD0002,1,50000,5,50000,2500,47500
OD010048,ORD006432,PROD0046,5,115000,2,575000,11500,563500
OD010049,ORD006433,PROD0103,3,148000,10,444000,44400,399600
OD010050,ORD006433,PROD0160,8,310000,7,2480000,173600,2306400
OD010051,ORD006434,PROD0012,9,75000,5,675000,33750,641250
OD010052,ORD006435,PROD0145,9,170000,15,1530000,229500,1300500
OD010053,ORD006436,PROD0035,7,98000,7,686000,48020,637980
OD010054,ORD006437,PROD0038,1,111000,5,111000,5550,105450
OD010055,ORD006438,PROD0029,9,100000,0,900000,0,900000
OD010056,ORD006438,PROD0038,9,111000,5,999000,49950,949050
OD010057,ORD006438,PROD0124,2,178000,2,356000,7120,348880
OD010058,ORD006439,PROD0173,5,299000,5,1495000,74750,1420250
OD010059,ORD006440,PROD0014,10,80000,0,800000,0,800000
OD010060,ORD006441,PROD0184,9,79485,10,715365,71536.5,643828.5
OD010061,ORD006442,PROD0045,3,110000,7,330000,23100,306900
OD010062,ORD006443,PROD0197,7,221508,7,1550556,108538.92,1442017.08
OD010063,ORD006443,PROD0162,4,210000,7,840000,58800,781200
OD010064,ORD006444,PROD0138,9,190000,0,1710000,0,1710000
OD010065,ORD006444,PROD0099,10,134000,5,1340000,67000,1273000
OD010066,ORD006445,PROD0186,8,265147,7,2121176,148482.32,1972693.68
OD010067,ORD006445,PROD0095,4,162000,5,648000,32400,615600
OD010068,ORD006446,PROD0030,4,100000,5,400000,20000,380000
OD010069,ORD006447,PROD0067,6,120000,2,720000,14400,705600
OD010070,ORD006447,PROD0032,10,105000,5,1050000,52500,997500
OD010071,ORD006448,PROD0053,4,108000,0,432000,0,432000
OD010072,ORD006448,PROD0009,6,75000,0,450000,0,450000
OD010073,ORD006448,PROD0094,8,158000,2,1264000,25280,1238720
OD010074,ORD006449,PROD0108,4,145000,5,580000,29000,551000
OD010075,ORD006449,PROD0102,4,143000,2,572000,11440,560560
OD010076,ORD006449,PROD0045,4,110000,5,440000,22000,418000
OD010077,ORD006450,PROD0054,5,115000,10,575000,57500,517500
OD010078,ORD006451,PROD0114,1,155500,0,155500,0,155500
OD010079,ORD006452,PROD0066,1,114500,5,114500,5725,108775
OD010080,ORD006452,PROD0002,7,50000,15,350000,52500,297500
OD010081,ORD006452,PROD0144,10,295000,15,2950000,442500,2507500
OD010082,ORD006453,PROD0106,9,140000,5,1260000,63000,1197000
OD010083,ORD006453,PROD0039,10,115000,7,1150000,80500,1069500
OD010084,ORD006454,PROD0178,9,115000,0,1035000,0,1035000
OD010085,ORD006455,PROD0052,9,105000,7,945000,66150,878850
OD010086,ORD006455,PROD0146,1,185000,15,185000,27750,157250
OD010087,ORD006456,PROD0010,9,75000,2,675000,13500,661500
OD010088,ORD006456,PROD0074,5,132000,0,660000,0,660000
OD010089,ORD006457,PROD0050,7,98000,0,686000,0,686000
OD010090,ORD006457,PROD0014,9,80000,2,720000,14400,705600
OD010091,ORD006458,PROD0087,1,150000,2,150000,3000,147000
OD010092,ORD006459,PROD0050,3,98000,5,294000,14700,279300
OD010093,ORD006459,PROD0051,1,102500,5,102500,5125,97375
OD010094,ORD006460,PROD0101,5,138000,10,690000,69000,621000
OD010095,ORD006460,PROD0175,8,435000,10,3480000,348000,3132000
OD010096,ORD006461,PROD0052,5,105000,2,525000,10500,514500
OD010097,ORD006462,PROD0032,6,105000,7,630000,44100,585900
OD010098,ORD006462,PROD0156,3,225000,5,675000,33750,641250
OD010099,ORD006463,PROD0084,3,140000,7,420000,29400,390600
OD010100,ORD006464,PROD0188,6,254957,7,1529742,107081.94,1422660.06
OD010101,ORD006465,PROD0142,1,265000,10,265000,26500,238500
OD010102,ORD006465,PROD0036,5,102000,0,510000,0,510000
OD010103,ORD006466,PROD0154,10,200000,7,2000000,140000,1860000
OD010104,ORD006467,PROD0002,6,50000,0,300000,0,300000
OD010105,ORD006468,PROD0092,1,150000,5,150000,7500,142500
OD010106,ORD006468,PROD0017,5,90000,15,450000,67500,382500
OD010107,ORD006469,PROD0155,4,220000,5,880000,44000,836000
OD010108,ORD006469,PROD0161,7,195000,10,1365000,136500,1228500
OD010109,ORD006470,PROD0188,7,254957,7,1784699,124928.93,1659770.07
OD010110,ORD006470,PROD0011,10,75000,7,750000,52500,697500
OD010111,ORD006471,PROD0170,7,245000,0,1715000,0,1715000
OD010112,ORD006472,PROD0150,3,255000,0,765000,0,765000
OD010113,ORD006472,PROD0171,2,255000,10,510000,51000,459000
OD010114,ORD006473,PROD0082,2,138000,5,276000,13800,262200
OD010115,ORD006474,PROD0131,7,280000,5,1960000,98000,1862000
OD010116,ORD006475,PROD0086,6,148000,0,888000,0,888000
OD010117,ORD006476,PROD0136,4,380000,0,1520000,0,1520000
OD010118,ORD006477,PROD0147,8,195000,5,1560000,78000,1482000
OD010119,ORD006477,PROD0059,2,135000,0,270000,0,270000
OD010120,ORD006478,PROD0065,8,110000,2,880000,17600,862400
OD010121,ORD006479,PROD0197,7,221508,10,1550556,155055.6,1395500.4
OD010122,ORD006479,PROD0163,2,225000,2,450000,9000,441000
OD010123,ORD006480,PROD0011,10,75000,5,750000,37500,712500
OD010124,ORD006480,PROD0019,9,95000,0,855000,0,855000
OD010125,ORD006480,PROD0159,8,285000,5,2280000,114000,2166000
OD010126,ORD006481,PROD0144,7,295000,7,2065000,144550,1920450
OD010127,ORD006482,PROD0043,2,98000,0,196000,0,196000
OD010128,ORD006482,PROD0181,10,90661,5,906610,45330.5,861279.5
OD010129,ORD006483,PROD0004,2,60000,5,120000,6000,114000
OD010130,ORD006483,PROD0033,9,98000,7,882000,61740,820260
OD010131,ORD006484,PROD0111,5,16000,2,80000,1600,78400
OD010132,ORD006485,PROD0111,7,16000,10,112000,11200,100800
OD010133,ORD006486,PROD0043,1,98000,5,98000,4900,93100
OD010134,ORD006486,PROD0129,4,235000,0,940000,0,940000
OD010135,ORD006487,PROD0168,1,320000,0,320000,0,320000
OD010136,ORD006488,PROD0027,8,92000,10,736000,73600,662400
OD010137,ORD006488,PROD0157,3,250000,0,750000,0,750000
OD010138,ORD006489,PROD0109,4,150000,7,600000,42000,558000
OD010139,ORD006490,PROD0181,2,90661,15,181322,27198.3,154123.7
OD010140,ORD006491,PROD0051,2,102500,10,205000,20500,184500
OD010141,ORD006491,PROD0138,6,190000,2,1140000,22800,1117200
OD010142,ORD006492,PROD0151,4,265000,0,1060000,0,1060000
OD010143,ORD006493,PROD0072,1,125000,0,125000,0,125000
OD010144,ORD006493,PROD0114,9,155500,2,1399500,27990,1371510
OD010145,ORD006494,PROD0147,3,195000,5,585000,29250,555750
OD010146,ORD006494,PROD0083,1,138000,5,138000,6900,131100
OD010147,ORD006495,PROD0133,1,295000,5,295000,14750,280250
OD010148,ORD006496,PROD0149,5,225000,7,1125000,78750,1046250
OD010149,ORD006496,PROD0048,6,122200,0,733200,0,733200
OD010150,ORD006497,PROD0147,2,195000,2,390000,7800,382200
OD010151,ORD006498,PROD0119,4,185000,7,740000,51800,688200
OD010152,ORD006498,PROD0043,4,98000,10,392000,39200,352800
OD010153,ORD006499,PROD0169,1,220000,10,220000,22000,198000
OD010154,ORD006500,PROD0006,7,65000,15,455000,68250,386750
OD010155,ORD006501,PROD0122,4,165000,7,660000,46200,613800
OD010156,ORD006501,PROD0050,8,98000,15,784000,117600,666400
OD010157,ORD006502,PROD0142,1,265000,10,265000,26500,238500
OD010158,ORD006502,PROD0177,1,120000,5,120000,6000,114000
OD010159,ORD006502,PROD0134,9,310000,7,2790000,195300,2594700
OD010160,ORD006503,PROD0080,4,145000,2,580000,11600,568400
OD010161,ORD006504,PROD0128,4,250000,10,1000000,100000,900000
OD010162,ORD006505,PROD0041,5,95000,5,475000,23750,451250
OD010163,ORD006505,PROD0017,7,90000,10,630000,63000,567000
OD010164,ORD006506,PROD0074,8,132000,0,1056000,0,1056000
OD010165,ORD006507,PROD0123,8,170000,2,1360000,27200,1332800
OD010166,ORD006507,PROD0077,9,138000,0,1242000,0,1242000
OD010167,ORD006508,PROD0023,6,98000,10,588000,58800,529200
OD010168,ORD006509,PROD0091,3,148000,7,444000,31080,412920
OD010169,ORD006510,PROD0175,6,435000,7,2610000,182700,2427300
OD010170,ORD006511,PROD0091,3,148000,2,444000,8880,435120
OD010171,ORD006512,PROD0092,5,150000,0,750000,0,750000
OD010172,ORD006512,PROD0060,1,150000,15,150000,22500,127500
OD010173,ORD006513,PROD0096,5,165000,2,825000,16500,808500
OD010174,ORD006513,PROD0060,6,150000,0,900000,0,900000
OD010175,ORD006514,PROD0192,4,135661,10,542644,54264.4,488379.6
OD010176,ORD006515,PROD0160,2,310000,0,620000,0,620000
OD010177,ORD006516,PROD0141,1,235000,0,235000,0,235000
OD010178,ORD006517,PROD0133,2,295000,5,590000,29500,560500
OD010179,ORD006517,PROD0066,4,114500,5,458000,22900,435100
OD010180,ORD006518,PROD0136,10,380000,10,3800000,380000,3420000
OD010181,ORD006518,PROD0193,5,348268,15,1741340,261201,1480139
OD010182,ORD006519,PROD0039,10,115000,0,1150000,0,1150000
OD010183,ORD006520,PROD0173,2,299000,0,598000,0,598000
OD010184,ORD006520,PROD0199,10,63002,5,630020,31501,598519
OD010185,ORD006521,PROD0013,10,80000,2,800000,16000,784000
OD010186,ORD006521,PROD0018,1,94000,10,94000,9400,84600
OD010187,ORD006522,PROD0098,1,132000,0,132000,0,132000
OD010188,ORD006522,PROD0137,7,165000,0,1155000,0,1155000
OD010189,ORD006522,PROD0105,3,135000,0,405000,0,405000
OD010190,ORD006523,PROD0149,7,225000,0,1575000,0,1575000
OD010191,ORD006523,PROD0165,7,255000,0,1785000,0,1785000
OD010192,ORD006524,PROD0054,1,115000,5,115000,5750,109250
OD010193,ORD006525,PROD0105,9,135000,10,1215000,121500,1093500
OD010194,ORD006526,PROD0016,9,80000,10,720000,72000,648000
OD010195,ORD006526,PROD0024,5,98000,0,490000,0,490000
OD010196,ORD006526,PROD0148,10,210000,0,2100000,0,2100000
OD010197,ORD006527,PROD0180,6,142869,5,857214,42860.7,814353.3
OD010198,ORD006528,PROD0114,8,155500,2,1244000,24880,1219120
OD010199,ORD006529,PROD0146,3,185000,5,555000,27750,527250
OD010200,ORD006530,PROD0194,7,285723,7,2000061,140004.27,1860056.73
OD010201,ORD006530,PROD0016,10,80000,10,800000,80000,720000
OD010202,ORD006531,PROD0146,8,185000,0,1480000,0,1480000
OD010203,ORD006531,PROD0125,7,195000,0,1365000,0,1365000
OD010204,ORD006532,PROD0186,5,265147,0,1325735,0,1325735
OD010205,ORD006532,PROD0061,2,155000,5,310000,15500,294500
OD010206,ORD006533,PROD0127,4,225000,0,900000,0,900000
OD010207,ORD006534,PROD0169,8,220000,2,1760000,35200,1724800
OD010208,ORD006534,PROD0100,6,135000,2,810000,16200,793800
OD010209,ORD006535,PROD0055,2,120000,0,240000,0,240000
OD010210,ORD006535,PROD0189,3,235752,15,707256,106088.4,601167.6
OD010211,ORD006536,PROD0032,5,105000,10,525000,52500,472500
OD010212,ORD006537,PROD0164,1,235000,5,235000,11750,223250
OD010213,ORD006538,PROD0168,5,320000,10,1600000,160000,1440000
OD010214,ORD006538,PROD0008,10,70000,0,700000,0,700000
OD010215,ORD006538,PROD0071,8,128000,10,1024000,102400,921600
OD010216,ORD006539,PROD0117,10,175000,5,1750000,87500,1662500
OD010217,ORD006540,PROD0021,10,95000,0,950000,0,950000
OD010218,ORD006541,PROD0030,1,100000,5,100000,5000,95000
OD010219,ORD006542,PROD0067,4,120000,5,480000,24000,456000
OD010220,ORD006542,PROD0190,3,309979,5,929937,46496.85,883440.15
OD010221,ORD006543,PROD0086,7,148000,10,1036000,103600,932400
OD010222,ORD006543,PROD0136,1,380000,2,380000,7600,372400
OD010223,ORD006544,PROD0122,7,165000,10,1155000,115500,1039500
OD010224,ORD006544,PROD0091,4,148000,10,592000,59200,532800
OD010225,ORD006545,PROD0018,2,94000,2,188000,3760,184240
OD010226,ORD006546,PROD0192,3,135661,7,406983,28488.81,378494.19
OD010227,ORD006547,PROD0108,7,145000,0,1015000,0,1015000
OD010228,ORD006548,PROD0068,5,120000,5,600000,30000,570000
OD010229,ORD006549,PROD0089,9,140000,0,1260000,0,1260000
OD010230,ORD006549,PROD0089,10,140000,0,1400000,0,1400000
OD010231,ORD006550,PROD0196,6,332371,2,1994226,39884.52,1954341.48
OD010232,ORD006550,PROD0080,7,145000,0,1015000,0,1015000
OD010233,ORD006551,PROD0198,5,26819,10,134095,13409.5,120685.5
OD010234,ORD006551,PROD0027,4,92000,10,368000,36800,331200
OD010235,ORD006552,PROD0041,7,95000,0,665000,0,665000
OD010236,ORD006553,PROD0030,1,100000,0,100000,0,100000
OD010237,ORD006554,PROD0190,9,309979,10,2789811,278981.1,2510829.9
OD010238,ORD006554,PROD0119,7,185000,0,1295000,0,1295000
OD010239,ORD006555,PROD0099,3,134000,15,402000,60300,341700
OD010240,ORD006555,PROD0014,1,80000,5,80000,4000,76000
OD010241,ORD006556,PROD0034,2,98000,5,196000,9800,186200
OD010242,ORD006557,PROD0187,8,225148,0,1801184,0,1801184
OD010243,ORD006557,PROD0193,7,348268,2,2437876,48757.52,2389118.48
OD010244,ORD006557,PROD0066,7,114500,10,801500,80150,721350
OD010245,ORD006558,PROD0143,1,285000,2,285000,5700,279300
OD010246,ORD006558,PROD0065,1,110000,10,110000,11000,99000
OD010247,ORD006559,PROD0193,9,348268,5,3134412,156720.6,2977691.4
OD010248,ORD006560,PROD0028,5,95000,10,475000,47500,427500
OD010249,ORD006560,PROD0019,4,95000,7,380000,26600,353400
OD010250,ORD006561,PROD0071,1,128000,5,128000,6400,121600
OD010251,ORD006561,PROD0036,2,102000,10,204000,20400,183600
OD010252,ORD006562,PROD0139,8,210000,10,1680000,168000,1512000
OD010253,ORD006563,PROD0184,8,79485,15,635880,95382,540498
OD010254,ORD006564,PROD0192,3,135661,0,406983,0,406983
OD010255,ORD006565,PROD0197,3,221508,7,664524,46516.68,618007.32
OD010256,ORD006566,PROD0039,4,115000,5,460000,23000,437000
OD010257,ORD006566,PROD0011,5,75000,7,375000,26250,348750
OD010258,ORD006567,PROD0036,9,102000,10,918000,91800,826200
OD010259,ORD006568,PROD0152,5,285000,0,1425000,0,1425000
OD010260,ORD006569,PROD0028,8,95000,7,760000,53200,706800
OD010261,ORD006569,PROD0137,9,165000,2,1485000,29700,1455300
OD010262,ORD006570,PROD0115,6,158000,5,948000,47400,900600
OD010263,ORD006571,PROD0159,3,285000,0,855000,0,855000
OD010264,ORD006571,PROD0024,10,98000,0,980000,0,980000
OD010265,ORD006572,PROD0088,7,155500,5,1088500,54425,1034075
OD010266,ORD006572,PROD0018,7,94000,2,658000,13160,644840
OD010267,ORD006573,PROD0005,10,60000,0,600000,0,600000
OD010268,ORD006573,PROD0149,7,225000,0,1575000,0,1575000
OD010269,ORD006574,PROD0111,6,16000,0,96000,0,96000
OD010270,ORD006575,PROD0159,9,285000,5,2565000,128250,2436750
OD010271,ORD006576,PROD0016,2,80000,2,160000,3200,156800
OD010272,ORD006576,PROD0063,10,140000,0,1400000,0,1400000
OD010273,ORD006577,PROD0028,3,95000,2,285000,5700,279300
OD010274,ORD006578,PROD0117,10,175000,2,1750000,35000,1715000
OD010275,ORD006578,PROD0113,6,150000,0,900000,0,900000
OD010276,ORD006579,PROD0149,9,225000,0,2025000,0,2025000
OD010277,ORD006580,PROD0018,4,94000,0,376000,0,376000
OD010278,ORD006580,PROD0010,8,75000,5,600000,30000,570000
OD010279,ORD006581,PROD0171,6,255000,7,1530000,107100,1422900
OD010280,ORD006582,PROD0127,7,225000,0,1575000,0,1575000
OD010281,ORD006583,PROD0024,6,98000,2,588000,11760,576240
OD010282,ORD006584,PROD0058,10,145000,10,1450000,145000,1305000
OD010283,ORD006584,PROD0082,8,138000,15,1104000,165600,938400
OD010284,ORD006585,PROD0082,3,138000,5,414000,20700,393300
OD010285,ORD006586,PROD0147,7,195000,2,1365000,27300,1337700
OD010286,ORD006587,PROD0072,4,125000,15,500000,75000,425000
OD010287,ORD006587,PROD0120,7,190000,0,1330000,0,1330000
OD010288,ORD006588,PROD0144,5,295000,0,1475000,0,1475000
OD010289,ORD006589,PROD0021,3,95000,5,285000,14250,270750
OD010290,ORD006589,PROD0094,3,158000,0,474000,0,474000
OD010291,ORD006590,PROD0051,5,102500,10,512500,51250,461250
OD010292,ORD006591,PROD0153,5,195000,5,975000,48750,926250
OD010293,ORD006592,PROD0027,9,92000,10,828000,82800,745200
OD010294,ORD006593,PROD0064,7,150000,2,1050000,21000,1029000
OD010295,ORD006593,PROD0125,8,195000,0,1560000,0,1560000
OD010296,ORD006593,PROD0109,2,150000,10,300000,30000,270000
OD010297,ORD006594,PROD0008,2,70000,5,140000,7000,133000
OD010298,ORD006595,PROD0182,1,295189,7,295189,20663.23,274525.77
OD010299,ORD006596,PROD0016,1,80000,2,80000,1600,78400
OD010300,ORD006597,PROD0088,2,155500,0,311000,0,311000
OD010301,ORD006597,PROD0013,7,80000,5,560000,28000,532000
OD010302,ORD006598,PROD0116,5,162000,0,810000,0,810000
OD010303,ORD006599,PROD0071,5,128000,10,640000,64000,576000
OD010304,ORD006599,PROD0135,8,350000,0,2800000,0,2800000
OD010305,ORD006600,PROD0126,5,210000,0,1050000,0,1050000
OD010306,ORD006601,PROD0183,1,324367,7,324367,22705.69,301661.31
OD010307,ORD006601,PROD0010,1,75000,2,75000,1500,73500
OD010308,ORD006602,PROD0128,2,250000,0,500000,0,500000
OD010309,ORD006602,PROD0069,4,125000,0,500000,0,500000
OD010310,ORD006603,PROD0123,9,170000,5,1530000,76500,1453500
OD010311,ORD006604,PROD0193,2,348268,0,696536,0,696536
OD010312,ORD006604,PROD0167,8,295000,5,2360000,118000,2242000
OD010313,ORD006604,PROD0195,1,160472,15,160472,24070.8,136401.2
OD010314,ORD006605,PROD0199,2,63002,0,126004,0,126004
OD010315,ORD006605,PROD0156,4,225000,0,900000,0,900000
OD010316,ORD006605,PROD0180,7,142869,2,1000083,20001.66,980081.34
OD010317,ORD006606,PROD0138,9,190000,5,1710000,85500,1624500
OD010318,ORD006607,PROD0025,8,82000,5,656000,32800,623200
OD010319,ORD006607,PROD0179,9,65000,15,585000,87750,497250
OD010320,ORD006608,PROD0136,5,380000,15,1900000,285000,1615000
OD010321,ORD006608,PROD0173,3,299000,2,897000,17940,879060
OD010322,ORD006609,PROD0066,5,114500,0,572500,0,572500
OD010323,ORD006609,PROD0118,3,180000,0,540000,0,540000
OD010324,ORD006610,PROD0083,4,138000,5,552000,27600,524400
OD010325,ORD006610,PROD0003,1,60000,0,60000,0,60000
OD010326,ORD006611,PROD0130,8,250000,7,2000000,140000,1860000
OD010327,ORD006611,PROD0061,10,155000,5,1550000,77500,1472500
OD010328,ORD006612,PROD0030,1,100000,0,100000,0,100000
OD010329,ORD006613,PROD0043,1,98000,7,98000,6860,91140
OD010330,ORD006613,PROD0139,9,210000,2,1890000,37800,1852200
OD010331,ORD006614,PROD0143,10,285000,15,2850000,427500,2422500
OD010332,ORD006615,PROD0059,1,135000,7,135000,9450,125550
OD010333,ORD006615,PROD0069,7,125000,5,875000,43750,831250
OD010334,ORD006616,PROD0164,5,235000,0,1175000,0,1175000
OD010335,ORD006617,PROD0095,8,162000,5,1296000,64800,1231200
OD010336,ORD006617,PROD0075,6,135000,5,810000,40500,769500
OD010337,ORD006618,PROD0172,3,277000,10,831000,83100,747900
OD010338,ORD006618,PROD0010,3,75000,7,225000,15750,209250
OD010339,ORD006619,PROD0136,7,380000,10,2660000,266000,2394000
OD010340,ORD006620,PROD0120,3,190000,7,570000,39900,530100
OD010341,ORD006620,PROD0080,2,145000,5,290000,14500,275500
OD010342,ORD006621,PROD0150,6,255000,2,1530000,30600,1499400
OD010343,ORD006621,PROD0056,7,125000,5,875000,43750,831250
OD010344,ORD006622,PROD0124,8,178000,2,1424000,28480,1395520
OD010345,ORD006623,PROD0052,7,105000,0,735000,0,735000
OD010346,ORD006624,PROD0156,5,225000,0,1125000,0,1125000
OD010347,ORD006625,PROD0084,9,140000,5,1260000,63000,1197000
OD010348,ORD006626,PROD0161,5,195000,0,975000,0,975000
OD010349,ORD006626,PROD0117,7,175000,2,1225000,24500,1200500
OD010350,ORD006627,PROD0009,10,75000,0,750000,0,750000
OD010351,ORD006628,PROD0124,10,178000,5,1780000,89000,1691000
OD010352,ORD006628,PROD0001,5,50000,2,250000,5000,245000
OD010353,ORD006629,PROD0147,5,195000,5,975000,48750,926250
OD010354,ORD006630,PROD0045,9,110000,10,990000,99000,891000
OD010355,ORD006631,PROD0197,6,221508,5,1329048,66452.4,1262595.6
OD010356,ORD006631,PROD0045,8,110000,0,880000,0,880000
OD010357,ORD006632,PROD0091,1,148000,5,148000,7400,140600
OD010358,ORD006633,PROD0113,9,150000,15,1350000,202500,1147500
OD010359,ORD006633,PROD0029,2,100000,5,200000,10000,190000
OD010360,ORD006634,PROD0046,4,115000,2,460000,9200,450800
OD010361,ORD006635,PROD0195,2,160472,7,320944,22466.08,298477.92
OD010362,ORD006635,PROD0073,10,128000,5,1280000,64000,1216000
OD010363,ORD006636,PROD0155,2,220000,15,440000,66000,374000
OD010364,ORD006636,PROD0091,6,148000,0,888000,0,888000
OD010365,ORD006637,PROD0043,2,98000,15,196000,29400,166600
OD010366,ORD006637,PROD0121,1,160000,5,160000,8000,152000
OD010367,ORD006638,PROD0028,3,95000,5,285000,14250,270750
OD010368,ORD006638,PROD0200,1,120944,7,120944,8466.08,112477.92
OD010369,ORD006639,PROD0136,3,380000,0,1140000,0,1140000
OD010370,ORD006640,PROD0138,2,190000,0,380000,0,380000
OD010371,ORD006640,PROD0006,7,65000,0,455000,0,455000
OD010372,ORD006641,PROD0054,2,115000,5,230000,11500,218500
OD010373,ORD006641,PROD0078,5,140000,5,700000,35000,665000
OD010374,ORD006642,PROD0071,1,128000,10,128000,12800,115200
OD010375,ORD006642,PROD0023,10,98000,2,980000,19600,960400
OD010376,ORD006643,PROD0009,5,75000,7,375000,26250,348750
OD010377,ORD006644,PROD0120,4,190000,2,760000,15200,744800
OD010378,ORD006645,PROD0084,4,140000,7,560000,39200,520800
OD010379,ORD006646,PROD0048,1,122200,0,122200,0,122200
OD010380,ORD006647,PROD0118,3,180000,0,540000,0,540000
OD010381,ORD006648,PROD0199,9,63002,2,567018,11340.36,555677.64
OD010382,ORD006649,PROD0190,4,309979,15,1239916,185987.4,1053928.6
OD010383,ORD006650,PROD0176,9,450000,5,4050000,202500,3847500
OD010384,ORD006651,PROD0054,2,115000,5,230000,11500,218500
OD010385,ORD006652,PROD0035,4,98000,0,392000,0,392000
OD010386,ORD006652,PROD0049,7,95000,2,665000,13300,651700
OD010387,ORD006653,PROD0063,1,140000,10,140000,14000,126000
OD010388,ORD006653,PROD0004,4,60000,5,240000,12000,228000
OD010389,ORD006653,PROD0063,9,140000,0,1260000,0,1260000
OD010390,ORD006654,PROD0115,5,158000,10,790000,79000,711000
OD010391,ORD006655,PROD0050,10,98000,0,980000,0,980000
OD010392,ORD006656,PROD0200,2,120944,5,241888,12094.4,229793.6
OD010393,ORD006657,PROD0170,10,245000,0,2450000,0,2450000
OD010394,ORD006657,PROD0075,9,135000,10,1215000,121500,1093500
OD010395,ORD006658,PROD0083,4,138000,15,552000,82800,469200
OD010396,ORD006658,PROD0100,6,135000,0,810000,0,810000
OD010397,ORD006658,PROD0067,2,120000,10,240000,24000,216000
OD010398,ORD006659,PROD0012,2,75000,10,150000,15000,135000
OD010399,ORD006660,PROD0077,4,138000,7,552000,38640,513360
OD010400,ORD006661,PROD0115,4,158000,7,632000,44240,587760
OD010401,ORD006662,PROD0051,6,102500,7,615000,43050,571950
OD010402,ORD006663,PROD0043,10,98000,0,980000,0,980000
OD010403,ORD006664,PROD0105,1,135000,2,135000,2700,132300
OD010404,ORD006664,PROD0004,9,60000,2,540000,10800,529200
OD010405,ORD006665,PROD0148,3,210000,0,630000,0,630000
OD010406,ORD006666,PROD0137,7,165000,5,1155000,57750,1097250
OD010407,ORD006667,PROD0194,10,285723,0,2857230,0,2857230
OD010408,ORD006667,PROD0030,8,100000,5,800000,40000,760000
OD010409,ORD006668,PROD0160,1,310000,5,310000,15500,294500
OD010410,ORD006668,PROD0021,6,95000,0,570000,0,570000
OD010411,ORD006669,PROD0154,2,200000,0,400000,0,400000
OD010412,ORD006670,PROD0046,3,115000,5,345000,17250,327750
OD010413,ORD006670,PROD0165,6,255000,15,1530000,229500,1300500
OD010414,ORD006671,PROD0028,6,95000,5,570000,28500,541500
OD010415,ORD006672,PROD0163,10,225000,10,2250000,225000,2025000
OD010416,ORD006673,PROD0125,3,195000,15,585000,87750,497250
OD010417,ORD006674,PROD0010,10,75000,5,750000,37500,712500
OD010418,ORD006675,PROD0054,5,115000,5,575000,28750,546250
OD010419,ORD006676,PROD0096,3,165000,5,495000,24750,470250
OD010420,ORD006676,PROD0135,7,350000,0,2450000,0,2450000
OD010421,ORD006677,PROD0147,7,195000,0,1365000,0,1365000
OD010422,ORD006677,PROD0110,9,155000,0,1395000,0,1395000
OD010423,ORD006678,PROD0139,10,210000,2,2100000,42000,2058000
OD010424,ORD006679,PROD0071,7,128000,0,896000,0,896000
OD010425,ORD006680,PROD0066,7,114500,0,801500,0,801500
OD010426,ORD006681,PROD0039,3,115000,7,345000,24150,320850
OD010427,ORD006682,PROD0134,3,310000,2,930000,18600,911400
OD010428,ORD006682,PROD0135,6,350000,5,2100000,105000,1995000
OD010429,ORD006683,PROD0183,7,324367,2,2270569,45411.38,2225157.62
OD010430,ORD006684,PROD0105,4,135000,2,540000,10800,529200
OD010431,ORD006684,PROD0123,6,170000,2,1020000,20400,999600
OD010432,ORD006685,PROD0145,6,170000,5,1020000,51000,969000
OD010433,ORD006686,PROD0175,5,435000,0,2175000,0,2175000
OD010434,ORD006686,PROD0102,1,143000,15,143000,21450,121550
OD010435,ORD006687,PROD0150,5,255000,5,1275000,63750,1211250
OD010436,ORD006688,PROD0161,3,195000,5,585000,29250,555750
OD010437,ORD006689,PROD0117,2,175000,2,350000,7000,343000
OD010438,ORD006690,PROD0110,5,155000,10,775000,77500,697500
OD010439,ORD006690,PROD0134,8,310000,2,2480000,49600,2430400
OD010440,ORD006691,PROD0163,8,225000,10,1800000,180000,1620000
OD010441,ORD006692,PROD0112,4,170000,0,680000,0,680000
OD010442,ORD006692,PROD0110,6,155000,10,930000,93000,837000
OD010443,ORD006693,PROD0044,2,105000,15,210000,31500,178500
OD010444,ORD006694,PROD0193,3,348268,0,1044804,0,1044804
OD010445,ORD006695,PROD0012,5,75000,0,375000,0,375000
OD010446,ORD006695,PROD0171,4,255000,10,1020000,102000,918000
OD010447,ORD006696,PROD0077,7,138000,5,966000,48300,917700
OD010448,ORD006697,PROD0051,8,102500,0,820000,0,820000
OD010449,ORD006697,PROD0046,6,115000,5,690000,34500,655500
OD010450,ORD006697,PROD0146,1,185000,15,185000,27750,157250
OD010451,ORD006698,PROD0058,9,145000,15,1305000,195750,1109250
OD010452,ORD006698,PROD0027,5,92000,2,460000,9200,450800
OD010453,ORD006699,PROD0093,9,155000,5,1395000,69750,1325250
OD010454,ORD006700,PROD0183,3,324367,5,973101,48655.05,924445.95
OD010455,ORD006700,PROD0174,7,325000,0,2275000,0,2275000
OD010456,ORD006701,PROD0070,3,126000,0,378000,0,378000
OD010457,ORD006702,PROD0130,6,250000,0,1500000,0,1500000
OD010458,ORD006702,PROD0096,9,165000,0,1485000,0,1485000
OD010459,ORD006702,PROD0080,6,145000,5,870000,43500,826500
OD010460,ORD006703,PROD0005,10,60000,0,600000,0,600000
OD010461,ORD006703,PROD0032,4,105000,5,420000,21000,399000
OD010462,ORD006704,PROD0174,2,325000,7,650000,45500,604500
OD010463,ORD006705,PROD0193,5,348268,0,1741340,0,1741340
OD010464,ORD006705,PROD0190,9,309979,2,2789811,55796.22,2734014.78
OD010465,ORD006706,PROD0192,6,135661,0,813966,0,813966
OD010466,ORD006707,PROD0095,7,162000,5,1134000,56700,1077300
OD010467,ORD006708,PROD0014,9,80000,0,720000,0,720000
OD010468,ORD006709,PROD0038,3,111000,5,333000,16650,316350
OD010469,ORD006710,PROD0159,8,285000,5,2280000,114000,2166000
OD010470,ORD006711,PROD0139,10,210000,5,2100000,105000,1995000
OD010471,ORD006711,PROD0198,2,26819,0,53638,0,53638
OD010472,ORD006711,PROD0060,2,150000,15,300000,45000,255000
OD010473,ORD006712,PROD0080,10,145000,2,1450000,29000,1421000
OD010474,ORD006713,PROD0193,10,348268,5,3482680,174134,3308546
OD010475,ORD006713,PROD0183,10,324367,7,3243670,227056.9,3016613.1
OD010476,ORD006714,PROD0063,9,140000,10,1260000,126000,1134000
OD010477,ORD006715,PROD0192,3,135661,5,406983,20349.15,386633.85
OD010478,ORD006715,PROD0116,6,162000,5,972000,48600,923400
OD010479,ORD006716,PROD0199,10,63002,5,630020,31501,598519
OD010480,ORD006716,PROD0010,8,75000,5,600000,30000,570000
OD010481,ORD006717,PROD0116,6,162000,5,972000,48600,923400
OD010482,ORD006717,PROD0198,7,26819,5,187733,9386.65,178346.35
OD010483,ORD006718,PROD0193,3,348268,5,1044804,52240.2,992563.8
OD010484,ORD006718,PROD0116,4,162000,7,648000,45360,602640
OD010485,ORD006719,PROD0009,8,75000,5,600000,30000,570000
OD010486,ORD006720,PROD0196,10,332371,0,3323710,0,3323710
OD010487,ORD006720,PROD0032,1,105000,5,105000,5250,99750
OD010488,ORD006721,PROD0061,5,155000,5,775000,38750,736250
OD010489,ORD006721,PROD0176,7,450000,5,3150000,157500,2992500
OD010490,ORD006722,PROD0106,5,140000,5,700000,35000,665000
OD010491,ORD006723,PROD0052,9,105000,2,945000,18900,926100
OD010492,ORD006724,PROD0004,7,60000,0,420000,0,420000
OD010493,ORD006724,PROD0037,4,105000,7,420000,29400,390600
OD010494,ORD006724,PROD0155,8,220000,0,1760000,0,1760000
OD010495,ORD006725,PROD0144,4,295000,0,1180000,0,1180000
OD010496,ORD006725,PROD0034,5,98000,10,490000,49000,441000
OD010497,ORD006726,PROD0181,3,90661,2,271983,5439.66,266543.34
OD010498,ORD006727,PROD0086,10,148000,2,1480000,29600,1450400
OD010499,ORD006727,PROD0140,5,225000,0,1125000,0,1125000
OD010500,ORD006728,PROD0135,10,350000,0,3500000,0,3500000
OD010501,ORD006728,PROD0024,6,98000,2,588000,11760,576240
OD010502,ORD006729,PROD0017,2,90000,0,180000,0,180000
OD010503,ORD006730,PROD0123,8,170000,0,1360000,0,1360000
OD010504,ORD006731,PROD0157,2,250000,10,500000,50000,450000
OD010505,ORD006732,PROD0188,9,254957,5,2294613,114730.65,2179882.35
OD010506,ORD006733,PROD0162,10,210000,0,2100000,0,2100000
OD010507,ORD006734,PROD0118,6,180000,10,1080000,108000,972000
OD010508,ORD006734,PROD0107,4,142000,7,568000,39760,528240
OD010509,ORD006734,PROD0081,5,135000,0,675000,0,675000
OD010510,ORD006735,PROD0121,8,160000,0,1280000,0,1280000
OD010511,ORD006735,PROD0192,4,135661,0,542644,0,542644
OD010512,ORD006736,PROD0019,1,95000,5,95000,4750,90250
OD010513,ORD006736,PROD0096,6,165000,5,990000,49500,940500
OD010514,ORD006737,PROD0090,8,145000,7,1160000,81200,1078800
OD010515,ORD006737,PROD0061,2,155000,5,310000,15500,294500
OD010516,ORD006738,PROD0169,4,220000,2,880000,17600,862400
OD010517,ORD006739,PROD0110,5,155000,0,775000,0,775000
OD010518,ORD006739,PROD0018,7,94000,5,658000,32900,625100
OD010519,ORD006740,PROD0140,6,225000,2,1350000,27000,1323000
OD010520,ORD006740,PROD0198,8,26819,2,214552,4291.04,210260.96
OD010521,ORD006741,PROD0038,7,111000,0,777000,0,777000
OD010522,ORD006741,PROD0098,8,132000,7,1056000,73920,982080
OD010523,ORD006742,PROD0049,1,95000,5,95000,4750,90250
OD010524,ORD006743,PROD0003,10,60000,0,600000,0,600000
OD010525,ORD006743,PROD0087,5,150000,2,750000,15000,735000
OD010526,ORD006744,PROD0068,5,120000,7,600000,42000,558000
OD010527,ORD006745,PROD0181,8,90661,5,725288,36264.4,689023.6
OD010528,ORD006746,PROD0101,5,138000,5,690000,34500,655500
OD010529,ORD006746,PROD0127,8,225000,5,1800000,90000,1710000
OD010530,ORD006747,PROD0192,9,135661,5,1220949,61047.45,1159901.55
OD010531,ORD006747,PROD0106,6,140000,0,840000,0,840000
OD010532,ORD006747,PROD0142,6,265000,5,1590000,79500,1510500
OD010533,ORD006748,PROD0106,9,140000,0,1260000,0,1260000
OD010534,ORD006749,PROD0117,8,175000,7,1400000,98000,1302000
OD010535,ORD006750,PROD0042,8,98000,10,784000,78400,705600
OD010536,ORD006750,PROD0194,7,285723,0,2000061,0,2000061
OD010537,ORD006750,PROD0062,8,170000,2,1360000,27200,1332800
OD010538,ORD006751,PROD0059,8,135000,7,1080000,75600,1004400
OD010539,ORD006751,PROD0068,8,120000,5,960000,48000,912000
OD010540,ORD006751,PROD0076,5,135000,2,675000,13500,661500
OD010541,ORD006752,PROD0071,8,128000,0,1024000,0,1024000
OD010542,ORD006753,PROD0154,6,200000,0,1200000,0,1200000
OD010543,ORD006753,PROD0145,9,170000,0,1530000,0,1530000
OD010544,ORD006754,PROD0119,5,185000,15,925000,138750,786250
OD010545,ORD006754,PROD0060,1,150000,5,150000,7500,142500
OD010546,ORD006754,PROD0044,9,105000,5,945000,47250,897750
OD010547,ORD006755,PROD0137,6,165000,15,990000,148500,841500
OD010548,ORD006756,PROD0151,1,265000,2,265000,5300,259700
OD010549,ORD006756,PROD0081,9,135000,10,1215000,121500,1093500
OD010550,ORD006757,PROD0054,1,115000,10,115000,11500,103500
OD010551,ORD006758,PROD0092,2,150000,0,300000,0,300000
OD010552,ORD006758,PROD0112,8,170000,15,1360000,204000,1156000
OD010553,ORD006759,PROD0012,2,75000,7,150000,10500,139500
OD010554,ORD006760,PROD0172,3,277000,2,831000,16620,814380
OD010555,ORD006760,PROD0144,5,295000,2,1475000,29500,1445500
OD010556,ORD006761,PROD0056,10,125000,0,1250000,0,1250000
OD010557,ORD006761,PROD0167,6,295000,7,1770000,123900,1646100
OD010558,ORD006762,PROD0153,10,195000,2,1950000,39000,1911000
OD010559,ORD006763,PROD0102,8,143000,2,1144000,22880,1121120
OD010560,ORD006763,PROD0173,3,299000,5,897000,44850,852150
OD010561,ORD006764,PROD0041,6,95000,5,570000,28500,541500
OD010562,ORD006765,PROD0064,4,150000,0,600000,0,600000
OD010563,ORD006766,PROD0200,3,120944,0,362832,0,362832
OD010564,ORD006766,PROD0040,6,115000,7,690000,48300,641700
OD010565,ORD006766,PROD0171,9,255000,2,2295000,45900,2249100
OD010566,ORD006767,PROD0174,8,325000,7,2600000,182000,2418000
OD010567,ORD006767,PROD0076,3,135000,2,405000,8100,396900
OD010568,ORD006767,PROD0094,3,158000,2,474000,9480,464520
OD010569,ORD006768,PROD0188,9,254957,10,2294613,229461.3,2065151.7
OD010570,ORD006768,PROD0063,7,140000,0,980000,0,980000
OD010571,ORD006769,PROD0075,5,135000,2,675000,13500,661500
OD010572,ORD006769,PROD0003,9,60000,2,540000,10800,529200
OD010573,ORD006770,PROD0072,1,125000,0,125000,0,125000
OD010574,ORD006771,PROD0039,8,115000,0,920000,0,920000
OD010575,ORD006772,PROD0041,5,95000,15,475000,71250,403750
OD010576,ORD006772,PROD0103,5,148000,0,740000,0,740000
OD010577,ORD006773,PROD0155,7,220000,7,1540000,107800,1432200
OD010578,ORD006773,PROD0166,3,267000,0,801000,0,801000
OD010579,ORD006774,PROD0075,9,135000,0,1215000,0,1215000
OD010580,ORD006775,PROD0101,1,138000,7,138000,9660,128340
OD010581,ORD006776,PROD0016,6,80000,5,480000,24000,456000
OD010582,ORD006776,PROD0056,5,125000,2,625000,12500,612500
OD010583,ORD006777,PROD0063,10,140000,0,1400000,0,1400000
OD010584,ORD006778,PROD0186,7,265147,2,1856029,37120.58,1818908.42
OD010585,ORD006778,PROD0170,4,245000,10,980000,98000,882000
OD010586,ORD006779,PROD0074,5,132000,7,660000,46200,613800
OD010587,ORD006780,PROD0035,3,98000,10,294000,29400,264600
OD010588,ORD006781,PROD0033,1,98000,0,98000,0,98000
OD010589,ORD006782,PROD0103,5,148000,5,740000,37000,703000
OD010590,ORD006782,PROD0190,1,309979,5,309979,15498.95,294480.05
OD010591,ORD006783,PROD0120,7,190000,10,1330000,133000,1197000
OD010592,ORD006783,PROD0080,10,145000,5,1450000,72500,1377500
OD010593,ORD006783,PROD0166,1,267000,0,267000,0,267000
OD010594,ORD006784,PROD0097,10,130000,2,1300000,26000,1274000
OD010595,ORD006785,PROD0044,1,105000,10,105000,10500,94500
OD010596,ORD006785,PROD0166,5,267000,7,1335000,93450,1241550
OD010597,ORD006785,PROD0183,7,324367,15,2270569,340585.35,1929983.65
OD010598,ORD006786,PROD0058,7,145000,7,1015000,71050,943950
OD010599,ORD006787,PROD0197,4,221508,0,886032,0,886032
OD010600,ORD006788,PROD0106,1,140000,0,140000,0,140000
OD010601,ORD006788,PROD0049,8,95000,2,760000,15200,744800
OD010602,ORD006789,PROD0174,5,325000,0,1625000,0,1625000
OD010603,ORD006790,PROD0029,3,100000,5,300000,15000,285000
OD010604,ORD006791,PROD0052,5,105000,2,525000,10500,514500
OD010605,ORD006791,PROD0074,5,132000,0,660000,0,660000
OD010606,ORD006792,PROD0179,6,65000,0,390000,0,390000
OD010607,ORD006793,PROD0190,6,309979,15,1859874,278981.1,1580892.9
OD010608,ORD006793,PROD0039,6,115000,7,690000,48300,641700
OD010609,ORD006794,PROD0004,10,60000,2,600000,12000,588000
OD010610,ORD006795,PROD0171,10,255000,7,2550000,178500,2371500
OD010611,ORD006796,PROD0107,1,142000,10,142000,14200,127800
OD010612,ORD006797,PROD0079,7,142000,7,994000,69580,924420
OD010613,ORD006798,PROD0002,3,50000,2,150000,3000,147000
OD010614,ORD006798,PROD0110,1,155000,0,155000,0,155000
OD010615,ORD006799,PROD0027,1,92000,7,92000,6440,85560
OD010616,ORD006800,PROD0111,7,16000,0,112000,0,112000
OD010617,ORD006800,PROD0031,10,100000,0,1000000,0,1000000
OD010618,ORD006801,PROD0041,8,95000,0,760000,0,760000
OD010619,ORD006802,PROD0026,2,85000,0,170000,0,170000
OD010620,ORD006803,PROD0035,3,98000,2,294000,5880,288120
OD010621,ORD006803,PROD0141,9,235000,2,2115000,42300,2072700
OD010622,ORD006804,PROD0143,7,285000,0,1995000,0,1995000
OD010623,ORD006805,PROD0092,6,150000,5,900000,45000,855000
OD010624,ORD006806,PROD0166,2,267000,15,534000,80100,453900
OD010625,ORD006806,PROD0193,8,348268,0,2786144,0,2786144
OD010626,ORD006807,PROD0028,9,95000,7,855000,59850,795150
OD010627,ORD006808,PROD0047,4,120000,0,480000,0,480000
OD010628,ORD006809,PROD0151,10,265000,5,2650000,132500,2517500
OD010629,ORD006809,PROD0118,5,180000,0,900000,0,900000
OD010630,ORD006809,PROD0066,1,114500,10,114500,11450,103050
OD010631,ORD006810,PROD0117,10,175000,0,1750000,0,1750000
OD010632,ORD006811,PROD0119,2,185000,0,370000,0,370000
OD010633,ORD006811,PROD0119,1,185000,5,185000,9250,175750
OD010634,ORD006812,PROD0107,5,142000,5,710000,35500,674500
OD010635,ORD006813,PROD0007,7,70000,5,490000,24500,465500
OD010636,ORD006813,PROD0149,7,225000,0,1575000,0,1575000
OD010637,ORD006814,PROD0038,10,111000,5,1110000,55500,1054500
OD010638,ORD006815,PROD0109,5,150000,15,750000,112500,637500
OD010639,ORD006816,PROD0107,2,142000,5,284000,14200,269800
OD010640,ORD006817,PROD0019,5,95000,0,475000,0,475000
OD010641,ORD006817,PROD0058,9,145000,10,1305000,130500,1174500
OD010642,ORD006818,PROD0056,1,125000,7,125000,8750,116250
OD010643,ORD006819,PROD0041,3,95000,5,285000,14250,270750
OD010644,ORD006819,PROD0080,7,145000,0,1015000,0,1015000
OD010645,ORD006820,PROD0059,3,135000,0,405000,0,405000
OD010646,ORD006821,PROD0115,5,158000,5,790000,39500,750500
OD010647,ORD006821,PROD0013,2,80000,5,160000,8000,152000
OD010648,ORD006821,PROD0034,2,98000,2,196000,3920,192080
OD010649,ORD006822,PROD0104,8,155000,5,1240000,62000,1178000
OD010650,ORD006822,PROD0068,8,120000,0,960000,0,960000
OD010651,ORD006822,PROD0084,1,140000,10,140000,14000,126000
OD010652,ORD006823,PROD0013,6,80000,0,480000,0,480000
OD010653,ORD006823,PROD0051,5,102500,15,512500,76875,435625
OD010654,ORD006824,PROD0065,4,110000,7,440000,30800,409200
OD010655,ORD006824,PROD0005,7,60000,7,420000,29400,390600
OD010656,ORD006825,PROD0103,7,148000,2,1036000,20720,1015280
OD010657,ORD006825,PROD0011,2,75000,2,150000,3000,147000
OD010658,ORD006826,PROD0188,10,254957,7,2549570,178469.9,2371100.1
OD010659,ORD006826,PROD0008,3,70000,10,210000,21000,189000
OD010660,ORD006827,PROD0036,6,102000,5,612000,30600,581400
OD010661,ORD006828,PROD0105,2,135000,2,270000,5400,264600
OD010662,ORD006828,PROD0006,7,65000,5,455000,22750,432250
OD010663,ORD006829,PROD0125,1,195000,7,195000,13650,181350
OD010664,ORD006829,PROD0076,3,135000,7,405000,28350,376650
OD010665,ORD006830,PROD0004,5,60000,5,300000,15000,285000
OD010666,ORD006830,PROD0122,1,165000,7,165000,11550,153450
OD010667,ORD006831,PROD0015,5,80000,5,400000,20000,380000
OD010668,ORD006832,PROD0122,6,165000,10,990000,99000,891000
OD010669,ORD006832,PROD0134,10,310000,7,3100000,217000,2883000
OD010670,ORD006833,PROD0070,4,126000,2,504000,10080,493920
OD010671,ORD006834,PROD0122,8,165000,7,1320000,92400,1227600
OD010672,ORD006835,PROD0008,3,70000,5,210000,10500,199500
OD010673,ORD006836,PROD0175,10,435000,5,4350000,217500,4132500
OD010674,ORD006836,PROD0184,10,79485,0,794850,0,794850
OD010675,ORD006837,PROD0034,8,98000,7,784000,54880,729120
OD010676,ORD006838,PROD0101,3,138000,0,414000,0,414000
OD010677,ORD006838,PROD0084,10,140000,0,1400000,0,1400000
OD010678,ORD006838,PROD0156,4,225000,2,900000,18000,882000
OD010679,ORD006839,PROD0043,3,98000,7,294000,20580,273420
OD010680,ORD006839,PROD0080,5,145000,2,725000,14500,710500
OD010681,ORD006840,PROD0075,2,135000,5,270000,13500,256500
OD010682,ORD006840,PROD0167,4,295000,10,1180000,118000,1062000
OD010683,ORD006841,PROD0104,4,155000,7,620000,43400,576600
OD010684,ORD006841,PROD0157,10,250000,10,2500000,250000,2250000
OD010685,ORD006841,PROD0016,5,80000,0,400000,0,400000
OD010686,ORD006842,PROD0020,8,95000,0,760000,0,760000
OD010687,ORD006843,PROD0190,9,309979,0,2789811,0,2789811
OD010688,ORD006843,PROD0011,10,75000,10,750000,75000,675000
OD010689,ORD006844,PROD0134,6,310000,7,1860000,130200,1729800
OD010690,ORD006845,PROD0030,6,100000,2,600000,12000,588000
OD010691,ORD006846,PROD0104,10,155000,10,1550000,155000,1395000
OD010692,ORD006847,PROD0165,7,255000,5,1785000,89250,1695750
OD010693,ORD006848,PROD0095,3,162000,7,486000,34020,451980
OD010694,ORD006849,PROD0054,6,115000,0,690000,0,690000
OD010695,ORD006850,PROD0033,6,98000,10,588000,58800,529200
OD010696,ORD006850,PROD0080,6,145000,5,870000,43500,826500
OD010697,ORD006850,PROD0189,7,235752,0,1650264,0,1650264
OD010698,ORD006851,PROD0116,5,162000,0,810000,0,810000
OD010699,ORD006852,PROD0093,2,155000,5,310000,15500,294500
OD010700,ORD006852,PROD0131,4,280000,5,1120000,56000,1064000
OD010701,ORD006852,PROD0107,8,142000,0,1136000,0,1136000
OD010702,ORD006853,PROD0086,10,148000,2,1480000,29600,1450400
OD010703,ORD006853,PROD0034,7,98000,2,686000,13720,672280
OD010704,ORD006854,PROD0090,8,145000,0,1160000,0,1160000
OD010705,ORD006854,PROD0055,2,120000,15,240000,36000,204000
OD010706,ORD006855,PROD0066,8,114500,10,916000,91600,824400
OD010707,ORD006855,PROD0061,5,155000,0,775000,0,775000
OD010708,ORD006856,PROD0019,8,95000,10,760000,76000,684000
OD010709,ORD006856,PROD0105,7,135000,5,945000,47250,897750
OD010710,ORD006856,PROD0030,8,100000,0,800000,0,800000
OD010711,ORD006857,PROD0082,8,138000,7,1104000,77280,1026720
OD010712,ORD006858,PROD0178,7,115000,0,805000,0,805000
OD010713,ORD006859,PROD0169,5,220000,2,1100000,22000,1078000
OD010714,ORD006860,PROD0195,9,160472,7,1444248,101097.36,1343150.64
OD010715,ORD006861,PROD0030,8,100000,10,800000,80000,720000
OD010716,ORD006862,PROD0166,2,267000,0,534000,0,534000
OD010717,ORD006863,PROD0163,3,225000,5,675000,33750,641250
OD010718,ORD006863,PROD0062,3,170000,10,510000,51000,459000
OD010719,ORD006863,PROD0073,4,128000,10,512000,51200,460800
OD010720,ORD006864,PROD0036,8,102000,0,816000,0,816000
OD010721,ORD006865,PROD0194,1,285723,0,285723,0,285723
OD010722,ORD006865,PROD0102,3,143000,0,429000,0,429000
OD010723,ORD006865,PROD0058,5,145000,0,725000,0,725000
OD010724,ORD006866,PROD0019,2,95000,10,190000,19000,171000
OD010725,ORD006867,PROD0101,2,138000,0,276000,0,276000
OD010726,ORD006867,PROD0183,5,324367,10,1621835,162183.5,1459651.5
OD010727,ORD006868,PROD0077,7,138000,2,966000,19320,946680
OD010728,ORD006869,PROD0154,4,200000,0,800000,0,800000
OD010729,ORD006869,PROD0068,10,120000,2,1200000,24000,1176000
OD010730,ORD006869,PROD0195,5,160472,7,802360,56165.2,746194.8
OD010731,ORD006870,PROD0128,10,250000,0,2500000,0,2500000
OD010732,ORD006870,PROD0172,6,277000,15,1662000,249300,1412700
OD010733,ORD006871,PROD0121,4,160000,0,640000,0,640000
OD010734,ORD006872,PROD0082,2,138000,10,276000,27600,248400
OD010735,ORD006872,PROD0010,8,75000,0,600000,0,600000
OD010736,ORD006872,PROD0063,6,140000,7,840000,58800,781200
OD010737,ORD006873,PROD0046,10,115000,5,1150000,57500,1092500
OD010738,ORD006874,PROD0167,10,295000,7,2950000,206500,2743500
OD010739,ORD006874,PROD0114,6,155500,5,933000,46650,886350
OD010740,ORD006874,PROD0118,3,180000,0,540000,0,540000
OD010741,ORD006875,PROD0196,4,332371,0,1329484,0,1329484
OD010742,ORD006876,PROD0176,1,450000,2,450000,9000,441000
OD010743,ORD006877,PROD0135,2,350000,5,700000,35000,665000
OD010744,ORD006878,PROD0066,5,114500,10,572500,57250,515250
OD010745,ORD006878,PROD0022,2,95000,0,190000,0,190000
OD010746,ORD006879,PROD0110,9,155000,2,1395000,27900,1367100
OD010747,ORD006879,PROD0198,9,26819,2,241371,4827.42,236543.58
OD010748,ORD006880,PROD0093,2,155000,7,310000,21700,288300
OD010749,ORD006880,PROD0197,3,221508,0,664524,0,664524
OD010750,ORD006881,PROD0037,9,105000,5,945000,47250,897750
OD010751,ORD006882,PROD0013,3,80000,5,240000,12000,228000
OD010752,ORD006883,PROD0109,3,150000,5,450000,22500,427500
OD010753,ORD006884,PROD0075,8,135000,5,1080000,54000,1026000
OD010754,ORD006885,PROD0017,5,90000,2,450000,9000,441000
OD010755,ORD006886,PROD0189,9,235752,15,2121768,318265.2,1803502.8
OD010756,ORD006887,PROD0075,6,135000,5,810000,40500,769500
OD010757,ORD006887,PROD0051,3,102500,10,307500,30750,276750
OD010758,ORD006888,PROD0107,2,142000,5,284000,14200,269800
OD010759,ORD006888,PROD0170,7,245000,5,1715000,85750,1629250
OD010760,ORD006889,PROD0030,5,100000,7,500000,35000,465000
OD010761,ORD006890,PROD0074,5,132000,15,660000,99000,561000
OD010762,ORD006890,PROD0151,7,265000,0,1855000,0,1855000
OD010763,ORD006890,PROD0134,3,310000,5,930000,46500,883500
OD010764,ORD006891,PROD0039,10,115000,0,1150000,0,1150000
OD010765,ORD006891,PROD0006,6,65000,0,390000,0,390000
OD010766,ORD006892,PROD0146,9,185000,10,1665000,166500,1498500
OD010767,ORD006892,PROD0042,8,98000,15,784000,117600,666400
OD010768,ORD006893,PROD0005,7,60000,5,420000,21000,399000
OD010769,ORD006893,PROD0176,1,450000,2,450000,9000,441000
OD010770,ORD006894,PROD0138,8,190000,7,1520000,106400,1413600
OD010771,ORD006895,PROD0091,1,148000,15,148000,22200,125800
OD010772,ORD006895,PROD0081,8,135000,10,1080000,108000,972000
OD010773,ORD006895,PROD0175,10,435000,10,4350000,435000,3915000
OD010774,ORD006896,PROD0159,6,285000,5,1710000,85500,1624500
OD010775,ORD006897,PROD0106,10,140000,0,1400000,0,1400000
OD010776,ORD006898,PROD0113,7,150000,0,1050000,0,1050000
OD010777,ORD006898,PROD0108,6,145000,0,870000,0,870000
OD010778,ORD006899,PROD0077,6,138000,2,828000,16560,811440
OD010779,ORD006899,PROD0101,2,138000,0,276000,0,276000
OD010780,ORD006900,PROD0133,1,295000,5,295000,14750,280250
OD010781,ORD006901,PROD0130,1,250000,10,250000,25000,225000
OD010782,ORD006901,PROD0078,9,140000,7,1260000,88200,1171800
OD010783,ORD006902,PROD0166,2,267000,0,534000,0,534000
OD010784,ORD006902,PROD0072,7,125000,0,875000,0,875000
OD010785,ORD006903,PROD0148,3,210000,15,630000,94500,535500
OD010786,ORD006904,PROD0086,4,148000,15,592000,88800,503200
OD010787,ORD006904,PROD0189,7,235752,15,1650264,247539.6,1402724.4
OD010788,ORD006904,PROD0143,9,285000,10,2565000,256500,2308500
OD010789,ORD006905,PROD0144,2,295000,0,590000,0,590000
OD010790,ORD006906,PROD0123,6,170000,7,1020000,71400,948600
OD010791,ORD006906,PROD0036,2,102000,0,204000,0,204000
OD010792,ORD006907,PROD0184,3,79485,0,238455,0,238455
OD010793,ORD006907,PROD0141,8,235000,5,1880000,94000,1786000
OD010794,ORD006908,PROD0001,1,50000,7,50000,3500,46500
OD010795,ORD006909,PROD0060,3,150000,2,450000,9000,441000
OD010796,ORD006909,PROD0033,6,98000,0,588000,0,588000
OD010797,ORD006910,PROD0027,3,92000,10,276000,27600,248400
OD010798,ORD006911,PROD0099,4,134000,0,536000,0,536000
OD010799,ORD006911,PROD0159,6,285000,7,1710000,119700,1590300
OD010800,ORD006912,PROD0134,10,310000,7,3100000,217000,2883000
OD010801,ORD006912,PROD0187,1,225148,0,225148,0,225148
OD010802,ORD006913,PROD0018,6,94000,2,564000,11280,552720
OD010803,ORD006913,PROD0126,7,210000,0,1470000,0,1470000
OD010804,ORD006914,PROD0059,5,135000,7,675000,47250,627750
OD010805,ORD006914,PROD0003,1,60000,7,60000,4200,55800
OD010806,ORD006914,PROD0198,8,26819,2,214552,4291.04,210260.96
OD010807,ORD006915,PROD0026,3,85000,5,255000,12750,242250
OD010808,ORD006915,PROD0066,1,114500,2,114500,2290,112210
OD010809,ORD006916,PROD0104,5,155000,5,775000,38750,736250
OD010810,ORD006917,PROD0077,2,138000,5,276000,13800,262200
OD010811,ORD006917,PROD0031,7,100000,10,700000,70000,630000
OD010812,ORD006918,PROD0048,6,122200,5,733200,36660,696540
OD010813,ORD006918,PROD0137,3,165000,7,495000,34650,460350
OD010814,ORD006919,PROD0004,10,60000,0,600000,0,600000
OD010815,ORD006920,PROD0013,9,80000,5,720000,36000,684000
OD010816,ORD006921,PROD0058,4,145000,0,580000,0,580000
OD010817,ORD006922,PROD0196,10,332371,5,3323710,166185.5,3157524.5
OD010818,ORD006922,PROD0033,4,98000,2,392000,7840,384160
OD010819,ORD006923,PROD0131,5,280000,10,1400000,140000,1260000
OD010820,ORD006923,PROD0077,6,138000,0,828000,0,828000
OD010821,ORD006924,PROD0103,3,148000,15,444000,66600,377400
OD010822,ORD006924,PROD0047,7,120000,0,840000,0,840000
OD010823,ORD006925,PROD0185,2,232339,5,464678,23233.9,441444.1
OD010824,ORD006926,PROD0081,7,135000,2,945000,18900,926100
OD010825,ORD006926,PROD0009,10,75000,10,750000,75000,675000
OD010826,ORD006926,PROD0054,4,115000,5,460000,23000,437000
OD010827,ORD006927,PROD0065,2,110000,0,220000,0,220000
OD010828,ORD006927,PROD0184,6,79485,0,476910,0,476910
OD010829,ORD006928,PROD0006,3,65000,7,195000,13650,181350
OD010830,ORD006929,PROD0059,8,135000,10,1080000,108000,972000
OD010831,ORD006930,PROD0036,4,102000,7,408000,28560,379440
OD010832,ORD006930,PROD0038,1,111000,5,111000,5550,105450
OD010833,ORD006930,PROD0198,3,26819,10,80457,8045.7,72411.3
OD010834,ORD006931,PROD0153,9,195000,5,1755000,87750,1667250
OD010835,ORD006931,PROD0190,1,309979,0,309979,0,309979
OD010836,ORD006931,PROD0163,9,225000,0,2025000,0,2025000
OD010837,ORD006932,PROD0172,3,277000,5,831000,41550,789450
OD010838,ORD006933,PROD0113,3,150000,7,450000,31500,418500
OD010839,ORD006933,PROD0105,8,135000,5,1080000,54000,1026000
OD010840,ORD006934,PROD0069,10,125000,0,1250000,0,1250000
OD010841,ORD006934,PROD0015,3,80000,5,240000,12000,228000
OD010842,ORD006934,PROD0167,10,295000,0,2950000,0,2950000
OD010843,ORD006935,PROD0077,8,138000,10,1104000,110400,993600
OD010844,ORD006936,PROD0134,1,310000,0,310000,0,310000
OD010845,ORD006937,PROD0192,5,135661,10,678305,67830.5,610474.5
OD010846,ORD006937,PROD0077,3,138000,2,414000,8280,405720
OD010847,ORD006938,PROD0028,1,95000,5,95000,4750,90250
OD010848,ORD006939,PROD0079,10,142000,7,1420000,99400,1320600
OD010849,ORD006939,PROD0191,9,100130,10,901170,90117,811053
OD010850,ORD006940,PROD0001,9,50000,7,450000,31500,418500
OD010851,ORD006941,PROD0052,7,105000,5,735000,36750,698250
OD010852,ORD006942,PROD0012,8,75000,0,600000,0,600000
OD010853,ORD006943,PROD0154,7,200000,0,1400000,0,1400000
OD010854,ORD006943,PROD0027,1,92000,5,92000,4600,87400
OD010855,ORD006944,PROD0054,2,115000,2,230000,4600,225400
OD010856,ORD006945,PROD0050,9,98000,7,882000,61740,820260
OD010857,ORD006946,PROD0009,7,75000,7,525000,36750,488250
OD010858,ORD006947,PROD0186,4,265147,0,1060588,0,1060588
OD010859,ORD006948,PROD0077,8,138000,0,1104000,0,1104000
OD010860,ORD006948,PROD0165,6,255000,5,1530000,76500,1453500
OD010861,ORD006949,PROD0105,10,135000,2,1350000,27000,1323000
OD010862,ORD006950,PROD0009,5,75000,0,375000,0,375000
OD010863,ORD006951,PROD0037,7,105000,2,735000,14700,720300
OD010864,ORD006952,PROD0003,10,60000,2,600000,12000,588000
OD010865,ORD006953,PROD0050,5,98000,0,490000,0,490000
OD010866,ORD006954,PROD0118,10,180000,2,1800000,36000,1764000
OD010867,ORD006954,PROD0025,9,82000,0,738000,0,738000
OD010868,ORD006955,PROD0076,1,135000,15,135000,20250,114750
OD010869,ORD006955,PROD0006,1,65000,7,65000,4550,60450
OD010870,ORD006956,PROD0161,1,195000,0,195000,0,195000
OD010871,ORD006957,PROD0071,5,128000,5,640000,32000,608000
OD010872,ORD006958,PROD0195,9,160472,5,1444248,72212.4,1372035.6
OD010873,ORD006959,PROD0066,8,114500,5,916000,45800,870200
OD010874,ORD006959,PROD0099,8,134000,5,1072000,53600,1018400
OD010875,ORD006960,PROD0100,4,135000,10,540000,54000,486000
OD010876,ORD006961,PROD0036,1,102000,10,102000,10200,91800
OD010877,ORD006961,PROD0148,1,210000,0,210000,0,210000
OD010878,ORD006962,PROD0179,2,65000,5,130000,6500,123500
OD010879,ORD006962,PROD0172,2,277000,5,554000,27700,526300
OD010880,ORD006962,PROD0085,10,145000,0,1450000,0,1450000
OD010881,ORD006963,PROD0154,2,200000,10,400000,40000,360000
OD010882,ORD006964,PROD0084,4,140000,15,560000,84000,476000
OD010883,ORD006965,PROD0030,9,100000,7,900000,63000,837000
OD010884,ORD006965,PROD0141,3,235000,0,705000,0,705000
OD010885,ORD006966,PROD0082,8,138000,0,1104000,0,1104000
OD010886,ORD006966,PROD0074,5,132000,0,660000,0,660000
OD010887,ORD006966,PROD0015,8,80000,5,640000,32000,608000
OD010888,ORD006967,PROD0047,4,120000,0,480000,0,480000
OD010889,ORD006968,PROD0084,10,140000,7,1400000,98000,1302000
OD010890,ORD006968,PROD0149,8,225000,15,1800000,270000,1530000
OD010891,ORD006969,PROD0080,4,145000,0,580000,0,580000
OD010892,ORD006969,PROD0038,7,111000,15,777000,116550,660450
OD010893,ORD006970,PROD0080,8,145000,5,1160000,58000,1102000
OD010894,ORD006971,PROD0008,10,70000,2,700000,14000,686000
OD010895,ORD006971,PROD0093,4,155000,0,620000,0,620000
OD010896,ORD006972,PROD0100,10,135000,0,1350000,0,1350000
OD010897,ORD006973,PROD0141,8,235000,7,1880000,131600,1748400
OD010898,ORD006973,PROD0007,5,70000,5,350000,17500,332500
OD010899,ORD006973,PROD0127,7,225000,7,1575000,110250,1464750
OD010900,ORD006974,PROD0159,6,285000,0,1710000,0,1710000
OD010901,ORD006975,PROD0162,10,210000,7,2100000,147000,1953000
OD010902,ORD006976,PROD0196,1,332371,5,332371,16618.55,315752.45
OD010903,ORD006976,PROD0136,8,380000,2,3040000,60800,2979200
OD010904,ORD006977,PROD0190,9,309979,0,2789811,0,2789811
OD010905,ORD006978,PROD0069,1,125000,5,125000,6250,118750
OD010906,ORD006979,PROD0030,6,100000,10,600000,60000,540000
OD010907,ORD006980,PROD0001,7,50000,7,350000,24500,325500
OD010908,ORD006980,PROD0187,9,225148,15,2026332,303949.8,1722382.2
OD010909,ORD006981,PROD0024,2,98000,0,196000,0,196000
OD010910,ORD006982,PROD0023,3,98000,5,294000,14700,279300
OD010911,ORD006982,PROD0147,6,195000,2,1170000,23400,1146600
OD010912,ORD006983,PROD0071,7,128000,2,896000,17920,878080
OD010913,ORD006983,PROD0103,2,148000,2,296000,5920,290080
OD010914,ORD006984,PROD0017,9,90000,5,810000,40500,769500
OD010915,ORD006985,PROD0085,5,145000,7,725000,50750,674250
OD010916,ORD006985,PROD0165,5,255000,5,1275000,63750,1211250
OD010917,ORD006986,PROD0115,8,158000,5,1264000,63200,1200800
OD010918,ORD006987,PROD0045,6,110000,2,660000,13200,646800
OD010919,ORD006988,PROD0031,3,100000,5,300000,15000,285000
OD010920,ORD006989,PROD0133,5,295000,0,1475000,0,1475000
OD010921,ORD006990,PROD0141,2,235000,0,470000,0,470000
OD010922,ORD006990,PROD0153,9,195000,5,1755000,87750,1667250
OD010923,ORD006991,PROD0025,4,82000,15,328000,49200,278800
OD010924,ORD006991,PROD0077,4,138000,10,552000,55200,496800
OD010925,ORD006991,PROD0013,2,80000,10,160000,16000,144000
OD010926,ORD006992,PROD0158,4,265000,2,1060000,21200,1038800
OD010927,ORD006993,PROD0051,2,102500,7,205000,14350,190650
OD010928,ORD006994,PROD0066,1,114500,10,114500,11450,103050
OD010929,ORD006995,PROD0114,7,155500,0,1088500,0,1088500
OD010930,ORD006996,PROD0030,4,100000,2,400000,8000,392000
OD010931,ORD006996,PROD0155,8,220000,2,1760000,35200,1724800
OD010932,ORD006997,PROD0092,3,150000,10,450000,45000,405000
OD010933,ORD006998,PROD0112,6,170000,5,1020000,51000,969000
OD010934,ORD006998,PROD0143,3,285000,15,855000,128250,726750
OD010935,ORD006999,PROD0133,3,295000,0,885000,0,885000
OD010936,ORD007000,PROD0008,10,70000,2,700000,14000,686000
OD010937,ORD007000,PROD0020,6,95000,5,570000,28500,541500
OD010938,ORD007001,PROD0162,1,210000,0,210000,0,210000
OD010939,ORD007001,PROD0176,10,450000,15,4500000,675000,3825000
OD010940,ORD007002,PROD0052,9,105000,5,945000,47250,897750
OD010941,ORD007003,PROD0005,4,60000,5,240000,12000,228000
OD010942,ORD007003,PROD0137,3,165000,0,495000,0,495000
OD010943,ORD007004,PROD0197,5,221508,7,1107540,77527.8,1030012.2
OD010944,ORD007004,PROD0023,8,98000,15,784000,117600,666400
OD010945,ORD007005,PROD0019,5,95000,7,475000,33250,441750
OD010946,ORD007006,PROD0078,2,140000,5,280000,14000,266000
OD010947,ORD007007,PROD0124,2,178000,5,356000,17800,338200
OD010948,ORD007008,PROD0094,10,158000,5,1580000,79000,1501000
OD010949,ORD007008,PROD0094,3,158000,0,474000,0,474000
OD010950,ORD007008,PROD0094,6,158000,10,948000,94800,853200
OD010951,ORD007009,PROD0198,7,26819,0,187733,0,187733
OD010952,ORD007009,PROD0055,2,120000,2,240000,4800,235200
OD010953,ORD007009,PROD0020,2,95000,10,190000,19000,171000
OD010954,ORD007010,PROD0106,4,140000,7,560000,39200,520800
OD010955,ORD007011,PROD0096,7,165000,5,1155000,57750,1097250
OD010956,ORD007011,PROD0056,9,125000,0,1125000,0,1125000
OD010957,ORD007012,PROD0194,4,285723,10,1142892,114289.2,1028602.8
OD010958,ORD007012,PROD0034,3,98000,5,294000,14700,279300
OD010959,ORD007013,PROD0028,4,95000,5,380000,19000,361000
OD010960,ORD007013,PROD0027,8,92000,0,736000,0,736000
OD010961,ORD007014,PROD0189,6,235752,2,1414512,28290.24,1386221.76
OD010962,ORD007015,PROD0179,7,65000,2,455000,9100,445900
OD010963,ORD007015,PROD0192,3,135661,0,406983,0,406983
OD010964,ORD007015,PROD0027,7,92000,5,644000,32200,611800
OD010965,ORD007016,PROD0005,4,60000,10,240000,24000,216000
OD010966,ORD007016,PROD0080,9,145000,2,1305000,26100,1278900
OD010967,ORD007017,PROD0096,6,165000,0,990000,0,990000
OD010968,ORD007017,PROD0051,2,102500,10,205000,20500,184500
OD010969,ORD007018,PROD0124,7,178000,7,1246000,87220,1158780
OD010970,ORD007019,PROD0124,1,178000,5,178000,8900,169100
OD010971,ORD007020,PROD0135,9,350000,5,3150000,157500,2992500
OD010972,ORD007021,PROD0070,5,126000,0,630000,0,630000
OD010973,ORD007021,PROD0007,9,70000,7,630000,44100,585900
OD010974,ORD007022,PROD0058,10,145000,10,1450000,145000,1305000
OD010975,ORD007022,PROD0035,5,98000,5,490000,24500,465500
OD010976,ORD007023,PROD0194,2,285723,10,571446,57144.6,514301.4
OD010977,ORD007023,PROD0169,1,220000,5,220000,11000,209000
OD010978,ORD007023,PROD0200,4,120944,0,483776,0,483776
OD010979,ORD007024,PROD0151,2,265000,0,530000,0,530000
OD010980,ORD007025,PROD0027,8,92000,0,736000,0,736000
OD010981,ORD007025,PROD0091,1,148000,15,148000,22200,125800
OD010982,ORD007025,PROD0139,8,210000,15,1680000,252000,1428000
OD010983,ORD007026,PROD0014,2,80000,0,160000,0,160000
OD010984,ORD007026,PROD0178,2,115000,2,230000,4600,225400
OD010985,ORD007027,PROD0170,1,245000,15,245000,36750,208250
OD010986,ORD007028,PROD0195,9,160472,5,1444248,72212.4,1372035.6
OD010987,ORD007029,PROD0060,8,150000,7,1200000,84000,1116000
OD010988,ORD007029,PROD0060,9,150000,0,1350000,0,1350000
OD010989,ORD007030,PROD0126,6,210000,0,1260000,0,1260000
OD010990,ORD007030,PROD0157,6,250000,2,1500000,30000,1470000
OD010991,ORD007031,PROD0055,1,120000,5,120000,6000,114000
OD010992,ORD007032,PROD0066,1,114500,10,114500,11450,103050
OD010993,ORD007032,PROD0070,7,126000,7,882000,61740,820260
OD010994,ORD007033,PROD0125,6,195000,2,1170000,23400,1146600
OD010995,ORD007034,PROD0022,9,95000,2,855000,17100,837900
OD010996,ORD007034,PROD0103,6,148000,10,888000,88800,799200
OD010997,ORD007035,PROD0049,1,95000,5,95000,4750,90250
OD010998,ORD007035,PROD0142,7,265000,5,1855000,92750,1762250
OD010999,ORD007035,PROD0149,2,225000,0,450000,0,450000
OD011000,ORD007036,PROD0183,9,324367,5,2919303,145965.15,2773337.85
OD011001,ORD007037,PROD0073,5,128000,0,640000,0,640000
OD011002,ORD007038,PROD0023,5,98000,2,490000,9800,480200
OD011003,ORD007038,PROD0047,1,120000,7,120000,8400,111600
OD011004,ORD007039,PROD0045,4,110000,5,440000,22000,418000
OD011005,ORD007039,PROD0001,1,50000,0,50000,0,50000
OD011006,ORD007040,PROD0118,2,180000,2,360000,7200,352800
OD011007,ORD007041,PROD0132,6,285000,2,1710000,34200,1675800
OD011008,ORD007042,PROD0072,5,125000,0,625000,0,625000
OD011009,ORD007043,PROD0058,6,145000,0,870000,0,870000
OD011010,ORD007043,PROD0112,9,170000,5,1530000,76500,1453500
OD011011,ORD007044,PROD0031,9,100000,2,900000,18000,882000
OD011012,ORD007044,PROD0157,9,250000,5,2250000,112500,2137500
OD011013,ORD007045,PROD0047,1,120000,5,120000,6000,114000
OD011014,ORD007046,PROD0140,1,225000,15,225000,33750,191250
OD011015,ORD007047,PROD0135,9,350000,5,3150000,157500,2992500
OD011016,ORD007048,PROD0154,9,200000,10,1800000,180000,1620000
OD011017,ORD007049,PROD0108,1,145000,10,145000,14500,130500
OD011018,ORD007050,PROD0033,1,98000,2,98000,1960,96040
OD011019,ORD007050,PROD0009,4,75000,0,300000,0,300000
OD011020,ORD007051,PROD0007,6,70000,0,420000,0,420000
OD011021,ORD007051,PROD0028,1,95000,5,95000,4750,90250
OD011022,ORD007052,PROD0175,5,435000,2,2175000,43500,2131500
OD011023,ORD007053,PROD0022,3,95000,0,285000,0,285000
OD011024,ORD007053,PROD0091,10,148000,0,1480000,0,1480000
OD011025,ORD007054,PROD0098,9,132000,2,1188000,23760,1164240
OD011026,ORD007054,PROD0128,6,250000,0,1500000,0,1500000
OD011027,ORD007055,PROD0025,2,82000,10,164000,16400,147600
OD011028,ORD007055,PROD0015,3,80000,0,240000,0,240000
OD011029,ORD007056,PROD0170,3,245000,0,735000,0,735000
OD011030,ORD007056,PROD0142,9,265000,10,2385000,238500,2146500
OD011031,ORD007057,PROD0122,7,165000,7,1155000,80850,1074150
OD011032,ORD007058,PROD0021,4,95000,10,380000,38000,342000
OD011033,ORD007058,PROD0142,1,265000,10,265000,26500,238500
OD011034,ORD007059,PROD0158,9,265000,2,2385000,47700,2337300
OD011035,ORD007060,PROD0170,7,245000,0,1715000,0,1715000
OD011036,ORD007060,PROD0013,3,80000,10,240000,24000,216000
OD011037,ORD007060,PROD0113,9,150000,2,1350000,27000,1323000
OD011038,ORD007061,PROD0017,8,90000,0,720000,0,720000
OD011039,ORD007062,PROD0068,1,120000,7,120000,8400,111600
OD011040,ORD007062,PROD0069,1,125000,0,125000,0,125000
OD011041,ORD007063,PROD0028,1,95000,0,95000,0,95000
OD011042,ORD007064,PROD0043,3,98000,5,294000,14700,279300
OD011043,ORD007065,PROD0187,5,225148,0,1125740,0,1125740
OD011044,ORD007066,PROD0197,10,221508,0,2215080,0,2215080
OD011045,ORD007066,PROD0104,9,155000,5,1395000,69750,1325250
OD011046,ORD007067,PROD0091,10,148000,2,1480000,29600,1450400
OD011047,ORD007068,PROD0195,10,160472,10,1604720,160472,1444248
OD011048,ORD007069,PROD0094,1,158000,0,158000,0,158000
OD011049,ORD007070,PROD0087,9,150000,2,1350000,27000,1323000
OD011050,ORD007071,PROD0010,10,75000,10,750000,75000,675000
OD011051,ORD007072,PROD0029,7,100000,0,700000,0,700000
OD011052,ORD007073,PROD0099,10,134000,10,1340000,134000,1206000
OD011053,ORD007074,PROD0063,5,140000,10,700000,70000,630000
OD011054,ORD007074,PROD0013,8,80000,0,640000,0,640000
OD011055,ORD007074,PROD0147,8,195000,5,1560000,78000,1482000
OD011056,ORD007075,PROD0126,3,210000,0,630000,0,630000
OD011057,ORD007076,PROD0013,8,80000,10,640000,64000,576000
OD011058,ORD007077,PROD0197,5,221508,15,1107540,166131,941409
OD011059,ORD007077,PROD0051,2,102500,2,205000,4100,200900
OD011060,ORD007078,PROD0066,2,114500,15,229000,34350,194650
OD011061,ORD007079,PROD0035,8,98000,0,784000,0,784000
OD011062,ORD007079,PROD0162,9,210000,5,1890000,94500,1795500
OD011063,ORD007080,PROD0191,8,100130,0,801040,0,801040
OD011064,ORD007081,PROD0194,10,285723,0,2857230,0,2857230
OD011065,ORD007082,PROD0020,10,95000,2,950000,19000,931000
OD011066,ORD007082,PROD0194,2,285723,2,571446,11428.92,560017.08
OD011067,ORD007082,PROD0012,8,75000,0,600000,0,600000
OD011068,ORD007083,PROD0150,3,255000,5,765000,38250,726750
OD011069,ORD007084,PROD0132,8,285000,10,2280000,228000,2052000
OD011070,ORD007084,PROD0174,5,325000,7,1625000,113750,1511250
OD011071,ORD007085,PROD0107,10,142000,2,1420000,28400,1391600
OD011072,ORD007086,PROD0071,2,128000,2,256000,5120,250880
OD011073,ORD007087,PROD0133,2,295000,10,590000,59000,531000
OD011074,ORD007088,PROD0117,7,175000,5,1225000,61250,1163750
OD011075,ORD007089,PROD0037,6,105000,2,630000,12600,617400
OD011076,ORD007089,PROD0133,9,295000,0,2655000,0,2655000
OD011077,ORD007090,PROD0138,9,190000,10,1710000,171000,1539000
OD011078,ORD007091,PROD0044,3,105000,5,315000,15750,299250
OD011079,ORD007092,PROD0128,7,250000,2,1750000,35000,1715000
OD011080,ORD007093,PROD0063,8,140000,10,1120000,112000,1008000
OD011081,ORD007093,PROD0106,10,140000,5,1400000,70000,1330000
OD011082,ORD007094,PROD0073,4,128000,10,512000,51200,460800
OD011083,ORD007095,PROD0134,1,310000,2,310000,6200,303800
OD011084,ORD007096,PROD0014,4,80000,15,320000,48000,272000
OD011085,ORD007097,PROD0039,3,115000,10,345000,34500,310500
OD011086,ORD007097,PROD0092,1,150000,5,150000,7500,142500
OD011087,ORD007098,PROD0135,3,350000,15,1050000,157500,892500
OD011088,ORD007098,PROD0157,2,250000,2,500000,10000,490000
OD011089,ORD007098,PROD0038,1,111000,5,111000,5550,105450
OD011090,ORD007099,PROD0130,8,250000,5,2000000,100000,1900000
OD011091,ORD007100,PROD0198,7,26819,7,187733,13141.31,174591.69
OD011092,ORD007101,PROD0126,2,210000,7,420000,29400,390600
OD011093,ORD007102,PROD0011,5,75000,10,375000,37500,337500
OD011094,ORD007102,PROD0122,9,165000,5,1485000,74250,1410750
OD011095,ORD007103,PROD0076,3,135000,5,405000,20250,384750
OD011096,ORD007104,PROD0005,3,60000,2,180000,3600,176400
OD011097,ORD007105,PROD0083,8,138000,7,1104000,77280,1026720
OD011098,ORD007105,PROD0001,4,50000,7,200000,14000,186000
OD011099,ORD007106,PROD0024,7,98000,15,686000,102900,583100
OD011100,ORD007107,PROD0034,2,98000,15,196000,29400,166600
OD011101,ORD007108,PROD0046,1,115000,5,115000,5750,109250
OD011102,ORD007108,PROD0183,6,324367,0,1946202,0,1946202
OD011103,ORD007109,PROD0050,5,98000,5,490000,24500,465500
OD011104,ORD007109,PROD0172,9,277000,5,2493000,124650,2368350
OD011105,ORD007110,PROD0033,8,98000,0,784000,0,784000
OD011106,ORD007110,PROD0116,4,162000,0,648000,0,648000
OD011107,ORD007111,PROD0067,2,120000,10,240000,24000,216000
OD011108,ORD007112,PROD0078,6,140000,2,840000,16800,823200
OD011109,ORD007113,PROD0105,8,135000,10,1080000,108000,972000
OD011110,ORD007114,PROD0193,4,348268,2,1393072,27861.44,1365210.56
OD011111,ORD007114,PROD0139,7,210000,15,1470000,220500,1249500
OD011112,ORD007115,PROD0014,1,80000,5,80000,4000,76000
OD011113,ORD007115,PROD0187,8,225148,7,1801184,126082.88,1675101.12
OD011114,ORD007116,PROD0020,9,95000,5,855000,42750,812250
OD011115,ORD007117,PROD0095,3,162000,5,486000,24300,461700
OD011116,ORD007118,PROD0125,7,195000,7,1365000,95550,1269450
OD011117,ORD007119,PROD0110,8,155000,0,1240000,0,1240000
OD011118,ORD007119,PROD0110,3,155000,5,465000,23250,441750
OD011119,ORD007120,PROD0142,2,265000,15,530000,79500,450500
OD011120,ORD007121,PROD0197,4,221508,10,886032,88603.2,797428.8
OD011121,ORD007121,PROD0044,9,105000,10,945000,94500,850500
OD011122,ORD007122,PROD0161,4,195000,7,780000,54600,725400
OD011123,ORD007122,PROD0002,3,50000,7,150000,10500,139500
OD011124,ORD007123,PROD0188,3,254957,10,764871,76487.1,688383.9
OD011125,ORD007124,PROD0080,3,145000,7,435000,30450,404550
OD011126,ORD007124,PROD0145,6,170000,0,1020000,0,1020000
OD011127,ORD007125,PROD0051,7,102500,5,717500,35875,681625
OD011128,ORD007125,PROD0186,3,265147,0,795441,0,795441
OD011129,ORD007126,PROD0106,4,140000,0,560000,0,560000
OD011130,ORD007126,PROD0138,5,190000,5,950000,47500,902500
OD011131,ORD007127,PROD0046,4,115000,10,460000,46000,414000
OD011132,ORD007128,PROD0106,5,140000,0,700000,0,700000
OD011133,ORD007129,PROD0153,1,195000,7,195000,13650,181350
OD011134,ORD007130,PROD0117,4,175000,5,700000,35000,665000
OD011135,ORD007131,PROD0035,9,98000,10,882000,88200,793800
OD011136,ORD007132,PROD0181,5,90661,5,453305,22665.25,430639.75
OD011137,ORD007132,PROD0049,5,95000,5,475000,23750,451250
OD011138,ORD007133,PROD0021,7,95000,2,665000,13300,651700
OD011139,ORD007134,PROD0127,4,225000,2,900000,18000,882000
OD011140,ORD007135,PROD0114,5,155500,5,777500,38875,738625
OD011141,ORD007135,PROD0093,3,155000,5,465000,23250,441750
OD011142,ORD007135,PROD0079,8,142000,2,1136000,22720,1113280
OD011143,ORD007136,PROD0003,6,60000,5,360000,18000,342000
OD011144,ORD007136,PROD0133,1,295000,5,295000,14750,280250
OD011145,ORD007137,PROD0044,6,105000,0,630000,0,630000
OD011146,ORD007138,PROD0121,4,160000,0,640000,0,640000
OD011147,ORD007138,PROD0180,1,142869,0,142869,0,142869
OD011148,ORD007138,PROD0080,6,145000,10,870000,87000,783000
OD011149,ORD007139,PROD0114,1,155500,10,155500,15550,139950
OD011150,ORD007140,PROD0138,2,190000,0,380000,0,380000
OD011151,ORD007140,PROD0117,7,175000,5,1225000,61250,1163750
OD011152,ORD007141,PROD0108,6,145000,2,870000,17400,852600
OD011153,ORD007142,PROD0091,3,148000,5,444000,22200,421800
OD011154,ORD007142,PROD0038,9,111000,2,999000,19980,979020
OD011155,ORD007143,PROD0135,10,350000,5,3500000,175000,3325000
OD011156,ORD007143,PROD0128,1,250000,5,250000,12500,237500
OD011157,ORD007144,PROD0084,3,140000,0,420000,0,420000
OD011158,ORD007144,PROD0006,1,65000,0,65000,0,65000
OD011159,ORD007145,PROD0003,2,60000,5,120000,6000,114000
OD011160,ORD007146,PROD0165,4,255000,0,1020000,0,1020000
OD011161,ORD007146,PROD0023,1,98000,15,98000,14700,83300
OD011162,ORD007146,PROD0182,10,295189,2,2951890,59037.8,2892852.2
OD011163,ORD007147,PROD0012,7,75000,0,525000,0,525000
OD011164,ORD007148,PROD0016,1,80000,5,80000,4000,76000
OD011165,ORD007148,PROD0044,3,105000,2,315000,6300,308700
OD011166,ORD007149,PROD0052,8,105000,5,840000,42000,798000
OD011167,ORD007150,PROD0064,3,150000,7,450000,31500,418500
OD011168,ORD007151,PROD0026,5,85000,5,425000,21250,403750
OD011169,ORD007151,PROD0023,2,98000,2,196000,3920,192080
OD011170,ORD007151,PROD0155,9,220000,10,1980000,198000,1782000
OD011171,ORD007152,PROD0186,1,265147,0,265147,0,265147
OD011172,ORD007152,PROD0015,1,80000,5,80000,4000,76000
OD011173,ORD007153,PROD0124,3,178000,15,534000,80100,453900
OD011174,ORD007154,PROD0109,4,150000,2,600000,12000,588000
OD011175,ORD007154,PROD0138,4,190000,15,760000,114000,646000
OD011176,ORD007155,PROD0078,7,140000,7,980000,68600,911400
OD011177,ORD007156,PROD0046,7,115000,2,805000,16100,788900
OD011178,ORD007157,PROD0151,1,265000,5,265000,13250,251750
OD011179,ORD007158,PROD0130,2,250000,15,500000,75000,425000
OD011180,ORD007159,PROD0128,4,250000,10,1000000,100000,900000
OD011181,ORD007160,PROD0030,4,100000,0,400000,0,400000
OD011182,ORD007160,PROD0109,8,150000,7,1200000,84000,1116000
OD011183,ORD007161,PROD0186,10,265147,0,2651470,0,2651470
OD011184,ORD007161,PROD0101,3,138000,0,414000,0,414000
OD011185,ORD007162,PROD0179,7,65000,2,455000,9100,445900
OD011186,ORD007163,PROD0156,3,225000,5,675000,33750,641250
OD011187,ORD007163,PROD0077,10,138000,2,1380000,27600,1352400
OD011188,ORD007164,PROD0096,7,165000,10,1155000,115500,1039500
OD011189,ORD007165,PROD0062,1,170000,2,170000,3400,166600
OD011190,ORD007165,PROD0084,1,140000,0,140000,0,140000
OD011191,ORD007165,PROD0038,5,111000,5,555000,27750,527250
OD011192,ORD007166,PROD0006,5,65000,5,325000,16250,308750
OD011193,ORD007166,PROD0147,3,195000,0,585000,0,585000
OD011194,ORD007167,PROD0054,1,115000,10,115000,11500,103500
OD011195,ORD007167,PROD0180,10,142869,0,1428690,0,1428690
OD011196,ORD007167,PROD0074,7,132000,5,924000,46200,877800
OD011197,ORD007168,PROD0130,10,250000,10,2500000,250000,2250000
OD011198,ORD007168,PROD0116,3,162000,7,486000,34020,451980
OD011199,ORD007169,PROD0052,6,105000,5,630000,31500,598500
OD011200,ORD007169,PROD0135,7,350000,0,2450000,0,2450000
OD011201,ORD007170,PROD0089,4,140000,0,560000,0,560000
OD011202,ORD007171,PROD0193,7,348268,5,2437876,121893.8,2315982.2
OD011203,ORD007171,PROD0077,6,138000,15,828000,124200,703800
OD011204,ORD007172,PROD0056,9,125000,0,1125000,0,1125000
OD011205,ORD007172,PROD0005,9,60000,10,540000,54000,486000
OD011206,ORD007173,PROD0109,10,150000,7,1500000,105000,1395000
OD011207,ORD007174,PROD0102,6,143000,15,858000,128700,729300
OD011208,ORD007175,PROD0152,1,285000,0,285000,0,285000
OD011209,ORD007176,PROD0036,8,102000,0,816000,0,816000
OD011210,ORD007177,PROD0063,5,140000,2,700000,14000,686000
OD011211,ORD007177,PROD0048,7,122200,5,855400,42770,812630
OD011212,ORD007177,PROD0110,7,155000,10,1085000,108500,976500
OD011213,ORD007178,PROD0055,1,120000,10,120000,12000,108000
OD011214,ORD007179,PROD0084,2,140000,2,280000,5600,274400
OD011215,ORD007180,PROD0186,8,265147,10,2121176,212117.6,1909058.4
OD011216,ORD007181,PROD0080,6,145000,10,870000,87000,783000
OD011217,ORD007181,PROD0195,3,160472,2,481416,9628.32,471787.68
OD011218,ORD007182,PROD0013,9,80000,5,720000,36000,684000
OD011219,ORD007182,PROD0091,9,148000,10,1332000,133200,1198800
OD011220,ORD007183,PROD0005,3,60000,10,180000,18000,162000
OD011221,ORD007183,PROD0112,4,170000,15,680000,102000,578000
OD011222,ORD007184,PROD0060,2,150000,5,300000,15000,285000
OD011223,ORD007185,PROD0038,6,111000,5,666000,33300,632700
OD011224,ORD007185,PROD0183,8,324367,10,2594936,259493.6,2335442.4
OD011225,ORD007185,PROD0132,3,285000,0,855000,0,855000
OD011226,ORD007186,PROD0039,1,115000,10,115000,11500,103500
OD011227,ORD007187,PROD0142,1,265000,0,265000,0,265000
OD011228,ORD007188,PROD0013,3,80000,5,240000,12000,228000
OD011229,ORD007189,PROD0104,8,155000,5,1240000,62000,1178000
OD011230,ORD007190,PROD0125,4,195000,0,780000,0,780000
OD011231,ORD007191,PROD0028,8,95000,2,760000,15200,744800
OD011232,ORD007191,PROD0192,10,135661,0,1356610,0,1356610
OD011233,ORD007192,PROD0018,10,94000,0,940000,0,940000
OD011234,ORD007193,PROD0012,4,75000,0,300000,0,300000
OD011235,ORD007193,PROD0100,6,135000,0,810000,0,810000
OD011236,ORD007194,PROD0150,8,255000,7,2040000,142800,1897200
OD011237,ORD007195,PROD0110,2,155000,2,310000,6200,303800
OD011238,ORD007196,PROD0022,7,95000,0,665000,0,665000
OD011239,ORD007196,PROD0018,2,94000,0,188000,0,188000
OD011240,ORD007197,PROD0028,6,95000,7,570000,39900,530100
OD011241,ORD007197,PROD0197,4,221508,0,886032,0,886032
OD011242,ORD007198,PROD0188,4,254957,2,1019828,20396.56,999431.44
OD011243,ORD007198,PROD0017,4,90000,5,360000,18000,342000
OD011244,ORD007198,PROD0141,5,235000,15,1175000,176250,998750
OD011245,ORD007199,PROD0164,5,235000,0,1175000,0,1175000
OD011246,ORD007200,PROD0112,3,170000,0,510000,0,510000
OD011247,ORD007201,PROD0032,3,105000,0,315000,0,315000
OD011248,ORD007201,PROD0033,5,98000,10,490000,49000,441000
OD011249,ORD007201,PROD0139,10,210000,5,2100000,105000,1995000
OD011250,ORD007202,PROD0112,7,170000,7,1190000,83300,1106700
OD011251,ORD007203,PROD0035,1,98000,5,98000,4900,93100
OD011252,ORD007203,PROD0013,1,80000,5,80000,4000,76000
OD011253,ORD007204,PROD0087,8,150000,15,1200000,180000,1020000
OD011254,ORD007205,PROD0079,6,142000,0,852000,0,852000
OD011255,ORD007206,PROD0197,6,221508,2,1329048,26580.96,1302467.04
OD011256,ORD007206,PROD0141,4,235000,15,940000,141000,799000
OD011257,ORD007206,PROD0085,6,145000,0,870000,0,870000
OD011258,ORD007207,PROD0114,6,155500,0,933000,0,933000
OD011259,ORD007207,PROD0104,7,155000,0,1085000,0,1085000
OD011260,ORD007207,PROD0136,10,380000,10,3800000,380000,3420000
OD011261,ORD007208,PROD0117,10,175000,15,1750000,262500,1487500
OD011262,ORD007208,PROD0024,9,98000,5,882000,44100,837900
OD011263,ORD007208,PROD0105,7,135000,15,945000,141750,803250
OD011264,ORD007209,PROD0152,7,285000,0,1995000,0,1995000
OD011265,ORD007209,PROD0182,3,295189,5,885567,44278.35,841288.65
OD011266,ORD007210,PROD0192,9,135661,5,1220949,61047.45,1159901.55
OD011267,ORD007211,PROD0134,3,310000,0,930000,0,930000
OD011268,ORD007211,PROD0182,2,295189,5,590378,29518.9,560859.1
OD011269,ORD007212,PROD0004,9,60000,5,540000,27000,513000
OD011270,ORD007213,PROD0018,5,94000,7,470000,32900,437100
OD011271,ORD007213,PROD0039,5,115000,10,575000,57500,517500
OD011272,ORD007214,PROD0020,7,95000,0,665000,0,665000
OD011273,ORD007214,PROD0131,8,280000,0,2240000,0,2240000
OD011274,ORD007215,PROD0103,1,148000,10,148000,14800,133200
OD011275,ORD007215,PROD0110,4,155000,7,620000,43400,576600
OD011276,ORD007216,PROD0105,8,135000,2,1080000,21600,1058400
OD011277,ORD007217,PROD0098,8,132000,5,1056000,52800,1003200
OD011278,ORD007218,PROD0172,7,277000,10,1939000,193900,1745100
OD011279,ORD007218,PROD0042,5,98000,0,490000,0,490000
OD011280,ORD007219,PROD0074,4,132000,0,528000,0,528000
OD011281,ORD007219,PROD0019,5,95000,5,475000,23750,451250
OD011282,ORD007219,PROD0103,2,148000,0,296000,0,296000
OD011283,ORD007220,PROD0070,10,126000,15,1260000,189000,1071000
OD011284,ORD007221,PROD0041,2,95000,0,190000,0,190000
OD011285,ORD007222,PROD0110,5,155000,7,775000,54250,720750
OD011286,ORD007222,PROD0190,8,309979,7,2479832,173588.24,2306243.76
OD011287,ORD007222,PROD0154,3,200000,0,600000,0,600000
OD011288,ORD007223,PROD0025,10,82000,0,820000,0,820000
OD011289,ORD007223,PROD0071,6,128000,0,768000,0,768000
OD011290,ORD007224,PROD0181,2,90661,5,181322,9066.1,172255.9
OD011291,ORD007224,PROD0042,1,98000,0,98000,0,98000
OD011292,ORD007225,PROD0179,4,65000,15,260000,39000,221000
OD011293,ORD007225,PROD0180,3,142869,7,428607,30002.49,398604.51
OD011294,ORD007225,PROD0011,1,75000,0,75000,0,75000
OD011295,ORD007226,PROD0198,7,26819,0,187733,0,187733
OD011296,ORD007226,PROD0156,6,225000,0,1350000,0,1350000
OD011297,ORD007227,PROD0100,1,135000,7,135000,9450,125550
OD011298,ORD007227,PROD0068,9,120000,10,1080000,108000,972000
OD011299,ORD007228,PROD0093,5,155000,5,775000,38750,736250
OD011300,ORD007228,PROD0045,6,110000,5,660000,33000,627000
OD011301,ORD007229,PROD0156,6,225000,2,1350000,27000,1323000
OD011302,ORD007230,PROD0081,9,135000,7,1215000,85050,1129950
OD011303,ORD007231,PROD0089,3,140000,10,420000,42000,378000
OD011304,ORD007232,PROD0185,1,232339,2,232339,4646.78,227692.22
OD011305,ORD007232,PROD0010,3,75000,10,225000,22500,202500
OD011306,ORD007233,PROD0080,7,145000,0,1015000,0,1015000
OD011307,ORD007234,PROD0122,7,165000,0,1155000,0,1155000
OD011308,ORD007234,PROD0049,4,95000,10,380000,38000,342000
OD011309,ORD007234,PROD0035,10,98000,5,980000,49000,931000
OD011310,ORD007235,PROD0105,7,135000,0,945000,0,945000
OD011311,ORD007236,PROD0037,4,105000,0,420000,0,420000
OD011312,ORD007236,PROD0082,10,138000,0,1380000,0,1380000
OD011313,ORD007237,PROD0017,3,90000,0,270000,0,270000
OD011314,ORD007238,PROD0004,1,60000,15,60000,9000,51000
OD011315,ORD007239,PROD0148,10,210000,7,2100000,147000,1953000
OD011316,ORD007240,PROD0038,5,111000,2,555000,11100,543900
OD011317,ORD007240,PROD0006,9,65000,7,585000,40950,544050
OD011318,ORD007241,PROD0004,9,60000,0,540000,0,540000
OD011319,ORD007242,PROD0114,10,155500,0,1555000,0,1555000
OD011320,ORD007243,PROD0105,8,135000,2,1080000,21600,1058400
OD011321,ORD007243,PROD0117,1,175000,2,175000,3500,171500
OD011322,ORD007244,PROD0129,6,235000,0,1410000,0,1410000
OD011323,ORD007244,PROD0131,10,280000,5,2800000,140000,2660000
OD011324,ORD007245,PROD0144,8,295000,2,2360000,47200,2312800
OD011325,ORD007245,PROD0171,9,255000,0,2295000,0,2295000
OD011326,ORD007246,PROD0042,8,98000,5,784000,39200,744800
OD011327,ORD007246,PROD0019,3,95000,7,285000,19950,265050
OD011328,ORD007247,PROD0162,8,210000,15,1680000,252000,1428000
OD011329,ORD007247,PROD0014,7,80000,10,560000,56000,504000
OD011330,ORD007248,PROD0083,6,138000,0,828000,0,828000
OD011331,ORD007249,PROD0123,2,170000,0,340000,0,340000
OD011332,ORD007250,PROD0010,2,75000,5,150000,7500,142500
OD011333,ORD007251,PROD0195,5,160472,5,802360,40118,762242
OD011334,ORD007252,PROD0186,3,265147,10,795441,79544.1,715896.9
OD011335,ORD007252,PROD0168,7,320000,7,2240000,156800,2083200
OD011336,ORD007253,PROD0139,4,210000,5,840000,42000,798000
OD011337,ORD007253,PROD0159,2,285000,15,570000,85500,484500
OD011338,ORD007254,PROD0113,1,150000,2,150000,3000,147000
OD011339,ORD007254,PROD0151,10,265000,5,2650000,132500,2517500
OD011340,ORD007255,PROD0009,2,75000,5,150000,7500,142500
OD011341,ORD007256,PROD0042,10,98000,5,980000,49000,931000
OD011342,ORD007256,PROD0003,6,60000,0,360000,0,360000
OD011343,ORD007257,PROD0025,9,82000,0,738000,0,738000
OD011344,ORD007258,PROD0113,10,150000,0,1500000,0,1500000
OD011345,ORD007259,PROD0153,2,195000,2,390000,7800,382200
OD011346,ORD007260,PROD0176,6,450000,5,2700000,135000,2565000
OD011347,ORD007260,PROD0032,7,105000,2,735000,14700,720300
OD011348,ORD007261,PROD0130,7,250000,10,1750000,175000,1575000
OD011349,ORD007261,PROD0149,9,225000,5,2025000,101250,1923750
OD011350,ORD007262,PROD0002,2,50000,5,100000,5000,95000
OD011351,ORD007262,PROD0066,2,114500,2,229000,4580,224420
OD011352,ORD007263,PROD0128,9,250000,0,2250000,0,2250000
OD011353,ORD007263,PROD0028,7,95000,5,665000,33250,631750
OD011354,ORD007264,PROD0070,10,126000,2,1260000,25200,1234800
OD011355,ORD007264,PROD0092,3,150000,15,450000,67500,382500
OD011356,ORD007265,PROD0025,1,82000,7,82000,5740,76260
OD011357,ORD007266,PROD0014,7,80000,0,560000,0,560000
OD011358,ORD007266,PROD0163,8,225000,5,1800000,90000,1710000
OD011359,ORD007267,PROD0018,7,94000,10,658000,65800,592200
OD011360,ORD007268,PROD0116,1,162000,10,162000,16200,145800
OD011361,ORD007269,PROD0084,9,140000,10,1260000,126000,1134000
OD011362,ORD007270,PROD0145,3,170000,7,510000,35700,474300
OD011363,ORD007271,PROD0179,5,65000,0,325000,0,325000
OD011364,ORD007271,PROD0034,1,98000,5,98000,4900,93100
OD011365,ORD007272,PROD0189,8,235752,7,1886016,132021.12,1753994.88
OD011366,ORD007273,PROD0024,9,98000,10,882000,88200,793800
OD011367,ORD007274,PROD0176,2,450000,10,900000,90000,810000
OD011368,ORD007275,PROD0103,1,148000,5,148000,7400,140600
OD011369,ORD007275,PROD0010,7,75000,2,525000,10500,514500
OD011370,ORD007276,PROD0106,6,140000,5,840000,42000,798000
OD011371,ORD007277,PROD0176,9,450000,10,4050000,405000,3645000
OD011372,ORD007277,PROD0117,3,175000,5,525000,26250,498750
OD011373,ORD007278,PROD0020,8,95000,0,760000,0,760000
OD011374,ORD007279,PROD0149,9,225000,2,2025000,40500,1984500
OD011375,ORD007280,PROD0169,9,220000,7,1980000,138600,1841400
OD011376,ORD007281,PROD0133,1,295000,15,295000,44250,250750
OD011377,ORD007281,PROD0082,7,138000,2,966000,19320,946680
OD011378,ORD007281,PROD0136,4,380000,7,1520000,106400,1413600
OD011379,ORD007282,PROD0068,6,120000,0,720000,0,720000
OD011380,ORD007283,PROD0035,7,98000,2,686000,13720,672280
OD011381,ORD007284,PROD0172,10,277000,0,2770000,0,2770000
OD011382,ORD007285,PROD0084,5,140000,5,700000,35000,665000
OD011383,ORD007286,PROD0153,4,195000,10,780000,78000,702000
OD011384,ORD007287,PROD0120,2,190000,7,380000,26600,353400
OD011385,ORD007288,PROD0177,8,120000,5,960000,48000,912000
OD011386,ORD007288,PROD0104,4,155000,5,620000,31000,589000
OD011387,ORD007289,PROD0062,7,170000,10,1190000,119000,1071000
OD011388,ORD007289,PROD0061,3,155000,10,465000,46500,418500
OD011389,ORD007290,PROD0105,9,135000,7,1215000,85050,1129950
OD011390,ORD007291,PROD0189,7,235752,5,1650264,82513.2,1567750.8
OD011391,ORD007292,PROD0038,5,111000,7,555000,38850,516150
OD011392,ORD007293,PROD0029,10,100000,5,1000000,50000,950000
OD011393,ORD007293,PROD0052,5,105000,2,525000,10500,514500
OD011394,ORD007293,PROD0195,6,160472,15,962832,144424.8,818407.2
OD011395,ORD007294,PROD0123,1,170000,5,170000,8500,161500
OD011396,ORD007294,PROD0157,7,250000,5,1750000,87500,1662500
OD011397,ORD007295,PROD0114,10,155500,0,1555000,0,1555000
OD011398,ORD007296,PROD0120,6,190000,5,1140000,57000,1083000
OD011399,ORD007296,PROD0126,4,210000,2,840000,16800,823200
OD011400,ORD007297,PROD0026,7,85000,0,595000,0,595000
OD011401,ORD007298,PROD0126,6,210000,15,1260000,189000,1071000
OD011402,ORD007299,PROD0113,3,150000,10,450000,45000,405000
OD011403,ORD007299,PROD0165,2,255000,15,510000,76500,433500
OD011404,ORD007299,PROD0018,9,94000,2,846000,16920,829080
OD011405,ORD007300,PROD0102,7,143000,5,1001000,50050,950950
OD011406,ORD007301,PROD0187,9,225148,2,2026332,40526.64,1985805.36
OD011407,ORD007302,PROD0164,4,235000,2,940000,18800,921200
OD011408,ORD007302,PROD0058,10,145000,0,1450000,0,1450000
OD011409,ORD007303,PROD0146,6,185000,5,1110000,55500,1054500
OD011410,ORD007303,PROD0080,9,145000,0,1305000,0,1305000
OD011411,ORD007304,PROD0159,8,285000,0,2280000,0,2280000
OD011412,ORD007305,PROD0128,10,250000,2,2500000,50000,2450000
OD011413,ORD007305,PROD0097,7,130000,0,910000,0,910000
OD011414,ORD007306,PROD0004,8,60000,10,480000,48000,432000
OD011415,ORD007306,PROD0153,1,195000,0,195000,0,195000
OD011416,ORD007307,PROD0109,6,150000,5,900000,45000,855000
OD011417,ORD007307,PROD0107,9,142000,0,1278000,0,1278000
OD011418,ORD007308,PROD0143,9,285000,2,2565000,51300,2513700
OD011419,ORD007309,PROD0183,6,324367,0,1946202,0,1946202
OD011420,ORD007310,PROD0042,10,98000,15,980000,147000,833000
OD011421,ORD007310,PROD0181,3,90661,10,271983,27198.3,244784.7
OD011422,ORD007310,PROD0031,8,100000,10,800000,80000,720000
OD011423,ORD007311,PROD0129,4,235000,0,940000,0,940000
OD011424,ORD007311,PROD0098,3,132000,5,396000,19800,376200
OD011425,ORD007312,PROD0152,9,285000,10,2565000,256500,2308500
OD011426,ORD007313,PROD0108,9,145000,2,1305000,26100,1278900
OD011427,ORD007313,PROD0117,10,175000,0,1750000,0,1750000
OD011428,ORD007314,PROD0088,5,155500,2,777500,15550,761950
OD011429,ORD007315,PROD0132,9,285000,10,2565000,256500,2308500
OD011430,ORD007315,PROD0060,8,150000,0,1200000,0,1200000
OD011431,ORD007315,PROD0059,9,135000,0,1215000,0,1215000
OD011432,ORD007316,PROD0082,4,138000,5,552000,27600,524400
OD011433,ORD007316,PROD0041,5,95000,0,475000,0,475000
OD011434,ORD007317,PROD0063,8,140000,2,1120000,22400,1097600
OD011435,ORD007317,PROD0017,5,90000,2,450000,9000,441000
OD011436,ORD007318,PROD0050,10,98000,5,980000,49000,931000
OD011437,ORD007318,PROD0083,9,138000,0,1242000,0,1242000
OD011438,ORD007319,PROD0095,1,162000,5,162000,8100,153900
OD011439,ORD007319,PROD0127,4,225000,5,900000,45000,855000
OD011440,ORD007320,PROD0080,6,145000,5,870000,43500,826500
OD011441,ORD007321,PROD0124,8,178000,7,1424000,99680,1324320
OD011442,ORD007322,PROD0088,6,155500,5,933000,46650,886350
OD011443,ORD007323,PROD0088,7,155500,5,1088500,54425,1034075
OD011444,ORD007323,PROD0001,6,50000,0,300000,0,300000
OD011445,ORD007324,PROD0157,2,250000,10,500000,50000,450000
OD011446,ORD007324,PROD0139,4,210000,5,840000,42000,798000
OD011447,ORD007325,PROD0012,4,75000,5,300000,15000,285000
OD011448,ORD007326,PROD0010,4,75000,5,300000,15000,285000
OD011449,ORD007327,PROD0148,3,210000,0,630000,0,630000
OD011450,ORD007327,PROD0042,10,98000,7,980000,68600,911400
OD011451,ORD007328,PROD0180,2,142869,0,285738,0,285738
OD011452,ORD007328,PROD0161,4,195000,5,780000,39000,741000
OD011453,ORD007329,PROD0083,5,138000,10,690000,69000,621000
OD011454,ORD007330,PROD0197,7,221508,5,1550556,77527.8,1473028.2
OD011455,ORD007330,PROD0107,2,142000,0,284000,0,284000
OD011456,ORD007331,PROD0199,8,63002,15,504016,75602.4,428413.6
OD011457,ORD007332,PROD0011,1,75000,5,75000,3750,71250
OD011458,ORD007333,PROD0119,1,185000,0,185000,0,185000
OD011459,ORD007334,PROD0164,3,235000,5,705000,35250,669750
OD011460,ORD007335,PROD0052,3,105000,2,315000,6300,308700
OD011461,ORD007336,PROD0167,7,295000,2,2065000,41300,2023700
OD011462,ORD007336,PROD0167,9,295000,5,2655000,132750,2522250
OD011463,ORD007337,PROD0157,9,250000,10,2250000,225000,2025000
OD011464,ORD007338,PROD0131,2,280000,0,560000,0,560000
OD011465,ORD007339,PROD0019,5,95000,5,475000,23750,451250
OD011466,ORD007340,PROD0198,2,26819,7,53638,3754.66,49883.34
OD011467,ORD007341,PROD0177,7,120000,15,840000,126000,714000
OD011468,ORD007341,PROD0110,3,155000,2,465000,9300,455700
OD011469,ORD007342,PROD0080,7,145000,0,1015000,0,1015000
OD011470,ORD007342,PROD0106,8,140000,10,1120000,112000,1008000
OD011471,ORD007343,PROD0197,7,221508,15,1550556,232583.4,1317972.6
OD011472,ORD007343,PROD0009,1,75000,7,75000,5250,69750
OD011473,ORD007344,PROD0097,10,130000,2,1300000,26000,1274000
OD011474,ORD007345,PROD0039,5,115000,15,575000,86250,488750
OD011475,ORD007346,PROD0164,7,235000,5,1645000,82250,1562750
OD011476,ORD007347,PROD0134,7,310000,0,2170000,0,2170000
OD011477,ORD007347,PROD0183,6,324367,10,1946202,194620.2,1751581.8
OD011478,ORD007348,PROD0199,10,63002,5,630020,31501,598519
OD011479,ORD007349,PROD0024,9,98000,0,882000,0,882000
OD011480,ORD007349,PROD0096,7,165000,7,1155000,80850,1074150
OD011481,ORD007350,PROD0187,7,225148,7,1576036,110322.52,1465713.48
OD011482,ORD007350,PROD0006,4,65000,10,260000,26000,234000
OD011483,ORD007350,PROD0175,5,435000,0,2175000,0,2175000
OD011484,ORD007351,PROD0080,1,145000,2,145000,2900,142100
OD011485,ORD007351,PROD0108,8,145000,7,1160000,81200,1078800
OD011486,ORD007352,PROD0026,2,85000,7,170000,11900,158100
OD011487,ORD007353,PROD0069,3,125000,10,375000,37500,337500
OD011488,ORD007353,PROD0192,6,135661,5,813966,40698.3,773267.7
OD011489,ORD007354,PROD0186,7,265147,2,1856029,37120.58,1818908.42
OD011490,ORD007355,PROD0029,1,100000,2,100000,2000,98000
OD011491,ORD007355,PROD0113,8,150000,0,1200000,0,1200000
OD011492,ORD007355,PROD0024,2,98000,5,196000,9800,186200
OD011493,ORD007356,PROD0198,7,26819,5,187733,9386.65,178346.35
OD011494,ORD007357,PROD0092,8,150000,5,1200000,60000,1140000
OD011495,ORD007357,PROD0052,2,105000,5,210000,10500,199500
OD011496,ORD007358,PROD0109,4,150000,0,600000,0,600000
OD011497,ORD007359,PROD0041,6,95000,10,570000,57000,513000
OD011498,ORD007359,PROD0144,6,295000,0,1770000,0,1770000
OD011499,ORD007360,PROD0070,9,126000,0,1134000,0,1134000
OD011500,ORD007361,PROD0074,10,132000,0,1320000,0,1320000
OD011501,ORD007362,PROD0152,5,285000,2,1425000,28500,1396500
OD011502,ORD007363,PROD0180,6,142869,15,857214,128582.1,728631.9
OD011503,ORD007364,PROD0041,10,95000,10,950000,95000,855000
OD011504,ORD007365,PROD0120,7,190000,5,1330000,66500,1263500
OD011505,ORD007365,PROD0062,1,170000,2,170000,3400,166600
OD011506,ORD007366,PROD0010,4,75000,0,300000,0,300000
OD011507,ORD007367,PROD0052,7,105000,5,735000,36750,698250
OD011508,ORD007367,PROD0007,10,70000,0,700000,0,700000
OD011509,ORD007368,PROD0157,3,250000,0,750000,0,750000
OD011510,ORD007369,PROD0094,3,158000,10,474000,47400,426600
OD011511,ORD007369,PROD0109,7,150000,7,1050000,73500,976500
OD011512,ORD007370,PROD0088,2,155500,10,311000,31100,279900
OD011513,ORD007370,PROD0055,10,120000,5,1200000,60000,1140000
OD011514,ORD007370,PROD0091,10,148000,5,1480000,74000,1406000
OD011515,ORD007371,PROD0031,6,100000,5,600000,30000,570000
OD011516,ORD007372,PROD0012,4,75000,10,300000,30000,270000
OD011517,ORD007372,PROD0032,5,105000,0,525000,0,525000
OD011518,ORD007372,PROD0011,6,75000,0,450000,0,450000
OD011519,ORD007373,PROD0111,9,16000,5,144000,7200,136800
OD011520,ORD007373,PROD0013,8,80000,5,640000,32000,608000
OD011521,ORD007374,PROD0078,5,140000,5,700000,35000,665000
OD011522,ORD007374,PROD0147,7,195000,10,1365000,136500,1228500
OD011523,ORD007375,PROD0116,6,162000,10,972000,97200,874800
OD011524,ORD007376,PROD0121,2,160000,2,320000,6400,313600
OD011525,ORD007376,PROD0058,4,145000,5,580000,29000,551000
OD011526,ORD007376,PROD0028,3,95000,5,285000,14250,270750
OD011527,ORD007377,PROD0031,6,100000,5,600000,30000,570000
OD011528,ORD007377,PROD0087,10,150000,7,1500000,105000,1395000
OD011529,ORD007378,PROD0179,8,65000,0,520000,0,520000
OD011530,ORD007379,PROD0189,7,235752,0,1650264,0,1650264
OD011531,ORD007380,PROD0028,6,95000,5,570000,28500,541500
OD011532,ORD007381,PROD0014,4,80000,2,320000,6400,313600
OD011533,ORD007382,PROD0093,3,155000,0,465000,0,465000
OD011534,ORD007383,PROD0038,10,111000,0,1110000,0,1110000
OD011535,ORD007383,PROD0028,1,95000,15,95000,14250,80750
OD011536,ORD007383,PROD0078,10,140000,10,1400000,140000,1260000
OD011537,ORD007384,PROD0193,3,348268,7,1044804,73136.28,971667.72
OD011538,ORD007384,PROD0048,9,122200,5,1099800,54990,1044810
OD011539,ORD007385,PROD0018,9,94000,0,846000,0,846000
OD011540,ORD007386,PROD0032,10,105000,15,1050000,157500,892500
OD011541,ORD007387,PROD0125,10,195000,0,1950000,0,1950000
OD011542,ORD007387,PROD0195,6,160472,7,962832,67398.24,895433.76
OD011543,ORD007388,PROD0193,6,348268,5,2089608,104480.4,1985127.6
OD011544,ORD007388,PROD0154,1,200000,0,200000,0,200000
OD011545,ORD007388,PROD0106,9,140000,5,1260000,63000,1197000
OD011546,ORD007389,PROD0146,6,185000,5,1110000,55500,1054500
OD011547,ORD007389,PROD0013,1,80000,7,80000,5600,74400
OD011548,ORD007390,PROD0187,4,225148,7,900592,63041.44,837550.56
OD011549,ORD007390,PROD0158,9,265000,0,2385000,0,2385000
OD011550,ORD007391,PROD0038,4,111000,10,444000,44400,399600
OD011551,ORD007391,PROD0060,3,150000,7,450000,31500,418500
OD011552,ORD007392,PROD0178,3,115000,7,345000,24150,320850
OD011553,ORD007393,PROD0109,2,150000,2,300000,6000,294000
OD011554,ORD007394,PROD0197,6,221508,5,1329048,66452.4,1262595.6
OD011555,ORD007394,PROD0080,3,145000,5,435000,21750,413250
OD011556,ORD007395,PROD0118,6,180000,2,1080000,21600,1058400
OD011557,ORD007395,PROD0001,5,50000,0,250000,0,250000
OD011558,ORD007396,PROD0181,7,90661,5,634627,31731.35,602895.65
OD011559,ORD007396,PROD0167,6,295000,7,1770000,123900,1646100
OD011560,ORD007397,PROD0164,1,235000,2,235000,4700,230300
OD011561,ORD007397,PROD0152,1,285000,10,285000,28500,256500
OD011562,ORD007398,PROD0064,4,150000,10,600000,60000,540000
OD011563,ORD007399,PROD0007,4,70000,7,280000,19600,260400
OD011564,ORD007400,PROD0067,5,120000,0,600000,0,600000
OD011565,ORD007400,PROD0135,8,350000,5,2800000,140000,2660000
OD011566,ORD007401,PROD0136,10,380000,15,3800000,570000,3230000
OD011567,ORD007402,PROD0173,8,299000,0,2392000,0,2392000
OD011568,ORD007403,PROD0111,4,16000,0,64000,0,64000
OD011569,ORD007403,PROD0069,3,125000,5,375000,18750,356250
OD011570,ORD007404,PROD0077,4,138000,0,552000,0,552000
OD011571,ORD007405,PROD0197,3,221508,7,664524,46516.68,618007.32
OD011572,ORD007405,PROD0010,6,75000,15,450000,67500,382500
OD011573,ORD007406,PROD0132,7,285000,2,1995000,39900,1955100
OD011574,ORD007406,PROD0005,3,60000,7,180000,12600,167400
OD011575,ORD007407,PROD0093,7,155000,7,1085000,75950,1009050
OD011576,ORD007407,PROD0020,4,95000,5,380000,19000,361000
OD011577,ORD007408,PROD0045,5,110000,0,550000,0,550000
OD011578,ORD007408,PROD0081,3,135000,7,405000,28350,376650
OD011579,ORD007408,PROD0065,6,110000,7,660000,46200,613800
OD011580,ORD007409,PROD0006,1,65000,0,65000,0,65000
OD011581,ORD007410,PROD0158,5,265000,10,1325000,132500,1192500
OD011582,ORD007410,PROD0030,5,100000,5,500000,25000,475000
OD011583,ORD007410,PROD0143,5,285000,7,1425000,99750,1325250
OD011584,ORD007411,PROD0194,10,285723,5,2857230,142861.5,2714368.5
OD011585,ORD007411,PROD0050,8,98000,7,784000,54880,729120
OD011586,ORD007412,PROD0091,6,148000,0,888000,0,888000
OD011587,ORD007412,PROD0130,9,250000,5,2250000,112500,2137500
OD011588,ORD007413,PROD0187,7,225148,2,1576036,31520.72,1544515.28
OD011589,ORD007413,PROD0076,7,135000,2,945000,18900,926100
OD011590,ORD007414,PROD0038,5,111000,0,555000,0,555000
OD011591,ORD007415,PROD0023,3,98000,5,294000,14700,279300
OD011592,ORD007416,PROD0072,3,125000,7,375000,26250,348750
OD011593,ORD007417,PROD0167,10,295000,0,2950000,0,2950000
OD011594,ORD007417,PROD0135,7,350000,0,2450000,0,2450000
OD011595,ORD007418,PROD0046,1,115000,15,115000,17250,97750
OD011596,ORD007419,PROD0198,3,26819,0,80457,0,80457
OD011597,ORD007420,PROD0129,10,235000,2,2350000,47000,2303000
OD011598,ORD007420,PROD0140,3,225000,10,675000,67500,607500
OD011599,ORD007420,PROD0001,6,50000,2,300000,6000,294000
OD011600,ORD007421,PROD0181,4,90661,2,362644,7252.88,355391.12
OD011601,ORD007421,PROD0015,8,80000,0,640000,0,640000
OD011602,ORD007421,PROD0010,9,75000,7,675000,47250,627750
OD011603,ORD007422,PROD0139,5,210000,7,1050000,73500,976500
OD011604,ORD007422,PROD0061,1,155000,0,155000,0,155000
OD011605,ORD007423,PROD0187,4,225148,5,900592,45029.6,855562.4
OD011606,ORD007424,PROD0177,1,120000,0,120000,0,120000
OD011607,ORD007424,PROD0110,3,155000,0,465000,0,465000
OD011608,ORD007425,PROD0105,4,135000,7,540000,37800,502200
OD011609,ORD007425,PROD0034,2,98000,15,196000,29400,166600
OD011610,ORD007425,PROD0034,1,98000,7,98000,6860,91140
OD011611,ORD007426,PROD0003,4,60000,7,240000,16800,223200
OD011612,ORD007427,PROD0034,1,98000,5,98000,4900,93100
OD011613,ORD007428,PROD0089,3,140000,0,420000,0,420000
OD011614,ORD007428,PROD0152,2,285000,5,570000,28500,541500
OD011615,ORD007428,PROD0015,6,80000,5,480000,24000,456000
OD011616,ORD007429,PROD0032,8,105000,7,840000,58800,781200
OD011617,ORD007430,PROD0076,9,135000,7,1215000,85050,1129950
OD011618,ORD007430,PROD0100,7,135000,2,945000,18900,926100
OD011619,ORD007431,PROD0085,1,145000,5,145000,7250,137750
OD011620,ORD007431,PROD0037,1,105000,7,105000,7350,97650
OD011621,ORD007432,PROD0151,8,265000,5,2120000,106000,2014000
OD011622,ORD007433,PROD0042,8,98000,2,784000,15680,768320
OD011623,ORD007434,PROD0024,3,98000,0,294000,0,294000
OD011624,ORD007434,PROD0080,10,145000,5,1450000,72500,1377500
OD011625,ORD007435,PROD0198,7,26819,7,187733,13141.31,174591.69
OD011626,ORD007435,PROD0024,5,98000,2,490000,9800,480200
OD011627,ORD007436,PROD0026,7,85000,7,595000,41650,553350
OD011628,ORD007436,PROD0132,1,285000,15,285000,42750,242250
OD011629,ORD007436,PROD0125,8,195000,0,1560000,0,1560000
OD011630,ORD007437,PROD0034,3,98000,5,294000,14700,279300
OD011631,ORD007438,PROD0131,1,280000,2,280000,5600,274400
OD011632,ORD007438,PROD0151,7,265000,0,1855000,0,1855000
OD011633,ORD007438,PROD0128,1,250000,5,250000,12500,237500
OD011634,ORD007439,PROD0105,1,135000,2,135000,2700,132300
OD011635,ORD007440,PROD0092,2,150000,5,300000,15000,285000
OD011636,ORD007441,PROD0070,10,126000,5,1260000,63000,1197000
OD011637,ORD007441,PROD0014,10,80000,2,800000,16000,784000
OD011638,ORD007441,PROD0123,5,170000,0,850000,0,850000
OD011639,ORD007442,PROD0159,4,285000,10,1140000,114000,1026000
OD011640,ORD007443,PROD0082,5,138000,15,690000,103500,586500
OD011641,ORD007444,PROD0147,7,195000,0,1365000,0,1365000
OD011642,ORD007445,PROD0017,6,90000,10,540000,54000,486000
OD011643,ORD007445,PROD0020,4,95000,10,380000,38000,342000
OD011644,ORD007446,PROD0062,3,170000,0,510000,0,510000
OD011645,ORD007446,PROD0070,5,126000,5,630000,31500,598500
OD011646,ORD007447,PROD0105,3,135000,0,405000,0,405000
OD011647,ORD007447,PROD0007,5,70000,2,350000,7000,343000
OD011648,ORD007447,PROD0021,1,95000,2,95000,1900,93100
OD011649,ORD007448,PROD0146,2,185000,0,370000,0,370000
OD011650,ORD007449,PROD0147,10,195000,5,1950000,97500,1852500
OD011651,ORD007450,PROD0154,4,200000,0,800000,0,800000
OD011652,ORD007451,PROD0072,5,125000,2,625000,12500,612500
OD011653,ORD007451,PROD0135,2,350000,10,700000,70000,630000
OD011654,ORD007451,PROD0041,9,95000,5,855000,42750,812250
OD011655,ORD007452,PROD0174,3,325000,7,975000,68250,906750
OD011656,ORD007452,PROD0002,3,50000,0,150000,0,150000
OD011657,ORD007453,PROD0123,5,170000,5,850000,42500,807500
OD011658,ORD007454,PROD0017,9,90000,0,810000,0,810000
OD011659,ORD007455,PROD0166,8,267000,5,2136000,106800,2029200
OD011660,ORD007456,PROD0048,2,122200,5,244400,12220,232180
OD011661,ORD007456,PROD0005,2,60000,2,120000,2400,117600
OD011662,ORD007457,PROD0074,3,132000,5,396000,19800,376200
OD011663,ORD007458,PROD0180,2,142869,5,285738,14286.9,271451.1
OD011664,ORD007458,PROD0031,6,100000,0,600000,0,600000
OD011665,ORD007459,PROD0055,3,120000,0,360000,0,360000
OD011666,ORD007460,PROD0109,1,150000,0,150000,0,150000
OD011667,ORD007461,PROD0175,8,435000,10,3480000,348000,3132000
OD011668,ORD007461,PROD0039,4,115000,15,460000,69000,391000
OD011669,ORD007462,PROD0073,3,128000,0,384000,0,384000
OD011670,ORD007462,PROD0191,2,100130,2,200260,4005.2,196254.8
OD011671,ORD007463,PROD0140,9,225000,2,2025000,40500,1984500
OD011672,ORD007464,PROD0113,7,150000,5,1050000,52500,997500
OD011673,ORD007464,PROD0073,4,128000,2,512000,10240,501760
OD011674,ORD007465,PROD0160,9,310000,15,2790000,418500,2371500
OD011675,ORD007465,PROD0189,4,235752,0,943008,0,943008
OD011676,ORD007466,PROD0085,3,145000,5,435000,21750,413250
OD011677,ORD007466,PROD0191,4,100130,0,400520,0,400520
OD011678,ORD007467,PROD0041,1,95000,2,95000,1900,93100
OD011679,ORD007467,PROD0169,5,220000,0,1100000,0,1100000
OD011680,ORD007468,PROD0090,8,145000,0,1160000,0,1160000
OD011681,ORD007468,PROD0043,5,98000,10,490000,49000,441000
OD011682,ORD007469,PROD0083,6,138000,5,828000,41400,786600
OD011683,ORD007470,PROD0082,4,138000,5,552000,27600,524400
OD011684,ORD007471,PROD0125,9,195000,2,1755000,35100,1719900
OD011685,ORD007472,PROD0160,10,310000,0,3100000,0,3100000
OD011686,ORD007473,PROD0183,6,324367,15,1946202,291930.3,1654271.7
OD011687,ORD007473,PROD0028,7,95000,2,665000,13300,651700
OD011688,ORD007474,PROD0048,7,122200,7,855400,59878,795522
OD011689,ORD007474,PROD0167,9,295000,10,2655000,265500,2389500
OD011690,ORD007475,PROD0020,10,95000,5,950000,47500,902500
OD011691,ORD007476,PROD0060,9,150000,2,1350000,27000,1323000
OD011692,ORD007476,PROD0144,1,295000,0,295000,0,295000
OD011693,ORD007476,PROD0108,5,145000,0,725000,0,725000
OD011694,ORD007477,PROD0001,6,50000,0,300000,0,300000
OD011695,ORD007477,PROD0030,8,100000,5,800000,40000,760000
OD011696,ORD007477,PROD0159,6,285000,10,1710000,171000,1539000
OD011697,ORD007478,PROD0069,5,125000,7,625000,43750,581250
OD011698,ORD007479,PROD0146,6,185000,2,1110000,22200,1087800
OD011699,ORD007480,PROD0135,6,350000,0,2100000,0,2100000
OD011700,ORD007481,PROD0166,7,267000,0,1869000,0,1869000
OD011701,ORD007481,PROD0116,8,162000,10,1296000,129600,1166400
OD011702,ORD007481,PROD0019,5,95000,0,475000,0,475000
OD011703,ORD007482,PROD0026,6,85000,5,510000,25500,484500
OD011704,ORD007482,PROD0041,2,95000,15,190000,28500,161500
OD011705,ORD007483,PROD0037,6,105000,15,630000,94500,535500
OD011706,ORD007483,PROD0111,4,16000,0,64000,0,64000
OD011707,ORD007484,PROD0093,1,155000,15,155000,23250,131750
OD011708,ORD007484,PROD0066,3,114500,2,343500,6870,336630
OD011709,ORD007484,PROD0114,10,155500,10,1555000,155500,1399500
OD011710,ORD007485,PROD0170,6,245000,0,1470000,0,1470000
OD011711,ORD007485,PROD0075,1,135000,0,135000,0,135000
OD011712,ORD007486,PROD0092,9,150000,7,1350000,94500,1255500
OD011713,ORD007486,PROD0177,2,120000,5,240000,12000,228000
OD011714,ORD007487,PROD0086,7,148000,15,1036000,155400,880600
OD011715,ORD007488,PROD0017,1,90000,2,90000,1800,88200
OD011716,ORD007489,PROD0037,9,105000,2,945000,18900,926100
OD011717,ORD007490,PROD0054,7,115000,5,805000,40250,764750
OD011718,ORD007490,PROD0113,9,150000,7,1350000,94500,1255500
OD011719,ORD007491,PROD0081,4,135000,0,540000,0,540000
OD011720,ORD007492,PROD0070,9,126000,5,1134000,56700,1077300
OD011721,ORD007493,PROD0167,9,295000,0,2655000,0,2655000
OD011722,ORD007493,PROD0091,5,148000,0,740000,0,740000
OD011723,ORD007494,PROD0096,6,165000,0,990000,0,990000
OD011724,ORD007495,PROD0055,4,120000,0,480000,0,480000
OD011725,ORD007495,PROD0093,8,155000,2,1240000,24800,1215200
OD011726,ORD007496,PROD0122,7,165000,5,1155000,57750,1097250
OD011727,ORD007497,PROD0184,2,79485,2,158970,3179.4,155790.6
OD011728,ORD007498,PROD0168,5,320000,0,1600000,0,1600000
OD011729,ORD007499,PROD0001,5,50000,5,250000,12500,237500
OD011730,ORD007499,PROD0005,5,60000,10,300000,30000,270000
OD011731,ORD007500,PROD0168,7,320000,10,2240000,224000,2016000
